"ensembl_gene_id","logFC","P.Value","adj.P.Val","comparison"
"ENSMUSG00000032786",-3.68463272238927,5.93453877929283e-16,2.61179051676677e-12,"4h_vs_0h"
"ENSMUSG00000021794",-0.368417790639803,1.76452279525447e-08,3.88283241095747e-05,"4h_vs_0h"
"ENSMUSG00000025134",-0.392561127524914,1.14699571365105e-07,0.000168264271192609,"4h_vs_0h"
"ENSMUSG00000024742",0.392123773695296,1.89181671491423e-07,0.000173963054533972,"4h_vs_0h"
"ENSMUSG00000066551",0.662224378930702,2.60781224430311e-07,0.000173963054533972,"4h_vs_0h"
"ENSMUSG00000037742",0.420139725147052,2.73966297894253e-07,0.000173963054533972,"4h_vs_0h"
"ENSMUSG00000023944",0.344262642565031,2.76696519367827e-07,0.000173963054533972,"4h_vs_0h"
"ENSMUSG00000021957",0.532134862498619,3.74568709089463e-07,0.000206059611087841,"4h_vs_0h"
"ENSMUSG00000023832",0.489469854093446,7.71710816787659e-07,0.000377366589409165,"4h_vs_0h"
"ENSMUSG00000020719",-0.176252807869833,9.58578323118366e-07,0.000421870320004393,"4h_vs_0h"
"ENSMUSG00000025403",-0.289880872637291,1.24859491916214e-06,0.000499551476293872,"4h_vs_0h"
"ENSMUSG00000025260",-0.387019745325485,1.50765333340255e-06,0.000552931860025386,"4h_vs_0h"
"ENSMUSG00000068039",0.344805924581898,1.65816590095288e-06,0.000561352933084124,"4h_vs_0h"
"ENSMUSG00000042699",-0.303618773427367,1.89495883576721e-06,0.000595693845443679,"4h_vs_0h"
"ENSMUSG00000021270",0.461611358236002,2.90788687282404e-06,0.000853174008486572,"4h_vs_0h"
"ENSMUSG00000001416",0.425100382123023,3.48051279258725e-06,0.000913313481200002,"4h_vs_0h"
"ENSMUSG00000024892",-0.25739961892284,3.52790937977733e-06,0.000913313481200002,"4h_vs_0h"
"ENSMUSG00000029447",0.391030125552561,3.78072231762881e-06,0.000924386606660243,"4h_vs_0h"
"ENSMUSG00000020917",0.432477191349715,4.27936884949107e-06,0.000980678523238058,"4h_vs_0h"
"ENSMUSG00000036138",-0.468601027388264,4.45661678363126e-06,0.000980678523238058,"4h_vs_0h"
"ENSMUSG00000032249",0.647276153006374,4.87557686856743e-06,0.00102178160945549,"4h_vs_0h"
"ENSMUSG00000054717",0.556190670238525,6.48979632363878e-06,0.00129825425546974,"4h_vs_0h"
"ENSMUSG00000003808",0.347364989257532,6.79122376142422e-06,0.00129948590321861,"4h_vs_0h"
"ENSMUSG00000019577",4.79165181938325,7.60918970046945e-06,0.00139533516132359,"4h_vs_0h"
"ENSMUSG00000028691",0.547203347083073,8.34114079385344e-06,0.00146837442534996,"4h_vs_0h"
"ENSMUSG00000029623",0.647640888406315,1.0039948683825e-05,0.00169945439067362,"4h_vs_0h"
"ENSMUSG00000029545",-0.178528747272615,1.07457710273767e-05,0.00175156067746241,"4h_vs_0h"
"ENSMUSG00000032418",0.617945986343809,1.13909542739671e-05,0.00177709767494175,"4h_vs_0h"
"ENSMUSG00000028603",-0.380170534565696,1.17100278512408e-05,0.00177709767494175,"4h_vs_0h"
"ENSMUSG00000027823",0.433746973927082,1.25942651900525e-05,0.0018475787033807,"4h_vs_0h"
"ENSMUSG00000032504",0.321168938099309,1.30704232065713e-05,0.00185557846877807,"4h_vs_0h"
"ENSMUSG00000003500",3.58348397241017,1.5122083565786e-05,0.00207975905540701,"4h_vs_0h"
"ENSMUSG00000024493",0.553260707440032,1.77048925163635e-05,0.00228067452480817,"4h_vs_0h"
"ENSMUSG00000027810",0.423554778019877,1.82341874012007e-05,0.00228067452480817,"4h_vs_0h"
"ENSMUSG00000038736",2.95918447483449,1.85526885191057e-05,0.00228067452480817,"4h_vs_0h"
"ENSMUSG00000028419",3.00613050812799,1.86558243338091e-05,0.00228067452480817,"4h_vs_0h"
"ENSMUSG00000071866",0.284480529119165,1.94359371827396e-05,0.00231182593354694,"4h_vs_0h"
"ENSMUSG00000002718",0.516785252200307,2.02661235256826e-05,0.00234713709569814,"4h_vs_0h"
"ENSMUSG00000022789",0.674649681190807,2.10487275627747e-05,0.00237526794881466,"4h_vs_0h"
"ENSMUSG00000024966",0.486494260182692,2.2809051666796e-05,0.00247956464693605,"4h_vs_0h"
"ENSMUSG00000002944",-0.294576416229177,2.3099784259118e-05,0.00247956464693605,"4h_vs_0h"
"ENSMUSG00000010936",0.419348840426895,2.49400931226385e-05,0.00261336547220791,"4h_vs_0h"
"ENSMUSG00000062203",0.500939167568795,2.68113028527206e-05,0.00270004670859177,"4h_vs_0h"
"ENSMUSG00000020267",0.395476760774297,2.76289287418351e-05,0.00270004670859177,"4h_vs_0h"
"ENSMUSG00000028961",0.45666974024342,2.77699624558369e-05,0.00270004670859177,"4h_vs_0h"
"ENSMUSG00000000339",0.405449482793788,2.82213471018454e-05,0.00270004670859177,"4h_vs_0h"
"ENSMUSG00000033096",-0.326249827075404,2.92511411991244e-05,0.0027390270727095,"4h_vs_0h"
"ENSMUSG00000031672",-0.244876168345257,3.00494790361134e-05,0.00275516160912364,"4h_vs_0h"
"ENSMUSG00000020849",0.558373501706654,3.2648517797954e-05,0.00293236993528154,"4h_vs_0h"
"ENSMUSG00000024772",0.664311663361296,3.45607244873235e-05,0.00304203496937421,"4h_vs_0h"
"ENSMUSG00000061477",0.247589092672669,3.64320534813876e-05,0.00311755911959995,"4h_vs_0h"
"ENSMUSG00000053398",0.399751784270212,3.68355087978181e-05,0.00311755911959995,"4h_vs_0h"
"ENSMUSG00000015806",0.457739659811864,3.93572789827216e-05,0.00326813933590486,"4h_vs_0h"
"ENSMUSG00000021218",0.533445918463656,4.13327358532762e-05,0.00336286101537534,"4h_vs_0h"
"ENSMUSG00000022234",0.44407419941189,4.2026211280537e-05,0.00336286101537534,"4h_vs_0h"
"ENSMUSG00000007892",0.402384736443736,4.30858711307811e-05,0.00338608783654585,"4h_vs_0h"
"ENSMUSG00000020361",0.476493910832737,4.50560802619061e-05,0.00342196735241115,"4h_vs_0h"
"ENSMUSG00000022285",0.341308412471687,4.54998832661341e-05,0.00342196735241115,"4h_vs_0h"
"ENSMUSG00000022205",0.502756988219524,4.66348339164409e-05,0.00342196735241115,"4h_vs_0h"
"ENSMUSG00000004980",-0.326352498375286,4.66525883082638e-05,0.00342196735241115,"4h_vs_0h"
"ENSMUSG00000006456",-0.31128590504472,4.92089689185681e-05,0.00355030610181341,"4h_vs_0h"
"ENSMUSG00000025508",0.341655760675128,5.47409534094211e-05,0.00388572477346552,"4h_vs_0h"
"ENSMUSG00000046434",-0.233129751569656,5.57892542450934e-05,0.00389727790369295,"4h_vs_0h"
"ENSMUSG00000023456",0.419135003467229,5.92740181780259e-05,0.00407601490627331,"4h_vs_0h"
"ENSMUSG00000025153",0.47266160193335,6.04770150761004e-05,0.00409475912846028,"4h_vs_0h"
"ENSMUSG00000030695",0.436307326644169,6.19203844956925e-05,0.00412896382069004,"4h_vs_0h"
"ENSMUSG00000028495",0.377928250351594,6.2954374685058e-05,0.00413525676102896,"4h_vs_0h"
"ENSMUSG00000024747",0.43555246100788,6.4028645045629e-05,0.00414397157126196,"4h_vs_0h"
"ENSMUSG00000041459",-0.359278573845678,6.59945469862992e-05,0.00420930436647395,"4h_vs_0h"
"ENSMUSG00000049517",0.271251036376444,7.59341128019253e-05,0.00477408614916105,"4h_vs_0h"
"ENSMUSG00000039630",-0.175847170729483,8.02670512604599e-05,0.00492074363183994,"4h_vs_0h"
"ENSMUSG00000036752",0.229458759200291,8.05029633020849e-05,0.00492074363183994,"4h_vs_0h"
"ENSMUSG00000018293",0.322719272964008,8.31444689038967e-05,0.00501258640611027,"4h_vs_0h"
"ENSMUSG00000027187",-0.307421349788932,8.45507797358652e-05,0.0050284862380749,"4h_vs_0h"
"ENSMUSG00000016554",0.335460599369373,8.84023300112616e-05,0.00518744872506083,"4h_vs_0h"
"ENSMUSG00000033306",0.294222717002022,9.07908459369302e-05,0.00521146893142003,"4h_vs_0h"
"ENSMUSG00000025950",0.462640219713936,9.1450745111401e-05,0.00521146893142003,"4h_vs_0h"
"ENSMUSG00000010095",-0.315236787153314,9.23641392071716e-05,0.00521146893142003,"4h_vs_0h"
"ENSMUSG00000091228",0.314643480304927,9.8506879882666e-05,0.00533763190295679,"4h_vs_0h"
"ENSMUSG00000025190",0.677092747186059,9.90749022927878e-05,0.00533763190295679,"4h_vs_0h"
"ENSMUSG00000020114",0.448415331242256,0.000100348116470096,0.00533763190295679,"4h_vs_0h"
"ENSMUSG00000025982",-0.260413673223145,0.000101339917396629,0.00533763190295679,"4h_vs_0h"
"ENSMUSG00000031960",0.39447554462971,0.000101639321291177,0.00533763190295679,"4h_vs_0h"
"ENSMUSG00000037197",-0.283483554733177,0.000101877091535644,0.00533763190295679,"4h_vs_0h"
"ENSMUSG00000039367",0.586583235085513,0.000106658619867407,0.00548853360916697,"4h_vs_0h"
"ENSMUSG00000039253",3.82383938615637,0.000107251508836255,0.00548853360916697,"4h_vs_0h"
"ENSMUSG00000025613",0.45938548453617,0.000108609105194738,0.00549412266623037,"4h_vs_0h"
"ENSMUSG00000042524",-0.305597682679053,0.000111047861907034,0.00555365500287337,"4h_vs_0h"
"ENSMUSG00000060803",0.396153809481426,0.000117775641774048,0.00582393931963578,"4h_vs_0h"
"ENSMUSG00000018796",-0.327199097728837,0.00012062128359169,0.00588245961949544,"4h_vs_0h"
"ENSMUSG00000024587",0.429499989542268,0.000121806138816732,0.00588245961949544,"4h_vs_0h"
"ENSMUSG00000027406",-0.209119913145372,0.000122968935467753,0.00588245961949544,"4h_vs_0h"
"ENSMUSG00000022982",0.596155345862467,0.000131847343733905,0.00623935655669804,"4h_vs_0h"
"ENSMUSG00000027879",-0.238312588335248,0.000136881160201955,0.00640865942605112,"4h_vs_0h"
"ENSMUSG00000046865",-0.341625233804432,0.000139059582641131,0.00644211813898543,"4h_vs_0h"
"ENSMUSG00000005103",0.450465205972577,0.000142456625215613,0.00646453326602282,"4h_vs_0h"
"ENSMUSG00000059534",-0.725233198888194,0.000142481192184552,0.00646453326602282,"4h_vs_0h"
"ENSMUSG00000005683",-0.280212261311462,0.000144504819950407,0.00648944604695655,"4h_vs_0h"
"ENSMUSG00000007029",0.357757610758917,0.000150376504773324,0.00668491916674139,"4h_vs_0h"
"ENSMUSG00000033813",0.551165222398922,0.000153286818363356,0.0067461528761713,"4h_vs_0h"
"ENSMUSG00000036707",3.12158658925318,0.000168550271574305,0.00734445292275758,"4h_vs_0h"
"ENSMUSG00000040945",0.509146023224247,0.000171036988278214,0.0073797429942394,"4h_vs_0h"
"ENSMUSG00000071072",0.532222437109571,0.000175565906249417,0.00742239174524628,"4h_vs_0h"
"ENSMUSG00000028820",-0.211259606223141,0.000179188336429022,0.00742239174524628,"4h_vs_0h"
"ENSMUSG00000021131",-0.234161250440795,0.000179629781718526,0.00742239174524628,"4h_vs_0h"
"ENSMUSG00000027597",0.483701178011803,0.000181703605070046,0.00742239174524628,"4h_vs_0h"
"ENSMUSG00000045136",0.523917056800332,0.000182138726875648,0.00742239174524628,"4h_vs_0h"
"ENSMUSG00000063870",-0.146649547112613,0.00018214458270543,0.00742239174524628,"4h_vs_0h"
"ENSMUSG00000023019",0.462055839908789,0.000187968216565989,0.00758943230373317,"4h_vs_0h"
"ENSMUSG00000020572",0.535021563862646,0.000193451132107677,0.00772658683207027,"4h_vs_0h"
"ENSMUSG00000037851",0.436736785927419,0.000194876423167416,0.00772658683207027,"4h_vs_0h"
"ENSMUSG00000037236",-0.278209787365689,0.000197933182822152,0.00773233357096888,"4h_vs_0h"
"ENSMUSG00000028063",-0.227425242159999,0.00020014669772863,0.00773233357096888,"4h_vs_0h"
"ENSMUSG00000020936",0.396387191494284,0.000200292212472268,0.00773233357096888,"4h_vs_0h"
"ENSMUSG00000031782",-0.482820701327828,0.000204000842452805,0.00780702354465038,"4h_vs_0h"
"ENSMUSG00000005514",-0.200785797553714,0.000207817402265108,0.00783488964487446,"4h_vs_0h"
"ENSMUSG00000062908",-0.255646562328145,0.000209779522811097,0.00783488964487446,"4h_vs_0h"
"ENSMUSG00000024507",-0.431475483119861,0.000210069751896202,0.00783488964487446,"4h_vs_0h"
"ENSMUSG00000030861",-0.350984753834151,0.000222695551140828,0.00822079744036912,"4h_vs_0h"
"ENSMUSG00000063273",0.425142189273064,0.000224152622777617,0.00822079744036912,"4h_vs_0h"
"ENSMUSG00000025980",-0.162727705352886,0.000228844786427779,0.00832351987660046,"4h_vs_0h"
"ENSMUSG00000060012",2.45754516129689,0.000236558063506518,0.00853354129091957,"4h_vs_0h"
"ENSMUSG00000058586",-0.322973457690104,0.000241350316318855,0.00860319184515893,"4h_vs_0h"
"ENSMUSG00000028029",0.426510460671739,0.000242398497795889,0.00860319184515893,"4h_vs_0h"
"ENSMUSG00000032301",0.319731100026011,0.000252100797875678,0.00887596489160687,"4h_vs_0h"
"ENSMUSG00000001473",0.300970295769748,0.000283758778645097,0.00989593491788592,"4h_vs_0h"
"ENSMUSG00000007850",-0.215976770148711,0.000285567765183257,0.00989593491788592,"4h_vs_0h"
"ENSMUSG00000036323",0.448467886866379,0.000294926312455275,0.0101192783223552,"4h_vs_0h"
"ENSMUSG00000032959",0.440233193386405,0.000297800284689185,0.0101192783223552,"4h_vs_0h"
"ENSMUSG00000020790",0.717995783500132,0.000298910743446076,0.0101192783223552,"4h_vs_0h"
"ENSMUSG00000029455",-0.191068891730865,0.000307986150512775,0.0103469240336391,"4h_vs_0h"
"ENSMUSG00000011752",0.350636399203118,0.000311853023679577,0.0103558023526214,"4h_vs_0h"
"ENSMUSG00000001175",0.520734761451003,0.000312956535537071,0.0103558023526214,"4h_vs_0h"
"ENSMUSG00000007564",0.248703370250389,0.000329220459585082,0.0108126809151787,"4h_vs_0h"
"ENSMUSG00000058558",0.230124934686717,0.000346118440662692,0.0112834611656038,"4h_vs_0h"
"ENSMUSG00000033732",-0.205326673197373,0.000367874259953417,0.0119045192504043,"4h_vs_0h"
"ENSMUSG00000013629",0.31801130181082,0.000375506242813011,0.0120627954351829,"4h_vs_0h"
"ENSMUSG00000021116",0.420783996027946,0.000382774244230256,0.0122071699192562,"4h_vs_0h"
"ENSMUSG00000059070",0.270937155418871,0.000386750669153791,0.012233394418139,"4h_vs_0h"
"ENSMUSG00000044533",0.239186331841186,0.00038915592332185,0.012233394418139,"4h_vs_0h"
"ENSMUSG00000037475",-0.276103473218964,0.000407694045621302,0.0127252588282223,"4h_vs_0h"
"ENSMUSG00000068749",0.384196357320299,0.000432746573177004,0.0134120962574084,"4h_vs_0h"
"ENSMUSG00000028138",0.576531261625455,0.000458458495536158,0.0141096212507317,"4h_vs_0h"
"ENSMUSG00000000628",-0.205589798500107,0.000479109487436329,0.0146427837097728,"4h_vs_0h"
"ENSMUSG00000020593",2.87759046583058,0.000484463863741813,0.0147043135470877,"4h_vs_0h"
"ENSMUSG00000078812",0.416745548842314,0.000494766725571541,0.014914166844112,"4h_vs_0h"
"ENSMUSG00000029713",-0.312912732452581,0.00050550962993638,0.0151343393289116,"4h_vs_0h"
"ENSMUSG00000027782",0.381016244268885,0.000518679576956196,0.0154237082309745,"4h_vs_0h"
"ENSMUSG00000090553",-0.412581303291603,0.000529115423247168,0.0156284360920187,"4h_vs_0h"
"ENSMUSG00000030744",0.207445869611526,0.000560300272078577,0.0164392099827854,"4h_vs_0h"
"ENSMUSG00000063229",0.417830145381238,0.00057470619711808,0.0167502117451435,"4h_vs_0h"
"ENSMUSG00000030826",-0.2392555225222,0.00064365074950798,0.0186362299248988,"4h_vs_0h"
"ENSMUSG00000030884",-0.24473248029944,0.000649630467264108,0.0186864293230676,"4h_vs_0h"
"ENSMUSG00000058135",0.469483934887297,0.000661462846558336,0.0189032336863847,"4h_vs_0h"
"ENSMUSG00000009470",0.231323740981775,0.000707014303823018,0.0200746448459684,"4h_vs_0h"
"ENSMUSG00000014769",0.44793324065142,0.000743668670734455,0.0209800373070663,"4h_vs_0h"
"ENSMUSG00000025132",0.280814249688238,0.000760969826831772,0.0213313898591505,"4h_vs_0h"
"ENSMUSG00000005161",0.350826066180687,0.000771818648902085,0.021465034015656,"4h_vs_0h"
"ENSMUSG00000028745",0.379516889151244,0.000779597509757379,0.021465034015656,"4h_vs_0h"
"ENSMUSG00000047675",0.182748778453149,0.000780369334811396,0.021465034015656,"4h_vs_0h"
"ENSMUSG00000021196",0.294665660023039,0.000794542770690471,0.0216101682590299,"4h_vs_0h"
"ENSMUSG00000000686",-0.518199083401047,0.000795466316283311,0.0216101682590299,"4h_vs_0h"
"ENSMUSG00000022216",0.564990198063139,0.000820502281148351,0.0221535615910055,"4h_vs_0h"
"ENSMUSG00000027195",-0.16788530439668,0.000830835773754069,0.02221472336935,"4h_vs_0h"
"ENSMUSG00000021417",-0.275964113802029,0.000832862839341683,0.02221472336935,"4h_vs_0h"
"ENSMUSG00000021748",-0.198479933512697,0.00084850496084868,0.0224956044138255,"4h_vs_0h"
"ENSMUSG00000040253",3.03673463892451,0.000880444360841822,0.0230896171432126,"4h_vs_0h"
"ENSMUSG00000020580",3.29685261649777,0.000884838327719398,0.0230896171432126,"4h_vs_0h"
"ENSMUSG00000040731",0.527735332917189,0.000887835319639896,0.0230896171432126,"4h_vs_0h"
"ENSMUSG00000037070",-0.254133709986089,0.000891896140501282,0.0230896171432126,"4h_vs_0h"
"ENSMUSG00000025068",0.427710861773196,0.000899677141670138,0.0231548485408788,"4h_vs_0h"
"ENSMUSG00000032479",0.623689801014557,0.0009201106771323,0.0235430644770887,"4h_vs_0h"
"ENSMUSG00000045983",0.285981315196384,0.00093693343790213,0.0238349367642039,"4h_vs_0h"
"ENSMUSG00000068220",0.489594982359684,0.000942441603861253,0.0238372729804217,"4h_vs_0h"
"ENSMUSG00000067194",0.455007619498602,0.00098810046736655,0.0248493151821725,"4h_vs_0h"
"ENSMUSG00000062328",0.280717015363368,0.0010218642487259,0.0255524122650151,"4h_vs_0h"
"ENSMUSG00000021244",-0.245204083588487,0.00103509085235915,0.0256113240352326,"4h_vs_0h"
"ENSMUSG00000004264",-0.249682227738209,0.00103585904982309,0.0256113240352326,"4h_vs_0h"
"ENSMUSG00000027712",0.203982716190769,0.00106734620802983,0.0261715856894513,"4h_vs_0h"
"ENSMUSG00000022186",-0.161182617118811,0.00107041250263604,0.0261715856894513,"4h_vs_0h"
"ENSMUSG00000071172",-0.33152232814637,0.00109141354480037,0.0265101982024,"4h_vs_0h"
"ENSMUSG00000052997",0.361557434805857,0.00109630903722718,0.0265101982024,"4h_vs_0h"
"ENSMUSG00000068290",2.82085991613993,0.00112517054783753,0.0270594294045517,"4h_vs_0h"
"ENSMUSG00000035948",-0.335156798895245,0.00113198128574521,0.0270752697748079,"4h_vs_0h"
"ENSMUSG00000066306",-0.192499806311726,0.00115691985407342,0.0275221852852817,"4h_vs_0h"
"ENSMUSG00000079104",0.387623271727975,0.00116783961115013,0.0275544588909999,"4h_vs_0h"
"ENSMUSG00000000168",-0.191031741714013,0.00117079841231924,0.0275544588909999,"4h_vs_0h"
"ENSMUSG00000022193",0.301639417858294,0.00119174868263356,0.0278983295333527,"4h_vs_0h"
"ENSMUSG00000021773",-0.288212724402545,0.00120686028869747,0.0280144973576602,"4h_vs_0h"
"ENSMUSG00000047126",0.182858473834571,0.00120944205815847,0.0280144973576602,"4h_vs_0h"
"ENSMUSG00000024132",-0.257844914451251,0.00122920028931007,0.0283230914830033,"4h_vs_0h"
"ENSMUSG00000018379",-0.312182412769502,0.00124761031676059,0.0285975677294966,"4h_vs_0h"
"ENSMUSG00000054766",0.403951892826353,0.00125521862729184,0.0286228869363283,"4h_vs_0h"
"ENSMUSG00000020321",0.422521050290921,0.00126762692312753,0.0287568355086818,"4h_vs_0h"
"ENSMUSG00000037916",-0.267553835322893,0.00129364165620211,0.029185641422976,"4h_vs_0h"
"ENSMUSG00000025651",-0.248064537195866,0.00129979225605619,0.029185641422976,"4h_vs_0h"
"ENSMUSG00000036751",-0.23561715574354,0.00132701837640956,0.02946879455416,"4h_vs_0h"
"ENSMUSG00000038845",-0.240969558576417,0.00133211852016891,0.02946879455416,"4h_vs_0h"
"ENSMUSG00000031320",0.181156488495049,0.00133249036952462,0.02946879455416,"4h_vs_0h"
"ENSMUSG00000029201",0.267828231509064,0.00133956109881846,0.0294770419795002,"4h_vs_0h"
"ENSMUSG00000020089",0.632572398979224,0.00136301053432038,0.0298438276693732,"4h_vs_0h"
"ENSMUSG00000024556",-0.205017890764548,0.00137305992207819,0.0299150332528024,"4h_vs_0h"
"ENSMUSG00000020914",-0.292888716465637,0.00140641804539252,0.0304117638192485,"4h_vs_0h"
"ENSMUSG00000014606",-0.347851243970496,0.00141747323825646,0.0304117638192485,"4h_vs_0h"
"ENSMUSG00000031256",-0.206594781064279,0.00142234521863894,0.0304117638192485,"4h_vs_0h"
"ENSMUSG00000047368",-2.31975744608472,0.00142349996518182,0.0304117638192485,"4h_vs_0h"
"ENSMUSG00000025465",-0.18657223147969,0.00147076540526454,0.0312697514423635,"4h_vs_0h"
"ENSMUSG00000007739",0.317899169569699,0.00148257765046545,0.0313693473062426,"4h_vs_0h"
"ENSMUSG00000019432",-0.204158011343448,0.00149855257051759,0.0314007710751698,"4h_vs_0h"
"ENSMUSG00000045482",-0.261460786207348,0.00151209512017999,0.0314007710751698,"4h_vs_0h"
"ENSMUSG00000022983",-0.436252125313782,0.00151478186367919,0.0314007710751698,"4h_vs_0h"
"ENSMUSG00000032540",-0.243010876406071,0.00152361480080901,0.0314007710751698,"4h_vs_0h"
"ENSMUSG00000073702",0.310327532491531,0.00152741583998357,0.0314007710751698,"4h_vs_0h"
"ENSMUSG00000032458",0.343100253622953,0.0015337699974008,0.0314007710751698,"4h_vs_0h"
"ENSMUSG00000032643",2.78931610037947,0.00153400722135004,0.0314007710751698,"4h_vs_0h"
"ENSMUSG00000012535",3.25101109342627,0.00157524228896906,0.0318730062135919,"4h_vs_0h"
"ENSMUSG00000056201",0.291342533523331,0.00157532501397368,0.0318730062135919,"4h_vs_0h"
"ENSMUSG00000025792",-0.250780899950797,0.00157880376154579,0.0318730062135919,"4h_vs_0h"
"ENSMUSG00000026662",0.31133113704626,0.00159587023430959,0.0320029147295915,"4h_vs_0h"
"ENSMUSG00000056076",0.318251628794773,0.00160314885007397,0.0320029147295915,"4h_vs_0h"
"ENSMUSG00000032562",-0.271275013181381,0.00161695834975605,0.0320029147295915,"4h_vs_0h"
"ENSMUSG00000033105",-0.239092565439627,0.00161954367790418,0.0320029147295915,"4h_vs_0h"
"ENSMUSG00000005469",0.393014903986639,0.00162932836583564,0.0320029147295915,"4h_vs_0h"
"ENSMUSG00000019303",2.64496754410849,0.00162996137729164,0.0320029147295915,"4h_vs_0h"
"ENSMUSG00000029250",-0.195258861370711,0.00163614083484619,0.0320029147295915,"4h_vs_0h"
"ENSMUSG00000025364",0.323079103033734,0.00167193707365253,0.0325583852263044,"4h_vs_0h"
"ENSMUSG00000024012",-0.289384733155323,0.00170205813496364,0.0329989332686122,"4h_vs_0h"
"ENSMUSG00000016319",-0.229340058003928,0.00174618632922145,0.0337059913811561,"4h_vs_0h"
"ENSMUSG00000028081",0.168296829214096,0.00175905361738528,0.0338060915725442,"4h_vs_0h"
"ENSMUSG00000028779",-0.386871385206433,0.00179817388038448,0.0344076662937917,"4h_vs_0h"
"ENSMUSG00000017686",-0.241807458193055,0.0018126294855535,0.0345341227961946,"4h_vs_0h"
"ENSMUSG00000018585",0.41778349156289,0.00183429400199292,0.0347962409602191,"4h_vs_0h"
"ENSMUSG00000022403",0.286595093153871,0.00184680762363443,0.034883263311653,"4h_vs_0h"
"ENSMUSG00000022889",-0.204531372447224,0.00188304307644691,0.0354156947839439,"4h_vs_0h"
"ENSMUSG00000048007",-0.222430608940577,0.00189966627248552,0.0355763032562076,"4h_vs_0h"
"ENSMUSG00000047213",0.269688450726267,0.00195021914081679,0.0363682815200623,"4h_vs_0h"
"ENSMUSG00000027068",-2.24386707449784,0.00196125713374085,0.0364198001923775,"4h_vs_0h"
"ENSMUSG00000051483",0.361445324171985,0.00199165378754264,0.0368288584830889,"4h_vs_0h"
"ENSMUSG00000024975",2.60153819634735,0.00204169952835397,0.037596316419606,"4h_vs_0h"
"ENSMUSG00000026150",3.71657975985246,0.00206051922391413,0.0377847712685254,"4h_vs_0h"
"ENSMUSG00000061838",-0.117220907204178,0.00214426938704859,0.0391573841178458,"4h_vs_0h"
"ENSMUSG00000025487",0.31981470840843,0.0021751867479579,0.0394517323244371,"4h_vs_0h"
"ENSMUSG00000003528",-0.210381615135994,0.00217831650871125,0.0394517323244371,"4h_vs_0h"
"ENSMUSG00000024646",-0.207619892189953,0.00219059299964061,0.0395114745549932,"4h_vs_0h"
"ENSMUSG00000021238",-0.213421718641776,0.00226116066869343,0.0403788876118169,"4h_vs_0h"
"ENSMUSG00000056999",0.311596735437316,0.00226186964572797,0.0403788876118169,"4h_vs_0h"
"ENSMUSG00000028757",-0.237677718406001,0.00226620887073819,0.0403788876118169,"4h_vs_0h"
"ENSMUSG00000021024",0.484078178151126,0.0022791130090192,0.0404450659382802,"4h_vs_0h"
"ENSMUSG00000004897",0.630532984176281,0.00230730195997129,0.040678229355124,"4h_vs_0h"
"ENSMUSG00000022437",-0.226241731914996,0.00231073786384481,0.040678229355124,"4h_vs_0h"
"ENSMUSG00000116933",-0.301730378418139,0.00238027012253718,0.041487150414344,"4h_vs_0h"
"ENSMUSG00000021474",-0.2595958320486,0.00238493393548973,0.041487150414344,"4h_vs_0h"
"ENSMUSG00000020153",-0.298530372644812,0.0023849691103906,0.041487150414344,"4h_vs_0h"
"ENSMUSG00000058325",2.21304031637582,0.00240092585746902,0.0416002940894534,"4h_vs_0h"
"ENSMUSG00000032604",0.302179817070044,0.00245017163279779,0.0422870798272277,"4h_vs_0h"
"ENSMUSG00000037416",2.61492408907854,0.00249768215750611,0.0428994145430138,"4h_vs_0h"
"ENSMUSG00000058997",-0.139441089853491,0.00250514645252319,0.0428994145430138,"4h_vs_0h"
"ENSMUSG00000002379",-0.425190441753461,0.00255184706906582,0.0435297633758088,"4h_vs_0h"
"ENSMUSG00000030007",0.300157782460865,0.00263330662071821,0.04474587813815,"4h_vs_0h"
"ENSMUSG00000027201",-0.326611208085261,0.00269980158517485,0.0456993337552097,"4h_vs_0h"
"ENSMUSG00000025968",-0.21331677134355,0.002723711042162,0.0459274034350766,"4h_vs_0h"
"ENSMUSG00000025278",0.285489030777875,0.00277327160854739,0.0465846120199124,"4h_vs_0h"
"ENSMUSG00000026003",-0.163010317881621,0.00280927168721664,0.0470099037849447,"4h_vs_0h"
"ENSMUSG00000024640",0.380905672091959,0.00286736530273624,0.0477775334013755,"4h_vs_0h"
"ENSMUSG00000034024",0.260614834930031,0.00287685670333208,0.0477775334013755,"4h_vs_0h"
"ENSMUSG00000026926",-0.266885147496073,0.00291193225419422,0.0481782475590556,"4h_vs_0h"
"ENSMUSG00000021713",0.342618317895468,0.00292884484860901,0.0482765774484205,"4h_vs_0h"
"ENSMUSG00000030751",0.379220361072214,0.00301573941161454,0.0495233923526702,"4h_vs_0h"
"ENSMUSG00000025024",0.44418135720155,0.00306991935737419,0.0502257066609807,"4h_vs_0h"
"ENSMUSG00000055681",0.382064668082378,0.00313368712300646,0.0510791001050053,"4h_vs_0h"
"ENSMUSG00000002010",-0.213628974260473,0.0031611530093987,0.0513366582817849,"4h_vs_0h"
"ENSMUSG00000038412",-0.621803928693353,0.00318311287904847,0.0515032344878394,"4h_vs_0h"
"ENSMUSG00000043445",0.256550536634293,0.00320741661388963,0.0517063755228142,"4h_vs_0h"
"ENSMUSG00000025428",-0.18958995209325,0.00328642644343201,0.05278672546549,"4h_vs_0h"
"ENSMUSG00000024150",0.924926166779027,0.00338947367682501,0.0540789628629571,"4h_vs_0h"
"ENSMUSG00000059796",0.172355347547885,0.00339145506707025,0.0540789628629571,"4h_vs_0h"
"ENSMUSG00000071644",0.240554777847262,0.00353183349423179,0.0560028393018255,"4h_vs_0h"
"ENSMUSG00000023004",0.128138156068459,0.00353922334545538,0.0560028393018255,"4h_vs_0h"
"ENSMUSG00000001017",-0.35011110828858,0.00355028224612799,0.0560028393018255,"4h_vs_0h"
"ENSMUSG00000023861",-0.384989623202102,0.00357701231586607,0.0562229685790235,"4h_vs_0h"
"ENSMUSG00000001525",0.210276030697234,0.00365156008849093,0.0571453082624588,"4h_vs_0h"
"ENSMUSG00000017774",0.128706817703833,0.00366166256078468,0.0571453082624588,"4h_vs_0h"
"ENSMUSG00000027185",-0.307766882506822,0.00368200454254038,0.0572597243523683,"4h_vs_0h"
"ENSMUSG00000020664",-0.17907171896891,0.00377716641095447,0.0585327794880656,"4h_vs_0h"
"ENSMUSG00000027984",-0.181539215483596,0.00380507524629919,0.0587583724875885,"4h_vs_0h"
"ENSMUSG00000036499",0.304183425628796,0.00384683866324016,0.0591955837654543,"4h_vs_0h"
"ENSMUSG00000012848",0.175213497123949,0.0038764833917171,0.0594439143099197,"4h_vs_0h"
"ENSMUSG00000020180",-0.267495569229176,0.00394809136951135,0.0603317712403452,"4h_vs_0h"
"ENSMUSG00000029430",0.249914717561364,0.0039948534222133,0.0608351207998641,"4h_vs_0h"
"ENSMUSG00000037331",0.321411173115195,0.00407996448318936,0.06191697824316,"4h_vs_0h"
"ENSMUSG00000016921",-0.331735307845133,0.00412667531238224,0.0623499816036649,"4h_vs_0h"
"ENSMUSG00000048758",0.225191782066613,0.00413683131748924,0.0623499816036649,"4h_vs_0h"
"ENSMUSG00000025200",3.34965821406714,0.00439034454227735,0.065945072800555,"4h_vs_0h"
"ENSMUSG00000021226",-0.190762431433754,0.0044603380906296,0.066768530397486,"4h_vs_0h"
"ENSMUSG00000025236",-0.354092497165883,0.00454983852609491,0.0677742525789539,"4h_vs_0h"
"ENSMUSG00000021996",0.262980717054621,0.00455847757742983,0.0677742525789539,"4h_vs_0h"
"ENSMUSG00000029578",2.89884775253303,0.00457372256667787,0.0677742525789539,"4h_vs_0h"
"ENSMUSG00000063550",-0.147998229061873,0.0047306327836666,0.0697548148593048,"4h_vs_0h"
"ENSMUSG00000018965",0.466738864917655,0.00473907967346788,0.0697548148593048,"4h_vs_0h"
"ENSMUSG00000028223",-0.222782714142738,0.00476038435592349,0.0698348385013976,"4h_vs_0h"
"ENSMUSG00000024099",-0.315196834327519,0.00481003215075724,0.0702272160405751,"4h_vs_0h"
"ENSMUSG00000047215",-0.187455305365916,0.00481904549971681,0.0702272160405751,"4h_vs_0h"
"ENSMUSG00000040028",-0.132078267696933,0.00505856275005195,0.073474371825012,"4h_vs_0h"
"ENSMUSG00000028763",-0.248563881744914,0.0051208979095209,0.0740227849746861,"4h_vs_0h"
"ENSMUSG00000054604",2.57375747170768,0.00512995896779806,0.0740227849746861,"4h_vs_0h"
"ENSMUSG00000002949",-0.181753269695744,0.00518541218875676,0.0745784282441781,"4h_vs_0h"
"ENSMUSG00000022858",-0.2511661675867,0.00529232800024844,0.0758681939058417,"4h_vs_0h"
"ENSMUSG00000022204",-1.36496092678542,0.00544420981590297,0.0777921019473668,"4h_vs_0h"
"ENSMUSG00000030662",0.274436185975532,0.0055909361636137,0.0796301296312748,"4h_vs_0h"
"ENSMUSG00000028180",0.297525179817047,0.00564674383897639,0.0801655472107583,"4h_vs_0h"
"ENSMUSG00000031167",-0.189163455468133,0.00570367767403339,0.0807134580174307,"4h_vs_0h"
"ENSMUSG00000003200",0.421025642250402,0.00578122483394811,0.0815486233788642,"4h_vs_0h"
"ENSMUSG00000053768",-0.284499911868004,0.0058140333045143,0.0817493948024518,"4h_vs_0h"
"ENSMUSG00000000399",-0.372026018626034,0.00595048427359595,0.0834015327646363,"4h_vs_0h"
"ENSMUSG00000024048",0.348345378241415,0.00606871795886762,0.0847886594824648,"4h_vs_0h"
"ENSMUSG00000030934",-0.161964563709198,0.00612383689164389,0.08528799417761,"4h_vs_0h"
"ENSMUSG00000018574",-0.140036927191204,0.00622120750785469,0.0863707704797114,"4h_vs_0h"
"ENSMUSG00000040688",-0.338969530384574,0.00631491986045268,0.0873961078800385,"4h_vs_0h"
"ENSMUSG00000060036",0.135155191276343,0.00636255201345738,0.0877792834207709,"4h_vs_0h"
"ENSMUSG00000021823",0.176314552927469,0.00648739906573681,0.0892220102759616,"4h_vs_0h"
"ENSMUSG00000029767",0.342953939068956,0.00659559686059806,0.090427482191564,"4h_vs_0h"
"ENSMUSG00000027099",-0.147054130462685,0.00663238462182182,0.0906494556541548,"4h_vs_0h"
"ENSMUSG00000003360",-0.255875460196478,0.00668035641458862,0.0910224414260202,"4h_vs_0h"
"ENSMUSG00000003865",0.394285209338097,0.00673559721413658,0.0912236923683901,"4h_vs_0h"
"ENSMUSG00000008668",0.251805338797645,0.00673658259934715,0.0912236923683901,"4h_vs_0h"
"ENSMUSG00000035297",0.327018971309123,0.00681867156463937,0.0920520661226315,"4h_vs_0h"
"ENSMUSG00000032294",0.331073013772915,0.00686054249533286,0.0923340902812229,"4h_vs_0h"
"ENSMUSG00000020935",-0.176302505310563,0.00688566969405992,0.0923897326937735,"4h_vs_0h"
"ENSMUSG00000020277",0.318574754025093,0.00710492647436014,0.0950418887953161,"4h_vs_0h"
"ENSMUSG00000021241",-0.284144852718782,0.00723305160965537,0.0964151895020514,"4h_vs_0h"
"ENSMUSG00000061904",-0.221277509388337,0.00725140370942491,0.0964151895020514,"4h_vs_0h"
"ENSMUSG00000096210",-0.269448932057813,0.00727905513007343,0.0964913302031722,"4h_vs_0h"
"ENSMUSG00000038372",0.377810414423664,0.00745959960139028,0.0985042362691087,"4h_vs_0h"
"ENSMUSG00000057322",0.350819012536547,0.00747566801042543,0.0985042362691087,"4h_vs_0h"
"ENSMUSG00000015656",0.0918585819507598,0.00757707931589991,0.0995424658784343,"4h_vs_0h"
"ENSMUSG00000014294",-0.318235720259942,0.007611108563283,0.0996919309137157,"4h_vs_0h"
"ENSMUSG00000071054",-0.26118905696968,0.00768475201311181,0.100357844539184,"4h_vs_0h"
"ENSMUSG00000024073",1.9042152576835,0.00774842786122556,0.100885070220397,"4h_vs_0h"
"ENSMUSG00000027710",-0.173155159075741,0.0077709699624437,0.100885070220397,"4h_vs_0h"
"ENSMUSG00000019179",-0.129736308102878,0.00781773463229257,0.101193676813881,"4h_vs_0h"
"ENSMUSG00000031311",-0.172060759315663,0.00793556770548122,0.102334803163325,"4h_vs_0h"
"ENSMUSG00000055239",2.42750259283001,0.00795239779183303,0.102334803163325,"4h_vs_0h"
"ENSMUSG00000064210",-0.195157913767815,0.00802548858276865,0.10297427187395,"4h_vs_0h"
"ENSMUSG00000028383",-0.210470396734252,0.00807695827341921,0.103333410934064,"4h_vs_0h"
"ENSMUSG00000021376",2.17009704626795,0.00814729261584605,0.103735684723709,"4h_vs_0h"
"ENSMUSG00000001642",0.365822516508558,0.00815554349338859,0.103735684723709,"4h_vs_0h"
"ENSMUSG00000030541",-0.143817659502407,0.0082294118046186,0.104373606202094,"4h_vs_0h"
"ENSMUSG00000028693",0.392240013371875,0.00837685166601537,0.105938287879694,"4h_vs_0h"
"ENSMUSG00000033400",2.21504329779744,0.00848384411764307,0.106983948314462,"4h_vs_0h"
"ENSMUSG00000044894",-0.242299376292483,0.00852801573294571,0.107233706401983,"4h_vs_0h"
"ENSMUSG00000028737",-0.121612749250517,0.00856039901203792,0.107334233766322,"4h_vs_0h"
"ENSMUSG00000046364",0.226139732067129,0.00863754755344972,0.107993882905489,"4h_vs_0h"
"ENSMUSG00000025393",-0.179647567165141,0.00878477644328741,0.109523515940249,"4h_vs_0h"
"ENSMUSG00000031161",1.9338514734873,0.00891651263966568,0.110851898664318,"4h_vs_0h"
"ENSMUSG00000022781",0.235013441140836,0.00906241026571597,0.112348359378637,"4h_vs_0h"
"ENSMUSG00000032788",0.466276356529317,0.0091708248636227,0.113077007409319,"4h_vs_0h"
"ENSMUSG00000022884",0.510350323129579,0.00919749974029361,0.113077007409319,"4h_vs_0h"
"ENSMUSG00000029632",-0.238143938149044,0.00919826599694075,0.113077007409319,"4h_vs_0h"
"ENSMUSG00000102252",-0.215863151540777,0.0092680130296134,0.113617062237684,"4h_vs_0h"
"ENSMUSG00000024661",0.235420839652814,0.00929807932354398,0.113669019730325,"4h_vs_0h"
"ENSMUSG00000071415",0.121107018571148,0.00955507239260982,0.116256535464716,"4h_vs_0h"
"ENSMUSG00000038102",1.65921853224095,0.00956256892484146,0.116256535464716,"4h_vs_0h"
"ENSMUSG00000003955",0.314403211227855,0.00967335858789471,0.117271779233877,"4h_vs_0h"
"ENSMUSG00000028998",-0.893472919339054,0.00969937006160675,0.117271779233877,"4h_vs_0h"
"ENSMUSG00000002227",0.351046184132233,0.00977220690631039,0.117809036006575,"4h_vs_0h"
"ENSMUSG00000029247",0.321651483763915,0.00979734314437774,0.117809036006575,"4h_vs_0h"
"ENSMUSG00000021707",0.349892062170582,0.0101338543021116,0.12113666520026,"4h_vs_0h"
"ENSMUSG00000026709",-0.229169254957043,0.0101653421072258,0.12113666520026,"4h_vs_0h"
"ENSMUSG00000003123",0.236249499710802,0.0101817829498977,0.12113666520026,"4h_vs_0h"
"ENSMUSG00000031299",-0.203055023752228,0.0101841777150866,0.12113666520026,"4h_vs_0h"
"ENSMUSG00000036197",-1.74621120078429,0.0102964864122744,0.122142416982263,"4h_vs_0h"
"ENSMUSG00000031865",0.564456500632261,0.0106473976295489,0.125965583246356,"4h_vs_0h"
"ENSMUSG00000019795",0.290389147411332,0.010735586248633,0.126668405040842,"4h_vs_0h"
"ENSMUSG00000022283",0.0929438820362805,0.0107850631093104,0.126911932470789,"4h_vs_0h"
"ENSMUSG00000027642",-0.259546882085036,0.011107709983351,0.130341212466535,"4h_vs_0h"
"ENSMUSG00000070327",0.713766041615113,0.0111365440266918,0.130341212466535,"4h_vs_0h"
"ENSMUSG00000014313",-0.206628709103409,0.0111923104388314,0.130341212466535,"4h_vs_0h"
"ENSMUSG00000031799",0.29532266399697,0.0112184702129628,0.130341212466535,"4h_vs_0h"
"ENSMUSG00000031447",0.27558944822588,0.0112245670358593,0.130341212466535,"4h_vs_0h"
"ENSMUSG00000024120",-0.136034446396824,0.0112554258465833,0.130355603028455,"4h_vs_0h"
"ENSMUSG00000029500",-0.230445067803171,0.0113267281294605,0.130837087920618,"4h_vs_0h"
"ENSMUSG00000027893",0.188207704866194,0.0116517899908386,0.134239601438954,"4h_vs_0h"
"ENSMUSG00000017778",-0.541370761570718,0.0117268374822184,0.134696574297439,"4h_vs_0h"
"ENSMUSG00000026896",1.7915972634392,0.0117526663327009,0.134696574297439,"4h_vs_0h"
"ENSMUSG00000038965",0.403792810193636,0.0119562761961334,0.136674211790086,"4h_vs_0h"
"ENSMUSG00000020358",-0.164529803282289,0.0123206205985911,0.140474226047667,"4h_vs_0h"
"ENSMUSG00000078713",-0.500164660701991,0.0124571875641726,0.141365783030712,"4h_vs_0h"
"ENSMUSG00000031483",-0.193356384301115,0.0124630592628758,0.141365783030712,"4h_vs_0h"
"ENSMUSG00000005779",0.345313722978261,0.0125269209791675,0.141607282672914,"4h_vs_0h"
"ENSMUSG00000029310",2.03110046164254,0.0125487026226849,0.141607282672914,"4h_vs_0h"
"ENSMUSG00000042787",-0.206349082819433,0.0127274381263899,0.14325691865535,"4h_vs_0h"
"ENSMUSG00000028234",0.223891526929453,0.0127879410326846,0.143570735930727,"4h_vs_0h"
"ENSMUSG00000033629",-0.310635961511444,0.0130619087446678,0.145917932801272,"4h_vs_0h"
"ENSMUSG00000024590",-0.125800079878356,0.0130633186829586,0.145917932801272,"4h_vs_0h"
"ENSMUSG00000036777",0.73234093969295,0.0133200837519224,0.148409338208128,"4h_vs_0h"
"ENSMUSG00000005732",0.40080080769571,0.0136548724765549,0.151431326235857,"4h_vs_0h"
"ENSMUSG00000010097",-0.156459678317916,0.0136601309965088,0.151431326235857,"4h_vs_0h"
"ENSMUSG00000020780",0.281202509748631,0.0140947280391345,0.155856527890027,"4h_vs_0h"
"ENSMUSG00000045427",-0.397619650735344,0.0142730237888275,0.15743252555045,"4h_vs_0h"
"ENSMUSG00000024826",-0.261084984431307,0.0143825551511974,0.158244063051049,"4h_vs_0h"
"ENSMUSG00000048076",0.28918618150637,0.0146412340921921,0.160688456956951,"4h_vs_0h"
"ENSMUSG00000040940",2.33367725582793,0.0146996614429251,0.160928383110232,"4h_vs_0h"
"ENSMUSG00000029287",1.42049370177572,0.0147717369949919,0.160953508297469,"4h_vs_0h"
"ENSMUSG00000030591",0.31934715996924,0.0147751005117422,0.160953508297469,"4h_vs_0h"
"ENSMUSG00000090053",0.436536036608743,0.0148797262832844,0.16169302561169,"4h_vs_0h"
"ENSMUSG00000059741",-2.82356783759836,0.0149691523001252,0.162086100185826,"4h_vs_0h"
"ENSMUSG00000022329",0.362885731552204,0.0149928017253891,0.162086100185826,"4h_vs_0h"
"ENSMUSG00000025040",-1.92128678079877,0.0150263869292927,0.162086100185826,"4h_vs_0h"
"ENSMUSG00000022568",-0.200254369662101,0.0150701975957553,0.162161221562149,"4h_vs_0h"
"ENSMUSG00000021003",-1.91770082286225,0.0151658495214163,0.162589598178335,"4h_vs_0h"
"ENSMUSG00000038900",0.0991562035601383,0.0151838956717327,0.162589598178335,"4h_vs_0h"
"ENSMUSG00000021917",2.71365675802063,0.0152541693938934,0.162945629860497,"4h_vs_0h"
"ENSMUSG00000022551",-0.198651921452445,0.0153452676097867,0.163132806110539,"4h_vs_0h"
"ENSMUSG00000026568",-0.182605494157183,0.015388855227865,0.163132806110539,"4h_vs_0h"
"ENSMUSG00000034473",-2.02149804603858,0.0154867969130693,0.163132806110539,"4h_vs_0h"
"ENSMUSG00000032518",0.143258195564801,0.0155016902151173,0.163132806110539,"4h_vs_0h"
"ENSMUSG00000035770",2.1485968253433,0.0155305163686494,0.163132806110539,"4h_vs_0h"
"ENSMUSG00000034667",1.88078351564651,0.0155312965210705,0.163132806110539,"4h_vs_0h"
"ENSMUSG00000022013",-1.46290136547492,0.0155662264499375,0.163132806110539,"4h_vs_0h"
"ENSMUSG00000060743",0.59819079217764,0.015568229622001,0.163132806110539,"4h_vs_0h"
"ENSMUSG00000025509",2.20144974188398,0.0156949478253674,0.164069989024803,"4h_vs_0h"
"ENSMUSG00000043091",0.346126278485347,0.0157720038516515,0.164104612170946,"4h_vs_0h"
"ENSMUSG00000027613",0.30887939532046,0.0157728359346308,0.164104612170946,"4h_vs_0h"
"ENSMUSG00000032058",0.426802349019315,0.015811583033164,0.164119756907912,"4h_vs_0h"
"ENSMUSG00000021494",-0.219219667323664,0.0158852845373666,0.164496793526942,"4h_vs_0h"
"ENSMUSG00000022185",-0.16413730922045,0.0160180008504775,0.165481741180637,"4h_vs_0h"
"ENSMUSG00000039000",0.313645797339554,0.0161516782411424,0.166471981122407,"4h_vs_0h"
"ENSMUSG00000076432",0.458404971724011,0.0162560013612716,0.166636671569926,"4h_vs_0h"
"ENSMUSG00000027405",-0.225097915204124,0.0163024694063508,0.166636671569926,"4h_vs_0h"
"ENSMUSG00000024067",-0.173921702376884,0.0163156211331475,0.166636671569926,"4h_vs_0h"
"ENSMUSG00000031328",0.216965290043262,0.0163191105309335,0.166636671569926,"4h_vs_0h"
"ENSMUSG00000086784",-0.209771216907615,0.0166036517852203,0.169149702561931,"4h_vs_0h"
"ENSMUSG00000004788",2.60649264448935,0.0166698851414575,0.169432250594814,"4h_vs_0h"
"ENSMUSG00000006289",1.85435452709855,0.0167131300040258,0.169480380524695,"4h_vs_0h"
"ENSMUSG00000022477",-0.128825735939976,0.016974781334857,0.17173796012576,"4h_vs_0h"
"ENSMUSG00000032374",0.152319706108592,0.0170876772700625,0.172483641434736,"4h_vs_0h"
"ENSMUSG00000042079",-0.171558619392773,0.0175981605324362,0.176816175233241,"4h_vs_0h"
"ENSMUSG00000025133",-0.180126316800092,0.0176079939414598,0.176816175233241,"4h_vs_0h"
"ENSMUSG00000040824",-0.19239047955309,0.0176374235236066,0.176816175233241,"4h_vs_0h"
"ENSMUSG00000021591",0.49929846514933,0.0177939692101231,0.177980132940345,"4h_vs_0h"
"ENSMUSG00000026981",2.35583719136533,0.0179874589740524,0.179507498741053,"4h_vs_0h"
"ENSMUSG00000065954",1.78553793398997,0.0181136030615873,0.180357391570239,"4h_vs_0h"
"ENSMUSG00000023175",-0.210493298247609,0.0183199484267767,0.182000209991522,"4h_vs_0h"
"ENSMUSG00000004610",-0.108407300126565,0.0184119042147165,0.182279613209357,"4h_vs_0h"
"ENSMUSG00000008450",0.52088000656612,0.0184309084022185,0.182279613209357,"4h_vs_0h"
"ENSMUSG00000059743",0.432260071281252,0.0186922928460218,0.184450181200319,"4h_vs_0h"
"ENSMUSG00000033499",1.86189587516701,0.0187715788149847,0.184818161889815,"4h_vs_0h"
"ENSMUSG00000031502",-0.302387395355776,0.0188278040173401,0.184957958661414,"4h_vs_0h"
"ENSMUSG00000031878",2.51438351227146,0.0189963092185545,0.186197676772513,"4h_vs_0h"
"ENSMUSG00000058655",0.498859342436013,0.0195460806996435,0.191160669242514,"4h_vs_0h"
"ENSMUSG00000003316",-0.126744656151121,0.0198216004083121,0.193251222878364,"4h_vs_0h"
"ENSMUSG00000056870",-1.61425019394586,0.0198476602456307,0.193251222878364,"4h_vs_0h"
"ENSMUSG00000025580",-0.106321240486515,0.0199914703705618,0.194081312222396,"4h_vs_0h"
"ENSMUSG00000022808",1.56508183104093,0.0200211124173978,0.194081312222396,"4h_vs_0h"
"ENSMUSG00000025076",2.08898298139813,0.0201592712094613,0.194991104599647,"4h_vs_0h"
"ENSMUSG00000036550",0.361309228644568,0.0202315785103166,0.195261353122595,"4h_vs_0h"
"ENSMUSG00000031819",-0.305190690280398,0.0205755989780031,0.198147070245496,"4h_vs_0h"
"ENSMUSG00000035530",0.552382882025746,0.0207697574387244,0.199304149844651,"4h_vs_0h"
"ENSMUSG00000039218",-0.205185541155878,0.020786322376436,0.199304149844651,"4h_vs_0h"
"ENSMUSG00000021102",-0.183752590849107,0.0210529187227421,0.201141039002886,"4h_vs_0h"
"ENSMUSG00000024870",0.0966161809348556,0.021069306743997,0.201141039002886,"4h_vs_0h"
"ENSMUSG00000022253",-0.210169090766474,0.021495970916989,0.20477006061833,"4h_vs_0h"
"ENSMUSG00000009863",-0.127853987192942,0.0216357874692256,0.205656804864064,"4h_vs_0h"
"ENSMUSG00000027809",-0.154029994735154,0.0223240088211399,0.211741299184993,"4h_vs_0h"
"ENSMUSG00000011960",2.37767133944198,0.0226138086057522,0.21402875628799,"4h_vs_0h"
"ENSMUSG00000041168",-0.127112539607431,0.02284583960766,0.215760815693802,"4h_vs_0h"
"ENSMUSG00000040618",-0.208516813280553,0.0231050450449217,0.217741548699572,"4h_vs_0h"
"ENSMUSG00000028274",4.42083144041876,0.0232402492453581,0.218473369345898,"4h_vs_0h"
"ENSMUSG00000028393",0.431540753533191,0.0232819836908035,0.218473369345898,"4h_vs_0h"
"ENSMUSG00000057234",-2.21251615224924,0.023366521285333,0.218800128035639,"4h_vs_0h"
"ENSMUSG00000023938",-1.71253396790434,0.0236845666686736,0.221307384095186,"4h_vs_0h"
"ENSMUSG00000032366",0.470190092097749,0.0242035294950338,0.225677401075517,"4h_vs_0h"
"ENSMUSG00000070284",1.48987331292557,0.0242590131828989,0.225716526464986,"4h_vs_0h"
"ENSMUSG00000026827",-0.126702448761684,0.0245328089348944,0.227782472832216,"4h_vs_0h"
"ENSMUSG00000037149",0.326099318314437,0.0247214700150946,0.229050925339855,"4h_vs_0h"
"ENSMUSG00000042520",0.206682522469478,0.0248218153910532,0.229497499025263,"4h_vs_0h"
"ENSMUSG00000052738",-0.129546802391761,0.0251326915410893,0.231884644596088,"4h_vs_0h"
"ENSMUSG00000015568",-0.272918460193235,0.0253344149723923,0.233052881132468,"4h_vs_0h"
"ENSMUSG00000004677",1.46200112695897,0.0253800228151632,0.233052881132468,"4h_vs_0h"
"ENSMUSG00000004789",-0.144956061252024,0.0254181738113121,0.233052881132468,"4h_vs_0h"
"ENSMUSG00000026960",-1.88905581449357,0.0261496200043617,0.239260868272757,"4h_vs_0h"
"ENSMUSG00000015165",-0.128062659343712,0.0262557856668551,0.239280641907372,"4h_vs_0h"
"ENSMUSG00000061024",-0.228264442061104,0.0262703260037366,0.239280641907372,"4h_vs_0h"
"ENSMUSG00000060475",-1.87662882651011,0.0263741376560854,0.239280641907372,"4h_vs_0h"
"ENSMUSG00000079508",-0.268660591169869,0.0263932463021011,0.239280641907372,"4h_vs_0h"
"ENSMUSG00000026509",0.43543652552837,0.0264481760246957,0.239280641907372,"4h_vs_0h"
"ENSMUSG00000028798",0.26094993845852,0.0264779987750262,0.239280641907372,"4h_vs_0h"
"ENSMUSG00000033382",1.6076147151867,0.0266927088292256,0.240726663027504,"4h_vs_0h"
"ENSMUSG00000032314",-0.134096594113437,0.0269134913253729,0.242221421928356,"4h_vs_0h"
"ENSMUSG00000028394",2.29569203549234,0.0271812475266321,0.244131980336139,"4h_vs_0h"
"ENSMUSG00000060679",-0.241700374901651,0.027651407613079,0.247848971293606,"4h_vs_0h"
"ENSMUSG00000024817",-0.157930017211278,0.027910639762021,0.249664076407834,"4h_vs_0h"
"ENSMUSG00000077450",-0.150909260991227,0.0280455092356094,0.250361635184416,"4h_vs_0h"
"ENSMUSG00000071659",-0.153504794934531,0.0283397594461084,0.252476277980411,"4h_vs_0h"
"ENSMUSG00000004070",-0.19867560468041,0.0286756166071406,0.25495230037985,"4h_vs_0h"
"ENSMUSG00000020402",-0.156412274601685,0.0288493470602222,0.255631879314982,"4h_vs_0h"
"ENSMUSG00000029836",-0.216769280666131,0.0289042257002802,0.255631879314982,"4h_vs_0h"
"ENSMUSG00000037242",0.381616919046177,0.0289263067254854,0.255631879314982,"4h_vs_0h"
"ENSMUSG00000020064",1.86708883826426,0.029316138148497,0.25822979057389,"4h_vs_0h"
"ENSMUSG00000029171",0.493136666936756,0.0293902650482342,0.25822979057389,"4h_vs_0h"
"ENSMUSG00000057841",0.144783391568851,0.0293963019944373,0.25822979057389,"4h_vs_0h"
"ENSMUSG00000026869",0.187934015351079,0.0296469247742828,0.259600072603424,"4h_vs_0h"
"ENSMUSG00000022913",2.04580766901564,0.0296702650578328,0.259600072603424,"4h_vs_0h"
"ENSMUSG00000052299",1.69412605807372,0.0300914786712904,0.262660824091997,"4h_vs_0h"
"ENSMUSG00000041815",-0.169360127747009,0.0301394492539101,0.262660824091997,"4h_vs_0h"
"ENSMUSG00000002660",-0.196305069695555,0.0305093350579318,0.265358860849719,"4h_vs_0h"
"ENSMUSG00000027111",-0.280230672711333,0.0311488657911738,0.270386900092615,"4h_vs_0h"
"ENSMUSG00000032399",0.0972496331888983,0.0313581133816772,0.271667435025121,"4h_vs_0h"
"ENSMUSG00000050029",-0.165531887733707,0.0314503370614583,0.27193110689092,"4h_vs_0h"
"ENSMUSG00000034341",1.7352590846412,0.0320362687865674,0.276454154764085,"4h_vs_0h"
"ENSMUSG00000061787",0.232651753827405,0.0322485279877333,0.27774123615267,"4h_vs_0h"
"ENSMUSG00000020069",-0.189245816517563,0.0339169000118534,0.291539603422201,"4h_vs_0h"
"ENSMUSG00000000088",-0.147571260483041,0.0343745777389415,0.29453115236339,"4h_vs_0h"
"ENSMUSG00000054408",2.37095184480394,0.0343987758043132,0.29453115236339,"4h_vs_0h"
"ENSMUSG00000030978",0.617646539793537,0.0348326430125345,0.297666916307115,"4h_vs_0h"
"ENSMUSG00000028124",0.414874158262233,0.0351222625287186,0.298786605489524,"4h_vs_0h"
"ENSMUSG00000027907",0.198388306293829,0.0351575717145472,0.298786605489524,"4h_vs_0h"
"ENSMUSG00000027566",0.398587962422624,0.0351673396145362,0.298786605489524,"4h_vs_0h"
"ENSMUSG00000021595",0.14762760238262,0.0353866180843707,0.299503293751714,"4h_vs_0h"
"ENSMUSG00000040813",-0.158433953335436,0.0353878011249468,0.299503293751714,"4h_vs_0h"
"ENSMUSG00000027010",-0.136281371043331,0.0355105107276642,0.29996498601238,"4h_vs_0h"
"ENSMUSG00000022048",0.268479856458043,0.0357055054001615,0.301034347253086,"4h_vs_0h"
"ENSMUSG00000037772",-0.330664463616387,0.0358589094934661,0.301749638012895,"4h_vs_0h"
"ENSMUSG00000040990",3.11258388307838,0.036265865381018,0.304591743400496,"4h_vs_0h"
"ENSMUSG00000063457",0.274688098747667,0.0365798378433245,0.306643554949469,"4h_vs_0h"
"ENSMUSG00000032047",-0.116996469412449,0.0371820828584936,0.310548621662689,"4h_vs_0h"
"ENSMUSG00000030298",0.213778176269543,0.0371868038210037,0.310548621662689,"4h_vs_0h"
"ENSMUSG00000018326",0.584794821654604,0.0373592531064921,0.311397865381954,"4h_vs_0h"
"ENSMUSG00000032602",-0.19805755375376,0.037442469354843,0.311501526712031,"4h_vs_0h"
"ENSMUSG00000024474",-0.19849738507223,0.0377077873410855,0.313116928468146,"4h_vs_0h"
"ENSMUSG00000020869",-0.138080924788035,0.0381623029436179,0.316294341346257,"4h_vs_0h"
"ENSMUSG00000078566",1.88587440070687,0.0384434273481082,0.31802542059967,"4h_vs_0h"
"ENSMUSG00000005981",-0.147510882881381,0.0385286426577766,0.318132375866557,"4h_vs_0h"
"ENSMUSG00000020260",-0.167759175349175,0.0387080299566766,0.319015055878902,"4h_vs_0h"
"ENSMUSG00000013593",-0.21215494803738,0.0389105765768378,0.320084948625538,"4h_vs_0h"
"ENSMUSG00000074207",0.301899472280976,0.0390762701354864,0.320848255347529,"4h_vs_0h"
"ENSMUSG00000027774",-0.111814090837196,0.0392887223244616,0.321991931005504,"4h_vs_0h"
"ENSMUSG00000000740",0.125879336820383,0.039704903207521,0.324797916387174,"4h_vs_0h"
"ENSMUSG00000055932",1.43131779186396,0.0399447462760963,0.326153670428757,"4h_vs_0h"
"ENSMUSG00000031146",1.85528260792274,0.0405474695649489,0.330461876954334,"4h_vs_0h"
"ENSMUSG00000048126",-0.168795583603252,0.0407247237538388,0.330744692447105,"4h_vs_0h"
"ENSMUSG00000020219",-0.178720699466918,0.0407324751888959,0.330744692447105,"4h_vs_0h"
"ENSMUSG00000010392",-0.368189119141949,0.0408896629867276,0.331409588958726,"4h_vs_0h"
"ENSMUSG00000028800",-0.116934014540551,0.0409848964916713,0.331570826212951,"4h_vs_0h"
"ENSMUSG00000007050",0.19398113766357,0.0412209118409791,0.332868317453484,"4h_vs_0h"
"ENSMUSG00000022614",-1.42898923081994,0.0414976304388151,0.334489142053526,"4h_vs_0h"
"ENSMUSG00000029145",1.20245872148912,0.0417205422067334,0.335671126602987,"4h_vs_0h"
"ENSMUSG00000031807",0.293261029790365,0.0429394743128767,0.34446759243659,"4h_vs_0h"
"ENSMUSG00000021932",1.76405956325477,0.0429703949665276,0.34446759243659,"4h_vs_0h"
"ENSMUSG00000026083",0.6722504366988,0.0431392069228825,0.345192090304738,"4h_vs_0h"
"ENSMUSG00000030546",-0.136185479478925,0.0433864350914531,0.346214398386436,"4h_vs_0h"
"ENSMUSG00000028792",-0.0956363040778214,0.043424300820112,0.346214398386436,"4h_vs_0h"
"ENSMUSG00000003402",0.268067710581121,0.0438407356230911,0.348798994936962,"4h_vs_0h"
"ENSMUSG00000001100",-0.317013663124811,0.0439345132706265,0.348798994936962,"4h_vs_0h"
"ENSMUSG00000034566",-0.132909581485986,0.0439862399886421,0.348798994936962,"4h_vs_0h"
"ENSMUSG00000078517",-0.149655471775926,0.0446545371851292,0.352870457160205,"4h_vs_0h"
"ENSMUSG00000006005",-0.118252628210701,0.0446600419537001,0.352870457160205,"4h_vs_0h"
"ENSMUSG00000079363",1.53129938649867,0.0451222220327117,0.355883331838645,"4h_vs_0h"
"ENSMUSG00000022792",-0.171127340886191,0.0452839024208706,0.356132193657731,"4h_vs_0h"
"ENSMUSG00000076435",-0.127517114753157,0.0453156165526765,0.356132193657731,"4h_vs_0h"
"ENSMUSG00000038776",0.0677990216494209,0.0454596140272846,0.356627025550944,"4h_vs_0h"
"ENSMUSG00000027342",0.0906908025317605,0.0456926170244929,0.35750033484099,"4h_vs_0h"
"ENSMUSG00000036180",-1.83170137554761,0.0457333988901335,0.35750033484099,"4h_vs_0h"
"ENSMUSG00000078919",-0.259445205493439,0.0460168797478788,0.359078524415629,"4h_vs_0h"
"ENSMUSG00000041426",-0.130773259416706,0.0463681673565434,0.361179300063978,"4h_vs_0h"
"ENSMUSG00000039263",3.10592066253526,0.0467727362992089,0.363410633555091,"4h_vs_0h"
"ENSMUSG00000029610",0.417456939951801,0.0468197748751958,0.363410633555091,"4h_vs_0h"
"ENSMUSG00000042626",1.71353199044796,0.0469887972372643,0.364080451833099,"4h_vs_0h"
"ENSMUSG00000019978",-0.127053968463596,0.0471524064263316,0.364706046893296,"4h_vs_0h"
"ENSMUSG00000062054",2.01900533311705,0.0473142612111541,0.365315901035595,"4h_vs_0h"
"ENSMUSG00000068921",-0.200780673279041,0.0483048218070364,0.372310894523235,"4h_vs_0h"
"ENSMUSG00000029614",0.0904680185482682,0.0484619062066051,0.372868617509212,"4h_vs_0h"
"ENSMUSG00000057113",-0.10284595405686,0.0487859789460164,0.374706969182231,"4h_vs_0h"
"ENSMUSG00000031730",-0.293311493481497,0.0495718350023517,0.380079522378658,"4h_vs_0h"
"ENSMUSG00000031885",1.47381678147773,0.049954246135373,0.382345456072655,"4h_vs_0h"
"ENSMUSG00000026922",-0.229450467221188,0.0507968457638067,0.388119649664085,"4h_vs_0h"
"ENSMUSG00000026864",-0.0965657364723782,0.0521443238751308,0.39772473028501,"4h_vs_0h"
"ENSMUSG00000028607",-0.148308665377822,0.0526304161064772,0.400737822291706,"4h_vs_0h"
"ENSMUSG00000021577",-0.100350523483854,0.0531783839941526,0.404210825489232,"4h_vs_0h"
"ENSMUSG00000022450",-0.240314515217928,0.0532714863284389,0.404220364364586,"4h_vs_0h"
"ENSMUSG00000035376",-1.88289308295109,0.0535431890897472,0.404910333136392,"4h_vs_0h"
"ENSMUSG00000013736",0.125745316491297,0.0535464244229449,0.404910333136392,"4h_vs_0h"
"ENSMUSG00000034729",-0.201843422390812,0.0542285102126942,0.409364791502688,"4h_vs_0h"
"ENSMUSG00000051934",1.10782341923307,0.0544627720777144,0.410429212181543,"4h_vs_0h"
"ENSMUSG00000019326",-0.118811584571709,0.0545624866179289,0.410477783941034,"4h_vs_0h"
"ENSMUSG00000033953",2.06201119148728,0.0553480157165157,0.415493807314874,"4h_vs_0h"
"ENSMUSG00000059447",-0.111015130049303,0.0554267765550236,0.415493807314874,"4h_vs_0h"
"ENSMUSG00000026078",1.94663257318821,0.0555124650536573,0.415493807314874,"4h_vs_0h"
"ENSMUSG00000070283",1.72192888098152,0.0558286612091211,0.41715099827053,"4h_vs_0h"
"ENSMUSG00000040952",0.0882199795894323,0.0566342384616971,0.422453022830388,"4h_vs_0h"
"ENSMUSG00000033916",1.99210754117648,0.0567388534498371,0.42251724878635,"4h_vs_0h"
"ENSMUSG00000001666",0.209873373682921,0.0578427463340946,0.430010011176267,"4h_vs_0h"
"ENSMUSG00000001506",2.3087920674624,0.0580312973805266,0.430354389859445,"4h_vs_0h"
"ENSMUSG00000053898",-0.185502472823128,0.0580846415761214,0.430354389859445,"4h_vs_0h"
"ENSMUSG00000020738",-0.795964188225046,0.05819255958981,0.430429335722276,"4h_vs_0h"
"ENSMUSG00000063358",0.360938169149424,0.058524942312183,0.432161528717982,"4h_vs_0h"
"ENSMUSG00000036112",1.571177406881,0.0587216804684719,0.432887966066574,"4h_vs_0h"
"ENSMUSG00000074781",0.310491500554527,0.0594854048598807,0.437784727070794,"4h_vs_0h"
"ENSMUSG00000063268",1.67721255289009,0.0597940146120834,0.439321299345207,"4h_vs_0h"
"ENSMUSG00000044080",0.325833169725474,0.0601014202818739,0.440843917767545,"4h_vs_0h"
"ENSMUSG00000019373",0.285271025206868,0.0608662882452506,0.445711371992259,"4h_vs_0h"
"ENSMUSG00000025474",1.66845669472622,0.0618727356800543,0.451755842241022,"4h_vs_0h"
"ENSMUSG00000028568",0.642476055998578,0.0618970172395675,0.451755842241022,"4h_vs_0h"
"ENSMUSG00000014355",1.25571057221937,0.0622191586328595,0.453355160833137,"4h_vs_0h"
"ENSMUSG00000040296",1.98321745363148,0.0627253874850596,0.456288314581401,"4h_vs_0h"
"ENSMUSG00000048701",1.77291741475815,0.0642785427528048,0.466814961477052,"4h_vs_0h"
"ENSMUSG00000069833",0.18825136905323,0.0645860653649284,0.468275574416886,"4h_vs_0h"
"ENSMUSG00000032330",-2.15184474042706,0.0650986868477636,0.471215988185868,"4h_vs_0h"
"ENSMUSG00000031590",1.76485004469895,0.0655860285410396,0.473964058471453,"4h_vs_0h"
"ENSMUSG00000038690",-0.12573978434407,0.0658999916328892,0.474947242213552,"4h_vs_0h"
"ENSMUSG00000021786",-1.99719755983361,0.0661263842804986,0.474947242213552,"4h_vs_0h"
"ENSMUSG00000062647",-0.106794092977228,0.0661322722313194,0.474947242213552,"4h_vs_0h"
"ENSMUSG00000005447",1.61640694613864,0.0661537513012741,0.474947242213552,"4h_vs_0h"
"ENSMUSG00000026385",0.193294705775209,0.066448737360403,0.476288099549078,"4h_vs_0h"
"ENSMUSG00000042396",-1.71084949739549,0.0666509318656755,0.476960570960712,"4h_vs_0h"
"ENSMUSG00000022811",-1.53209960940656,0.0667627037646563,0.476984836474436,"4h_vs_0h"
"ENSMUSG00000055204",1.50889729640052,0.0668896635734353,0.477117357190743,"4h_vs_0h"
"ENSMUSG00000041453",-0.0994181693675458,0.0672802539852599,0.479126857263963,"4h_vs_0h"
"ENSMUSG00000115987",1.90066121906248,0.0674892726771618,0.47983891607785,"4h_vs_0h"
"ENSMUSG00000029547",-1.81822264852956,0.0677334924748524,0.480798549002944,"4h_vs_0h"
"ENSMUSG00000018287",1.88418264061889,0.0686080435820766,0.48622222190776,"4h_vs_0h"
"ENSMUSG00000061518",-0.161414569934465,0.0688233737761001,0.486964096444721,"4h_vs_0h"
"ENSMUSG00000027193",0.194796309292702,0.0691693908476103,0.488626788315141,"4h_vs_0h"
"ENSMUSG00000062234",1.08218031568867,0.0702082787528882,0.491403141404802,"4h_vs_0h"
"ENSMUSG00000032350",1.03870731266433,0.0702306876703909,0.491403141404802,"4h_vs_0h"
"ENSMUSG00000068748",-2.29006217557513,0.0702836699422398,0.491403141404802,"4h_vs_0h"
"ENSMUSG00000024142",-0.921571451432545,0.0704926619632274,0.491403141404802,"4h_vs_0h"
"ENSMUSG00000012519",1.18503885525057,0.0704963486249827,0.491403141404802,"4h_vs_0h"
"ENSMUSG00000022828",0.860602829656351,0.0705385351699634,0.491403141404802,"4h_vs_0h"
"ENSMUSG00000031821",1.22073537405787,0.0706418193893138,0.491403141404802,"4h_vs_0h"
"ENSMUSG00000026463",0.697203522956514,0.0707542408967496,0.491403141404802,"4h_vs_0h"
"ENSMUSG00000027998",-0.202809996003094,0.070812667726006,0.491403141404802,"4h_vs_0h"
"ENSMUSG00000031578",-0.962289799108486,0.0708540783927039,0.491403141404802,"4h_vs_0h"
"ENSMUSG00000032512",1.32331621469243,0.070912600301356,0.491403141404802,"4h_vs_0h"
"ENSMUSG00000022031",0.955637481741103,0.0710278033458552,0.491403141404802,"4h_vs_0h"
"ENSMUSG00000021377",0.16423476530332,0.0710437464101279,0.491403141404802,"4h_vs_0h"
"ENSMUSG00000020109",-0.934567239282199,0.071125608060636,0.491403141404802,"4h_vs_0h"
"ENSMUSG00000037411",0.905609637694138,0.0713439376760176,0.491410107922155,"4h_vs_0h"
"ENSMUSG00000032571",1.38604643475559,0.0713499338700879,0.491410107922155,"4h_vs_0h"
"ENSMUSG00000030614",1.01688875394696,0.0716256942344983,0.492538563009417,"4h_vs_0h"
"ENSMUSG00000037722",2.01212414495334,0.071941025457361,0.493508014438621,"4h_vs_0h"
"ENSMUSG00000028455",-0.169616651477831,0.0721300872934307,0.493508014438621,"4h_vs_0h"
"ENSMUSG00000059734",-0.192114457440059,0.0721571290431743,0.493508014438621,"4h_vs_0h"
"ENSMUSG00000069565",-0.159495102594001,0.0722152150189665,0.493508014438621,"4h_vs_0h"
"ENSMUSG00000057134",1.1430739065104,0.0726596482431286,0.495775367314743,"4h_vs_0h"
"ENSMUSG00000022370",-0.118353490278665,0.0727745010489092,0.495790370148993,"4h_vs_0h"
"ENSMUSG00000020460",-0.155880466214633,0.0730609232522936,0.496972369757873,"4h_vs_0h"
"ENSMUSG00000036990",0.958124180038677,0.0737682819210489,0.501009581380457,"4h_vs_0h"
"ENSMUSG00000038121",1.64232589658043,0.0739404801903781,0.501405320982826,"4h_vs_0h"
"ENSMUSG00000026914",0.145093758165359,0.0742208060885586,0.502531950147302,"4h_vs_0h"
"ENSMUSG00000031924",0.168940690471548,0.0744174366079476,0.503089306469397,"4h_vs_0h"
"ENSMUSG00000079435",0.20012516603596,0.0750210497981778,0.5063920861377,"4h_vs_0h"
"ENSMUSG00000036737",1.05877604874319,0.0752730100906821,0.507314728038426,"4h_vs_0h"
"ENSMUSG00000042426",1.16653854650208,0.0758775163436279,0.510606956312395,"4h_vs_0h"
"ENSMUSG00000028729",1.64816334255697,0.0761017355018669,0.511333951059109,"4h_vs_0h"
"ENSMUSG00000031012",-0.173216495325978,0.076552451658406,0.513578261811959,"4h_vs_0h"
"ENSMUSG00000024135",-0.281901982534407,0.0769095256146623,0.514295998676121,"4h_vs_0h"
"ENSMUSG00000079477",-0.104308112182888,0.0770628036605348,0.514295998676121,"4h_vs_0h"
"ENSMUSG00000030681",0.643623945355532,0.0771174394135151,0.514295998676121,"4h_vs_0h"
"ENSMUSG00000073838",-0.0853745465205193,0.0771268709671075,0.514295998676121,"4h_vs_0h"
"ENSMUSG00000059273",1.49117891371075,0.0785582533965589,0.523048219664532,"4h_vs_0h"
"ENSMUSG00000026547",0.226671619085717,0.0789133162848217,0.524618587567221,"4h_vs_0h"
"ENSMUSG00000033307",0.220480825909373,0.0793301991528383,0.526277708845623,"4h_vs_0h"
"ENSMUSG00000040018",2.62583671723207,0.0794212466115951,0.526277708845623,"4h_vs_0h"
"ENSMUSG00000004207",0.10193908395663,0.0796003372096726,0.526277708845623,"4h_vs_0h"
"ENSMUSG00000038991",-0.0829831860060288,0.0796412074735707,0.526277708845623,"4h_vs_0h"
"ENSMUSG00000020018",-0.336683792528774,0.0799474686418023,0.527509459509103,"4h_vs_0h"
"ENSMUSG00000029730",-0.0913114421909818,0.0802036614078954,0.528374006792146,"4h_vs_0h"
"ENSMUSG00000002343",1.23306051326706,0.0803186118027598,0.528374006792146,"4h_vs_0h"
"ENSMUSG00000016382",0.377552025105281,0.0805126590826398,0.528860018839847,"4h_vs_0h"
"ENSMUSG00000002900",-0.170240995454471,0.0812035221993077,0.532603131444341,"4h_vs_0h"
"ENSMUSG00000023010",1.96567467089231,0.0821602742068018,0.538076438666867,"4h_vs_0h"
"ENSMUSG00000074364",0.14172405540312,0.0823716714706284,0.538659325619964,"4h_vs_0h"
"ENSMUSG00000031004",-0.194362849053483,0.0828919493018636,0.541257372221812,"4h_vs_0h"
"ENSMUSG00000022797",-0.107700818035561,0.0831273330290221,0.541990211349224,"4h_vs_0h"
"ENSMUSG00000018593",0.276886883255706,0.0835946611358733,0.544230922572453,"4h_vs_0h"
"ENSMUSG00000020993",2.00217303207305,0.0837484379933119,0.544426699569521,"4h_vs_0h"
"ENSMUSG00000061462",1.04798713378324,0.0844098664737399,0.547473951431281,"4h_vs_0h"
"ENSMUSG00000022974",1.38076099333461,0.084469699330814,0.547473951431281,"4h_vs_0h"
"ENSMUSG00000038069",-0.116028285248579,0.0845903855881098,0.547473951431281,"4h_vs_0h"
"ENSMUSG00000050627",1.69129680698464,0.0854141028473118,0.551993343070513,"4h_vs_0h"
"ENSMUSG00000039781",1.19105013595999,0.0859990502785185,0.554958680756247,"4h_vs_0h"
"ENSMUSG00000006498",-0.0983927518950374,0.0863056273911306,0.555854382901291,"4h_vs_0h"
"ENSMUSG00000058793",0.898481092056667,0.0864359569658268,0.555854382901291,"4h_vs_0h"
"ENSMUSG00000026478",-0.158464805834981,0.0865713816987259,0.555854382901291,"4h_vs_0h"
"ENSMUSG00000037275",0.905557005269831,0.0866430599114487,0.555854382901291,"4h_vs_0h"
"ENSMUSG00000037601",0.34586384074176,0.0873269788971411,0.559426541668585,"4h_vs_0h"
"ENSMUSG00000030127",0.150752672477953,0.0878595689800916,0.562018986086604,"4h_vs_0h"
"ENSMUSG00000032116",0.276440177857065,0.0879928559705046,0.562018986086604,"4h_vs_0h"
"ENSMUSG00000003420",2.4293758965622,0.0881147694614307,0.562018986086604,"4h_vs_0h"
"ENSMUSG00000056167",1.29926463493852,0.0884669595116755,0.563448753706055,"4h_vs_0h"
"ENSMUSG00000027805",1.8417456049507,0.0892775190689218,0.567789539627637,"4h_vs_0h"
"ENSMUSG00000061136",-0.153741799481754,0.0900650172462768,0.57197134329129,"4h_vs_0h"
"ENSMUSG00000020256",-0.13198687378182,0.090349922645248,0.572953904267632,"4h_vs_0h"
"ENSMUSG00000029762",0.37859746388855,0.09100382634053,0.576211175864688,"4h_vs_0h"
"ENSMUSG00000008540",-0.163606447782474,0.0911308048907853,0.576211175864688,"4h_vs_0h"
"ENSMUSG00000028964",0.282299020830777,0.0912563484611878,0.576211175864688,"4h_vs_0h"
"ENSMUSG00000027349",0.102093881736547,0.091537853403598,0.577160591445895,"4h_vs_0h"
"ENSMUSG00000018893",0.69376418903235,0.0927694898448099,0.584089448937065,"4h_vs_0h"
"ENSMUSG00000009291",3.70989613540045,0.0929545749749937,0.584418692092782,"4h_vs_0h"
"ENSMUSG00000021814",0.202924788043678,0.0939212122834623,0.58965371649004,"4h_vs_0h"
"ENSMUSG00000063931",1.1216688392441,0.0945044812753136,0.592040489874125,"4h_vs_0h"
"ENSMUSG00000052146",0.211576954939723,0.0945704304434242,0.592040489874125,"4h_vs_0h"
"ENSMUSG00000027227",0.61499900462109,0.0950858440345971,0.594421590335599,"4h_vs_0h"
"ENSMUSG00000000787",0.147733133565684,0.0954522947219665,0.595866027051595,"4h_vs_0h"
"ENSMUSG00000021012",1.68913967714909,0.0979160916645262,0.609494297862343,"4h_vs_0h"
"ENSMUSG00000019428",-0.112179743282521,0.0981108906748488,0.609494297862343,"4h_vs_0h"
"ENSMUSG00000084786",1.21414494833211,0.0981494442463396,0.609494297862343,"4h_vs_0h"
"ENSMUSG00000041548",2.33813696416652,0.0981893790466715,0.609494297862343,"4h_vs_0h"
"ENSMUSG00000022246",0.976212601182453,0.0993729869513223,0.615881694690298,"4h_vs_0h"
"ENSMUSG00000025204",-3.1625872673742,0.0994982696943427,0.615881694690298,"4h_vs_0h"
"ENSMUSG00000015112",2.2044359294014,0.100105751391442,0.618771645890076,"4h_vs_0h"
"ENSMUSG00000040532",-0.170529596772546,0.100433323456163,0.619925745484673,"4h_vs_0h"
"ENSMUSG00000032185",1.69082933400019,0.10144801560571,0.624470643986678,"4h_vs_0h"
"ENSMUSG00000020766",0.12527849816842,0.101453422051914,0.624470643986678,"4h_vs_0h"
"ENSMUSG00000023022",-0.205264676315,0.102466493173826,0.629825469913422,"4h_vs_0h"
"ENSMUSG00000015671",0.275248779844613,0.102823022902229,0.631135458567241,"4h_vs_0h"
"ENSMUSG00000026820",-0.116777890550978,0.103095647088671,0.631927496987802,"4h_vs_0h"
"ENSMUSG00000071014",-0.38734446458508,0.103818549963314,0.634762206688258,"4h_vs_0h"
"ENSMUSG00000028851",0.309988669716343,0.10384657778131,0.634762206688258,"4h_vs_0h"
"ENSMUSG00000025917",0.296783279658673,0.107374624139245,0.655417088539277,"4h_vs_0h"
"ENSMUSG00000002984",-0.116532508097499,0.108400783527668,0.660764332832782,"4h_vs_0h"
"ENSMUSG00000031221",0.273839330227144,0.108911937123459,0.662913255383563,"4h_vs_0h"
"ENSMUSG00000063895",-0.213368116195202,0.109054577799977,0.662913255383563,"4h_vs_0h"
"ENSMUSG00000018848",0.331992811752279,0.109414813746889,0.664185648689735,"4h_vs_0h"
"ENSMUSG00000007836",-0.126023628774472,0.109722206624831,0.665134202969532,"4h_vs_0h"
"ENSMUSG00000044155",-0.167757009283235,0.110005958171509,0.665937031516934,"4h_vs_0h"
"ENSMUSG00000026675",2.53416656009893,0.110693254629174,0.669074470619088,"4h_vs_0h"
"ENSMUSG00000038462",-0.132051669490892,0.110828286544266,0.669074470619088,"4h_vs_0h"
"ENSMUSG00000030447",0.922200180713066,0.111282518333629,0.670896387926438,"4h_vs_0h"
"ENSMUSG00000001052",0.107154678992558,0.111627618925296,0.671403276610957,"4h_vs_0h"
"ENSMUSG00000055044",0.27391269365592,0.111671710629225,0.671403276610957,"4h_vs_0h"
"ENSMUSG00000025150",-0.170365245774093,0.111957687809145,0.67220434385818,"4h_vs_0h"
"ENSMUSG00000040048",-0.0964842973327791,0.114187948689334,0.684660983898853,"4h_vs_0h"
"ENSMUSG00000014633",-0.230943368777144,0.115240796539947,0.690033667445317,"4h_vs_0h"
"ENSMUSG00000030738",0.327052568426399,0.115567334740683,0.691048695915415,"4h_vs_0h"
"ENSMUSG00000025745",-0.104592519681091,0.116788968364735,0.697406037684121,"4h_vs_0h"
"ENSMUSG00000078578",0.265122487536306,0.117506269875237,0.70073860937794,"4h_vs_0h"
"ENSMUSG00000038828",-1.59309507717935,0.118149779030761,0.703100089055794,"4h_vs_0h"
"ENSMUSG00000052488",-0.153457504730934,0.118279741620443,0.703100089055794,"4h_vs_0h"
"ENSMUSG00000031157",1.44365629209874,0.118381541920096,0.703100089055794,"4h_vs_0h"
"ENSMUSG00000078902",-0.674922435285414,0.118696044233672,0.703279573143398,"4h_vs_0h"
"ENSMUSG00000026032",-0.270544200038589,0.118731361700874,0.703279573143398,"4h_vs_0h"
"ENSMUSG00000049858",-3.01661684425859,0.11914917126919,0.704605202835905,"4h_vs_0h"
"ENSMUSG00000024581",0.784436099461772,0.119353259360201,0.704605202835905,"4h_vs_0h"
"ENSMUSG00000060073",0.168637901618478,0.11943546496605,0.704605202835905,"4h_vs_0h"
"ENSMUSG00000059119",0.459283869214122,0.120488253606176,0.70927648883687,"4h_vs_0h"
"ENSMUSG00000061315",0.172934643526943,0.120674617587549,0.70927648883687,"4h_vs_0h"
"ENSMUSG00000033565",-1.3444251345418,0.120710768038813,0.70927648883687,"4h_vs_0h"
"ENSMUSG00000022708",-0.129668991108325,0.121298730045596,0.711780947907555,"4h_vs_0h"
"ENSMUSG00000041926",0.384149014247743,0.12258193014809,0.718352962159444,"4h_vs_0h"
"ENSMUSG00000000751",0.210181310077747,0.122849412292712,0.718963116356681,"4h_vs_0h"
"ENSMUSG00000029467",-0.0765046252132002,0.123136684924914,0.719687317867924,"4h_vs_0h"
"ENSMUSG00000009090",0.165287753736941,0.123658437584733,0.720429884809636,"4h_vs_0h"
"ENSMUSG00000039221",-1.97547209010914,0.123688718995124,0.720429884809636,"4h_vs_0h"
"ENSMUSG00000020514",-0.155028076561425,0.123754826838465,0.720429884809636,"4h_vs_0h"
"ENSMUSG00000020186",0.857592175972474,0.125144443298974,0.727557060711734,"4h_vs_0h"
"ENSMUSG00000040054",-1.05251679040707,0.126263103449977,0.732216797855655,"4h_vs_0h"
"ENSMUSG00000063884",-0.178249481935197,0.126440331048022,0.732216797855655,"4h_vs_0h"
"ENSMUSG00000036880",-0.0861736497137002,0.126445073022108,0.732216797855655,"4h_vs_0h"
"ENSMUSG00000027306",1.5127539260149,0.126669358649795,0.732551704885343,"4h_vs_0h"
"ENSMUSG00000018042",-0.085567226925555,0.127562183777499,0.736746943313353,"4h_vs_0h"
"ENSMUSG00000024194",1.01515581967675,0.128908392965313,0.743546313814339,"4h_vs_0h"
"ENSMUSG00000091512",0.152975057405168,0.130904491789223,0.754071555450749,"4h_vs_0h"
"ENSMUSG00000067274",0.0418901005891215,0.132649374822187,0.763124050447643,"4h_vs_0h"
"ENSMUSG00000067847",-1.57278828125096,0.134117759936921,0.770564310029229,"4h_vs_0h"
"ENSMUSG00000037351",1.31785513453256,0.134473577009672,0.771055458719961,"4h_vs_0h"
"ENSMUSG00000039929",-1.16169312400515,0.134553645148132,0.771055458719961,"4h_vs_0h"
"ENSMUSG00000032299",0.821967611720893,0.135246713640359,0.773510709007404,"4h_vs_0h"
"ENSMUSG00000058240",1.22827873318137,0.135407735457683,0.773510709007404,"4h_vs_0h"
"ENSMUSG00000054808",0.0823057280192607,0.13550937437962,0.773510709007404,"4h_vs_0h"
"ENSMUSG00000020986",0.410289993236898,0.135830752919573,0.774340859584251,"4h_vs_0h"
"ENSMUSG00000033752",2.30011565696048,0.136380200193102,0.775126526839611,"4h_vs_0h"
"ENSMUSG00000024431",1.44856534279068,0.136457849882549,0.775126526839611,"4h_vs_0h"
"ENSMUSG00000000838",0.165621812923593,0.136496945762486,0.775126526839611,"4h_vs_0h"
"ENSMUSG00000024735",-0.224071138687901,0.137299557598066,0.778505578063139,"4h_vs_0h"
"ENSMUSG00000021111",1.14528235104433,0.137445770087494,0.778505578063139,"4h_vs_0h"
"ENSMUSG00000024660",-1.46086520131797,0.138274015786642,0.78219015871081,"4h_vs_0h"
"ENSMUSG00000024782",-0.0964346428835299,0.139435374195762,0.787747216733698,"4h_vs_0h"
"ENSMUSG00000032328",2.00156141628025,0.140043334126639,0.79016758139915,"4h_vs_0h"
"ENSMUSG00000029456",-0.174070880015474,0.140344290500798,0.790851757354691,"4h_vs_0h"
"ENSMUSG00000037572",1.29812483881918,0.141337782079791,0.795431686615293,"4h_vs_0h"
"ENSMUSG00000041959",-0.195234959285049,0.141917951546124,0.796541930784257,"4h_vs_0h"
"ENSMUSG00000024234",1.90925121872717,0.142062264447084,0.796541930784257,"4h_vs_0h"
"ENSMUSG00000054428",-0.19666586453193,0.142078031280537,0.796541930784257,"4h_vs_0h"
"ENSMUSG00000071253",-0.238525075219613,0.142967192116072,0.800507140588845,"4h_vs_0h"
"ENSMUSG00000034321",-1.21045201261992,0.143672814250986,0.803435902819048,"4h_vs_0h"
"ENSMUSG00000074513",0.268554131463933,0.144086684703535,0.804727791091695,"4h_vs_0h"
"ENSMUSG00000070493",0.148011366097155,0.144600196593991,0.805936157975224,"4h_vs_0h"
"ENSMUSG00000028127",-0.336991741889427,0.14466929443318,0.805936157975224,"4h_vs_0h"
"ENSMUSG00000020954",1.36568842369746,0.145159070649173,0.807642313434903,"4h_vs_0h"
"ENSMUSG00000052681",-0.233892943586149,0.147009211121014,0.816903457252,"4h_vs_0h"
"ENSMUSG00000033335",0.348479130699047,0.147580182274885,0.818795782224598,"4h_vs_0h"
"ENSMUSG00000025794",-0.175276772553108,0.147721847554267,0.818795782224598,"4h_vs_0h"
"ENSMUSG00000002831",0.461863790528039,0.148168594470636,0.81988326288287,"4h_vs_0h"
"ENSMUSG00000026615",-1.69454679595242,0.148290633323055,0.81988326288287,"4h_vs_0h"
"ENSMUSG00000020840",0.279806990758772,0.151412325515555,0.836092402250887,"4h_vs_0h"
"ENSMUSG00000038759",-0.150392056929761,0.15161668323401,0.836171707910873,"4h_vs_0h"
"ENSMUSG00000061665",1.12196678648885,0.153499850422863,0.845497924544453,"4h_vs_0h"
"ENSMUSG00000018433",-1.28582955347597,0.154125735620994,0.847884203084991,"4h_vs_0h"
"ENSMUSG00000028986",-5.82845557474605,0.155790065842118,0.855240363335524,"4h_vs_0h"
"ENSMUSG00000036057",1.18861214150149,0.155862428635659,0.855240363335524,"4h_vs_0h"
"ENSMUSG00000032763",-1.04263390519331,0.156045901331158,0.855240363335524,"4h_vs_0h"
"ENSMUSG00000041697",-0.208347256828326,0.15635965880871,0.855386809411421,"4h_vs_0h"
"ENSMUSG00000031527",2.88561103934353,0.156532964120238,0.855386809411421,"4h_vs_0h"
"ENSMUSG00000003235",1.15654700182076,0.156780837989195,0.855386809411421,"4h_vs_0h"
"ENSMUSG00000024583",0.346153771152149,0.156850069346743,0.855386809411421,"4h_vs_0h"
"ENSMUSG00000002477",-0.168193531815014,0.158362389970609,0.862565443391894,"4h_vs_0h"
"ENSMUSG00000063049",-0.571032573847152,0.15862104548173,0.862906330241156,"4h_vs_0h"
"ENSMUSG00000042569",-0.161141198160344,0.159457616724216,0.863529442520418,"4h_vs_0h"
"ENSMUSG00000007080",-1.13590549202709,0.159504664832811,0.863529442520418,"4h_vs_0h"
"ENSMUSG00000018583",0.207542065201082,0.159506175850347,0.863529442520418,"4h_vs_0h"
"ENSMUSG00000028551",1.83904870915824,0.159684157286393,0.863529442520418,"4h_vs_0h"
"ENSMUSG00000055531",-0.111454340670374,0.160007391934137,0.863529442520418,"4h_vs_0h"
"ENSMUSG00000029462",0.175328001056659,0.160098838791532,0.863529442520418,"4h_vs_0h"
"ENSMUSG00000022707",0.56096709376726,0.160109071823827,0.863529442520418,"4h_vs_0h"
"ENSMUSG00000046516",0.280045111553626,0.160423574009814,0.864166645308678,"4h_vs_0h"
"ENSMUSG00000031197",1.98613675349852,0.16271385945031,0.875141774516299,"4h_vs_0h"
"ENSMUSG00000030754",0.371718810702106,0.16285869423514,0.875141774516299,"4h_vs_0h"
"ENSMUSG00000029776",-0.112876170323631,0.16316846145801,0.875737071800856,"4h_vs_0h"
"ENSMUSG00000026172",1.21802280464155,0.163438729162985,0.876102298253231,"4h_vs_0h"
"ENSMUSG00000029056",0.963353643887942,0.163733073284168,0.876102298253231,"4h_vs_0h"
"ENSMUSG00000020900",0.207016910184024,0.163883931299797,0.876102298253231,"4h_vs_0h"
"ENSMUSG00000045210",0.854269240615935,0.164032786585018,0.876102298253231,"4h_vs_0h"
"ENSMUSG00000033047",0.289163053277395,0.164930367112414,0.879828540196043,"4h_vs_0h"
"ENSMUSG00000022337",-0.327256677170361,0.16544895778377,0.881526468772845,"4h_vs_0h"
"ENSMUSG00000019916",2.45482355419985,0.165724438891994,0.881926548444576,"4h_vs_0h"
"ENSMUSG00000022672",1.04300105885971,0.166411341615655,0.883649042766916,"4h_vs_0h"
"ENSMUSG00000020814",1.4287551105731,0.166573320579353,0.883649042766916,"4h_vs_0h"
"ENSMUSG00000016252",-0.348878161656916,0.166650467052156,0.883649042766916,"4h_vs_0h"
"ENSMUSG00000022452",-0.603885536374769,0.169234975441791,0.895947881537611,"4h_vs_0h"
"ENSMUSG00000024260",-1.08486232355155,0.169377104621516,0.895947881537611,"4h_vs_0h"
"ENSMUSG00000050732",1.58927579298865,0.171065000364002,0.902345748633425,"4h_vs_0h"
"ENSMUSG00000028910",-0.133750543856266,0.171094980834613,0.902345748633425,"4h_vs_0h"
"ENSMUSG00000036199",-0.138232886365547,0.171201704182892,0.902345748633425,"4h_vs_0h"
"ENSMUSG00000029131",1.26381816014541,0.172055507236503,0.905738893515444,"4h_vs_0h"
"ENSMUSG00000028035",1.93452912464661,0.172257090177784,0.905738893515444,"4h_vs_0h"
"ENSMUSG00000036983",-0.132487549980191,0.173159228680989,0.909395901461851,"4h_vs_0h"
"ENSMUSG00000005142",-0.262985241000788,0.173516103816334,0.910183996299984,"4h_vs_0h"
"ENSMUSG00000025290",0.105022588595922,0.173896747733144,0.911092728201357,"4h_vs_0h"
"ENSMUSG00000073676",-0.11624644111938,0.174103382053474,0.911092728201357,"4h_vs_0h"
"ENSMUSG00000029911",-0.249896174462148,0.174867974176339,0.914007071674663,"4h_vs_0h"
"ENSMUSG00000026755",-1.35320593114659,0.17625638468177,0.918572487443385,"4h_vs_0h"
"ENSMUSG00000006740",0.721737140272399,0.176364611108197,0.918572487443385,"4h_vs_0h"
"ENSMUSG00000040462",1.282778549636,0.176664858551552,0.918572487443385,"4h_vs_0h"
"ENSMUSG00000031347",0.977600654012928,0.176690011261884,0.918572487443385,"4h_vs_0h"
"ENSMUSG00000031059",-0.11541581353509,0.176785025417984,0.918572487443385,"4h_vs_0h"
"ENSMUSG00000014867",0.272636333541083,0.177841506764384,0.922700273425157,"4h_vs_0h"
"ENSMUSG00000024359",-0.073659498427368,0.178196186304645,0.922700273425157,"4h_vs_0h"
"ENSMUSG00000063694",-0.123727239528911,0.178500990116334,0.922700273425157,"4h_vs_0h"
"ENSMUSG00000003438",-0.105533788559505,0.178593950416135,0.922700273425157,"4h_vs_0h"
"ENSMUSG00000028790",0.228831332119785,0.178913748311826,0.922700273425157,"4h_vs_0h"
"ENSMUSG00000031521",-0.168373135563289,0.179175852986072,0.922700273425157,"4h_vs_0h"
"ENSMUSG00000007603",1.95274343203915,0.179194942305968,0.922700273425157,"4h_vs_0h"
"ENSMUSG00000019942",-0.121483167063698,0.179256699336176,0.922700273425157,"4h_vs_0h"
"ENSMUSG00000052533",0.790801778202741,0.179996329179785,0.925425052243266,"4h_vs_0h"
"ENSMUSG00000029528",-1.06640302328206,0.181634331307443,0.932756933587,"4h_vs_0h"
"ENSMUSG00000003429",0.0749063730327322,0.181925767853293,0.933164690352383,"4h_vs_0h"
"ENSMUSG00000040548",-1.0361203871788,0.18268172230759,0.935951408469971,"4h_vs_0h"
"ENSMUSG00000039230",-0.948599977390668,0.183054360489719,0.936770047110758,"4h_vs_0h"
"ENSMUSG00000027770",0.182762667999434,0.183958833136367,0.939382372142383,"4h_vs_0h"
"ENSMUSG00000029672",-1.75041003321843,0.183991730240112,0.939382372142383,"4h_vs_0h"
"ENSMUSG00000041879",0.491140726498124,0.184210160850274,0.939407784359275,"4h_vs_0h"
"ENSMUSG00000030779",0.904652658265107,0.184486222734772,0.939726697055244,"4h_vs_0h"
"ENSMUSG00000032231",-0.104991716886566,0.185574763016442,0.943744829030438,"4h_vs_0h"
"ENSMUSG00000020570",1.76593930383006,0.185977010161825,0.943744829030438,"4h_vs_0h"
"ENSMUSG00000025940",1.93474480026543,0.186065848822632,0.943744829030438,"4h_vs_0h"
"ENSMUSG00000030138",-1.63078867165216,0.186132813360241,0.943744829030438,"4h_vs_0h"
"ENSMUSG00000025289",-0.0745505801543906,0.186879026363844,0.945466761738968,"4h_vs_0h"
"ENSMUSG00000003873",2.54125675781999,0.186902086505999,0.945466761738968,"4h_vs_0h"
"ENSMUSG00000028656",0.548691814468743,0.187180709128327,0.945789093999732,"4h_vs_0h"
"ENSMUSG00000035151",-0.123342213384035,0.187995202848168,0.948815238227968,"4h_vs_0h"
"ENSMUSG00000019054",-0.111091213614483,0.188403975875718,0.949665027832198,"4h_vs_0h"
"ENSMUSG00000029208",-0.721052609622451,0.188595145268198,0.949665027832198,"4h_vs_0h"
"ENSMUSG00000069744",0.321819529947494,0.189161227304055,0.95142692727445,"4h_vs_0h"
"ENSMUSG00000051695",0.124300863654462,0.19054462442902,0.957074427871907,"4h_vs_0h"
"ENSMUSG00000041881",-0.122754114421291,0.190718989603195,0.957074427871907,"4h_vs_0h"
"ENSMUSG00000010755",0.937657914021184,0.191938054898266,0.961500842772596,"4h_vs_0h"
"ENSMUSG00000028692",0.291721873297671,0.192038000635563,0.961500842772596,"4h_vs_0h"
"ENSMUSG00000020952",-0.0966102328734486,0.192357640044638,0.962006788450512,"4h_vs_0h"
"ENSMUSG00000020832",2.47497400495181,0.193185220947633,0.965048986822397,"4h_vs_0h"
"ENSMUSG00000024304",-1.13066864731042,0.19430203403551,0.969527496360861,"4h_vs_0h"
"ENSMUSG00000027533",0.122671191866978,0.195382417312,0.973814290589027,"4h_vs_0h"
"ENSMUSG00000039886",-0.153901534717843,0.195875225683921,0.97393022397034,"4h_vs_0h"
"ENSMUSG00000032280",1.00279170096494,0.19612025478904,0.97393022397034,"4h_vs_0h"
"ENSMUSG00000025733",0.108208480833333,0.196181912517341,0.97393022397034,"4h_vs_0h"
"ENSMUSG00000021040",-0.492229057967396,0.196290867680457,0.97393022397034,"4h_vs_0h"
"ENSMUSG00000024538",-0.287152592973793,0.197033740955826,0.976515195885802,"4h_vs_0h"
"ENSMUSG00000062997",0.0863078769895615,0.19782854149397,0.978793641711266,"4h_vs_0h"
"ENSMUSG00000025958",1.13660623834759,0.197938273374921,0.978793641711266,"4h_vs_0h"
"ENSMUSG00000040464",0.911116527205191,0.198754676648307,0.98172764526285,"4h_vs_0h"
"ENSMUSG00000020532",0.526800804879034,0.19938748703895,0.983325447745296,"4h_vs_0h"
"ENSMUSG00000030122",0.343362933859261,0.199525022684969,0.983325447745296,"4h_vs_0h"
"ENSMUSG00000006378",-0.303317637325879,0.200428330037298,0.98667234954603,"4h_vs_0h"
"ENSMUSG00000029920",0.984580004678222,0.200928028597901,0.988027099284206,"4h_vs_0h"
"ENSMUSG00000031921",0.963004665467679,0.202071375639317,0.990679069087113,"4h_vs_0h"
"ENSMUSG00000068040",-0.821591199346308,0.202155639036463,0.990679069087113,"4h_vs_0h"
"ENSMUSG00000022820",-0.157202354439914,0.202318212398992,0.990679069087113,"4h_vs_0h"
"ENSMUSG00000039640",-0.0732538723941047,0.20236775348996,0.990679069087113,"4h_vs_0h"
"ENSMUSG00000039234",0.598420656377769,0.202706576455414,0.991235158866975,"4h_vs_0h"
"ENSMUSG00000030264",1.32796320912163,0.203188413807681,0.991959172546138,"4h_vs_0h"
"ENSMUSG00000028470",-0.22758512147243,0.203305424593642,0.991959172546138,"4h_vs_0h"
"ENSMUSG00000041231",1.05129961060831,0.203567175265528,0.992136365829004,"4h_vs_0h"
"ENSMUSG00000017760",0.0610063128077734,0.203859311461165,0.992461094845784,"4h_vs_0h"
"ENSMUSG00000026853",-0.0906734040134829,0.204408693567984,0.994036088831709,"4h_vs_0h"
"ENSMUSG00000024759",-0.129729094576319,0.204721271396666,0.994457301784466,"4h_vs_0h"
"ENSMUSG00000008683",0.0740370197703868,0.205114093567746,0.994681355230887,"4h_vs_0h"
"ENSMUSG00000021549",-1.06465816574328,0.205219420711121,0.994681355230887,"4h_vs_0h"
"ENSMUSG00000075296",0.44167077364817,0.20657229513679,1,"4h_vs_0h"
"ENSMUSG00000019763",-1.2599232657415,0.20725012174827,1,"4h_vs_0h"
"ENSMUSG00000029994",-0.123385929012649,0.20825490990857,1,"4h_vs_0h"
"ENSMUSG00000020547",1.6829636379073,0.211588016754791,1,"4h_vs_0h"
"ENSMUSG00000028647",2.18862446131626,0.2123316274184,1,"4h_vs_0h"
"ENSMUSG00000027804",0.446468010124605,0.212429564586942,1,"4h_vs_0h"
"ENSMUSG00000078452",0.914463029914042,0.213864237062365,1,"4h_vs_0h"
"ENSMUSG00000021115",0.143915598525012,0.214667475690705,1,"4h_vs_0h"
"ENSMUSG00000029625",1.24397569718671,0.214861592421532,1,"4h_vs_0h"
"ENSMUSG00000024712",-1.44635147165613,0.215095104486279,1,"4h_vs_0h"
"ENSMUSG00000057098",-0.925386458915984,0.21555502210822,1,"4h_vs_0h"
"ENSMUSG00000024121",1.14445356371117,0.217037520912402,1,"4h_vs_0h"
"ENSMUSG00000047963",1.23979015729304,0.217581921147416,1,"4h_vs_0h"
"ENSMUSG00000021646",-0.174868748000179,0.218139329604686,1,"4h_vs_0h"
"ENSMUSG00000036932",-0.0826545830239489,0.218513334599811,1,"4h_vs_0h"
"ENSMUSG00000019261",1.22022396677588,0.218844734776218,1,"4h_vs_0h"
"ENSMUSG00000003355",-1.26525900531318,0.219210936960657,1,"4h_vs_0h"
"ENSMUSG00000027018",0.147817189441646,0.220742147768686,1,"4h_vs_0h"
"ENSMUSG00000041650",-0.129014637193897,0.221837963345002,1,"4h_vs_0h"
"ENSMUSG00000045302",-0.171062245484297,0.221841978284879,1,"4h_vs_0h"
"ENSMUSG00000022400",0.47764018240321,0.224837387048099,1,"4h_vs_0h"
"ENSMUSG00000072582",-0.116042266367177,0.226760667972459,1,"4h_vs_0h"
"ENSMUSG00000024991",0.293720972219145,0.226832394904397,1,"4h_vs_0h"
"ENSMUSG00000051671",-1.58263625726129,0.227079156565224,1,"4h_vs_0h"
"ENSMUSG00000032309",0.990784621392596,0.227143084211861,1,"4h_vs_0h"
"ENSMUSG00000021884",1.21284687645336,0.228060397522035,1,"4h_vs_0h"
"ENSMUSG00000021408",1.842979074174,0.22886667182076,1,"4h_vs_0h"
"ENSMUSG00000040843",-1.13169159709526,0.230620217745757,1,"4h_vs_0h"
"ENSMUSG00000031207",0.253494537340078,0.230733726671163,1,"4h_vs_0h"
"ENSMUSG00000020264",-1.32257998741435,0.230806967250044,1,"4h_vs_0h"
"ENSMUSG00000045160",0.188319992018624,0.231078328626685,1,"4h_vs_0h"
"ENSMUSG00000096370",-1.73771481207192,0.233104398763032,1,"4h_vs_0h"
"ENSMUSG00000039067",0.272845423985313,0.234305737868507,1,"4h_vs_0h"
"ENSMUSG00000070934",0.134652197672192,0.234467250264138,1,"4h_vs_0h"
"ENSMUSG00000028832",0.362346600954957,0.237963027751903,1,"4h_vs_0h"
"ENSMUSG00000021877",0.58044951177154,0.238049330451201,1,"4h_vs_0h"
"ENSMUSG00000064068",-0.135659201582804,0.238666133854536,1,"4h_vs_0h"
"ENSMUSG00000041297",0.852426806111275,0.240766278428656,1,"4h_vs_0h"
"ENSMUSG00000005510",-0.170814096656077,0.241451382432934,1,"4h_vs_0h"
"ENSMUSG00000068856",-0.106806787090445,0.242028176192316,1,"4h_vs_0h"
"ENSMUSG00000030246",0.69796622199171,0.242574176241252,1,"4h_vs_0h"
"ENSMUSG00000030795",0.142185366109697,0.243899862086074,1,"4h_vs_0h"
"ENSMUSG00000043162",-1.30686676033961,0.244006482701894,1,"4h_vs_0h"
"ENSMUSG00000022752",-0.0691222594985206,0.244055173545503,1,"4h_vs_0h"
"ENSMUSG00000020456",-0.0479165522416061,0.244217688811751,1,"4h_vs_0h"
"ENSMUSG00000025016",0.364761525114105,0.244811692127083,1,"4h_vs_0h"
"ENSMUSG00000005125",1.40127328037648,0.245603286906884,1,"4h_vs_0h"
"ENSMUSG00000027599",-0.1863999339458,0.245688120506101,1,"4h_vs_0h"
"ENSMUSG00000042719",1.34773856147357,0.245753416068781,1,"4h_vs_0h"
"ENSMUSG00000038976",0.966126538738592,0.245833961553641,1,"4h_vs_0h"
"ENSMUSG00000021248",0.0877106687313365,0.246481986159691,1,"4h_vs_0h"
"ENSMUSG00000060126",0.189391434723838,0.246618343153254,1,"4h_vs_0h"
"ENSMUSG00000037608",-0.128301408393508,0.247545314330763,1,"4h_vs_0h"
"ENSMUSG00000022673",-0.0572095228656337,0.247864003335289,1,"4h_vs_0h"
"ENSMUSG00000018446",-0.133781370843469,0.248075465267615,1,"4h_vs_0h"
"ENSMUSG00000053510",1.14585135706892,0.248385051666676,1,"4h_vs_0h"
"ENSMUSG00000037523",-0.241885301151459,0.248644479266108,1,"4h_vs_0h"
"ENSMUSG00000024997",-0.0396079698603344,0.248777366438339,1,"4h_vs_0h"
"ENSMUSG00000021036",-1.06899219167555,0.250588452490635,1,"4h_vs_0h"
"ENSMUSG00000018286",0.22700490889822,0.251345036644842,1,"4h_vs_0h"
"ENSMUSG00000031575",1.26503034286061,0.253400548299975,1,"4h_vs_0h"
"ENSMUSG00000028106",1.67758941747242,0.254126805220197,1,"4h_vs_0h"
"ENSMUSG00000045128",0.065455009601056,0.255439024600013,1,"4h_vs_0h"
"ENSMUSG00000020211",-0.24299155943562,0.255571977823184,1,"4h_vs_0h"
"ENSMUSG00000029501",-1.08570153153749,0.255940804768669,1,"4h_vs_0h"
"ENSMUSG00000020074",-0.0608256191680425,0.25666632964617,1,"4h_vs_0h"
"ENSMUSG00000003814",0.108095611933773,0.256868384408395,1,"4h_vs_0h"
"ENSMUSG00000068699",0.335394522843508,0.257436728117666,1,"4h_vs_0h"
"ENSMUSG00000001025",0.171562916594439,0.258593674656178,1,"4h_vs_0h"
"ENSMUSG00000046139",1.53171141472582,0.258970144370599,1,"4h_vs_0h"
"ENSMUSG00000068739",0.543108476460173,0.260411117215133,1,"4h_vs_0h"
"ENSMUSG00000027163",1.35366170758578,0.262707164751949,1,"4h_vs_0h"
"ENSMUSG00000035199",1.71791602402662,0.262851012133892,1,"4h_vs_0h"
"ENSMUSG00000020661",-0.391000710018385,0.26338025154593,1,"4h_vs_0h"
"ENSMUSG00000030890",0.168302057303208,0.264589187631493,1,"4h_vs_0h"
"ENSMUSG00000033083",1.36075850115985,0.264710441553808,1,"4h_vs_0h"
"ENSMUSG00000006333",0.09284055938598,0.265502346460744,1,"4h_vs_0h"
"ENSMUSG00000007833",0.756506240351229,0.267279342091212,1,"4h_vs_0h"
"ENSMUSG00000032216",0.0945975322207246,0.267970603583753,1,"4h_vs_0h"
"ENSMUSG00000015749",0.442064539693718,0.268781006567415,1,"4h_vs_0h"
"ENSMUSG00000043284",-0.114195966428575,0.268941883246093,1,"4h_vs_0h"
"ENSMUSG00000022386",1.2250747229619,0.269770021149271,1,"4h_vs_0h"
"ENSMUSG00000028811",0.450214885224081,0.270140933184434,1,"4h_vs_0h"
"ENSMUSG00000009112",-0.198510904221298,0.270322899305546,1,"4h_vs_0h"
"ENSMUSG00000005054",0.104774265505146,0.270437650122893,1,"4h_vs_0h"
"ENSMUSG00000041763",0.653365948241664,0.27047134219093,1,"4h_vs_0h"
"ENSMUSG00000010914",-0.0756109071638917,0.272203302581216,1,"4h_vs_0h"
"ENSMUSG00000005354",-0.102567892819767,0.27385230752797,1,"4h_vs_0h"
"ENSMUSG00000033174",0.96254904559234,0.274615262610179,1,"4h_vs_0h"
"ENSMUSG00000020621",1.19182085259178,0.274724953798324,1,"4h_vs_0h"
"ENSMUSG00000036529",0.93922359186514,0.275180594266094,1,"4h_vs_0h"
"ENSMUSG00000055436",-0.0970255665855788,0.275301561015548,1,"4h_vs_0h"
"ENSMUSG00000022698",0.411289759964294,0.275663526511271,1,"4h_vs_0h"
"ENSMUSG00000022961",-0.234638442649679,0.275807829945874,1,"4h_vs_0h"
"ENSMUSG00000029657",0.589809947423859,0.276173716721348,1,"4h_vs_0h"
"ENSMUSG00000024527",-0.0991560481363436,0.276690354244336,1,"4h_vs_0h"
"ENSMUSG00000036565",1.13772935548018,0.277546863395802,1,"4h_vs_0h"
"ENSMUSG00000024346",2.81410618360872,0.280228366107548,1,"4h_vs_0h"
"ENSMUSG00000029199",-0.0928295233920728,0.280419427141886,1,"4h_vs_0h"
"ENSMUSG00000006273",-0.119645799249881,0.281102868905121,1,"4h_vs_0h"
"ENSMUSG00000024914",0.955284830230333,0.281362024714068,1,"4h_vs_0h"
"ENSMUSG00000015092",1.69158404792674,0.281712444946761,1,"4h_vs_0h"
"ENSMUSG00000026670",1.3486160207771,0.281950407841266,1,"4h_vs_0h"
"ENSMUSG00000029484",0.197134969387164,0.282001834842163,1,"4h_vs_0h"
"ENSMUSG00000026181",0.896587777825484,0.282553182709068,1,"4h_vs_0h"
"ENSMUSG00000000711",-0.107497062171031,0.283373796966744,1,"4h_vs_0h"
"ENSMUSG00000030086",-0.162837779330374,0.284815511671966,1,"4h_vs_0h"
"ENSMUSG00000024026",0.401940979195164,0.284962384250074,1,"4h_vs_0h"
"ENSMUSG00000034892",0.106863373125279,0.285701065849184,1,"4h_vs_0h"
"ENSMUSG00000019494",0.456030558066608,0.286597274280756,1,"4h_vs_0h"
"ENSMUSG00000012443",0.552608461340071,0.286759708131839,1,"4h_vs_0h"
"ENSMUSG00000022360",-0.173291181923009,0.287148718936856,1,"4h_vs_0h"
"ENSMUSG00000022471",2.50939387985996,0.287388695983593,1,"4h_vs_0h"
"ENSMUSG00000029103",-0.187862920181288,0.289527633523248,1,"4h_vs_0h"
"ENSMUSG00000058799",0.371765915087547,0.291725443339189,1,"4h_vs_0h"
"ENSMUSG00000020088",0.42950662884823,0.296089515873169,1,"4h_vs_0h"
"ENSMUSG00000020079",-0.059076726625932,0.29653663410602,1,"4h_vs_0h"
"ENSMUSG00000028565",1.06461151730593,0.297489375410429,1,"4h_vs_0h"
"ENSMUSG00000031954",1.66879038968402,0.297667244121762,1,"4h_vs_0h"
"ENSMUSG00000028884",0.206905025717624,0.298446505070261,1,"4h_vs_0h"
"ENSMUSG00000038387",-0.190001121401394,0.298918519453475,1,"4h_vs_0h"
"ENSMUSG00000028093",-0.0812060541118846,0.29923243063436,1,"4h_vs_0h"
"ENSMUSG00000019883",0.341958799340912,0.299559626162701,1,"4h_vs_0h"
"ENSMUSG00000036257",-0.10642869287738,0.299598040647051,1,"4h_vs_0h"
"ENSMUSG00000062515",0.0962380127601676,0.300597723680467,1,"4h_vs_0h"
"ENSMUSG00000030802",-0.711849302917862,0.301842231565248,1,"4h_vs_0h"
"ENSMUSG00000003970",0.0719437328034331,0.3033889971455,1,"4h_vs_0h"
"ENSMUSG00000030612",-0.237817664140561,0.303966187493812,1,"4h_vs_0h"
"ENSMUSG00000022878",1.20186821828736,0.30425216057787,1,"4h_vs_0h"
"ENSMUSG00000013662",-0.192353874889317,0.304387638970615,1,"4h_vs_0h"
"ENSMUSG00000016833",-0.897131243839993,0.304531809949681,1,"4h_vs_0h"
"ENSMUSG00000032590",1.82930740941631,0.305206206668167,1,"4h_vs_0h"
"ENSMUSG00000017716",-0.389312162758458,0.305565825744466,1,"4h_vs_0h"
"ENSMUSG00000035215",0.361920421302884,0.306224963361313,1,"4h_vs_0h"
"ENSMUSG00000020571",0.0947839823460512,0.307447041761711,1,"4h_vs_0h"
"ENSMUSG00000021477",0.16613962502035,0.308211827020564,1,"4h_vs_0h"
"ENSMUSG00000040511",-1.3116150101107,0.309686077751912,1,"4h_vs_0h"
"ENSMUSG00000031796",-0.934271832869243,0.309740561500837,1,"4h_vs_0h"
"ENSMUSG00000057177",0.756329235115004,0.310917790230191,1,"4h_vs_0h"
"ENSMUSG00000027593",-0.263438776324278,0.3114843003378,1,"4h_vs_0h"
"ENSMUSG00000042487",1.11125376734901,0.311923913615093,1,"4h_vs_0h"
"ENSMUSG00000025007",-0.0965067965946638,0.313425089198792,1,"4h_vs_0h"
"ENSMUSG00000024413",-1.75398538952824,0.315984866935529,1,"4h_vs_0h"
"ENSMUSG00000049287",1.15412580177146,0.318122315911834,1,"4h_vs_0h"
"ENSMUSG00000022033",1.61728188293563,0.318194517032992,1,"4h_vs_0h"
"ENSMUSG00000031198",-0.207545984118418,0.319000590442454,1,"4h_vs_0h"
"ENSMUSG00000044221",-0.0854879402281483,0.320350836434148,1,"4h_vs_0h"
"ENSMUSG00000022241",0.420121429447622,0.320767214505882,1,"4h_vs_0h"
"ENSMUSG00000024384",-0.092125732819234,0.321700605980269,1,"4h_vs_0h"
"ENSMUSG00000030435",-0.0787621716682416,0.321765791029644,1,"4h_vs_0h"
"ENSMUSG00000023021",2.1692900169359,0.321910452573832,1,"4h_vs_0h"
"ENSMUSG00000038274",1.04048117398559,0.323760193929407,1,"4h_vs_0h"
"ENSMUSG00000036968",-0.112424490663397,0.323932792868376,1,"4h_vs_0h"
"ENSMUSG00000006699",0.219888764335646,0.325006936662863,1,"4h_vs_0h"
"ENSMUSG00000040463",-0.206082149572751,0.325879064926976,1,"4h_vs_0h"
"ENSMUSG00000007815",-0.126882573490498,0.326135429589571,1,"4h_vs_0h"
"ENSMUSG00000025362",0.0879513781134449,0.327847771084161,1,"4h_vs_0h"
"ENSMUSG00000027905",1.05946191507829,0.328281565610915,1,"4h_vs_0h"
"ENSMUSG00000028452",0.054483192814061,0.329811252327799,1,"4h_vs_0h"
"ENSMUSG00000028639",0.252480327973,0.330154292138185,1,"4h_vs_0h"
"ENSMUSG00000024976",1.07021038970141,0.33016627311184,1,"4h_vs_0h"
"ENSMUSG00000025809",-0.0644023949355663,0.332186023519053,1,"4h_vs_0h"
"ENSMUSG00000032383",0.093846308151349,0.333220295153076,1,"4h_vs_0h"
"ENSMUSG00000020022",-0.0747862853442811,0.334117087362866,1,"4h_vs_0h"
"ENSMUSG00000057130",1.07916047333215,0.334662835350913,1,"4h_vs_0h"
"ENSMUSG00000043716",0.0481761747830696,0.334752923795367,1,"4h_vs_0h"
"ENSMUSG00000005667",-0.303827323883112,0.334808907895409,1,"4h_vs_0h"
"ENSMUSG00000004394",0.845756878657401,0.336802811476996,1,"4h_vs_0h"
"ENSMUSG00000028657",0.649917274699462,0.339115475417198,1,"4h_vs_0h"
"ENSMUSG00000021820",0.684573287508009,0.339158984365012,1,"4h_vs_0h"
"ENSMUSG00000030224",0.346560733088683,0.33926119381638,1,"4h_vs_0h"
"ENSMUSG00000020720",0.303267792096079,0.339558102122203,1,"4h_vs_0h"
"ENSMUSG00000006932",-0.218424627548483,0.339662925682579,1,"4h_vs_0h"
"ENSMUSG00000034875",-0.736634502066053,0.340375204086183,1,"4h_vs_0h"
"ENSMUSG00000025823",0.0685324333856059,0.34170581354652,1,"4h_vs_0h"
"ENSMUSG00000025212",-0.195918736729627,0.342679697299593,1,"4h_vs_0h"
"ENSMUSG00000067873",0.0668654439136454,0.342920470121811,1,"4h_vs_0h"
"ENSMUSG00000037710",-0.0591505555690226,0.343144486371049,1,"4h_vs_0h"
"ENSMUSG00000024695",-0.881188108806931,0.343714629135297,1,"4h_vs_0h"
"ENSMUSG00000053931",0.298182752924422,0.344228044203374,1,"4h_vs_0h"
"ENSMUSG00000053644",1.29164124043235,0.346517286933736,1,"4h_vs_0h"
"ENSMUSG00000032667",0.625772836726632,0.346646212840627,1,"4h_vs_0h"
"ENSMUSG00000047187",-0.141910859239118,0.348893073647713,1,"4h_vs_0h"
"ENSMUSG00000061613",-0.119029575643349,0.349802032945342,1,"4h_vs_0h"
"ENSMUSG00000021079",-0.0712151347936398,0.350795282661188,1,"4h_vs_0h"
"ENSMUSG00000008373",-0.0491660404352849,0.351830572286312,1,"4h_vs_0h"
"ENSMUSG00000068882",0.13855314648097,0.352818785887651,1,"4h_vs_0h"
"ENSMUSG00000005299",0.0456614478360429,0.353060096867805,1,"4h_vs_0h"
"ENSMUSG00000063511",-0.137847692006964,0.353486989498544,1,"4h_vs_0h"
"ENSMUSG00000037470",-0.13201723551515,0.354439586603576,1,"4h_vs_0h"
"ENSMUSG00000022721",0.595503468342375,0.354482013049793,1,"4h_vs_0h"
"ENSMUSG00000037808",-0.072068849196544,0.354540164002236,1,"4h_vs_0h"
"ENSMUSG00000026309",1.34936380678945,0.355000982979319,1,"4h_vs_0h"
"ENSMUSG00000020994",-0.111654181269092,0.355424962913939,1,"4h_vs_0h"
"ENSMUSG00000035325",0.523051203529594,0.357315137829167,1,"4h_vs_0h"
"ENSMUSG00000017756",-0.101500733604432,0.358006548349247,1,"4h_vs_0h"
"ENSMUSG00000047459",0.460271832450747,0.358461373155454,1,"4h_vs_0h"
"ENSMUSG00000068798",-0.0864245721926871,0.360753864424136,1,"4h_vs_0h"
"ENSMUSG00000013415",0.651621001428875,0.36138851704873,1,"4h_vs_0h"
"ENSMUSG00000037949",-0.0709139366513547,0.362669629476982,1,"4h_vs_0h"
"ENSMUSG00000021868",-0.0791051322069904,0.363254557469908,1,"4h_vs_0h"
"ENSMUSG00000001440",0.0902874204974573,0.364764000649706,1,"4h_vs_0h"
"ENSMUSG00000032621",0.529611657407159,0.365519405422505,1,"4h_vs_0h"
"ENSMUSG00000058546",0.0816328731745877,0.36631580263273,1,"4h_vs_0h"
"ENSMUSG00000031985",-0.432644381738541,0.366500318193515,1,"4h_vs_0h"
"ENSMUSG00000043424",0.600491192962835,0.366554004225905,1,"4h_vs_0h"
"ENSMUSG00000025287",-0.154778254425455,0.367032377628179,1,"4h_vs_0h"
"ENSMUSG00000025858",1.01404784381596,0.368385047227629,1,"4h_vs_0h"
"ENSMUSG00000053460",1.22990888196027,0.369338038278041,1,"4h_vs_0h"
"ENSMUSG00000028465",0.136612597627188,0.369760952390299,1,"4h_vs_0h"
"ENSMUSG00000024217",-1.30503427663518,0.370013469240918,1,"4h_vs_0h"
"ENSMUSG00000062006",0.0465457780735079,0.370045435851879,1,"4h_vs_0h"
"ENSMUSG00000046707",-0.21663450462642,0.371156971390137,1,"4h_vs_0h"
"ENSMUSG00000056310",-0.0670652063110104,0.372518501459726,1,"4h_vs_0h"
"ENSMUSG00000018428",-0.179560367631296,0.372533454541223,1,"4h_vs_0h"
"ENSMUSG00000027935",0.611185278855732,0.373227528665201,1,"4h_vs_0h"
"ENSMUSG00000002017",-0.848286145090331,0.37353797035209,1,"4h_vs_0h"
"ENSMUSG00000028614",-0.439135074365062,0.373787593760875,1,"4h_vs_0h"
"ENSMUSG00000030704",-0.0561822292852838,0.373796527249626,1,"4h_vs_0h"
"ENSMUSG00000060802",-0.118938428902695,0.373885467264161,1,"4h_vs_0h"
"ENSMUSG00000067713",0.850194834933486,0.373980009390384,1,"4h_vs_0h"
"ENSMUSG00000039756",-1.35265241802705,0.374205941320173,1,"4h_vs_0h"
"ENSMUSG00000026421",0.31963184759238,0.37529131146728,1,"4h_vs_0h"
"ENSMUSG00000040658",0.949269847601311,0.375857151495413,1,"4h_vs_0h"
"ENSMUSG00000048612",0.0693251168338662,0.376119021058834,1,"4h_vs_0h"
"ENSMUSG00000008892",-0.048217412784556,0.37649295765964,1,"4h_vs_0h"
"ENSMUSG00000029516",-0.386467058779317,0.376683349685492,1,"4h_vs_0h"
"ENSMUSG00000030869",-0.050401023381152,0.377523619066083,1,"4h_vs_0h"
"ENSMUSG00000028312",0.0433801315876714,0.377859306720204,1,"4h_vs_0h"
"ENSMUSG00000027184",0.229045866336421,0.378250738352268,1,"4h_vs_0h"
"ENSMUSG00000033039",-0.635328876737546,0.378481685265072,1,"4h_vs_0h"
"ENSMUSG00000036698",1.27733346634955,0.379443086811247,1,"4h_vs_0h"
"ENSMUSG00000040385",0.0694828257607369,0.37947849890469,1,"4h_vs_0h"
"ENSMUSG00000054099",-0.0723011021352242,0.379812402364932,1,"4h_vs_0h"
"ENSMUSG00000029465",0.38603347722329,0.380894244543099,1,"4h_vs_0h"
"ENSMUSG00000024969",-0.545244551230176,0.381706929935576,1,"4h_vs_0h"
"ENSMUSG00000026020",-0.220870475448244,0.381867754641551,1,"4h_vs_0h"
"ENSMUSG00000009575",-0.130304532845457,0.383386340772595,1,"4h_vs_0h"
"ENSMUSG00000070436",0.0478108204634893,0.383455270770369,1,"4h_vs_0h"
"ENSMUSG00000018932",0.427644816759809,0.384080790082428,1,"4h_vs_0h"
"ENSMUSG00000025240",-0.247176668585087,0.384097329103723,1,"4h_vs_0h"
"ENSMUSG00000040713",-1.23923130395684,0.38468511139241,1,"4h_vs_0h"
"ENSMUSG00000028333",0.118160042381405,0.385462812986262,1,"4h_vs_0h"
"ENSMUSG00000037286",-0.216460271899464,0.386741085542573,1,"4h_vs_0h"
"ENSMUSG00000028837",0.256352059380848,0.388145179698,1,"4h_vs_0h"
"ENSMUSG00000031708",-0.099572090884525,0.388508628102948,1,"4h_vs_0h"
"ENSMUSG00000026554",0.880517995073845,0.388875577682641,1,"4h_vs_0h"
"ENSMUSG00000026727",0.532266895644241,0.389221032293945,1,"4h_vs_0h"
"ENSMUSG00000035245",0.530369089603347,0.390044336295104,1,"4h_vs_0h"
"ENSMUSG00000004591",0.853975533109093,0.391669698716869,1,"4h_vs_0h"
"ENSMUSG00000029502",2.60881038572968,0.391734034984209,1,"4h_vs_0h"
"ENSMUSG00000022354",-0.190159213390039,0.394311389227343,1,"4h_vs_0h"
"ENSMUSG00000026750",0.656702079028161,0.395501191731329,1,"4h_vs_0h"
"ENSMUSG00000016534",0.145554830473376,0.397265780998972,1,"4h_vs_0h"
"ENSMUSG00000021687",1.2393773495921,0.397523619285436,1,"4h_vs_0h"
"ENSMUSG00000055401",0.49452190085033,0.397898606794838,1,"4h_vs_0h"
"ENSMUSG00000024725",0.559861097582935,0.399357648924798,1,"4h_vs_0h"
"ENSMUSG00000019082",-0.211251576199626,0.401074485180758,1,"4h_vs_0h"
"ENSMUSG00000024829",-0.247997761244871,0.4013037576748,1,"4h_vs_0h"
"ENSMUSG00000031029",0.293565009974468,0.401880239079516,1,"4h_vs_0h"
"ENSMUSG00000025477",-0.671348459810151,0.402457454415846,1,"4h_vs_0h"
"ENSMUSG00000026761",-0.882902927539096,0.402748037302677,1,"4h_vs_0h"
"ENSMUSG00000029153",0.488760245762915,0.403058416943597,1,"4h_vs_0h"
"ENSMUSG00000016495",0.121775998811156,0.403566331866004,1,"4h_vs_0h"
"ENSMUSG00000028194",0.573047995335457,0.404134608244156,1,"4h_vs_0h"
"ENSMUSG00000022765",0.486503797661772,0.404263151557498,1,"4h_vs_0h"
"ENSMUSG00000002870",-0.0329910177280617,0.404334246030091,1,"4h_vs_0h"
"ENSMUSG00000061474",-0.0698175151486637,0.405371285998347,1,"4h_vs_0h"
"ENSMUSG00000024563",1.05471166051804,0.40595214693319,1,"4h_vs_0h"
"ENSMUSG00000020476",0.468276651949417,0.407310471841147,1,"4h_vs_0h"
"ENSMUSG00000028684",0.416517188048296,0.40738729930239,1,"4h_vs_0h"
"ENSMUSG00000022141",-0.146894629148385,0.407906700204287,1,"4h_vs_0h"
"ENSMUSG00000071547",-0.40854637097592,0.408083851422836,1,"4h_vs_0h"
"ENSMUSG00000071650",-0.268587951277347,0.408263477135255,1,"4h_vs_0h"
"ENSMUSG00000038240",-1.33128817583203,0.409093182866312,1,"4h_vs_0h"
"ENSMUSG00000025372",0.46637893990361,0.409713638051885,1,"4h_vs_0h"
"ENSMUSG00000068114",0.797649115629589,0.409884802107218,1,"4h_vs_0h"
"ENSMUSG00000027170",0.253390803991131,0.410055867932757,1,"4h_vs_0h"
"ENSMUSG00000025130",0.0367747503470106,0.41011292381158,1,"4h_vs_0h"
"ENSMUSG00000022255",0.0900822048665546,0.411559540357645,1,"4h_vs_0h"
"ENSMUSG00000007097",-0.299501893148857,0.41282940627779,1,"4h_vs_0h"
"ENSMUSG00000031245",0.0981541171348752,0.414593311905629,1,"4h_vs_0h"
"ENSMUSG00000039183",1.07862627880855,0.416381196025473,1,"4h_vs_0h"
"ENSMUSG00000026520",-0.299075311052121,0.417140254376652,1,"4h_vs_0h"
"ENSMUSG00000021939",0.0790159801142671,0.417307091846037,1,"4h_vs_0h"
"ENSMUSG00000029405",0.141139778470876,0.417910080334874,1,"4h_vs_0h"
"ENSMUSG00000005410",-0.0365988405600461,0.420155185508921,1,"4h_vs_0h"
"ENSMUSG00000028059",0.230152712051165,0.421301511526748,1,"4h_vs_0h"
"ENSMUSG00000012405",0.0442861077612662,0.422319714606078,1,"4h_vs_0h"
"ENSMUSG00000026456",-0.0596095342064089,0.422896015147647,1,"4h_vs_0h"
"ENSMUSG00000025747",0.149717801155077,0.423174289900517,1,"4h_vs_0h"
"ENSMUSG00000020075",-0.277016403452361,0.423174947712883,1,"4h_vs_0h"
"ENSMUSG00000029064",-0.249057434739708,0.423278325469447,1,"4h_vs_0h"
"ENSMUSG00000023089",-0.140467396840386,0.423629774120186,1,"4h_vs_0h"
"ENSMUSG00000038914",-0.733239374716508,0.423796542268382,1,"4h_vs_0h"
"ENSMUSG00000037857",1.51499041438008,0.424918337169706,1,"4h_vs_0h"
"ENSMUSG00000009647",-0.25243440305541,0.425714211782276,1,"4h_vs_0h"
"ENSMUSG00000000171",-0.684662226167021,0.427132998305401,1,"4h_vs_0h"
"ENSMUSG00000003099",0.973497366868902,0.42892804070912,1,"4h_vs_0h"
"ENSMUSG00000032127",0.518084458413195,0.430137158603228,1,"4h_vs_0h"
"ENSMUSG00000031628",1.29894191935565,0.43083469785011,1,"4h_vs_0h"
"ENSMUSG00000017428",0.271547616512692,0.431340767092572,1,"4h_vs_0h"
"ENSMUSG00000030894",-0.115549591816354,0.431960707701996,1,"4h_vs_0h"
"ENSMUSG00000049047",-0.628572399220332,0.432298521485613,1,"4h_vs_0h"
"ENSMUSG00000032777",0.504973182681006,0.433216324294347,1,"4h_vs_0h"
"ENSMUSG00000040158",-0.883402055451651,0.437841298350214,1,"4h_vs_0h"
"ENSMUSG00000060636",0.0551195008024834,0.438088360357895,1,"4h_vs_0h"
"ENSMUSG00000039509",-0.271343703758266,0.438592446143826,1,"4h_vs_0h"
"ENSMUSG00000032527",-0.116491890725335,0.439105447964383,1,"4h_vs_0h"
"ENSMUSG00000034708",-0.0677750150604766,0.439504346321823,1,"4h_vs_0h"
"ENSMUSG00000021546",-0.0391055807822731,0.439528048228683,1,"4h_vs_0h"
"ENSMUSG00000020739",0.188122138607671,0.439967973506576,1,"4h_vs_0h"
"ENSMUSG00000020257",0.0928606886487238,0.441909483125266,1,"4h_vs_0h"
"ENSMUSG00000020464",-0.0705554435319975,0.442318026428078,1,"4h_vs_0h"
"ENSMUSG00000001983",-0.0559978572775073,0.442607409583606,1,"4h_vs_0h"
"ENSMUSG00000024604",-0.897130580173723,0.444754757183086,1,"4h_vs_0h"
"ENSMUSG00000029221",0.199820706171085,0.444773510870981,1,"4h_vs_0h"
"ENSMUSG00000001783",0.403911580983316,0.445182946568084,1,"4h_vs_0h"
"ENSMUSG00000028759",-0.0631607441563204,0.445269594695344,1,"4h_vs_0h"
"ENSMUSG00000005397",-0.12196545197521,0.449150161906683,1,"4h_vs_0h"
"ENSMUSG00000022722",-0.503397490836779,0.449443313116679,1,"4h_vs_0h"
"ENSMUSG00000019362",1.59173008047589,0.449705779149574,1,"4h_vs_0h"
"ENSMUSG00000041736",-0.952047368685918,0.449837110134272,1,"4h_vs_0h"
"ENSMUSG00000074746",-0.548541653227595,0.451128035102919,1,"4h_vs_0h"
"ENSMUSG00000029535",-0.843175337702064,0.451230532151451,1,"4h_vs_0h"
"ENSMUSG00000035150",0.222195246984018,0.451397082548867,1,"4h_vs_0h"
"ENSMUSG00000034160",-0.0543388607046431,0.451925398937747,1,"4h_vs_0h"
"ENSMUSG00000019173",0.0907047483742822,0.452009110447185,1,"4h_vs_0h"
"ENSMUSG00000025047",-0.294839168947878,0.452182832340258,1,"4h_vs_0h"
"ENSMUSG00000022201",-0.216300995543939,0.452441333982152,1,"4h_vs_0h"
"ENSMUSG00000021929",0.180052211251823,0.452445050517305,1,"4h_vs_0h"
"ENSMUSG00000021193",-0.05204312690433,0.452608201913597,1,"4h_vs_0h"
"ENSMUSG00000058267",-0.261393431512012,0.455568996686845,1,"4h_vs_0h"
"ENSMUSG00000025224",0.322464254960575,0.456853677373292,1,"4h_vs_0h"
"ENSMUSG00000017715",-0.620337528394682,0.457305699940483,1,"4h_vs_0h"
"ENSMUSG00000026260",-0.0505418949080223,0.458356193663383,1,"4h_vs_0h"
"ENSMUSG00000026491",0.591803787512923,0.458400666915317,1,"4h_vs_0h"
"ENSMUSG00000022177",-0.518509300055648,0.458520080878458,1,"4h_vs_0h"
"ENSMUSG00000034066",0.597237709513461,0.458999743085213,1,"4h_vs_0h"
"ENSMUSG00000015880",0.215763146495565,0.459918819424105,1,"4h_vs_0h"
"ENSMUSG00000020612",0.322575903412254,0.460572064595994,1,"4h_vs_0h"
"ENSMUSG00000035504",1.5622192128835,0.461064592748893,1,"4h_vs_0h"
"ENSMUSG00000029152",-0.128887131634169,0.461790783698026,1,"4h_vs_0h"
"ENSMUSG00000064090",-0.49757991579197,0.462967342850702,1,"4h_vs_0h"
"ENSMUSG00000045438",-0.670536323644914,0.463082669986313,1,"4h_vs_0h"
"ENSMUSG00000032939",-0.047289504455037,0.463971609640953,1,"4h_vs_0h"
"ENSMUSG00000051391",0.407529265621815,0.464370000230556,1,"4h_vs_0h"
"ENSMUSG00000026701",0.402715914818664,0.465597948316943,1,"4h_vs_0h"
"ENSMUSG00000027509",-0.0527254729238464,0.465760375169806,1,"4h_vs_0h"
"ENSMUSG00000029119",-0.237340302911267,0.465896347125101,1,"4h_vs_0h"
"ENSMUSG00000019846",-0.187334562776698,0.466297520564077,1,"4h_vs_0h"
"ENSMUSG00000024338",0.615069345206777,0.466478747595159,1,"4h_vs_0h"
"ENSMUSG00000038299",1.03557510234731,0.46655692494267,1,"4h_vs_0h"
"ENSMUSG00000029782",0.583550323351528,0.469207558853172,1,"4h_vs_0h"
"ENSMUSG00000046994",-1.41196195751894,0.46955352988334,1,"4h_vs_0h"
"ENSMUSG00000021044",-0.600628525244019,0.470058972612681,1,"4h_vs_0h"
"ENSMUSG00000009741",0.603854411284296,0.470503716594409,1,"4h_vs_0h"
"ENSMUSG00000027076",-0.0847072325792446,0.470945393830538,1,"4h_vs_0h"
"ENSMUSG00000031948",0.283813216091609,0.473186573479614,1,"4h_vs_0h"
"ENSMUSG00000041084",0.951328725120476,0.473704134850863,1,"4h_vs_0h"
"ENSMUSG00000021000",0.543112924717903,0.473706283844529,1,"4h_vs_0h"
"ENSMUSG00000031503",-0.070274922550265,0.474450448619555,1,"4h_vs_0h"
"ENSMUSG00000092305",-0.892769395550683,0.474607209161103,1,"4h_vs_0h"
"ENSMUSG00000020671",-0.165420046352313,0.474665051195285,1,"4h_vs_0h"
"ENSMUSG00000001847",0.0539754405846651,0.474768673151086,1,"4h_vs_0h"
"ENSMUSG00000046718",0.231453558658348,0.474946743026979,1,"4h_vs_0h"
"ENSMUSG00000019998",0.618585646848246,0.475610099531256,1,"4h_vs_0h"
"ENSMUSG00000026254",0.58541923930612,0.476330568578166,1,"4h_vs_0h"
"ENSMUSG00000020228",0.597879129530536,0.476464401208516,1,"4h_vs_0h"
"ENSMUSG00000034349",0.0599341569710496,0.476625048817753,1,"4h_vs_0h"
"ENSMUSG00000038619",0.978840143860776,0.477756040053053,1,"4h_vs_0h"
"ENSMUSG00000027618",-0.189050450199545,0.47783159277744,1,"4h_vs_0h"
"ENSMUSG00000061780",0.590358368964086,0.478818471570139,1,"4h_vs_0h"
"ENSMUSG00000022685",0.78101030253135,0.479996026814479,1,"4h_vs_0h"
"ENSMUSG00000031633",-0.0490340684400543,0.480218154952639,1,"4h_vs_0h"
"ENSMUSG00000038374",0.278190517738455,0.480775136855266,1,"4h_vs_0h"
"ENSMUSG00000001445",-0.0804815242916241,0.481685959357479,1,"4h_vs_0h"
"ENSMUSG00000037461",2.54994205087238,0.4831191826315,1,"4h_vs_0h"
"ENSMUSG00000001507",-0.663753659711265,0.483248354212881,1,"4h_vs_0h"
"ENSMUSG00000037896",-1.17014181310782,0.483383347869392,1,"4h_vs_0h"
"ENSMUSG00000020290",0.353921679755423,0.484323398558607,1,"4h_vs_0h"
"ENSMUSG00000032050",0.420725915722887,0.484655390960586,1,"4h_vs_0h"
"ENSMUSG00000042642",0.831968137530055,0.484673736677871,1,"4h_vs_0h"
"ENSMUSG00000024767",0.355122550355347,0.485557035183441,1,"4h_vs_0h"
"ENSMUSG00000038268",0.634439481782238,0.486407642935033,1,"4h_vs_0h"
"ENSMUSG00000061461",-0.119968309867549,0.487390700131991,1,"4h_vs_0h"
"ENSMUSG00000026618",-0.0532173737041255,0.488112315011431,1,"4h_vs_0h"
"ENSMUSG00000049940",0.0596003018913365,0.488139564873943,1,"4h_vs_0h"
"ENSMUSG00000019822",2.33477441270231,0.489982799626919,1,"4h_vs_0h"
"ENSMUSG00000037993",-0.0849165565963901,0.490615466609181,1,"4h_vs_0h"
"ENSMUSG00000025579",-0.229316920312467,0.490720911990711,1,"4h_vs_0h"
"ENSMUSG00000024953",0.0423785101947338,0.491210404434449,1,"4h_vs_0h"
"ENSMUSG00000038967",1.42955165043414,0.491844677389679,1,"4h_vs_0h"
"ENSMUSG00000000326",0.0670018830259131,0.492244508392249,1,"4h_vs_0h"
"ENSMUSG00000026104",0.548607366203466,0.49327922557707,1,"4h_vs_0h"
"ENSMUSG00000025178",0.968400783628496,0.493343058417274,1,"4h_vs_0h"
"ENSMUSG00000046330",-0.0594001796687778,0.493505606437864,1,"4h_vs_0h"
"ENSMUSG00000023008",0.849394402482165,0.493738352850007,1,"4h_vs_0h"
"ENSMUSG00000004937",0.406908615455315,0.494802402602589,1,"4h_vs_0h"
"ENSMUSG00000002372",0.403220714081765,0.496355271465485,1,"4h_vs_0h"
"ENSMUSG00000035898",0.53714251481582,0.497416865654202,1,"4h_vs_0h"
"ENSMUSG00000061983",0.0409025191731303,0.497971297292995,1,"4h_vs_0h"
"ENSMUSG00000037370",0.450834978789707,0.49925933775021,1,"4h_vs_0h"
"ENSMUSG00000022906",0.487161454744438,0.499429793127169,1,"4h_vs_0h"
"ENSMUSG00000025366",-0.157599101461759,0.500257075716831,1,"4h_vs_0h"
"ENSMUSG00000050144",-0.919450650753305,0.50065235159923,1,"4h_vs_0h"
"ENSMUSG00000005882",1.55640614312023,0.502170229522043,1,"4h_vs_0h"
"ENSMUSG00000021704",0.503066811943622,0.502328113098425,1,"4h_vs_0h"
"ENSMUSG00000005566",-0.0439162278395102,0.502795718063814,1,"4h_vs_0h"
"ENSMUSG00000021357",0.495619972731195,0.503371691956814,1,"4h_vs_0h"
"ENSMUSG00000047710",-0.134934597426213,0.503374501859647,1,"4h_vs_0h"
"ENSMUSG00000079614",-0.210016498121448,0.503692211694447,1,"4h_vs_0h"
"ENSMUSG00000026103",0.677946494815107,0.504477191760758,1,"4h_vs_0h"
"ENSMUSG00000029777",0.325924684160579,0.504833035827948,1,"4h_vs_0h"
"ENSMUSG00000001576",0.104943863384719,0.505206963057881,1,"4h_vs_0h"
"ENSMUSG00000024942",0.278237454479793,0.505304480529885,1,"4h_vs_0h"
"ENSMUSG00000039105",0.30099153143518,0.50573396764162,1,"4h_vs_0h"
"ENSMUSG00000022110",-0.0392588365119373,0.506288263158341,1,"4h_vs_0h"
"ENSMUSG00000015120",0.543373648669743,0.506468203924742,1,"4h_vs_0h"
"ENSMUSG00000027620",-0.0547005296593213,0.506688406545629,1,"4h_vs_0h"
"ENSMUSG00000021072",-0.207394091882886,0.507388357487917,1,"4h_vs_0h"
"ENSMUSG00000018707",0.32723433519438,0.508253457356131,1,"4h_vs_0h"
"ENSMUSG00000020152",0.362585554787394,0.508629390730255,1,"4h_vs_0h"
"ENSMUSG00000028683",1.65947324086992,0.508776324698571,1,"4h_vs_0h"
"ENSMUSG00000032097",0.161498646003999,0.508785645206819,1,"4h_vs_0h"
"ENSMUSG00000030659",0.505398420441111,0.508793857503093,1,"4h_vs_0h"
"ENSMUSG00000028165",2.243420525194,0.508853527161815,1,"4h_vs_0h"
"ENSMUSG00000031353",0.149376532911095,0.509624048117565,1,"4h_vs_0h"
"ENSMUSG00000030647",-0.204082775340808,0.510166227892186,1,"4h_vs_0h"
"ENSMUSG00000020777",-0.0669635875088836,0.510701296988023,1,"4h_vs_0h"
"ENSMUSG00000066735",-0.712420170481799,0.511429540276793,1,"4h_vs_0h"
"ENSMUSG00000025156",0.191416816336865,0.512358379170772,1,"4h_vs_0h"
"ENSMUSG00000002748",-0.160348022171018,0.513630107088623,1,"4h_vs_0h"
"ENSMUSG00000025228",0.3340174782182,0.517516272538603,1,"4h_vs_0h"
"ENSMUSG00000094483",0.0829048930404994,0.518435859167729,1,"4h_vs_0h"
"ENSMUSG00000037022",-0.0773549368261968,0.521023715002756,1,"4h_vs_0h"
"ENSMUSG00000023961",-0.562406179012786,0.5222712803878,1,"4h_vs_0h"
"ENSMUSG00000059363",-0.653251252568388,0.522609155779273,1,"4h_vs_0h"
"ENSMUSG00000018921",-0.783228306006773,0.522994623696814,1,"4h_vs_0h"
"ENSMUSG00000002102",0.201635008088015,0.523367443981742,1,"4h_vs_0h"
"ENSMUSG00000024620",1.35209907508047,0.524057855708089,1,"4h_vs_0h"
"ENSMUSG00000034120",-0.118271456398041,0.524430009983457,1,"4h_vs_0h"
"ENSMUSG00000001674",-0.416840957865524,0.524541254931716,1,"4h_vs_0h"
"ENSMUSG00000027699",-0.467243272665637,0.524710034163467,1,"4h_vs_0h"
"ENSMUSG00000012114",0.556737367123151,0.524803893137288,1,"4h_vs_0h"
"ENSMUSG00000016255",0.117598610064139,0.524980205566233,1,"4h_vs_0h"
"ENSMUSG00000020831",0.597154732859671,0.525219036477884,1,"4h_vs_0h"
"ENSMUSG00000002346",-0.440946824376471,0.525436194983417,1,"4h_vs_0h"
"ENSMUSG00000051236",0.675276172360189,0.526963492427279,1,"4h_vs_0h"
"ENSMUSG00000074656",0.31058023217939,0.527138892706499,1,"4h_vs_0h"
"ENSMUSG00000042590",1.55681193699364,0.527564126148068,1,"4h_vs_0h"
"ENSMUSG00000023452",0.47060054633101,0.527751695842459,1,"4h_vs_0h"
"ENSMUSG00000028270",0.978004613525243,0.528177575602033,1,"4h_vs_0h"
"ENSMUSG00000015289",1.46756734303946,0.528975579589115,1,"4h_vs_0h"
"ENSMUSG00000028676",-0.363043459545963,0.529471723787053,1,"4h_vs_0h"
"ENSMUSG00000001229",-0.438845475782255,0.531983072249053,1,"4h_vs_0h"
"ENSMUSG00000018861",-0.157342552041666,0.533133572563772,1,"4h_vs_0h"
"ENSMUSG00000115338",0.227428708497818,0.534489744352147,1,"4h_vs_0h"
"ENSMUSG00000028207",-0.20158983193981,0.535304644166664,1,"4h_vs_0h"
"ENSMUSG00000034203",0.171178255688698,0.53632677490467,1,"4h_vs_0h"
"ENSMUSG00000028128",1.8986196405443,0.53801867151868,1,"4h_vs_0h"
"ENSMUSG00000048755",-0.223251678320789,0.539173314918406,1,"4h_vs_0h"
"ENSMUSG00000028413",0.47388377482358,0.540034619656276,1,"4h_vs_0h"
"ENSMUSG00000060376",-0.140589726090511,0.540510236162791,1,"4h_vs_0h"
"ENSMUSG00000024875",-0.66627683679371,0.540866940821927,1,"4h_vs_0h"
"ENSMUSG00000021484",-0.0595458194954794,0.541468131365995,1,"4h_vs_0h"
"ENSMUSG00000051177",0.854300443585487,0.543822585634695,1,"4h_vs_0h"
"ENSMUSG00000026634",0.0820216291347968,0.544116726275927,1,"4h_vs_0h"
"ENSMUSG00000040147",0.722232039686538,0.544974965880158,1,"4h_vs_0h"
"ENSMUSG00000032040",0.576939176170086,0.546205467151434,1,"4h_vs_0h"
"ENSMUSG00000068328",-0.837680049800614,0.54620852854573,1,"4h_vs_0h"
"ENSMUSG00000002129",-0.0639696270623986,0.546980934728469,1,"4h_vs_0h"
"ENSMUSG00000029726",-1.18811152770288,0.547172439417984,1,"4h_vs_0h"
"ENSMUSG00000030654",-0.811195514151368,0.547636870975126,1,"4h_vs_0h"
"ENSMUSG00000021242",0.0739382631156147,0.548663910916907,1,"4h_vs_0h"
"ENSMUSG00000014956",0.672801088565727,0.548746331723437,1,"4h_vs_0h"
"ENSMUSG00000004895",0.681310923107866,0.550005069010459,1,"4h_vs_0h"
"ENSMUSG00000018666",0.272776247137607,0.550609888633578,1,"4h_vs_0h"
"ENSMUSG00000062825",-0.0449074791939026,0.550810180332968,1,"4h_vs_0h"
"ENSMUSG00000044303",-0.23489158596783,0.551685546884809,1,"4h_vs_0h"
"ENSMUSG00000073987",0.063850422024494,0.552265169691053,1,"4h_vs_0h"
"ENSMUSG00000029701",-0.417007922224361,0.5528512926329,1,"4h_vs_0h"
"ENSMUSG00000063065",0.23792254703379,0.553327896341469,1,"4h_vs_0h"
"ENSMUSG00000027706",-0.382571635201181,0.553624898527286,1,"4h_vs_0h"
"ENSMUSG00000002014",-0.188025181363489,0.553664172398792,1,"4h_vs_0h"
"ENSMUSG00000027673",-0.0551325291010656,0.553862672848556,1,"4h_vs_0h"
"ENSMUSG00000025037",-0.181701432885315,0.553923339806756,1,"4h_vs_0h"
"ENSMUSG00000031696",0.316363424822612,0.554818817908095,1,"4h_vs_0h"
"ENSMUSG00000028879",0.254032280762544,0.555252287608045,1,"4h_vs_0h"
"ENSMUSG00000039191",0.504022157914378,0.556411656602164,1,"4h_vs_0h"
"ENSMUSG00000029826",-0.112467597699972,0.557017286124579,1,"4h_vs_0h"
"ENSMUSG00000006412",0.410887573894264,0.557350420630567,1,"4h_vs_0h"
"ENSMUSG00000024847",0.265231284641906,0.557661402088549,1,"4h_vs_0h"
"ENSMUSG00000031078",0.431219669197077,0.557899304138338,1,"4h_vs_0h"
"ENSMUSG00000037017",-0.636144648857492,0.557902224444214,1,"4h_vs_0h"
"ENSMUSG00000070372",0.272170213882013,0.558019252410985,1,"4h_vs_0h"
"ENSMUSG00000027133",-0.245043974790459,0.559692458635049,1,"4h_vs_0h"
"ENSMUSG00000063787",-0.525192744640417,0.559768301968044,1,"4h_vs_0h"
"ENSMUSG00000061232",-0.121377230428561,0.561586815179798,1,"4h_vs_0h"
"ENSMUSG00000042535",0.475822304579616,0.56202926357097,1,"4h_vs_0h"
"ENSMUSG00000024038",-0.0650340878095648,0.562068506597572,1,"4h_vs_0h"
"ENSMUSG00000057789",1.13461405182281,0.562311377726915,1,"4h_vs_0h"
"ENSMUSG00000028322",-0.751316013843919,0.564540424514276,1,"4h_vs_0h"
"ENSMUSG00000015023",0.338740645033173,0.565036012175496,1,"4h_vs_0h"
"ENSMUSG00000033128",0.328417612014889,0.565252251593724,1,"4h_vs_0h"
"ENSMUSG00000001751",-0.136053739603962,0.566342448496159,1,"4h_vs_0h"
"ENSMUSG00000026341",0.294959855538988,0.567433098789313,1,"4h_vs_0h"
"ENSMUSG00000055024",-0.567258188020745,0.567834464970636,1,"4h_vs_0h"
"ENSMUSG00000009535",2.15527027984064,0.567999182767129,1,"4h_vs_0h"
"ENSMUSG00000070544",-0.283158282339421,0.568356631827816,1,"4h_vs_0h"
"ENSMUSG00000041859",-0.0212509929364941,0.568696669493169,1,"4h_vs_0h"
"ENSMUSG00000020349",0.138209718869227,0.569023274492297,1,"4h_vs_0h"
"ENSMUSG00000029017",-0.223008511562277,0.570822705633632,1,"4h_vs_0h"
"ENSMUSG00000098274",-0.0516788271240962,0.571118602872331,1,"4h_vs_0h"
"ENSMUSG00000096054",0.634012093661489,0.572213571042388,1,"4h_vs_0h"
"ENSMUSG00000026728",-0.0465605853751256,0.572556005374789,1,"4h_vs_0h"
"ENSMUSG00000026356",0.211060501193483,0.572986877995973,1,"4h_vs_0h"
"ENSMUSG00000031278",0.0397560053196315,0.574892402213086,1,"4h_vs_0h"
"ENSMUSG00000024800",-0.865010870470527,0.574981954427168,1,"4h_vs_0h"
"ENSMUSG00000028671",1.02541764667258,0.575372637782227,1,"4h_vs_0h"
"ENSMUSG00000054469",-0.627072009795654,0.575835512887667,1,"4h_vs_0h"
"ENSMUSG00000025574",0.588732051257185,0.57656663865746,1,"4h_vs_0h"
"ENSMUSG00000030432",0.057237320491069,0.577092459724325,1,"4h_vs_0h"
"ENSMUSG00000005470",-0.532938043850084,0.577652990504452,1,"4h_vs_0h"
"ENSMUSG00000017548",-0.518047013929412,0.57768234103601,1,"4h_vs_0h"
"ENSMUSG00000019214",0.398420671254666,0.577966067642541,1,"4h_vs_0h"
"ENSMUSG00000032096",0.450267287903316,0.578163898153367,1,"4h_vs_0h"
"ENSMUSG00000034826",-0.0598710811864933,0.578335065768216,1,"4h_vs_0h"
"ENSMUSG00000032407",-0.281470232596948,0.578496089388164,1,"4h_vs_0h"
"ENSMUSG00000002731",-0.682117532443044,0.581480131632505,1,"4h_vs_0h"
"ENSMUSG00000023830",0.0582793129091606,0.581713103147877,1,"4h_vs_0h"
"ENSMUSG00000006276",0.721476447629222,0.581904389150115,1,"4h_vs_0h"
"ENSMUSG00000036402",-0.275035087853212,0.582513374474744,1,"4h_vs_0h"
"ENSMUSG00000024812",0.685250350426525,0.582832884498645,1,"4h_vs_0h"
"ENSMUSG00000002732",-0.164421056552921,0.583542338118459,1,"4h_vs_0h"
"ENSMUSG00000074088",-0.238833547771023,0.584097296042799,1,"4h_vs_0h"
"ENSMUSG00000029860",1.39392701140172,0.585615503273673,1,"4h_vs_0h"
"ENSMUSG00000023020",0.882453632642545,0.585652535103623,1,"4h_vs_0h"
"ENSMUSG00000021660",0.186560935287083,0.585895066084332,1,"4h_vs_0h"
"ENSMUSG00000030697",-0.536197960595214,0.586600551605703,1,"4h_vs_0h"
"ENSMUSG00000025369",-0.226555029515374,0.586891684042168,1,"4h_vs_0h"
"ENSMUSG00000057236",0.0427569775722567,0.587968659264846,1,"4h_vs_0h"
"ENSMUSG00000066232",0.602270132416624,0.588237183314123,1,"4h_vs_0h"
"ENSMUSG00000006589",0.0786096652210126,0.588508114089783,1,"4h_vs_0h"
"ENSMUSG00000068245",0.245753914021357,0.588548637635507,1,"4h_vs_0h"
"ENSMUSG00000024197",0.36872529921736,0.588887737732225,1,"4h_vs_0h"
"ENSMUSG00000027944",0.378293019483532,0.589062165139275,1,"4h_vs_0h"
"ENSMUSG00000021910",1.01947711777069,0.590269768770173,1,"4h_vs_0h"
"ENSMUSG00000027881",0.0504930480638635,0.590406064297896,1,"4h_vs_0h"
"ENSMUSG00000022111",1.09528047365805,0.5916220630812,1,"4h_vs_0h"
"ENSMUSG00000024019",0.597512691497464,0.592183627688524,1,"4h_vs_0h"
"ENSMUSG00000033157",0.0719722319857752,0.59320498421508,1,"4h_vs_0h"
"ENSMUSG00000022962",0.355903960826375,0.593942206244795,1,"4h_vs_0h"
"ENSMUSG00000032115",-0.0378022447271462,0.594175916166453,1,"4h_vs_0h"
"ENSMUSG00000003809",-0.26104257662902,0.594730999417909,1,"4h_vs_0h"
"ENSMUSG00000021806",-0.171322793939371,0.59501485304738,1,"4h_vs_0h"
"ENSMUSG00000051154",0.541957143998189,0.5950169941786,1,"4h_vs_0h"
"ENSMUSG00000031400",0.171346930956982,0.597439887315172,1,"4h_vs_0h"
"ENSMUSG00000040550",0.646082984427249,0.59840710299939,1,"4h_vs_0h"
"ENSMUSG00000021771",0.0325848615909479,0.599326635787544,1,"4h_vs_0h"
"ENSMUSG00000033808",0.47937998743771,0.601793441380714,1,"4h_vs_0h"
"ENSMUSG00000021134",-0.0421214779678003,0.601996346672484,1,"4h_vs_0h"
"ENSMUSG00000069662",0.781388478336559,0.602170307879537,1,"4h_vs_0h"
"ENSMUSG00000017307",-1.0666870593491,0.604167259113613,1,"4h_vs_0h"
"ENSMUSG00000032370",0.0528014049293901,0.604431567548102,1,"4h_vs_0h"
"ENSMUSG00000015672",0.769627813281026,0.605117381447475,1,"4h_vs_0h"
"ENSMUSG00000066441",0.603261899057209,0.605218196213704,1,"4h_vs_0h"
"ENSMUSG00000002997",0.14591558125349,0.605377334708845,1,"4h_vs_0h"
"ENSMUSG00000031754",-0.0663992145523196,0.605818588244434,1,"4h_vs_0h"
"ENSMUSG00000028066",-0.471442090101316,0.606613063125386,1,"4h_vs_0h"
"ENSMUSG00000071711",-0.125541947692277,0.607825261503133,1,"4h_vs_0h"
"ENSMUSG00000007891",-0.0258768176310937,0.608493191680865,1,"4h_vs_0h"
"ENSMUSG00000021809",0.352601642669828,0.608721868609719,1,"4h_vs_0h"
"ENSMUSG00000022706",-0.0914846002693999,0.610254000691125,1,"4h_vs_0h"
"ENSMUSG00000028648",-0.078391282421503,0.610734559810547,1,"4h_vs_0h"
"ENSMUSG00000057421",-0.903224073532574,0.612136445164802,1,"4h_vs_0h"
"ENSMUSG00000042029",0.163911076445125,0.612482292792865,1,"4h_vs_0h"
"ENSMUSG00000001441",0.353855773580023,0.613545352376702,1,"4h_vs_0h"
"ENSMUSG00000030536",0.367566572048236,0.613911902038714,1,"4h_vs_0h"
"ENSMUSG00000029466",-0.0480049802720579,0.614474312285396,1,"4h_vs_0h"
"ENSMUSG00000024191",-0.534499925437835,0.615865028588187,1,"4h_vs_0h"
"ENSMUSG00000028484",-0.116590824297113,0.616092902397899,1,"4h_vs_0h"
"ENSMUSG00000055053",-0.403142605324692,0.616493522812344,1,"4h_vs_0h"
"ENSMUSG00000028873",-0.395089138208395,0.616767690453187,1,"4h_vs_0h"
"ENSMUSG00000020705",0.0347250853148005,0.616799737138133,1,"4h_vs_0h"
"ENSMUSG00000020877",1.40508111251589,0.617226804870639,1,"4h_vs_0h"
"ENSMUSG00000038429",0.238802636753761,0.617280736143875,1,"4h_vs_0h"
"ENSMUSG00000025059",0.24381536058382,0.617543543650437,1,"4h_vs_0h"
"ENSMUSG00000015217",2.24180054336456,0.617693748324071,1,"4h_vs_0h"
"ENSMUSG00000026878",-0.13136912982899,0.617880391256828,1,"4h_vs_0h"
"ENSMUSG00000061360",-0.249348682375892,0.62060771324288,1,"4h_vs_0h"
"ENSMUSG00000031974",0.446943255381875,0.621750915745054,1,"4h_vs_0h"
"ENSMUSG00000039016",-0.312314532077774,0.623200545501261,1,"4h_vs_0h"
"ENSMUSG00000020198",0.167320755757707,0.623808153825789,1,"4h_vs_0h"
"ENSMUSG00000032555",0.352808537971271,0.624991621005394,1,"4h_vs_0h"
"ENSMUSG00000022774",-0.796980431164382,0.625526305499469,1,"4h_vs_0h"
"ENSMUSG00000037966",0.477314470936435,0.625714386526121,1,"4h_vs_0h"
"ENSMUSG00000021413",-0.0412152851611154,0.626031691871394,1,"4h_vs_0h"
"ENSMUSG00000025410",0.400858948571095,0.626121817610043,1,"4h_vs_0h"
"ENSMUSG00000003072",0.0394398689967161,0.626591475490306,1,"4h_vs_0h"
"ENSMUSG00000002233",-0.180124578301808,0.627360346337719,1,"4h_vs_0h"
"ENSMUSG00000054693",-0.117848636153585,0.627658273930499,1,"4h_vs_0h"
"ENSMUSG00000029772",0.419170445030851,0.628077395780371,1,"4h_vs_0h"
"ENSMUSG00000021973",-0.0502353759080876,0.628273066414359,1,"4h_vs_0h"
"ENSMUSG00000031511",2.08276579519275,0.628564816219892,1,"4h_vs_0h"
"ENSMUSG00000044252",0.71450415341091,0.629071961722075,1,"4h_vs_0h"
"ENSMUSG00000060938",0.0593693164267037,0.629699681773101,1,"4h_vs_0h"
"ENSMUSG00000041891",-0.0592998219141556,0.629750637822271,1,"4h_vs_0h"
"ENSMUSG00000023044",0.605412427558147,0.630034163339492,1,"4h_vs_0h"
"ENSMUSG00000015357",-0.0596015053420977,0.631866668589191,1,"4h_vs_0h"
"ENSMUSG00000027012",1.96250944905924,0.633555915606975,1,"4h_vs_0h"
"ENSMUSG00000030671",-0.190165162710276,0.633613220781408,1,"4h_vs_0h"
"ENSMUSG00000014551",0.244565681970688,0.633769817815259,1,"4h_vs_0h"
"ENSMUSG00000002059",0.12970504736683,0.63460527845963,1,"4h_vs_0h"
"ENSMUSG00000017188",0.998537179780918,0.635720196568633,1,"4h_vs_0h"
"ENSMUSG00000022312",0.250706975853682,0.635742688180991,1,"4h_vs_0h"
"ENSMUSG00000061479",-0.201469281101911,0.63593941002696,1,"4h_vs_0h"
"ENSMUSG00000005656",0.281628157992703,0.636181307670636,1,"4h_vs_0h"
"ENSMUSG00000019804",0.0386021340279505,0.636580772736593,1,"4h_vs_0h"
"ENSMUSG00000024614",-0.0630849297298219,0.636591993519619,1,"4h_vs_0h"
"ENSMUSG00000091537",-0.526988629353703,0.637112746805701,1,"4h_vs_0h"
"ENSMUSG00000017485",-0.188113386076093,0.639263106518309,1,"4h_vs_0h"
"ENSMUSG00000029622",0.13698842845999,0.640211795391389,1,"4h_vs_0h"
"ENSMUSG00000020386",0.486724379232761,0.64071318207019,1,"4h_vs_0h"
"ENSMUSG00000029446",0.381123855085914,0.641400528025818,1,"4h_vs_0h"
"ENSMUSG00000019471",0.427324073945002,0.641885258911283,1,"4h_vs_0h"
"ENSMUSG00000090862",-0.0427152826296755,0.64191484014746,1,"4h_vs_0h"
"ENSMUSG00000034088",0.193854505248311,0.642495014168647,1,"4h_vs_0h"
"ENSMUSG00000037062",0.315987549191256,0.642702491375717,1,"4h_vs_0h"
"ENSMUSG00000040562",0.179416665875273,0.643641848887922,1,"4h_vs_0h"
"ENSMUSG00000030603",0.189780083465529,0.64418946421942,1,"4h_vs_0h"
"ENSMUSG00000032932",0.0482058286883777,0.644618689218558,1,"4h_vs_0h"
"ENSMUSG00000052911",-0.101768956224554,0.645970077032953,1,"4h_vs_0h"
"ENSMUSG00000026043",-0.0961740954737635,0.646058560141807,1,"4h_vs_0h"
"ENSMUSG00000018995",0.504016296474028,0.646086553709474,1,"4h_vs_0h"
"ENSMUSG00000020440",0.318557772103023,0.646366914170522,1,"4h_vs_0h"
"ENSMUSG00000039740",0.455074495959362,0.647015672215068,1,"4h_vs_0h"
"ENSMUSG00000028936",-0.0427581287682486,0.647708037958447,1,"4h_vs_0h"
"ENSMUSG00000032580",0.337647150128181,0.64818496516445,1,"4h_vs_0h"
"ENSMUSG00000049090",-0.297167415630231,0.648469993545897,1,"4h_vs_0h"
"ENSMUSG00000038279",-0.32454810000084,0.649008414626845,1,"4h_vs_0h"
"ENSMUSG00000006262",0.65297156300435,0.649262618785951,1,"4h_vs_0h"
"ENSMUSG00000034681",-0.197538690830463,0.6504146618505,1,"4h_vs_0h"
"ENSMUSG00000073422",-0.358413805530066,0.653037987232836,1,"4h_vs_0h"
"ENSMUSG00000051223",0.334738436097304,0.653638591502526,1,"4h_vs_0h"
"ENSMUSG00000034908",0.329817276497327,0.654963224597198,1,"4h_vs_0h"
"ENSMUSG00000020483",-0.0416766455771267,0.656256258242853,1,"4h_vs_0h"
"ENSMUSG00000038717",-0.0461458781630384,0.657119575025083,1,"4h_vs_0h"
"ENSMUSG00000022244",-0.378435688045293,0.657373924637432,1,"4h_vs_0h"
"ENSMUSG00000040359",-0.232738013362997,0.658303647550396,1,"4h_vs_0h"
"ENSMUSG00000020097",-0.0915681125018928,0.658470652785566,1,"4h_vs_0h"
"ENSMUSG00000030058",0.383583072986823,0.658483455462888,1,"4h_vs_0h"
"ENSMUSG00000044030",-1.2650613146406,0.659378587371733,1,"4h_vs_0h"
"ENSMUSG00000008976",0.107335990310613,0.661022249340886,1,"4h_vs_0h"
"ENSMUSG00000036202",-0.316123248164629,0.662362539808333,1,"4h_vs_0h"
"ENSMUSG00000027573",0.933012800064031,0.663082485575357,1,"4h_vs_0h"
"ENSMUSG00000031352",0.0826814952605588,0.664360403504398,1,"4h_vs_0h"
"ENSMUSG00000109324",0.461014678494429,0.665364771215983,1,"4h_vs_0h"
"ENSMUSG00000033216",1.19050362635412,0.665384878620632,1,"4h_vs_0h"
"ENSMUSG00000031701",0.231928148021019,0.665489087902096,1,"4h_vs_0h"
"ENSMUSG00000037563",0.121533462759491,0.666663531231099,1,"4h_vs_0h"
"ENSMUSG00000000759",1.85371195853117,0.66706074612975,1,"4h_vs_0h"
"ENSMUSG00000042073",0.126802991033713,0.667159993682084,1,"4h_vs_0h"
"ENSMUSG00000063406",-2.68602445073622,0.668459000098389,1,"4h_vs_0h"
"ENSMUSG00000001962",0.878421786792664,0.668665461505335,1,"4h_vs_0h"
"ENSMUSG00000025903",0.281066077197831,0.668717471591261,1,"4h_vs_0h"
"ENSMUSG00000007880",1.47576792600048,0.669070773776531,1,"4h_vs_0h"
"ENSMUSG00000026781",-0.47228994756755,0.669212345487999,1,"4h_vs_0h"
"ENSMUSG00000018882",-0.225755251466321,0.670080127443837,1,"4h_vs_0h"
"ENSMUSG00000029185",0.857055062629467,0.670296697150799,1,"4h_vs_0h"
"ENSMUSG00000025246",0.494421068263996,0.670574814398524,1,"4h_vs_0h"
"ENSMUSG00000038417",0.598253858063824,0.670887846595268,1,"4h_vs_0h"
"ENSMUSG00000022565",-0.0517217087477384,0.671134621980931,1,"4h_vs_0h"
"ENSMUSG00000058076",1.05685843573609,0.671147572910081,1,"4h_vs_0h"
"ENSMUSG00000032575",0.0658547305012398,0.671258581134654,1,"4h_vs_0h"
"ENSMUSG00000074797",0.458234048981108,0.672978712296665,1,"4h_vs_0h"
"ENSMUSG00000004846",-0.0921952990624675,0.673752296524636,1,"4h_vs_0h"
"ENSMUSG00000069769",0.615393485815957,0.674036797114853,1,"4h_vs_0h"
"ENSMUSG00000055943",-0.37587771434745,0.674440693816916,1,"4h_vs_0h"
"ENSMUSG00000018567",-0.490109074542584,0.67491733022959,1,"4h_vs_0h"
"ENSMUSG00000027447",-0.895037887525572,0.674919751133356,1,"4h_vs_0h"
"ENSMUSG00000057278",-0.325373534286616,0.67707221517893,1,"4h_vs_0h"
"ENSMUSG00000037820",0.21604312090507,0.677933150817992,1,"4h_vs_0h"
"ENSMUSG00000006998",0.180963007612366,0.678227902398768,1,"4h_vs_0h"
"ENSMUSG00000026234",-0.0201428781050303,0.678309517284308,1,"4h_vs_0h"
"ENSMUSG00000033423",-0.54934579210186,0.678414211349305,1,"4h_vs_0h"
"ENSMUSG00000030062",-0.027521536002812,0.67910629098461,1,"4h_vs_0h"
"ENSMUSG00000033285",-0.207865351287609,0.679786933970358,1,"4h_vs_0h"
"ENSMUSG00000038902",0.406594856967114,0.679990677017438,1,"4h_vs_0h"
"ENSMUSG00000024853",-0.0986944451480412,0.680725370265708,1,"4h_vs_0h"
"ENSMUSG00000050708",0.118391113915433,0.68228994607459,1,"4h_vs_0h"
"ENSMUSG00000032481",-0.1866581855733,0.683096972508498,1,"4h_vs_0h"
"ENSMUSG00000020802",0.461000231045407,0.683399655451986,1,"4h_vs_0h"
"ENSMUSG00000000827",1.40736441958991,0.683692725871624,1,"4h_vs_0h"
"ENSMUSG00000004880",-0.144061112855884,0.684229684102629,1,"4h_vs_0h"
"ENSMUSG00000015932",0.149503353758504,0.684498414621254,1,"4h_vs_0h"
"ENSMUSG00000026500",-0.688086206077987,0.684578204481688,1,"4h_vs_0h"
"ENSMUSG00000003660",-0.194582689995634,0.684889275979559,1,"4h_vs_0h"
"ENSMUSG00000035637",0.222218338275727,0.685469738626621,1,"4h_vs_0h"
"ENSMUSG00000031360",0.544131093427698,0.68576980496956,1,"4h_vs_0h"
"ENSMUSG00000024228",0.427057373362199,0.686762077239522,1,"4h_vs_0h"
"ENSMUSG00000028847",1.5812431354967,0.686929691021877,1,"4h_vs_0h"
"ENSMUSG00000024601",0.302824798856733,0.68729115428746,1,"4h_vs_0h"
"ENSMUSG00000000340",-0.0266746659513011,0.687600212329757,1,"4h_vs_0h"
"ENSMUSG00000031818",-0.212192906487747,0.688014167693245,1,"4h_vs_0h"
"ENSMUSG00000042647",0.386248849265716,0.688148747274982,1,"4h_vs_0h"
"ENSMUSG00000022336",0.283152911467681,0.688424301178519,1,"4h_vs_0h"
"ENSMUSG00000032042",-0.254200355164421,0.688843406083607,1,"4h_vs_0h"
"ENSMUSG00000032525",0.471927439919611,0.689123889761405,1,"4h_vs_0h"
"ENSMUSG00000027332",-0.166551149974268,0.691220035973741,1,"4h_vs_0h"
"ENSMUSG00000030678",0.526764004108067,0.692476545245008,1,"4h_vs_0h"
"ENSMUSG00000022557",-0.301824771852043,0.692702184005447,1,"4h_vs_0h"
"ENSMUSG00000000278",0.0843589851907289,0.693633517843589,1,"4h_vs_0h"
"ENSMUSG00000024079",0.247539765342825,0.695549236122101,1,"4h_vs_0h"
"ENSMUSG00000116165",2.10456151167132,0.695671488351959,1,"4h_vs_0h"
"ENSMUSG00000031229",-0.123477793397871,0.695723667514361,1,"4h_vs_0h"
"ENSMUSG00000042605",0.535374091459271,0.697093754650518,1,"4h_vs_0h"
"ENSMUSG00000049038",-0.0387434445593442,0.697167617529156,1,"4h_vs_0h"
"ENSMUSG00000006304",0.472043620634057,0.697461177626579,1,"4h_vs_0h"
"ENSMUSG00000024097",-0.338840001125917,0.697491249318827,1,"4h_vs_0h"
"ENSMUSG00000029759",-0.189862296326108,0.697707477253321,1,"4h_vs_0h"
"ENSMUSG00000029840",0.399228179291022,0.698404528540689,1,"4h_vs_0h"
"ENSMUSG00000027999",-0.131095437017343,0.69894518751422,1,"4h_vs_0h"
"ENSMUSG00000093904",0.152880882520428,0.699709895707701,1,"4h_vs_0h"
"ENSMUSG00000024360",0.616610199462446,0.701291040673182,1,"4h_vs_0h"
"ENSMUSG00000027671",-0.18496697823036,0.70261021936441,1,"4h_vs_0h"
"ENSMUSG00000006717",-0.0315969417498323,0.702621336199463,1,"4h_vs_0h"
"ENSMUSG00000026439",-0.29838238782321,0.703183358338676,1,"4h_vs_0h"
"ENSMUSG00000028937",0.0518376877675557,0.70366556140427,1,"4h_vs_0h"
"ENSMUSG00000062270",1.04912885726367,0.704657378373163,1,"4h_vs_0h"
"ENSMUSG00000037487",0.17674252053428,0.70534352138165,1,"4h_vs_0h"
"ENSMUSG00000031357",0.478162724454009,0.705400385040283,1,"4h_vs_0h"
"ENSMUSG00000029147",0.479475362319697,0.706009273316697,1,"4h_vs_0h"
"ENSMUSG00000022890",0.0504522518748516,0.708032862357041,1,"4h_vs_0h"
"ENSMUSG00000059811",-0.262867732857853,0.709300616392391,1,"4h_vs_0h"
"ENSMUSG00000028609",0.0998258748970393,0.709452121644036,1,"4h_vs_0h"
"ENSMUSG00000021235",-0.168620814702603,0.711190680414173,1,"4h_vs_0h"
"ENSMUSG00000040322",0.0201278774866296,0.711339105678155,1,"4h_vs_0h"
"ENSMUSG00000026775",-0.115088171082039,0.711788856884294,1,"4h_vs_0h"
"ENSMUSG00000015291",0.545711289688846,0.712090204479153,1,"4h_vs_0h"
"ENSMUSG00000005374",-0.1453128120123,0.712664842342565,1,"4h_vs_0h"
"ENSMUSG00000038024",0.937703826020993,0.713316066772765,1,"4h_vs_0h"
"ENSMUSG00000061455",-0.355418192604965,0.714043585022462,1,"4h_vs_0h"
"ENSMUSG00000020841",-0.138859089356927,0.714254296237966,1,"4h_vs_0h"
"ENSMUSG00000031403",-0.191616571648858,0.714687420004335,1,"4h_vs_0h"
"ENSMUSG00000046897",0.409056999376403,0.714775353516599,1,"4h_vs_0h"
"ENSMUSG00000025049",-0.550726050343918,0.714827604317241,1,"4h_vs_0h"
"ENSMUSG00000028032",0.443943560031922,0.715102053703824,1,"4h_vs_0h"
"ENSMUSG00000004460",0.0891826429839035,0.716041385541963,1,"4h_vs_0h"
"ENSMUSG00000031555",0.226181731518277,0.716558099609036,1,"4h_vs_0h"
"ENSMUSG00000035198",0.238979450637153,0.717527266733656,1,"4h_vs_0h"
"ENSMUSG00000000594",-0.0663894342920948,0.717583695988976,1,"4h_vs_0h"
"ENSMUSG00000030512",-0.197907804064702,0.717709314567165,1,"4h_vs_0h"
"ENSMUSG00000028412",1.25925271006902,0.719248426257754,1,"4h_vs_0h"
"ENSMUSG00000003779",-0.227415100161764,0.719743516715771,1,"4h_vs_0h"
"ENSMUSG00000029094",-0.0293581608984539,0.720106440808976,1,"4h_vs_0h"
"ENSMUSG00000004865",0.273934047717443,0.721283596806664,1,"4h_vs_0h"
"ENSMUSG00000027997",1.63741754124142,0.721742186181129,1,"4h_vs_0h"
"ENSMUSG00000013701",-0.221141857931421,0.723264795804882,1,"4h_vs_0h"
"ENSMUSG00000040888",-0.589166348237352,0.723372672964009,1,"4h_vs_0h"
"ENSMUSG00000003161",0.296964458029969,0.724025157121756,1,"4h_vs_0h"
"ENSMUSG00000024158",0.268556093382351,0.724118801033024,1,"4h_vs_0h"
"ENSMUSG00000021764",-0.029447757466027,0.72434359635246,1,"4h_vs_0h"
"ENSMUSG00000001774",1.72568819441967,0.724487525208383,1,"4h_vs_0h"
"ENSMUSG00000068747",-0.231427703729523,0.724780459245991,1,"4h_vs_0h"
"ENSMUSG00000032212",-0.927940542202769,0.72480531457792,1,"4h_vs_0h"
"ENSMUSG00000040681",0.0690517987064041,0.725354907957883,1,"4h_vs_0h"
"ENSMUSG00000079553",-0.723686469797517,0.725813084455983,1,"4h_vs_0h"
"ENSMUSG00000042323",-0.223344964487769,0.726556497198414,1,"4h_vs_0h"
"ENSMUSG00000037935",0.0713974291818076,0.726603480291021,1,"4h_vs_0h"
"ENSMUSG00000001794",0.407077205480952,0.728698710154593,1,"4h_vs_0h"
"ENSMUSG00000059291",0.0240801918660623,0.729041722470368,1,"4h_vs_0h"
"ENSMUSG00000021520",-0.0428248206616573,0.729468011142973,1,"4h_vs_0h"
"ENSMUSG00000020368",0.0319468181447036,0.729528966139118,1,"4h_vs_0h"
"ENSMUSG00000028410",0.291008561611324,0.729732768337924,1,"4h_vs_0h"
"ENSMUSG00000025810",-0.231465925153596,0.730498986523368,1,"4h_vs_0h"
"ENSMUSG00000030316",-0.239861344992057,0.731098248648517,1,"4h_vs_0h"
"ENSMUSG00000029993",0.10752349252645,0.732622817869196,1,"4h_vs_0h"
"ENSMUSG00000034807",-0.0337297843191671,0.735061514180546,1,"4h_vs_0h"
"ENSMUSG00000046836",0.710487940532033,0.73625386035643,1,"4h_vs_0h"
"ENSMUSG00000024978",-0.371168952715141,0.73644290744969,1,"4h_vs_0h"
"ENSMUSG00000029098",-0.339419164123015,0.738036866575005,1,"4h_vs_0h"
"ENSMUSG00000038467",0.417269399700153,0.738156020020277,1,"4h_vs_0h"
"ENSMUSG00000028567",-0.0326771709612643,0.738482664519227,1,"4h_vs_0h"
"ENSMUSG00000030835",-0.0927072465626253,0.73850687737103,1,"4h_vs_0h"
"ENSMUSG00000046841",-0.0142383716101335,0.738684736318271,1,"4h_vs_0h"
"ENSMUSG00000029407",0.290861682264104,0.740702903898532,1,"4h_vs_0h"
"ENSMUSG00000051256",0.58124131991001,0.741996473309602,1,"4h_vs_0h"
"ENSMUSG00000001289",0.59958243226097,0.742694265324767,1,"4h_vs_0h"
"ENSMUSG00000024188",0.61752656106853,0.743100563582841,1,"4h_vs_0h"
"ENSMUSG00000003437",-0.171033989931008,0.743312754260748,1,"4h_vs_0h"
"ENSMUSG00000049775",-0.689276737158224,0.744297550995122,1,"4h_vs_0h"
"ENSMUSG00000031715",-0.254597253434714,0.745012848039614,1,"4h_vs_0h"
"ENSMUSG00000022947",1.0627941465252,0.746625393086386,1,"4h_vs_0h"
"ENSMUSG00000002767",0.0305119379748078,0.746830012947506,1,"4h_vs_0h"
"ENSMUSG00000058355",0.519921917525423,0.747735826449371,1,"4h_vs_0h"
"ENSMUSG00000047879",0.409050735768815,0.748840906128051,1,"4h_vs_0h"
"ENSMUSG00000009563",-0.315554848554978,0.749221401827392,1,"4h_vs_0h"
"ENSMUSG00000064302",1.89051939151265,0.749288553364461,1,"4h_vs_0h"
"ENSMUSG00000026245",0.505330614658156,0.749830272896329,1,"4h_vs_0h"
"ENSMUSG00000078695",0.0406726164289317,0.749870953034792,1,"4h_vs_0h"
"ENSMUSG00000003131",0.17403040585743,0.750569594769323,1,"4h_vs_0h"
"ENSMUSG00000004451",-0.11005401256341,0.751024336622092,1,"4h_vs_0h"
"ENSMUSG00000034211",-0.317432537858995,0.751679834409864,1,"4h_vs_0h"
"ENSMUSG00000008682",0.130881312092693,0.752430969429808,1,"4h_vs_0h"
"ENSMUSG00000075229",-0.169198911309746,0.752573285228019,1,"4h_vs_0h"
"ENSMUSG00000052833",0.408654990942637,0.7528164646358,1,"4h_vs_0h"
"ENSMUSG00000026198",-0.437115532009358,0.753694771155743,1,"4h_vs_0h"
"ENSMUSG00000027131",0.878505178248709,0.75421035653414,1,"4h_vs_0h"
"ENSMUSG00000094724",0.528435883154664,0.754411900282858,1,"4h_vs_0h"
"ENSMUSG00000022235",0.923705216442741,0.755017798951598,1,"4h_vs_0h"
"ENSMUSG00000007041",0.218999859985924,0.755155624868952,1,"4h_vs_0h"
"ENSMUSG00000021460",-0.144512982130781,0.755841755655551,1,"4h_vs_0h"
"ENSMUSG00000000631",0.47824526124035,0.75601652709493,1,"4h_vs_0h"
"ENSMUSG00000027304",2.30511430710337,0.756239741562554,1,"4h_vs_0h"
"ENSMUSG00000032849",-0.154640116885368,0.757309480305967,1,"4h_vs_0h"
"ENSMUSG00000046573",-0.0307905597223694,0.757453346810797,1,"4h_vs_0h"
"ENSMUSG00000033429",0.820027510179475,0.758078147505367,1,"4h_vs_0h"
"ENSMUSG00000001020",1.3524242248189,0.758297303569474,1,"4h_vs_0h"
"ENSMUSG00000011257",0.110384794701059,0.758513015006932,1,"4h_vs_0h"
"ENSMUSG00000014301",-0.335656078519417,0.758950697310218,1,"4h_vs_0h"
"ENSMUSG00000016664",0.459086988095091,0.759201206176084,1,"4h_vs_0h"
"ENSMUSG00000031783",-0.176622793145288,0.759880336517231,1,"4h_vs_0h"
"ENSMUSG00000028179",0.555007053964125,0.760522550401143,1,"4h_vs_0h"
"ENSMUSG00000024007",-0.034001191015026,0.760637653958207,1,"4h_vs_0h"
"ENSMUSG00000025911",-0.14648973247143,0.761004217797056,1,"4h_vs_0h"
"ENSMUSG00000029616",-0.0479013675845543,0.761190761093233,1,"4h_vs_0h"
"ENSMUSG00000026355",0.0120169889551001,0.761296375260351,1,"4h_vs_0h"
"ENSMUSG00000027242",-1.52586208403076,0.762169773890212,1,"4h_vs_0h"
"ENSMUSG00000021178",0.23269847923649,0.762492125984419,1,"4h_vs_0h"
"ENSMUSG00000039197",0.238123132753582,0.762785395733032,1,"4h_vs_0h"
"ENSMUSG00000003617",0.309685239915403,0.762815255326556,1,"4h_vs_0h"
"ENSMUSG00000032263",-0.168013300105077,0.76288805037885,1,"4h_vs_0h"
"ENSMUSG00000020863",-0.123372613829741,0.763345974929027,1,"4h_vs_0h"
"ENSMUSG00000030615",-0.165848761605357,0.763618642505209,1,"4h_vs_0h"
"ENSMUSG00000017969",0.918389240251262,0.763770410807626,1,"4h_vs_0h"
"ENSMUSG00000033845",-0.301522144538865,0.763780098958988,1,"4h_vs_0h"
"ENSMUSG00000015747",-0.142587023174112,0.763848179557189,1,"4h_vs_0h"
"ENSMUSG00000026238",-0.0501952050698051,0.764648619948782,1,"4h_vs_0h"
"ENSMUSG00000028990",1.14948506004457,0.764678380381275,1,"4h_vs_0h"
"ENSMUSG00000001424",-0.0316689035344204,0.764723815314786,1,"4h_vs_0h"
"ENSMUSG00000005506",-0.207941718491288,0.765233212295848,1,"4h_vs_0h"
"ENSMUSG00000018417",-0.0673540822083858,0.766067957672426,1,"4h_vs_0h"
"ENSMUSG00000025001",-0.358224275763664,0.767395485720216,1,"4h_vs_0h"
"ENSMUSG00000067288",0.0387648300125285,0.767514264849131,1,"4h_vs_0h"
"ENSMUSG00000034926",-0.736528493072743,0.767912989294848,1,"4h_vs_0h"
"ENSMUSG00000057863",-0.0164721253712123,0.768386699193145,1,"4h_vs_0h"
"ENSMUSG00000026192",0.280036854018533,0.769437197907292,1,"4h_vs_0h"
"ENSMUSG00000001119",-0.13424060209751,0.769903453003898,1,"4h_vs_0h"
"ENSMUSG00000020085",-0.0251224132434373,0.771318546072498,1,"4h_vs_0h"
"ENSMUSG00000010608",-0.0282278100700211,0.77150993625271,1,"4h_vs_0h"
"ENSMUSG00000038766",0.244896559953748,0.772156133967626,1,"4h_vs_0h"
"ENSMUSG00000040725",-0.11723830629175,0.772332765976312,1,"4h_vs_0h"
"ENSMUSG00000020534",0.505019534668659,0.773189246849567,1,"4h_vs_0h"
"ENSMUSG00000037353",-0.162807747983102,0.774734851273336,1,"4h_vs_0h"
"ENSMUSG00000031402",-0.252281364109642,0.775885593181864,1,"4h_vs_0h"
"ENSMUSG00000007670",-0.108180758538527,0.777176583529557,1,"4h_vs_0h"
"ENSMUSG00000038880",-0.402487718963133,0.777970686829437,1,"4h_vs_0h"
"ENSMUSG00000027108",0.448475187589434,0.77805472403326,1,"4h_vs_0h"
"ENSMUSG00000040043",0.113665684003141,0.778239538892941,1,"4h_vs_0h"
"ENSMUSG00000024668",-0.19943569846631,0.778419462278374,1,"4h_vs_0h"
"ENSMUSG00000027852",0.410829971493953,0.778519248829185,1,"4h_vs_0h"
"ENSMUSG00000028382",-0.00989108588199628,0.778843210958947,1,"4h_vs_0h"
"ENSMUSG00000020736",-0.605201092471805,0.77997229052596,1,"4h_vs_0h"
"ENSMUSG00000020897",-0.199095511193843,0.780080665429858,1,"4h_vs_0h"
"ENSMUSG00000020549",0.473485714901237,0.780559249742982,1,"4h_vs_0h"
"ENSMUSG00000031246",0.298748299404529,0.780660086088886,1,"4h_vs_0h"
"ENSMUSG00000026999",-0.161292166250337,0.781123794533965,1,"4h_vs_0h"
"ENSMUSG00000023845",-0.0177140517747603,0.781362370137012,1,"4h_vs_0h"
"ENSMUSG00000025142",1.09206509896,0.781556689282706,1,"4h_vs_0h"
"ENSMUSG00000030095",-0.147400301727984,0.781963736012104,1,"4h_vs_0h"
"ENSMUSG00000020929",-0.172908758763469,0.781988520899467,1,"4h_vs_0h"
"ENSMUSG00000026623",-0.195104347042513,0.782759109020194,1,"4h_vs_0h"
"ENSMUSG00000028719",0.30754773481727,0.783156810013266,1,"4h_vs_0h"
"ENSMUSG00000022295",0.309119743271705,0.783632865733084,1,"4h_vs_0h"
"ENSMUSG00000029311",0.305253933565574,0.784179243116391,1,"4h_vs_0h"
"ENSMUSG00000087260",0.342112282907621,0.784506876918612,1,"4h_vs_0h"
"ENSMUSG00000024164",-1.88875342698783,0.784601469621156,1,"4h_vs_0h"
"ENSMUSG00000042312",-0.11862148286302,0.786145055407427,1,"4h_vs_0h"
"ENSMUSG00000028049",0.0370146065772445,0.787274556101471,1,"4h_vs_0h"
"ENSMUSG00000002546",-0.245858890048002,0.78809350380619,1,"4h_vs_0h"
"ENSMUSG00000032026",0.693119712320129,0.788293846635234,1,"4h_vs_0h"
"ENSMUSG00000020649",2.19069545989515,0.788390430968145,1,"4h_vs_0h"
"ENSMUSG00000036504",0.334683967194454,0.789405559504809,1,"4h_vs_0h"
"ENSMUSG00000003038",0.0697554263600644,0.789580528103476,1,"4h_vs_0h"
"ENSMUSG00000034022",-0.267220758665456,0.789752182789885,1,"4h_vs_0h"
"ENSMUSG00000049960",-0.318608876596901,0.789788441064328,1,"4h_vs_0h"
"ENSMUSG00000057738",0.0328237666589573,0.789967864224132,1,"4h_vs_0h"
"ENSMUSG00000060904",0.459176492287636,0.790323096316938,1,"4h_vs_0h"
"ENSMUSG00000023723",-0.234709338579059,0.791095836900568,1,"4h_vs_0h"
"ENSMUSG00000034462",0.601374271384351,0.791150883403995,1,"4h_vs_0h"
"ENSMUSG00000060261",-0.175979477569665,0.793167607240556,1,"4h_vs_0h"
"ENSMUSG00000060935",0.323774535568415,0.793561534352536,1,"4h_vs_0h"
"ENSMUSG00000027639",0.285997305206276,0.794318389193816,1,"4h_vs_0h"
"ENSMUSG00000071646",-0.0807503231310491,0.794930063694346,1,"4h_vs_0h"
"ENSMUSG00000027797",1.29648656952381,0.795643295594165,1,"4h_vs_0h"
"ENSMUSG00000031349",-0.137491559821264,0.796402140942974,1,"4h_vs_0h"
"ENSMUSG00000024091",0.025372673598131,0.797187319645191,1,"4h_vs_0h"
"ENSMUSG00000031660",-0.686289626768268,0.79732415454545,1,"4h_vs_0h"
"ENSMUSG00000019579",-0.0917590113804962,0.797796223718976,1,"4h_vs_0h"
"ENSMUSG00000020124",0.259806132113372,0.797989156667875,1,"4h_vs_0h"
"ENSMUSG00000022770",-0.0915310414663857,0.798071213456776,1,"4h_vs_0h"
"ENSMUSG00000026895",-0.0238305807354813,0.798596724275578,1,"4h_vs_0h"
"ENSMUSG00000035726",0.0281305669835987,0.799455285683055,1,"4h_vs_0h"
"ENSMUSG00000031862",-0.168352339469049,0.800220884340086,1,"4h_vs_0h"
"ENSMUSG00000046879",0.196941435605446,0.800402720526577,1,"4h_vs_0h"
"ENSMUSG00000040565",2.76588826263454,0.800813763444921,1,"4h_vs_0h"
"ENSMUSG00000034906",0.0402296799310768,0.800881355149394,1,"4h_vs_0h"
"ENSMUSG00000036606",0.181537527609297,0.800882837800589,1,"4h_vs_0h"
"ENSMUSG00000041781",-0.275007359450022,0.801454750193166,1,"4h_vs_0h"
"ENSMUSG00000078622",-0.0434590296237367,0.802075462417771,1,"4h_vs_0h"
"ENSMUSG00000027962",1.08760142047851,0.802355142206187,1,"4h_vs_0h"
"ENSMUSG00000063882",-0.0314003288716833,0.803066576151091,1,"4h_vs_0h"
"ENSMUSG00000024835",0.0556988749795515,0.804328597778339,1,"4h_vs_0h"
"ENSMUSG00000058258",0.179705018561641,0.804758650355144,1,"4h_vs_0h"
"ENSMUSG00000041841",0.121760390253648,0.804774304043784,1,"4h_vs_0h"
"ENSMUSG00000049439",0.14204845444867,0.804902950835748,1,"4h_vs_0h"
"ENSMUSG00000068523",-1.06877040041454,0.805062674778125,1,"4h_vs_0h"
"ENSMUSG00000029916",0.13445781882016,0.80527883897202,1,"4h_vs_0h"
"ENSMUSG00000024645",-0.0346614871195499,0.80538701707712,1,"4h_vs_0h"
"ENSMUSG00000078920",-0.175691400062085,0.806325916287634,1,"4h_vs_0h"
"ENSMUSG00000028409",-0.330530099514355,0.80693547708808,1,"4h_vs_0h"
"ENSMUSG00000026860",0.329793977348693,0.80712053287983,1,"4h_vs_0h"
"ENSMUSG00000025381",0.0206548202661736,0.807414983418835,1,"4h_vs_0h"
"ENSMUSG00000032171",0.359181098575235,0.807437585676145,1,"4h_vs_0h"
"ENSMUSG00000029554",0.331040773757991,0.807693777996019,1,"4h_vs_0h"
"ENSMUSG00000028672",-0.0386559292368212,0.808652745557958,1,"4h_vs_0h"
"ENSMUSG00000035692",0.623830179381567,0.808784747714433,1,"4h_vs_0h"
"ENSMUSG00000025525",-0.0158622192747693,0.809023973948927,1,"4h_vs_0h"
"ENSMUSG00000052459",0.0917052347867262,0.809168525682108,1,"4h_vs_0h"
"ENSMUSG00000024077",0.0622746864662496,0.810321763029193,1,"4h_vs_0h"
"ENSMUSG00000030613",0.23268417682544,0.810538623507306,1,"4h_vs_0h"
"ENSMUSG00000026817",0.377906778127478,0.810907913968684,1,"4h_vs_0h"
"ENSMUSG00000021737",0.283233521933983,0.812027189797833,1,"4h_vs_0h"
"ENSMUSG00000022053",-0.120660408442983,0.812152199264591,1,"4h_vs_0h"
"ENSMUSG00000008690",0.497305517857647,0.812816504234904,1,"4h_vs_0h"
"ENSMUSG00000031516",0.242206300981398,0.813437565315898,1,"4h_vs_0h"
"ENSMUSG00000072772",-1.33609687795657,0.814390450565633,1,"4h_vs_0h"
"ENSMUSG00000028149",0.308067661047524,0.814953108606198,1,"4h_vs_0h"
"ENSMUSG00000040269",-0.145328512000365,0.815025758002595,1,"4h_vs_0h"
"ENSMUSG00000022807",0.140600983207239,0.815642089761,1,"4h_vs_0h"
"ENSMUSG00000026516",0.559342108908115,0.81570474373623,1,"4h_vs_0h"
"ENSMUSG00000024309",-0.2636206687467,0.816456678094376,1,"4h_vs_0h"
"ENSMUSG00000034021",-0.0343453910308078,0.817369402328017,1,"4h_vs_0h"
"ENSMUSG00000024644",0.345560551978359,0.817646586011688,1,"4h_vs_0h"
"ENSMUSG00000026193",0.144104393305881,0.817671964674375,1,"4h_vs_0h"
"ENSMUSG00000001855",0.0338625839491158,0.817945987087234,1,"4h_vs_0h"
"ENSMUSG00000055065",-0.114733362076826,0.818265739974619,1,"4h_vs_0h"
"ENSMUSG00000021666",-0.128828827748073,0.818447136793685,1,"4h_vs_0h"
"ENSMUSG00000048170",0.303811359223481,0.818524827551725,1,"4h_vs_0h"
"ENSMUSG00000062867",0.416778229814817,0.818613263227868,1,"4h_vs_0h"
"ENSMUSG00000023939",0.648771676865113,0.81866305683148,1,"4h_vs_0h"
"ENSMUSG00000018340",-0.814764412401288,0.819056511710464,1,"4h_vs_0h"
"ENSMUSG00000026958",-0.174882580711124,0.82035565888163,1,"4h_vs_0h"
"ENSMUSG00000022427",-0.139697935808417,0.820842992729225,1,"4h_vs_0h"
"ENSMUSG00000039047",0.377915957281559,0.821014980652398,1,"4h_vs_0h"
"ENSMUSG00000051495",0.352096601379206,0.821258388990928,1,"4h_vs_0h"
"ENSMUSG00000031068",0.377588465719132,0.821693763451383,1,"4h_vs_0h"
"ENSMUSG00000063146",1.59548845142804,0.821950610792431,1,"4h_vs_0h"
"ENSMUSG00000097239",2.35646133070058,0.822833627292973,1,"4h_vs_0h"
"ENSMUSG00000038936",-0.163985058264462,0.823876359895013,1,"4h_vs_0h"
"ENSMUSG00000066148",-0.147217722143967,0.824076089397574,1,"4h_vs_0h"
"ENSMUSG00000004268",-0.798262266191241,0.824093035725331,1,"4h_vs_0h"
"ENSMUSG00000036781",-0.0286742798031874,0.824414996272932,1,"4h_vs_0h"
"ENSMUSG00000029028",0.459527820731864,0.824501803083917,1,"4h_vs_0h"
"ENSMUSG00000028670",-0.480573367981371,0.824699985244982,1,"4h_vs_0h"
"ENSMUSG00000036850",0.0297942109463527,0.824740099834406,1,"4h_vs_0h"
"ENSMUSG00000030842",-0.18783867540068,0.825698399611755,1,"4h_vs_0h"
"ENSMUSG00000032803",0.434436628192358,0.826476558082124,1,"4h_vs_0h"
"ENSMUSG00000030037",-0.512035866424466,0.826615055094198,1,"4h_vs_0h"
"ENSMUSG00000052428",2.35443532212822,0.82692062326653,1,"4h_vs_0h"
"ENSMUSG00000025626",-0.146289180936868,0.826943343874004,1,"4h_vs_0h"
"ENSMUSG00000030605",-0.122923450973182,0.82717941857475,1,"4h_vs_0h"
"ENSMUSG00000032178",-0.18383226055456,0.827422752563926,1,"4h_vs_0h"
"ENSMUSG00000029598",-0.0592903132294431,0.827777321338372,1,"4h_vs_0h"
"ENSMUSG00000042625",-0.194231088606429,0.827908825567274,1,"4h_vs_0h"
"ENSMUSG00000027680",0.0985791477138775,0.82791618464971,1,"4h_vs_0h"
"ENSMUSG00000022814",0.306909233779212,0.828087766509874,1,"4h_vs_0h"
"ENSMUSG00000024498",0.181781774483181,0.828294282276518,1,"4h_vs_0h"
"ENSMUSG00000019302",-0.0934078749154281,0.828328590418708,1,"4h_vs_0h"
"ENSMUSG00000028156",0.571465075775517,0.828454131650452,1,"4h_vs_0h"
"ENSMUSG00000022757",0.370714751338109,0.828805059924762,1,"4h_vs_0h"
"ENSMUSG00000056629",-0.0186467227848404,0.828939598083272,1,"4h_vs_0h"
"ENSMUSG00000036285",0.413227154444865,0.82920454984067,1,"4h_vs_0h"
"ENSMUSG00000008333",-1.10855240833978,0.830251716718675,1,"4h_vs_0h"
"ENSMUSG00000048109",-0.103571759948242,0.830589694292248,1,"4h_vs_0h"
"ENSMUSG00000029328",0.0290123300248233,0.830774087829921,1,"4h_vs_0h"
"ENSMUSG00000025873",-0.318448209717914,0.831167118833399,1,"4h_vs_0h"
"ENSMUSG00000029426",-0.0246253528772016,0.831594994006467,1,"4h_vs_0h"
"ENSMUSG00000020775",-0.151847383966263,0.833016370092835,1,"4h_vs_0h"
"ENSMUSG00000091780",0.490126382418474,0.833092468480503,1,"4h_vs_0h"
"ENSMUSG00000058569",0.155345118197388,0.834453414067835,1,"4h_vs_0h"
"ENSMUSG00000041133",-0.103943778416031,0.834511378785161,1,"4h_vs_0h"
"ENSMUSG00000040151",-0.563069698946205,0.834945793088226,1,"4h_vs_0h"
"ENSMUSG00000028766",-0.201371377716239,0.835615953526148,1,"4h_vs_0h"
"ENSMUSG00000053286",0.521955498987406,0.835941176995308,1,"4h_vs_0h"
"ENSMUSG00000003299",-0.109442230313991,0.836386851279719,1,"4h_vs_0h"
"ENSMUSG00000031386",-0.105836971721672,0.836836667299712,1,"4h_vs_0h"
"ENSMUSG00000022139",0.262895714126028,0.837536220373628,1,"4h_vs_0h"
"ENSMUSG00000029580",0.0213978809020077,0.837605724321999,1,"4h_vs_0h"
"ENSMUSG00000024576",0.0477249172824727,0.838285719819645,1,"4h_vs_0h"
"ENSMUSG00000035284",0.159202723032472,0.838468585137478,1,"4h_vs_0h"
"ENSMUSG00000029202",-0.0137529176248847,0.838918072268911,1,"4h_vs_0h"
"ENSMUSG00000003731",-0.044155156835135,0.839282743665459,1,"4h_vs_0h"
"ENSMUSG00000066036",1.05414029835887,0.840888244778412,1,"4h_vs_0h"
"ENSMUSG00000034361",-0.134231104364193,0.841053447240777,1,"4h_vs_0h"
"ENSMUSG00000028273",0.460534482316486,0.841596570778007,1,"4h_vs_0h"
"ENSMUSG00000021094",-0.0480641696685424,0.841609666199112,1,"4h_vs_0h"
"ENSMUSG00000009293",-3.77080181546096,0.842153530394583,1,"4h_vs_0h"
"ENSMUSG00000020850",-0.0537835025612701,0.842606232569617,1,"4h_vs_0h"
"ENSMUSG00000028980",-0.13486094533414,0.842762339520284,1,"4h_vs_0h"
"ENSMUSG00000027374",-0.261316913230331,0.844309982564903,1,"4h_vs_0h"
"ENSMUSG00000044986",-0.0976465794632695,0.844414813819608,1,"4h_vs_0h"
"ENSMUSG00000020576",-0.215953802033447,0.845268998453015,1,"4h_vs_0h"
"ENSMUSG00000054405",0.549779984715727,0.845442500387693,1,"4h_vs_0h"
"ENSMUSG00000078923",0.183465203770968,0.845641775295927,1,"4h_vs_0h"
"ENSMUSG00000027422",0.0403652214951187,0.846132882686062,1,"4h_vs_0h"
"ENSMUSG00000035936",0.015517537353567,0.84623214125553,1,"4h_vs_0h"
"ENSMUSG00000001285",0.255601076250002,0.8475319141694,1,"4h_vs_0h"
"ENSMUSG00000016256",0.133499877286201,0.847586142602092,1,"4h_vs_0h"
"ENSMUSG00000021468",0.647362560561778,0.847610098720387,1,"4h_vs_0h"
"ENSMUSG00000020949",0.44994394351502,0.847961430343645,1,"4h_vs_0h"
"ENSMUSG00000062014",0.811311999965646,0.848164539346319,1,"4h_vs_0h"
"ENSMUSG00000026887",-0.0707209557530426,0.848204220247393,1,"4h_vs_0h"
"ENSMUSG00000006373",-0.0152548301708784,0.849157789701058,1,"4h_vs_0h"
"ENSMUSG00000061778",0.496157616465926,0.849673204010687,1,"4h_vs_0h"
"ENSMUSG00000027293",0.473805459356818,0.850357102986132,1,"4h_vs_0h"
"ENSMUSG00000028102",-0.148422130830969,0.850386942674399,1,"4h_vs_0h"
"ENSMUSG00000037936",-0.0549575652584124,0.851110975905452,1,"4h_vs_0h"
"ENSMUSG00000029998",0.0193430842664135,0.851194932437255,1,"4h_vs_0h"
"ENSMUSG00000025503",0.507152223718833,0.851293140864647,1,"4h_vs_0h"
"ENSMUSG00000054611",0.16762663505666,0.851699802596423,1,"4h_vs_0h"
"ENSMUSG00000034432",0.08301879949056,0.852217373359504,1,"4h_vs_0h"
"ENSMUSG00000001016",-0.13200235164129,0.8522648197559,1,"4h_vs_0h"
"ENSMUSG00000025607",0.252753053033718,0.853038563525757,1,"4h_vs_0h"
"ENSMUSG00000025545",-0.0271392015131013,0.853084844153686,1,"4h_vs_0h"
"ENSMUSG00000078348",-0.190510434653707,0.853141376553881,1,"4h_vs_0h"
"ENSMUSG00000030056",0.155468885369231,0.854042197417071,1,"4h_vs_0h"
"ENSMUSG00000024287",-0.210446325367812,0.854067209656592,1,"4h_vs_0h"
"ENSMUSG00000027162",-0.0297136915930096,0.854505925824567,1,"4h_vs_0h"
"ENSMUSG00000066037",-0.0556184533586546,0.854877489920806,1,"4h_vs_0h"
"ENSMUSG00000021427",-0.897104355299906,0.854928636111054,1,"4h_vs_0h"
"ENSMUSG00000026159",1.4385979336191,0.855578619902923,1,"4h_vs_0h"
"ENSMUSG00000027479",0.381947378589278,0.855901657243942,1,"4h_vs_0h"
"ENSMUSG00000026848",-0.192673616901445,0.856318414159356,1,"4h_vs_0h"
"ENSMUSG00000063445",-0.110705335013268,0.857130730015324,1,"4h_vs_0h"
"ENSMUSG00000030718",0.178810230800625,0.85750380046605,1,"4h_vs_0h"
"ENSMUSG00000020745",0.325439194755941,0.85785384546553,1,"4h_vs_0h"
"ENSMUSG00000043962",0.101528981545318,0.857923157130783,1,"4h_vs_0h"
"ENSMUSG00000035027",0.0931773372899869,0.858261774444999,1,"4h_vs_0h"
"ENSMUSG00000021266",0.613197167012693,0.859032642316907,1,"4h_vs_0h"
"ENSMUSG00000008575",0.156338575149629,0.860824146373922,1,"4h_vs_0h"
"ENSMUSG00000024687",0.367977949459725,0.861246092298544,1,"4h_vs_0h"
"ENSMUSG00000025817",0.197912028586099,0.861287325250591,1,"4h_vs_0h"
"ENSMUSG00000038366",0.344096849455791,0.862780838716192,1,"4h_vs_0h"
"ENSMUSG00000020048",-0.00548934873424756,0.863070377510197,1,"4h_vs_0h"
"ENSMUSG00000019659",0.705209805522315,0.863532965746377,1,"4h_vs_0h"
"ENSMUSG00000019907",1.21951054926073,0.864011362294389,1,"4h_vs_0h"
"ENSMUSG00000066979",0.176732967100431,0.864494992234597,1,"4h_vs_0h"
"ENSMUSG00000041645",-0.145835144772171,0.865119763715564,1,"4h_vs_0h"
"ENSMUSG00000025351",0.307908137071173,0.865182249764859,1,"4h_vs_0h"
"ENSMUSG00000006818",0.0145730608200516,0.866720830415051,1,"4h_vs_0h"
"ENSMUSG00000029148",0.325459681243281,0.866927448736768,1,"4h_vs_0h"
"ENSMUSG00000021731",-0.296916090948162,0.867145794343922,1,"4h_vs_0h"
"ENSMUSG00000031533",-0.0875174412107249,0.867214408190995,1,"4h_vs_0h"
"ENSMUSG00000028902",-0.294595082220532,0.867728708347637,1,"4h_vs_0h"
"ENSMUSG00000028809",-0.0524355656883095,0.868005630620613,1,"4h_vs_0h"
"ENSMUSG00000056228",-0.111770740401276,0.868124467120149,1,"4h_vs_0h"
"ENSMUSG00000052698",0.011747520459263,0.868173179472198,1,"4h_vs_0h"
"ENSMUSG00000009079",0.0841611817433687,0.868832752862532,1,"4h_vs_0h"
"ENSMUSG00000022957",2.08300187808174,0.868927710623356,1,"4h_vs_0h"
"ENSMUSG00000001964",-0.0647523624564705,0.868931280888062,1,"4h_vs_0h"
"ENSMUSG00000018189",0.158146615385895,0.869033705289158,1,"4h_vs_0h"
"ENSMUSG00000034101",-0.17149935857972,0.869214789207454,1,"4h_vs_0h"
"ENSMUSG00000029752",0.188449163524314,0.869714258168806,1,"4h_vs_0h"
"ENSMUSG00000027523",-0.171937670719593,0.869814343803833,1,"4h_vs_0h"
"ENSMUSG00000003923",-0.191752515771366,0.870879598999639,1,"4h_vs_0h"
"ENSMUSG00000066568",0.218733967449673,0.871101408687556,1,"4h_vs_0h"
"ENSMUSG00000034424",-0.0453833780683581,0.871560076563465,1,"4h_vs_0h"
"ENSMUSG00000021870",0.148108344288868,0.871706472860609,1,"4h_vs_0h"
"ENSMUSG00000015733",0.294279327532369,0.871915390401469,1,"4h_vs_0h"
"ENSMUSG00000021866",-0.0926783333271111,0.872126701510177,1,"4h_vs_0h"
"ENSMUSG00000003458",0.70365781086527,0.872319656815757,1,"4h_vs_0h"
"ENSMUSG00000024335",-0.638307632753321,0.872572776167761,1,"4h_vs_0h"
"ENSMUSG00000055447",0.122342348257938,0.87297966363712,1,"4h_vs_0h"
"ENSMUSG00000046756",0.0131649006200263,0.873069633080538,1,"4h_vs_0h"
"ENSMUSG00000022710",0.0262802156056878,0.873424772242041,1,"4h_vs_0h"
"ENSMUSG00000015837",0.0280035737252113,0.873553879327106,1,"4h_vs_0h"
"ENSMUSG00000020544",-0.149130735366064,0.873644648268702,1,"4h_vs_0h"
"ENSMUSG00000063316",-0.0144146081062502,0.874051242342952,1,"4h_vs_0h"
"ENSMUSG00000030189",0.131107161371229,0.874248140439473,1,"4h_vs_0h"
"ENSMUSG00000045948",-0.0549271820609398,0.874499284519409,1,"4h_vs_0h"
"ENSMUSG00000025035",0.420715849938048,0.874847310642941,1,"4h_vs_0h"
"ENSMUSG00000029575",-0.278955005624976,0.875805453717025,1,"4h_vs_0h"
"ENSMUSG00000013160",-0.0896057804264814,0.876016161068247,1,"4h_vs_0h"
"ENSMUSG00000020741",0.313132410946732,0.876382125220251,1,"4h_vs_0h"
"ENSMUSG00000029581",0.0916470940009759,0.876452951284814,1,"4h_vs_0h"
"ENSMUSG00000037012",-0.0719645182198505,0.877068565287092,1,"4h_vs_0h"
"ENSMUSG00000040850",1.63047300788296,0.87710694325574,1,"4h_vs_0h"
"ENSMUSG00000008136",1.10991133697988,0.877682934404429,1,"4h_vs_0h"
"ENSMUSG00000020922",0.386307777084149,0.877788871653654,1,"4h_vs_0h"
"ENSMUSG00000025137",1.33250697531472,0.877868880143595,1,"4h_vs_0h"
"ENSMUSG00000029817",-0.43330357079293,0.877957831892907,1,"4h_vs_0h"
"ENSMUSG00000045316",-0.0272491726898849,0.878036343739562,1,"4h_vs_0h"
"ENSMUSG00000020238",-0.174854550851812,0.878819436711468,1,"4h_vs_0h"
"ENSMUSG00000020899",0.477997775153685,0.879476077751109,1,"4h_vs_0h"
"ENSMUSG00000028249",-1.96052096089455,0.880181486581648,1,"4h_vs_0h"
"ENSMUSG00000029482",0.234526401394824,0.880259954863384,1,"4h_vs_0h"
"ENSMUSG00000032612",1.47183765068175,0.881210453889432,1,"4h_vs_0h"
"ENSMUSG00000019470",-0.165016809982831,0.881289248782913,1,"4h_vs_0h"
"ENSMUSG00000044627",1.96724769568574,0.881325069221355,1,"4h_vs_0h"
"ENSMUSG00000005610",0.242099460440947,0.881443610304435,1,"4h_vs_0h"
"ENSMUSG00000021039",-0.280976962204882,0.881608393931384,1,"4h_vs_0h"
"ENSMUSG00000008301",0.609593886329115,0.881617301884056,1,"4h_vs_0h"
"ENSMUSG00000028048",-0.0997584725667728,0.881625236412939,1,"4h_vs_0h"
"ENSMUSG00000004929",0.437691336639251,0.882035650472197,1,"4h_vs_0h"
"ENSMUSG00000030105",0.057237628003012,0.882189126503946,1,"4h_vs_0h"
"ENSMUSG00000038393",-0.140479268568658,0.882665055328826,1,"4h_vs_0h"
"ENSMUSG00000005087",1.46092009403441,0.882792962495961,1,"4h_vs_0h"
"ENSMUSG00000027248",-0.00819867604412394,0.882808902688994,1,"4h_vs_0h"
"ENSMUSG00000038722",0.152344072769061,0.882813358138484,1,"4h_vs_0h"
"ENSMUSG00000060992",0.385118344385496,0.882849543131439,1,"4h_vs_0h"
"ENSMUSG00000025374",1.58976409910682,0.882891212686294,1,"4h_vs_0h"
"ENSMUSG00000025762",1.30852122609677,0.883204419368472,1,"4h_vs_0h"
"ENSMUSG00000075706",0.130115054852915,0.885717412309814,1,"4h_vs_0h"
"ENSMUSG00000002015",-0.0161319028830498,0.886068128927744,1,"4h_vs_0h"
"ENSMUSG00000028478",0.0294043500594228,0.886121322985629,1,"4h_vs_0h"
"ENSMUSG00000041431",-0.0915812486331475,0.886798471348353,1,"4h_vs_0h"
"ENSMUSG00000031134",1.6131440094484,0.887505337334538,1,"4h_vs_0h"
"ENSMUSG00000037415",-0.704175506189301,0.887896151493155,1,"4h_vs_0h"
"ENSMUSG00000039361",0.0767892931371534,0.88800957727963,1,"4h_vs_0h"
"ENSMUSG00000028991",0.154181640231791,0.888220214220016,1,"4h_vs_0h"
"ENSMUSG00000026229",0.121158197776023,0.888318419822785,1,"4h_vs_0h"
"ENSMUSG00000056050",-0.171502355805707,0.888704879329712,1,"4h_vs_0h"
"ENSMUSG00000058351",0.747790134650604,0.889103048466482,1,"4h_vs_0h"
"ENSMUSG00000024844",0.00723102984958501,0.889242539458979,1,"4h_vs_0h"
"ENSMUSG00000040675",-0.0527191792942361,0.889346115709099,1,"4h_vs_0h"
"ENSMUSG00000023104",-0.0500151624282701,0.889733242102129,1,"4h_vs_0h"
"ENSMUSG00000005625",-0.137098859241775,0.889752523685368,1,"4h_vs_0h"
"ENSMUSG00000022142",-0.0511501991281875,0.890576696986278,1,"4h_vs_0h"
"ENSMUSG00000000001",-0.174536150346569,0.890716571276891,1,"4h_vs_0h"
"ENSMUSG00000036580",-1.4773583020819,0.89098515888034,1,"4h_vs_0h"
"ENSMUSG00000024054",-0.136037230756955,0.891096232046598,1,"4h_vs_0h"
"ENSMUSG00000039703",0.267352100992188,0.891244169081029,1,"4h_vs_0h"
"ENSMUSG00000031969",-0.204416827943053,0.891292300886162,1,"4h_vs_0h"
"ENSMUSG00000040521",-0.101817056835348,0.892149752436677,1,"4h_vs_0h"
"ENSMUSG00000064254",-0.189849697798646,0.892687491845844,1,"4h_vs_0h"
"ENSMUSG00000029472",-0.0984031286871883,0.892997563105441,1,"4h_vs_0h"
"ENSMUSG00000029781",0.131539318329811,0.893194015730268,1,"4h_vs_0h"
"ENSMUSG00000024781",0.0436517572956845,0.893312190295777,1,"4h_vs_0h"
"ENSMUSG00000061273",-0.119836837917134,0.89336248709581,1,"4h_vs_0h"
"ENSMUSG00000061758",-0.0207564246782326,0.893457469135208,1,"4h_vs_0h"
"ENSMUSG00000029203",0.50585228450208,0.893515540409094,1,"4h_vs_0h"
"ENSMUSG00000036992",-0.205618437249289,0.893580346401427,1,"4h_vs_0h"
"ENSMUSG00000030357",0.476936298468647,0.893819191599966,1,"4h_vs_0h"
"ENSMUSG00000021374",-0.0450104353390941,0.893831790772914,1,"4h_vs_0h"
"ENSMUSG00000041632",-0.0113266349242345,0.893898637047363,1,"4h_vs_0h"
"ENSMUSG00000022881",-0.0681966012946944,0.894235722518916,1,"4h_vs_0h"
"ENSMUSG00000028896",-0.220456916110081,0.894680095364042,1,"4h_vs_0h"
"ENSMUSG00000058056",2.88031560926072,0.894770507746253,1,"4h_vs_0h"
"ENSMUSG00000050335",1.18162380251487,0.894926707915837,1,"4h_vs_0h"
"ENSMUSG00000026784",-0.26460150943295,0.895509945657709,1,"4h_vs_0h"
"ENSMUSG00000047547",0.969579343961126,0.895682304110381,1,"4h_vs_0h"
"ENSMUSG00000006024",0.11607194906502,0.895780585060152,1,"4h_vs_0h"
"ENSMUSG00000029191",-0.143300449394957,0.895890021029105,1,"4h_vs_0h"
"ENSMUSG00000063800",-0.122745620375987,0.896225806263847,1,"4h_vs_0h"
"ENSMUSG00000036817",-0.265092528342521,0.896535884062921,1,"4h_vs_0h"
"ENSMUSG00000038286",-0.124916252740157,0.896712972477253,1,"4h_vs_0h"
"ENSMUSG00000072946",0.654594619861157,0.897097536655385,1,"4h_vs_0h"
"ENSMUSG00000061607",-0.10095518530624,0.897707277828534,1,"4h_vs_0h"
"ENSMUSG00000022812",0.360540344362633,0.897806495523707,1,"4h_vs_0h"
"ENSMUSG00000032459",-0.146534260707814,0.898076425530765,1,"4h_vs_0h"
"ENSMUSG00000074643",1.19729900006108,0.898161046262767,1,"4h_vs_0h"
"ENSMUSG00000037740",0.0121363005913189,0.898177596061505,1,"4h_vs_0h"
"ENSMUSG00000010660",0.517302295246431,0.898227891640869,1,"4h_vs_0h"
"ENSMUSG00000033475",-0.507947604976501,0.898352011455315,1,"4h_vs_0h"
"ENSMUSG00000070394",0.108941918139813,0.89960288039092,1,"4h_vs_0h"
"ENSMUSG00000000058",-0.0223928716093091,0.899706354677739,1,"4h_vs_0h"
"ENSMUSG00000019820",-0.0146829104198503,0.899758647103501,1,"4h_vs_0h"
"ENSMUSG00000014226",0.48567122101753,0.90093975138581,1,"4h_vs_0h"
"ENSMUSG00000067367",0.0570899166320267,0.900956621676219,1,"4h_vs_0h"
"ENSMUSG00000015961",0.330074479826667,0.901221846029587,1,"4h_vs_0h"
"ENSMUSG00000042709",-0.0675598256739782,0.901457237362966,1,"4h_vs_0h"
"ENSMUSG00000057497",-0.307979867188603,0.901590868659258,1,"4h_vs_0h"
"ENSMUSG00000032030",0.308937973629973,0.901819586386223,1,"4h_vs_0h"
"ENSMUSG00000057530",-0.129952822613124,0.902003033285137,1,"4h_vs_0h"
"ENSMUSG00000030265",-0.12662756661345,0.902311733991195,1,"4h_vs_0h"
"ENSMUSG00000062078",0.100968691260654,0.902403879876106,1,"4h_vs_0h"
"ENSMUSG00000024308",-0.278406838295979,0.902674407071756,1,"4h_vs_0h"
"ENSMUSG00000039130",0.559326745744393,0.904019003410247,1,"4h_vs_0h"
"ENSMUSG00000028954",0.434162746361508,0.90416512731787,1,"4h_vs_0h"
"ENSMUSG00000023110",0.43339471276991,0.904192568704415,1,"4h_vs_0h"
"ENSMUSG00000055553",-1.95573628621723,0.904561260568133,1,"4h_vs_0h"
"ENSMUSG00000074129",0.00613612588540846,0.904633134292913,1,"4h_vs_0h"
"ENSMUSG00000025358",-0.0960814658062148,0.904949807314482,1,"4h_vs_0h"
"ENSMUSG00000050017",0.436336331319769,0.90536583167334,1,"4h_vs_0h"
"ENSMUSG00000032187",-0.253759619106045,0.906298121225151,1,"4h_vs_0h"
"ENSMUSG00000005973",0.0524108306423337,0.906397299374634,1,"4h_vs_0h"
"ENSMUSG00000032253",0.0183176301756767,0.906470946201147,1,"4h_vs_0h"
"ENSMUSG00000038235",0.62227984849148,0.90668471477157,1,"4h_vs_0h"
"ENSMUSG00000030879",-0.165900444651001,0.906743890871887,1,"4h_vs_0h"
"ENSMUSG00000024387",0.0109634798442464,0.907070672539696,1,"4h_vs_0h"
"ENSMUSG00000028343",0.0314794901830275,0.90715541191571,1,"4h_vs_0h"
"ENSMUSG00000028062",-0.104455530735205,0.907342122269339,1,"4h_vs_0h"
"ENSMUSG00000038542",0.484926596105893,0.907687957565338,1,"4h_vs_0h"
"ENSMUSG00000029507",0.210344250376803,0.907862683725685,1,"4h_vs_0h"
"ENSMUSG00000002981",-0.0586341021790879,0.908358392428035,1,"4h_vs_0h"
"ENSMUSG00000022536",-0.100435573887147,0.908521923920295,1,"4h_vs_0h"
"ENSMUSG00000026029",1.76632691779745,0.908721734010024,1,"4h_vs_0h"
"ENSMUSG00000056209",-0.256704390784215,0.908848576628021,1,"4h_vs_0h"
"ENSMUSG00000089847",-0.408188709047682,0.909268343133123,1,"4h_vs_0h"
"ENSMUSG00000028601",-0.385880198746818,0.909467597084045,1,"4h_vs_0h"
"ENSMUSG00000003868",0.093081059004529,0.909481064826404,1,"4h_vs_0h"
"ENSMUSG00000032437",-0.280825139251252,0.909598453954048,1,"4h_vs_0h"
"ENSMUSG00000038084",0.0386873031719475,0.909767886176486,1,"4h_vs_0h"
"ENSMUSG00000025208",-0.409317101635079,0.909827534224103,1,"4h_vs_0h"
"ENSMUSG00000027206",0.251376838172853,0.909952310358377,1,"4h_vs_0h"
"ENSMUSG00000048661",-0.351848831011807,0.910151928034775,1,"4h_vs_0h"
"ENSMUSG00000021938",0.0282893532731627,0.910235782914435,1,"4h_vs_0h"
"ENSMUSG00000015943",-0.159764501675781,0.91106218203713,1,"4h_vs_0h"
"ENSMUSG00000001123",0.156289948785915,0.911234121411611,1,"4h_vs_0h"
"ENSMUSG00000027722",1.68586519645347,0.911391754522386,1,"4h_vs_0h"
"ENSMUSG00000032412",0.0397080746852758,0.911441623610794,1,"4h_vs_0h"
"ENSMUSG00000017221",0.143333905887236,0.912042042682477,1,"4h_vs_0h"
"ENSMUSG00000001143",-0.0821082907907353,0.912466583240313,1,"4h_vs_0h"
"ENSMUSG00000016481",0.51159508193189,0.912894158660349,1,"4h_vs_0h"
"ENSMUSG00000010911",0.525913391106986,0.912994980998957,1,"4h_vs_0h"
"ENSMUSG00000024981",-0.264452399669523,0.913268725131256,1,"4h_vs_0h"
"ENSMUSG00000038650",0.298369984150494,0.913272784481856,1,"4h_vs_0h"
"ENSMUSG00000033624",-0.0838093907746718,0.913321429355293,1,"4h_vs_0h"
"ENSMUSG00000031095",0.435488381502005,0.91344288858484,1,"4h_vs_0h"
"ENSMUSG00000020680",-0.018558678174017,0.913504689442438,1,"4h_vs_0h"
"ENSMUSG00000015016",-0.173700704593145,0.913602781179534,1,"4h_vs_0h"
"ENSMUSG00000030987",-0.134594939643492,0.914012705338072,1,"4h_vs_0h"
"ENSMUSG00000024181",-0.121572096769615,0.914355161308754,1,"4h_vs_0h"
"ENSMUSG00000038762",0.0931387329935411,0.914478295584777,1,"4h_vs_0h"
"ENSMUSG00000032966",0.338806349496885,0.914656078399909,1,"4h_vs_0h"
"ENSMUSG00000069844",0.677462177469774,0.914803967766464,1,"4h_vs_0h"
"ENSMUSG00000031781",0.713563465675715,0.914962059199937,1,"4h_vs_0h"
"ENSMUSG00000035202",-0.157137771932966,0.915188873516884,1,"4h_vs_0h"
"ENSMUSG00000047557",0.521111313832929,0.915243269299701,1,"4h_vs_0h"
"ENSMUSG00000031429",1.17235318840112,0.915885224700528,1,"4h_vs_0h"
"ENSMUSG00000090150",-0.507136508255037,0.916031062491517,1,"4h_vs_0h"
"ENSMUSG00000028330",0.29410807774121,0.916076919092462,1,"4h_vs_0h"
"ENSMUSG00000024659",-0.0102378694516112,0.916267495460777,1,"4h_vs_0h"
"ENSMUSG00000079509",-0.0985006424096468,0.916378000076414,1,"4h_vs_0h"
"ENSMUSG00000042165",0.48788855684835,0.916424753174599,1,"4h_vs_0h"
"ENSMUSG00000024513",0.770401938720006,0.916555907176653,1,"4h_vs_0h"
"ENSMUSG00000022391",0.0940365620403441,0.916575766404225,1,"4h_vs_0h"
"ENSMUSG00000024248",0.114652960878484,0.916705960088628,1,"4h_vs_0h"
"ENSMUSG00000039536",-0.61088268648853,0.916795005868058,1,"4h_vs_0h"
"ENSMUSG00000035863",1.26211299422255,0.91732189639627,1,"4h_vs_0h"
"ENSMUSG00000027067",-0.0636345877314959,0.917374025099424,1,"4h_vs_0h"
"ENSMUSG00000030045",-0.238556163204894,0.9176338690928,1,"4h_vs_0h"
"ENSMUSG00000048878",0.133823763854917,0.917929448777067,1,"4h_vs_0h"
"ENSMUSG00000020250",0.212823413142615,0.918176493214332,1,"4h_vs_0h"
"ENSMUSG00000028199",0.395057233510592,0.918513396204317,1,"4h_vs_0h"
"ENSMUSG00000040225",0.711735264279717,0.918662022226578,1,"4h_vs_0h"
"ENSMUSG00000033938",-0.156787057702019,0.918917196239745,1,"4h_vs_0h"
"ENSMUSG00000009927",0.444884061603663,0.919779772576589,1,"4h_vs_0h"
"ENSMUSG00000023277",0.58277151310163,0.919912016159081,1,"4h_vs_0h"
"ENSMUSG00000035960",0.318101450539739,0.920319017155347,1,"4h_vs_0h"
"ENSMUSG00000027605",0.542539653937574,0.920598442386583,1,"4h_vs_0h"
"ENSMUSG00000005687",-0.154938167966513,0.920739873746556,1,"4h_vs_0h"
"ENSMUSG00000029433",-0.185268009078534,0.920770545031229,1,"4h_vs_0h"
"ENSMUSG00000028140",-0.0667990800046852,0.92106271236349,1,"4h_vs_0h"
"ENSMUSG00000005846",-0.129074172822467,0.9212480663839,1,"4h_vs_0h"
"ENSMUSG00000003279",0.140584978903945,0.921469540799667,1,"4h_vs_0h"
"ENSMUSG00000024588",-0.106955209016085,0.921896187868126,1,"4h_vs_0h"
"ENSMUSG00000019143",-0.265004959875359,0.922077016052071,1,"4h_vs_0h"
"ENSMUSG00000029705",-0.244620928377156,0.922257434113138,1,"4h_vs_0h"
"ENSMUSG00000070319",0.229528941475078,0.922592766626504,1,"4h_vs_0h"
"ENSMUSG00000019920",0.476332399183011,0.922833089010746,1,"4h_vs_0h"
"ENSMUSG00000028955",0.141324729419132,0.92283927051578,1,"4h_vs_0h"
"ENSMUSG00000038909",-0.243439516714801,0.922846315647536,1,"4h_vs_0h"
"ENSMUSG00000042870",0.0898828928619295,0.923281273676827,1,"4h_vs_0h"
"ENSMUSG00000028224",-0.168843440595765,0.923666103984413,1,"4h_vs_0h"
"ENSMUSG00000029169",0.0059243900038517,0.923724249390012,1,"4h_vs_0h"
"ENSMUSG00000002221",-0.0947560165884767,0.923731152529673,1,"4h_vs_0h"
"ENSMUSG00000034781",-0.271388766380234,0.924124059373564,1,"4h_vs_0h"
"ENSMUSG00000024436",-0.172254619112834,0.924167671124066,1,"4h_vs_0h"
"ENSMUSG00000028945",0.585063781209112,0.924404975964972,1,"4h_vs_0h"
"ENSMUSG00000055723",-0.554240395745779,0.924975559601695,1,"4h_vs_0h"
"ENSMUSG00000019055",-0.0542889431068367,0.925417071086604,1,"4h_vs_0h"
"ENSMUSG00000009013",0.0293233414223231,0.925732487570588,1,"4h_vs_0h"
"ENSMUSG00000050148",0.197672230408383,0.925865757652923,1,"4h_vs_0h"
"ENSMUSG00000024697",-0.065019881319202,0.925941978110366,1,"4h_vs_0h"
"ENSMUSG00000012483",0.266573505844161,0.926098720116886,1,"4h_vs_0h"
"ENSMUSG00000022314",-0.206901731662768,0.926578916789567,1,"4h_vs_0h"
"ENSMUSG00000109511",0.209526748866843,0.9267838697839,1,"4h_vs_0h"
"ENSMUSG00000031388",0.570448584468469,0.927001753833327,1,"4h_vs_0h"
"ENSMUSG00000003623",0.624719085745046,0.927533169014219,1,"4h_vs_0h"
"ENSMUSG00000020744",-0.110081092763192,0.927666320026465,1,"4h_vs_0h"
"ENSMUSG00000022779",0.849005380696116,0.928222906464514,1,"4h_vs_0h"
"ENSMUSG00000021576",-0.234241695603203,0.928489672099958,1,"4h_vs_0h"
"ENSMUSG00000035851",-0.0776268143059156,0.928513694224497,1,"4h_vs_0h"
"ENSMUSG00000033065",0.422373326992957,0.928625644408501,1,"4h_vs_0h"
"ENSMUSG00000089704",-0.135642968833793,0.929185237194238,1,"4h_vs_0h"
"ENSMUSG00000068184",-0.0580377820702793,0.92931161294181,1,"4h_vs_0h"
"ENSMUSG00000024740",0.0868401579036124,0.929339347286979,1,"4h_vs_0h"
"ENSMUSG00000002107",-0.19293350809631,0.92948531370118,1,"4h_vs_0h"
"ENSMUSG00000022841",0.0539534361113745,0.929493906913972,1,"4h_vs_0h"
"ENSMUSG00000073639",-0.0397832697442269,0.929632084702508,1,"4h_vs_0h"
"ENSMUSG00000024949",0.0482469367846079,0.929705173534734,1,"4h_vs_0h"
"ENSMUSG00000007655",-0.0101208151470118,0.929808144999163,1,"4h_vs_0h"
"ENSMUSG00000019975",-0.051938157784619,0.929997041745083,1,"4h_vs_0h"
"ENSMUSG00000025277",-0.120162091407522,0.930363033970887,1,"4h_vs_0h"
"ENSMUSG00000068614",0.118127899844286,0.931176471797406,1,"4h_vs_0h"
"ENSMUSG00000040481",0.0739486194524233,0.931756479431812,1,"4h_vs_0h"
"ENSMUSG00000034993",0.30225579917413,0.932038681483594,1,"4h_vs_0h"
"ENSMUSG00000031446",-0.19733811725316,0.932488713729418,1,"4h_vs_0h"
"ENSMUSG00000025232",0.09729036120698,0.93279962694975,1,"4h_vs_0h"
"ENSMUSG00000027651",0.217319205925083,0.933050854761362,1,"4h_vs_0h"
"ENSMUSG00000028228",0.00884474449503614,0.933135245855316,1,"4h_vs_0h"
"ENSMUSG00000032051",-0.150402930272367,0.933365252898097,1,"4h_vs_0h"
"ENSMUSG00000079316",-0.666551128165029,0.933699263324042,1,"4h_vs_0h"
"ENSMUSG00000017781",0.612888284689486,0.933857915012819,1,"4h_vs_0h"
"ENSMUSG00000032883",-0.18873370305991,0.933972324425119,1,"4h_vs_0h"
"ENSMUSG00000006494",0.00852495683426469,0.9341921616465,1,"4h_vs_0h"
"ENSMUSG00000028158",-0.11166187803066,0.93422980438979,1,"4h_vs_0h"
"ENSMUSG00000005370",0.17524348669382,0.93438383452805,1,"4h_vs_0h"
"ENSMUSG00000039163",-0.200040842134232,0.93441980689671,1,"4h_vs_0h"
"ENSMUSG00000026361",-0.0408969729598141,0.934622240762939,1,"4h_vs_0h"
"ENSMUSG00000024896",0.5342404921875,0.934631085183893,1,"4h_vs_0h"
"ENSMUSG00000001089",0.0400825857138543,0.934701608748839,1,"4h_vs_0h"
"ENSMUSG00000027878",-1.53846371351256,0.934815276180401,1,"4h_vs_0h"
"ENSMUSG00000073982",-0.0590312085004321,0.934818407278963,1,"4h_vs_0h"
"ENSMUSG00000073411",-0.0364849138528065,0.934849928214035,1,"4h_vs_0h"
"ENSMUSG00000018761",-0.0496291710952086,0.934850219958716,1,"4h_vs_0h"
"ENSMUSG00000029486",-0.0577991246915417,0.935052118408576,1,"4h_vs_0h"
"ENSMUSG00000043733",0.368740440114372,0.935248583760044,1,"4h_vs_0h"
"ENSMUSG00000031309",0.67341197690952,0.935337724987221,1,"4h_vs_0h"
"ENSMUSG00000026087",-0.0558604675167622,0.935501659744211,1,"4h_vs_0h"
"ENSMUSG00000027679",-0.113758892358316,0.935848367879616,1,"4h_vs_0h"
"ENSMUSG00000014504",0.210713786754312,0.935865828723201,1,"4h_vs_0h"
"ENSMUSG00000020023",-0.0667537491524222,0.936393256030306,1,"4h_vs_0h"
"ENSMUSG00000003226",-0.0782854272929292,0.93692438903501,1,"4h_vs_0h"
"ENSMUSG00000020537",0.14742414464774,0.937037492519933,1,"4h_vs_0h"
"ENSMUSG00000038812",0.94224294702725,0.937150924847858,1,"4h_vs_0h"
"ENSMUSG00000071533",1.11917328668092,0.937234187365916,1,"4h_vs_0h"
"ENSMUSG00000040383",-0.178822504911594,0.937287317775689,1,"4h_vs_0h"
"ENSMUSG00000029763",1.47405603417381,0.937318775975866,1,"4h_vs_0h"
"ENSMUSG00000000738",-0.127552282133028,0.937485134612016,1,"4h_vs_0h"
"ENSMUSG00000024974",-0.024676671530667,0.937520696687918,1,"4h_vs_0h"
"ENSMUSG00000005575",0.581061889080861,0.937649396794124,1,"4h_vs_0h"
"ENSMUSG00000021606",-0.0770763711304596,0.938273126411754,1,"4h_vs_0h"
"ENSMUSG00000032336",-0.682341963274865,0.938317661858772,1,"4h_vs_0h"
"ENSMUSG00000015869",0.777494806771333,0.93843832961189,1,"4h_vs_0h"
"ENSMUSG00000018547",1.03861872829992,0.938711784845011,1,"4h_vs_0h"
"ENSMUSG00000024900",-0.0171013275018872,0.938727817508001,1,"4h_vs_0h"
"ENSMUSG00000027889",2.38594794086128,0.938875354846086,1,"4h_vs_0h"
"ENSMUSG00000003464",0.172957993620518,0.93945412395057,1,"4h_vs_0h"
"ENSMUSG00000059923",0.211835053054028,0.939607665814368,1,"4h_vs_0h"
"ENSMUSG00000029687",0.0582608805162934,0.93961190634663,1,"4h_vs_0h"
"ENSMUSG00000006736",0.885595624491831,0.939803218863649,1,"4h_vs_0h"
"ENSMUSG00000028076",-0.169475557914819,0.939934127086857,1,"4h_vs_0h"
"ENSMUSG00000037531",0.0112030576097126,0.940359583084545,1,"4h_vs_0h"
"ENSMUSG00000029246",1.07247747578136,0.940620289138945,1,"4h_vs_0h"
"ENSMUSG00000020315",0.0207500576685611,0.942235409476529,1,"4h_vs_0h"
"ENSMUSG00000025869",-1.07405369355195,0.942280349545322,1,"4h_vs_0h"
"ENSMUSG00000033059",0.577722159138549,0.942581410560917,1,"4h_vs_0h"
"ENSMUSG00000006356",1.13135764791137,0.942861546478648,1,"4h_vs_0h"
"ENSMUSG00000025555",-0.0553786361662851,0.942874914750613,1,"4h_vs_0h"
"ENSMUSG00000031333",-0.0733066889095539,0.943055033805227,1,"4h_vs_0h"
"ENSMUSG00000040774",-0.0571356920493571,0.943103127300827,1,"4h_vs_0h"
"ENSMUSG00000020241",0.0342876011759898,0.943108545100162,1,"4h_vs_0h"
"ENSMUSG00000024580",0.523966864032481,0.943157183782711,1,"4h_vs_0h"
"ENSMUSG00000022636",-0.0643650155379873,0.943272245380493,1,"4h_vs_0h"
"ENSMUSG00000023932",-0.0487517301663765,0.943289584669583,1,"4h_vs_0h"
"ENSMUSG00000030287",0.522090872988347,0.943437720144457,1,"4h_vs_0h"
"ENSMUSG00000019849",0.445197739396541,0.943681591632046,1,"4h_vs_0h"
"ENSMUSG00000029363",-0.0448768991278143,0.943685816010374,1,"4h_vs_0h"
"ENSMUSG00000056962",-0.31463357654318,0.943808503072865,1,"4h_vs_0h"
"ENSMUSG00000031226",0.19021974476852,0.943947309219503,1,"4h_vs_0h"
"ENSMUSG00000091625",0.167709653411755,0.944190702413176,1,"4h_vs_0h"
"ENSMUSG00000028447",0.852354858378629,0.944195981034264,1,"4h_vs_0h"
"ENSMUSG00000035772",-0.230624763615118,0.9442625275807,1,"4h_vs_0h"
"ENSMUSG00000058587",0.139492445714158,0.944454683425317,1,"4h_vs_0h"
"ENSMUSG00000005534",-0.4842559469474,0.944474568000016,1,"4h_vs_0h"
"ENSMUSG00000027247",0.286385777993857,0.944989444319928,1,"4h_vs_0h"
"ENSMUSG00000026389",0.0534208025982643,0.945278040217128,1,"4h_vs_0h"
"ENSMUSG00000005813",0.135926012671415,0.945520347903901,1,"4h_vs_0h"
"ENSMUSG00000027746",0.300538331360553,0.945696013187333,1,"4h_vs_0h"
"ENSMUSG00000056493",0.998108639121789,0.94596746701363,1,"4h_vs_0h"
"ENSMUSG00000034109",-0.169886031691345,0.946254638684172,1,"4h_vs_0h"
"ENSMUSG00000028975",0.0789899832773813,0.946478558347039,1,"4h_vs_0h"
"ENSMUSG00000025027",0.399164944682905,0.946663134927739,1,"4h_vs_0h"
"ENSMUSG00000032480",0.193144022478084,0.946743701577603,1,"4h_vs_0h"
"ENSMUSG00000025203",-3.65432158715359,0.947122790155065,1,"4h_vs_0h"
"ENSMUSG00000027287",0.223630390656684,0.947198702739185,1,"4h_vs_0h"
"ENSMUSG00000041939",1.19165069232966,0.947207478811616,1,"4h_vs_0h"
"ENSMUSG00000031232",-0.0801504061326739,0.947256500236052,1,"4h_vs_0h"
"ENSMUSG00000034820",-0.00640904312303192,0.947266677274953,1,"4h_vs_0h"
"ENSMUSG00000028649",0.89756820303748,0.947374697967149,1,"4h_vs_0h"
"ENSMUSG00000001924",0.362285462289773,0.947435153775718,1,"4h_vs_0h"
"ENSMUSG00000034259",-1.22032891835947,0.947572581693931,1,"4h_vs_0h"
"ENSMUSG00000053453",-0.0714943495809877,0.947685248202313,1,"4h_vs_0h"
"ENSMUSG00000025006",-0.0343382035867528,0.947740944475551,1,"4h_vs_0h"
"ENSMUSG00000028229",0.0726979033691286,0.947794114925798,1,"4h_vs_0h"
"ENSMUSG00000054455",0.00529578077225068,0.947854090622095,1,"4h_vs_0h"
"ENSMUSG00000031586",-0.0337208896869434,0.947864113150426,1,"4h_vs_0h"
"ENSMUSG00000017404",0.0203281910429425,0.948239490871221,1,"4h_vs_0h"
"ENSMUSG00000038510",-0.259927885201581,0.94824026434946,1,"4h_vs_0h"
"ENSMUSG00000020471",0.615585526856528,0.948316572637636,1,"4h_vs_0h"
"ENSMUSG00000078453",0.0114874348798715,0.948327036706505,1,"4h_vs_0h"
"ENSMUSG00000002812",0.118788283089135,0.948365882232009,1,"4h_vs_0h"
"ENSMUSG00000025159",0.179007814385603,0.948494821584917,1,"4h_vs_0h"
"ENSMUSG00000022109",-1.03073371797229,0.948556426193951,1,"4h_vs_0h"
"ENSMUSG00000022247",-0.168995552353252,0.948616489990409,1,"4h_vs_0h"
"ENSMUSG00000059714",-0.0298818601964435,0.948840827153399,1,"4h_vs_0h"
"ENSMUSG00000001632",-0.0273213464047259,0.948905471086641,1,"4h_vs_0h"
"ENSMUSG00000027968",-0.0139339206462346,0.949026936036918,1,"4h_vs_0h"
"ENSMUSG00000038633",0.0530439286341782,0.949048099475806,1,"4h_vs_0h"
"ENSMUSG00000025862",-0.102379894554179,0.949071763742157,1,"4h_vs_0h"
"ENSMUSG00000024357",-0.06433682297817,0.949184826080897,1,"4h_vs_0h"
"ENSMUSG00000034593",-0.052560300447162,0.949421187136043,1,"4h_vs_0h"
"ENSMUSG00000032271",0.516042817503795,0.94947513096449,1,"4h_vs_0h"
"ENSMUSG00000067148",-0.0873974439430221,0.949494006630688,1,"4h_vs_0h"
"ENSMUSG00000042032",0.754891033964892,0.949754385823806,1,"4h_vs_0h"
"ENSMUSG00000047866",-0.94153724969792,0.949795785720359,1,"4h_vs_0h"
"ENSMUSG00000028034",0.0703258420592903,0.949920834719629,1,"4h_vs_0h"
"ENSMUSG00000022108",2.10083999770963,0.95025687251739,1,"4h_vs_0h"
"ENSMUSG00000019863",-0.179542878280827,0.950307007070838,1,"4h_vs_0h"
"ENSMUSG00000038252",0.184496247644198,0.950348976727612,1,"4h_vs_0h"
"ENSMUSG00000058301",0.0430626209130693,0.950358289623903,1,"4h_vs_0h"
"ENSMUSG00000039682",-0.00826098576809287,0.950473963675257,1,"4h_vs_0h"
"ENSMUSG00000106918",-0.0561164932765124,0.950540875837621,1,"4h_vs_0h"
"ENSMUSG00000043207",0.151721662974666,0.95063589990866,1,"4h_vs_0h"
"ENSMUSG00000079426",0.0666414420902797,0.95070804275861,1,"4h_vs_0h"
"ENSMUSG00000005198",-0.276438410177491,0.950711570405516,1,"4h_vs_0h"
"ENSMUSG00000036678",-0.408145052263745,0.950791308043469,1,"4h_vs_0h"
"ENSMUSG00000062981",-1.7439044565916,0.950823260164872,1,"4h_vs_0h"
"ENSMUSG00000039768",-0.0594540588968897,0.950828476955782,1,"4h_vs_0h"
"ENSMUSG00000038587",1.39950874793315,0.950889510759836,1,"4h_vs_0h"
"ENSMUSG00000030314",0.833786984155548,0.951252831299043,1,"4h_vs_0h"
"ENSMUSG00000030630",0.464482431937359,0.951257482921732,1,"4h_vs_0h"
"ENSMUSG00000062937",0.0926179928695099,0.95149993699984,1,"4h_vs_0h"
"ENSMUSG00000026473",0.33654046318216,0.951655728120136,1,"4h_vs_0h"
"ENSMUSG00000018765",0.110143654035344,0.951953244641207,1,"4h_vs_0h"
"ENSMUSG00000019539",0.0837935957056644,0.952060800966271,1,"4h_vs_0h"
"ENSMUSG00000004285",-0.087561218821623,0.952400909312227,1,"4h_vs_0h"
"ENSMUSG00000027014",-0.236698041821889,0.952750195618955,1,"4h_vs_0h"
"ENSMUSG00000041912",-0.227565624346507,0.952818764128015,1,"4h_vs_0h"
"ENSMUSG00000005609",-0.02886069724903,0.953296670795472,1,"4h_vs_0h"
"ENSMUSG00000008435",-0.0930943007708969,0.953410615509789,1,"4h_vs_0h"
"ENSMUSG00000024613",-0.0501008081979109,0.953423162278354,1,"4h_vs_0h"
"ENSMUSG00000027305",-0.118231205351186,0.953480366987454,1,"4h_vs_0h"
"ENSMUSG00000021496",-0.0760650892967938,0.953605156327415,1,"4h_vs_0h"
"ENSMUSG00000026248",-0.189357902243511,0.953622353646368,1,"4h_vs_0h"
"ENSMUSG00000022945",-0.154212094362368,0.954031363106606,1,"4h_vs_0h"
"ENSMUSG00000000826",-0.0525229939457574,0.954038549053338,1,"4h_vs_0h"
"ENSMUSG00000029076",-0.0598203824349497,0.95432907681709,1,"4h_vs_0h"
"ENSMUSG00000042082",-0.0824090247286335,0.954508388785449,1,"4h_vs_0h"
"ENSMUSG00000027429",0.395651492776636,0.954526072497243,1,"4h_vs_0h"
"ENSMUSG00000037071",-0.0452569500621784,0.954575439338301,1,"4h_vs_0h"
"ENSMUSG00000052144",0.20419664038209,0.954704172729626,1,"4h_vs_0h"
"ENSMUSG00000000581",-0.845521605715668,0.954712340612297,1,"4h_vs_0h"
"ENSMUSG00000027952",0.0774436823852405,0.954980107372991,1,"4h_vs_0h"
"ENSMUSG00000015647",-0.0720265698441338,0.955127234610695,1,"4h_vs_0h"
"ENSMUSG00000028016",-0.0431132757561876,0.955402842565299,1,"4h_vs_0h"
"ENSMUSG00000031584",0.127679887318084,0.955425743935206,1,"4h_vs_0h"
"ENSMUSG00000029499",0.0469315853954804,0.955473265783545,1,"4h_vs_0h"
"ENSMUSG00000034675",0.116940217853067,0.956186120537307,1,"4h_vs_0h"
"ENSMUSG00000023967",-0.0791188411353758,0.956186894177534,1,"4h_vs_0h"
"ENSMUSG00000019943",0.100585100743789,0.956263870298524,1,"4h_vs_0h"
"ENSMUSG00000037321",-0.0499454557691124,0.956406865817655,1,"4h_vs_0h"
"ENSMUSG00000032902",-0.698748226888519,0.956545904310069,1,"4h_vs_0h"
"ENSMUSG00000068823",0.14363452939612,0.956631351948152,1,"4h_vs_0h"
"ENSMUSG00000004032",0.308459699488857,0.957121907497705,1,"4h_vs_0h"
"ENSMUSG00000041319",-0.0393197881646081,0.957299228372871,1,"4h_vs_0h"
"ENSMUSG00000005899",0.0288446255182961,0.957359126687353,1,"4h_vs_0h"
"ENSMUSG00000014932",-0.0144857733249886,0.957545970085972,1,"4h_vs_0h"
"ENSMUSG00000028849",0.720950995335841,0.957623212004951,1,"4h_vs_0h"
"ENSMUSG00000038422",-0.153854961172499,0.958226372928506,1,"4h_vs_0h"
"ENSMUSG00000026718",2.04004298227625,0.958478151859684,1,"4h_vs_0h"
"ENSMUSG00000001911",0.11195652807487,0.95871257619497,1,"4h_vs_0h"
"ENSMUSG00000054312",-0.135065104158492,0.958853790738053,1,"4h_vs_0h"
"ENSMUSG00000039680",-0.224522523394253,0.958954365475595,1,"4h_vs_0h"
"ENSMUSG00000030824",-0.0281440914137328,0.958976027443842,1,"4h_vs_0h"
"ENSMUSG00000047945",1.98143997883022,0.959115430145201,1,"4h_vs_0h"
"ENSMUSG00000026374",1.26261148531072,0.959257161721406,1,"4h_vs_0h"
"ENSMUSG00000006058",1.99282031961459,0.959562699540164,1,"4h_vs_0h"
"ENSMUSG00000009549",-0.782232472588181,0.959564491796053,1,"4h_vs_0h"
"ENSMUSG00000026496",-0.0322122322360023,0.959648377328801,1,"4h_vs_0h"
"ENSMUSG00000025512",-0.0765152024440248,0.959692117187899,1,"4h_vs_0h"
"ENSMUSG00000030282",0.0289571283199308,0.959721436024284,1,"4h_vs_0h"
"ENSMUSG00000025060",1.17831777272468,0.959936338404235,1,"4h_vs_0h"
"ENSMUSG00000034484",0.328200142158039,0.960069034895705,1,"4h_vs_0h"
"ENSMUSG00000032135",-0.0361569768552634,0.960433543904018,1,"4h_vs_0h"
"ENSMUSG00000004936",0.328475091569246,0.960849064473549,1,"4h_vs_0h"
"ENSMUSG00000024400",0.0412561934860953,0.961122665240737,1,"4h_vs_0h"
"ENSMUSG00000030079",-0.0240026492523775,0.961547272654469,1,"4h_vs_0h"
"ENSMUSG00000024018",-0.0538007592966281,0.961609324496186,1,"4h_vs_0h"
"ENSMUSG00000025026",-0.0305979534905383,0.961623445976612,1,"4h_vs_0h"
"ENSMUSG00000026843",0.210204669286934,0.961789647194216,1,"4h_vs_0h"
"ENSMUSG00000008393",0.308291544148993,0.961940460435284,1,"4h_vs_0h"
"ENSMUSG00000004530",0.0655871222583819,0.962113674396743,1,"4h_vs_0h"
"ENSMUSG00000029518",-0.0868804297799848,0.962154518056618,1,"4h_vs_0h"
"ENSMUSG00000022751",0.0763757191073999,0.962225533299775,1,"4h_vs_0h"
"ENSMUSG00000016619",0.0876916872650249,0.962381112436822,1,"4h_vs_0h"
"ENSMUSG00000069874",-0.0650660178523559,0.962407021289188,1,"4h_vs_0h"
"ENSMUSG00000026819",0.709572433399849,0.962488241517926,1,"4h_vs_0h"
"ENSMUSG00000001707",0.0925622775900869,0.962575986685294,1,"4h_vs_0h"
"ENSMUSG00000037905",0.0561164501491156,0.962700574941603,1,"4h_vs_0h"
"ENSMUSG00000005413",0.157640107826328,0.962724020372898,1,"4h_vs_0h"
"ENSMUSG00000026837",0.437599727194549,0.962837136367908,1,"4h_vs_0h"
"ENSMUSG00000065979",0.03918549182848,0.962869109814382,1,"4h_vs_0h"
"ENSMUSG00000078652",0.214853895299274,0.962935503754442,1,"4h_vs_0h"
"ENSMUSG00000039148",-0.228360574461476,0.96319698899473,1,"4h_vs_0h"
"ENSMUSG00000034903",1.56182304092248,0.963215526579746,1,"4h_vs_0h"
"ENSMUSG00000037344",-0.48500719695344,0.963254555034289,1,"4h_vs_0h"
"ENSMUSG00000039063",-0.0640808004942244,0.963335620218447,1,"4h_vs_0h"
"ENSMUSG00000024414",0.729151783014427,0.963465816899965,1,"4h_vs_0h"
"ENSMUSG00000026154",0.0394379560118807,0.963521444220735,1,"4h_vs_0h"
"ENSMUSG00000024050",-0.555323220205988,0.963582889919156,1,"4h_vs_0h"
"ENSMUSG00000066839",-0.150986190518701,0.963740373966391,1,"4h_vs_0h"
"ENSMUSG00000060288",0.109375138409707,0.964260127964391,1,"4h_vs_0h"
"ENSMUSG00000034274",-0.228230948898776,0.964539429578298,1,"4h_vs_0h"
"ENSMUSG00000021578",-0.109570829675217,0.964577050898707,1,"4h_vs_0h"
"ENSMUSG00000032601",0.0903592770566668,0.964612616945134,1,"4h_vs_0h"
"ENSMUSG00000059316",-0.316261369434212,0.964650442389358,1,"4h_vs_0h"
"ENSMUSG00000026021",-0.0627352648654629,0.964819717804156,1,"4h_vs_0h"
"ENSMUSG00000022607",3.68766656485328,0.96482864705751,1,"4h_vs_0h"
"ENSMUSG00000038612",-0.0336756541027796,0.964845787033244,1,"4h_vs_0h"
"ENSMUSG00000028427",-1.05394346471167,0.965068856505071,1,"4h_vs_0h"
"ENSMUSG00000020923",0.0249666779162077,0.965107018473138,1,"4h_vs_0h"
"ENSMUSG00000040549",0.2008749784322,0.965136425584007,1,"4h_vs_0h"
"ENSMUSG00000028882",0.114290872788708,0.965279151869983,1,"4h_vs_0h"
"ENSMUSG00000028107",-0.23938453569011,0.965739258328955,1,"4h_vs_0h"
"ENSMUSG00000022407",0.426992443275996,0.965781586083568,1,"4h_vs_0h"
"ENSMUSG00000027963",-0.0361317306234454,0.965799712626876,1,"4h_vs_0h"
"ENSMUSG00000037805",0.0295860530641328,0.966343357312325,1,"4h_vs_0h"
"ENSMUSG00000021076",0.0466348507912215,0.966413729677176,1,"4h_vs_0h"
"ENSMUSG00000026511",0.374989374068257,0.966505309829426,1,"4h_vs_0h"
"ENSMUSG00000046324",-0.239242656540142,0.966509294994556,1,"4h_vs_0h"
"ENSMUSG00000053907",0.0960306902667369,0.967097854611702,1,"4h_vs_0h"
"ENSMUSG00000020708",0.0470104831886147,0.967246204839204,1,"4h_vs_0h"
"ENSMUSG00000027433",-0.138140558660616,0.967268456218372,1,"4h_vs_0h"
"ENSMUSG00000016510",-0.552607882799805,0.967270529344261,1,"4h_vs_0h"
"ENSMUSG00000034723",1.21102182011732,0.967434321924438,1,"4h_vs_0h"
"ENSMUSG00000023015",0.422570418068684,0.967516699927782,1,"4h_vs_0h"
"ENSMUSG00000024589",0.0766613568002263,0.968049235402026,1,"4h_vs_0h"
"ENSMUSG00000006418",0.520526157717129,0.968324558447743,1,"4h_vs_0h"
"ENSMUSG00000024941",0.364560867488112,0.968358610306921,1,"4h_vs_0h"
"ENSMUSG00000003031",1.42030748346919,0.968509950820883,1,"4h_vs_0h"
"ENSMUSG00000029814",0.197209889253269,0.968511518309262,1,"4h_vs_0h"
"ENSMUSG00000035478",-0.0585441750528837,0.968513391409493,1,"4h_vs_0h"
"ENSMUSG00000010205",-0.0485549054575536,0.968692979252998,1,"4h_vs_0h"
"ENSMUSG00000022620",-0.234511009235813,0.968751006969685,1,"4h_vs_0h"
"ENSMUSG00000020092",0.161584789124429,0.969002167067759,1,"4h_vs_0h"
"ENSMUSG00000061559",0.153496885655361,0.969046019610363,1,"4h_vs_0h"
"ENSMUSG00000026880",-0.01397254465952,0.969116040257787,1,"4h_vs_0h"
"ENSMUSG00000033184",-0.0167191981534707,0.969202984906673,1,"4h_vs_0h"
"ENSMUSG00000007039",-0.697208085608157,0.96925727859552,1,"4h_vs_0h"
"ENSMUSG00000090733",0.195567882689023,0.969260939686279,1,"4h_vs_0h"
"ENSMUSG00000006442",0.25127654659283,0.969389024356387,1,"4h_vs_0h"
"ENSMUSG00000040249",-0.137358570668777,0.969409167909999,1,"4h_vs_0h"
"ENSMUSG00000046032",0.34944256488815,0.969726995836,1,"4h_vs_0h"
"ENSMUSG00000027203",0.110732944616966,0.969754748338147,1,"4h_vs_0h"
"ENSMUSG00000034189",-0.0364210962591933,0.969867481706597,1,"4h_vs_0h"
"ENSMUSG00000056851",0.0384651639064408,0.969901014574153,1,"4h_vs_0h"
"ENSMUSG00000042198",-0.0327860576841594,0.969979499969355,1,"4h_vs_0h"
"ENSMUSG00000025825",0.0131052489694241,0.970119418270547,1,"4h_vs_0h"
"ENSMUSG00000016427",4.19621372300849,0.97023973169207,1,"4h_vs_0h"
"ENSMUSG00000067150",0.27451246128928,0.970524500686696,1,"4h_vs_0h"
"ENSMUSG00000033581",0.120357155708128,0.970550549356807,1,"4h_vs_0h"
"ENSMUSG00000024944",0.135479036181327,0.970572503147328,1,"4h_vs_0h"
"ENSMUSG00000001999",0.382834218266527,0.970660835920418,1,"4h_vs_0h"
"ENSMUSG00000021975",-0.174050086717045,0.97081935727687,1,"4h_vs_0h"
"ENSMUSG00000001228",-0.206062414345801,0.971057175335269,1,"4h_vs_0h"
"ENSMUSG00000037958",1.2720119841363,0.971233724707885,1,"4h_vs_0h"
"ENSMUSG00000028673",-0.0624093141725197,0.971254644367181,1,"4h_vs_0h"
"ENSMUSG00000060519",-0.0350644691867501,0.971336190188509,1,"4h_vs_0h"
"ENSMUSG00000025326",3.01217424871037,0.971414861951912,1,"4h_vs_0h"
"ENSMUSG00000027882",-0.0497544434439376,0.97151966612473,1,"4h_vs_0h"
"ENSMUSG00000010025",0.0216456558804694,0.971595005634701,1,"4h_vs_0h"
"ENSMUSG00000062929",0.370473242348051,0.971691991706229,1,"4h_vs_0h"
"ENSMUSG00000038848",2.31077538092856,0.971722380984271,1,"4h_vs_0h"
"ENSMUSG00000020477",-0.160913441808997,0.971896705819948,1,"4h_vs_0h"
"ENSMUSG00000036986",-0.123288571848022,0.971957504862966,1,"4h_vs_0h"
"ENSMUSG00000029062",-0.218574776808936,0.972093645607539,1,"4h_vs_0h"
"ENSMUSG00000026201",0.497996234982914,0.972272017641528,1,"4h_vs_0h"
"ENSMUSG00000022771",-0.0229190298081079,0.972319591577721,1,"4h_vs_0h"
"ENSMUSG00000034707",0.00224569554055876,0.972363348223335,1,"4h_vs_0h"
"ENSMUSG00000020380",-0.145064809805849,0.972386140762373,1,"4h_vs_0h"
"ENSMUSG00000031209",-0.261899705881834,0.972550718650081,1,"4h_vs_0h"
"ENSMUSG00000026339",2.11591178926115,0.97267193837857,1,"4h_vs_0h"
"ENSMUSG00000021583",-0.0418332529552288,0.972712587530154,1,"4h_vs_0h"
"ENSMUSG00000032382",3.24830478539482,0.972811732008616,1,"4h_vs_0h"
"ENSMUSG00000021171",-0.120486054701036,0.972860059618685,1,"4h_vs_0h"
"ENSMUSG00000019710",-0.0439251085465742,0.97287989357918,1,"4h_vs_0h"
"ENSMUSG00000024758",0.0105324390324064,0.972916126950949,1,"4h_vs_0h"
"ENSMUSG00000022210",-0.298413656764808,0.972956983805013,1,"4h_vs_0h"
"ENSMUSG00000028556",-0.0411671758460948,0.973140834259891,1,"4h_vs_0h"
"ENSMUSG00000024937",2.22058202648533,0.973146820199156,1,"4h_vs_0h"
"ENSMUSG00000005881",1.2844444370016,0.973173331062074,1,"4h_vs_0h"
"ENSMUSG00000028861",-0.0470377378046827,0.973333063937503,1,"4h_vs_0h"
"ENSMUSG00000019864",-0.0741637425385342,0.973353429697766,1,"4h_vs_0h"
"ENSMUSG00000005873",0.00506765908535556,0.973373328419784,1,"4h_vs_0h"
"ENSMUSG00000002064",-0.102015578030414,0.973434182976598,1,"4h_vs_0h"
"ENSMUSG00000032194",-0.0171762258912445,0.973681163997443,1,"4h_vs_0h"
"ENSMUSG00000004665",0.0227191569261329,0.973938205282878,1,"4h_vs_0h"
"ENSMUSG00000053819",-0.0442894611066968,0.974032997466681,1,"4h_vs_0h"
"ENSMUSG00000079562",0.969480605403763,0.974122097194794,1,"4h_vs_0h"
"ENSMUSG00000014195",0.4311955881921,0.974127478030579,1,"4h_vs_0h"
"ENSMUSG00000024222",-0.0577503665926393,0.974217048795792,1,"4h_vs_0h"
"ENSMUSG00000048578",0.0018514468842703,0.974674729600481,1,"4h_vs_0h"
"ENSMUSG00000053317",0.10309164576676,0.974798705503049,1,"4h_vs_0h"
"ENSMUSG00000031864",-0.145215689097785,0.975052318287172,1,"4h_vs_0h"
"ENSMUSG00000078515",1.76351572643669,0.975404575738477,1,"4h_vs_0h"
"ENSMUSG00000028710",0.094931779720028,0.975465268871114,1,"4h_vs_0h"
"ENSMUSG00000028580",1.64716929605376,0.975535717465312,1,"4h_vs_0h"
"ENSMUSG00000068874",0.553998472083553,0.975554125325529,1,"4h_vs_0h"
"ENSMUSG00000039159",1.49164125481951,0.975609309387537,1,"4h_vs_0h"
"ENSMUSG00000032560",0.14628611892406,0.975628793880467,1,"4h_vs_0h"
"ENSMUSG00000038943",0.45988065005702,0.975699380982318,1,"4h_vs_0h"
"ENSMUSG00000040466",0.204167581286796,0.975797155638686,1,"4h_vs_0h"
"ENSMUSG00000025937",0.326142381241723,0.975801980470525,1,"4h_vs_0h"
"ENSMUSG00000024491",-1.90913691009509,0.975803076052774,1,"4h_vs_0h"
"ENSMUSG00000001211",0.0258308154040066,0.975849287256081,1,"4h_vs_0h"
"ENSMUSG00000025969",-0.708069102760174,0.976101486769448,1,"4h_vs_0h"
"ENSMUSG00000026499",-0.0977639190845565,0.976188021950922,1,"4h_vs_0h"
"ENSMUSG00000027496",-0.0431810982784668,0.976601059209161,1,"4h_vs_0h"
"ENSMUSG00000029815",0.38113744159056,0.976713721902849,1,"4h_vs_0h"
"ENSMUSG00000060961",-1.54740079813146,0.976780999802408,1,"4h_vs_0h"
"ENSMUSG00000035559",-0.319941038503462,0.977041803360662,1,"4h_vs_0h"
"ENSMUSG00000029390",1.09353077162991,0.977061561974578,1,"4h_vs_0h"
"ENSMUSG00000042557",-0.0376622402833604,0.977508716070046,1,"4h_vs_0h"
"ENSMUSG00000027634",0.267414496462308,0.977569182934838,1,"4h_vs_0h"
"ENSMUSG00000020650",0.67751502776585,0.977686169660926,1,"4h_vs_0h"
"ENSMUSG00000019210",-0.0262556902124018,0.977861039476559,1,"4h_vs_0h"
"ENSMUSG00000033272",0.0153596061443402,0.978078048447576,1,"4h_vs_0h"
"ENSMUSG00000028085",-0.262631939661759,0.978107669561508,1,"4h_vs_0h"
"ENSMUSG00000031838",-0.0595041909680347,0.97814384379552,1,"4h_vs_0h"
"ENSMUSG00000033970",-0.0486716229857045,0.978297137835147,1,"4h_vs_0h"
"ENSMUSG00000042043",0.203613920056966,0.978315014930026,1,"4h_vs_0h"
"ENSMUSG00000056666",-0.199295719648742,0.978349606231906,1,"4h_vs_0h"
"ENSMUSG00000027423",0.273973906876876,0.978361581380353,1,"4h_vs_0h"
"ENSMUSG00000033411",-0.0241709434667463,0.978415635401227,1,"4h_vs_0h"
"ENSMUSG00000028577",0.410202459503086,0.978476824885561,1,"4h_vs_0h"
"ENSMUSG00000028641",0.0370257592205689,0.978575357121834,1,"4h_vs_0h"
"ENSMUSG00000034243",0.0058361743135471,0.978684013369313,1,"4h_vs_0h"
"ENSMUSG00000010406",-0.0269800400499456,0.978752045812901,1,"4h_vs_0h"
"ENSMUSG00000037373",-0.0165947283201895,0.978757566513946,1,"4h_vs_0h"
"ENSMUSG00000054733",-0.0581762388523295,0.978855441508179,1,"4h_vs_0h"
"ENSMUSG00000028932",0.136148131244571,0.979138786391081,1,"4h_vs_0h"
"ENSMUSG00000052214",-2.05703737749906,0.979222812738937,1,"4h_vs_0h"
"ENSMUSG00000074698",-0.010663754859447,0.979315329748599,1,"4h_vs_0h"
"ENSMUSG00000027820",-0.00158415531743117,0.979368985811954,1,"4h_vs_0h"
"ENSMUSG00000014959",0.452081061811377,0.979393032985052,1,"4h_vs_0h"
"ENSMUSG00000025271",0.504990316419775,0.979595882398369,1,"4h_vs_0h"
"ENSMUSG00000024095",0.193064732033008,0.979643911583945,1,"4h_vs_0h"
"ENSMUSG00000039542",0.0510445814011682,0.979726984625017,1,"4h_vs_0h"
"ENSMUSG00000001891",0.574696495374123,0.97977616073906,1,"4h_vs_0h"
"ENSMUSG00000021665",0.0744968608020926,0.979940885778111,1,"4h_vs_0h"
"ENSMUSG00000026753",0.414451157646941,0.980095949520082,1,"4h_vs_0h"
"ENSMUSG00000028164",-0.0820776016472209,0.980231914638265,1,"4h_vs_0h"
"ENSMUSG00000074896",1.13593733894108,0.980283914564602,1,"4h_vs_0h"
"ENSMUSG00000021824",0.139394189486328,0.98029111479481,1,"4h_vs_0h"
"ENSMUSG00000042390",-0.0407965561399806,0.980294189026239,1,"4h_vs_0h"
"ENSMUSG00000018362",-0.163070669209102,0.980410143548132,1,"4h_vs_0h"
"ENSMUSG00000024045",-0.0147133281760645,0.980496869606969,1,"4h_vs_0h"
"ENSMUSG00000001918",-0.0713998208205098,0.980712448962766,1,"4h_vs_0h"
"ENSMUSG00000030652",-0.0125957456501524,0.98079367268763,1,"4h_vs_0h"
"ENSMUSG00000022325",-0.0170336690509707,0.980803934813745,1,"4h_vs_0h"
"ENSMUSG00000030102",-0.0226481903156639,0.980866960050494,1,"4h_vs_0h"
"ENSMUSG00000031482",1.18082947417041,0.980913014074845,1,"4h_vs_0h"
"ENSMUSG00000027531",0.381095242412727,0.980962486878286,1,"4h_vs_0h"
"ENSMUSG00000040483",1.63435953830879,0.981115536796925,1,"4h_vs_0h"
"ENSMUSG00000042410",-0.201509834738435,0.981209055806933,1,"4h_vs_0h"
"ENSMUSG00000062075",-0.105054552387077,0.981274751420272,1,"4h_vs_0h"
"ENSMUSG00000028013",0.00318413882545343,0.98132234497438,1,"4h_vs_0h"
"ENSMUSG00000028433",1.59102429306496,0.981452804429623,1,"4h_vs_0h"
"ENSMUSG00000078974",0.0250780342106438,0.98170720589886,1,"4h_vs_0h"
"ENSMUSG00000022024",0.41799564634648,0.981730855956838,1,"4h_vs_0h"
"ENSMUSG00000028651",0.0471845396144239,0.981775797012959,1,"4h_vs_0h"
"ENSMUSG00000021048",0.333638417528817,0.982010821632914,1,"4h_vs_0h"
"ENSMUSG00000021832",-0.00785962751815816,0.982058724775409,1,"4h_vs_0h"
"ENSMUSG00000026074",1.02949908502646,0.982216946665599,1,"4h_vs_0h"
"ENSMUSG00000036270",-0.0349917833752471,0.982223314336749,1,"4h_vs_0h"
"ENSMUSG00000026281",0.00503942266873736,0.98263581365499,1,"4h_vs_0h"
"ENSMUSG00000046671",-0.217354771319389,0.982664616949963,1,"4h_vs_0h"
"ENSMUSG00000060373",0.689726633065476,0.982816606781142,1,"4h_vs_0h"
"ENSMUSG00000031591",-0.0238069862579238,0.982954098553629,1,"4h_vs_0h"
"ENSMUSG00000022905",-0.0336984576172092,0.98306533945418,1,"4h_vs_0h"
"ENSMUSG00000066442",0.0144223273019897,0.983100237193601,1,"4h_vs_0h"
"ENSMUSG00000020150",-0.0314851003423087,0.983181385189793,1,"4h_vs_0h"
"ENSMUSG00000028042",0.716658237366744,0.983311131275975,1,"4h_vs_0h"
"ENSMUSG00000032637",0.346958596060606,0.983314077270179,1,"4h_vs_0h"
"ENSMUSG00000041057",-0.0773879791685204,0.983509436211312,1,"4h_vs_0h"
"ENSMUSG00000018509",-0.490335714982979,0.983514103963285,1,"4h_vs_0h"
"ENSMUSG00000030868",0.550741551311596,0.983622480030966,1,"4h_vs_0h"
"ENSMUSG00000002835",-0.0424866760319027,0.983634184940764,1,"4h_vs_0h"
"ENSMUSG00000022401",-0.0178557832168451,0.983764094843846,1,"4h_vs_0h"
"ENSMUSG00000035152",0.0559430904433675,0.983874395213751,1,"4h_vs_0h"
"ENSMUSG00000027469",-0.323158821935174,0.983988107071217,1,"4h_vs_0h"
"ENSMUSG00000051149",-0.146951407844217,0.984081782854934,1,"4h_vs_0h"
"ENSMUSG00000070730",-0.243733791443351,0.984140779994383,1,"4h_vs_0h"
"ENSMUSG00000026353",-0.0624417976879919,0.984209960118847,1,"4h_vs_0h"
"ENSMUSG00000028953",0.0931036437608235,0.984222890615334,1,"4h_vs_0h"
"ENSMUSG00000063235",-0.193989611466559,0.984247913723044,1,"4h_vs_0h"
"ENSMUSG00000022769",-0.0173496353299001,0.984314080311883,1,"4h_vs_0h"
"ENSMUSG00000033751",-0.24806922807101,0.984325993569682,1,"4h_vs_0h"
"ENSMUSG00000004455",-0.0579432701019691,0.984330996414312,1,"4h_vs_0h"
"ENSMUSG00000022052",0.366347654156876,0.984346745448009,1,"4h_vs_0h"
"ENSMUSG00000028688",-0.0259994634353049,0.984386390573616,1,"4h_vs_0h"
"ENSMUSG00000028559",0.210910258075515,0.98444141353355,1,"4h_vs_0h"
"ENSMUSG00000021033",0.0665111547961459,0.984458989619042,1,"4h_vs_0h"
"ENSMUSG00000001056",0.0306860542147689,0.984554241902858,1,"4h_vs_0h"
"ENSMUSG00000018906",0.692812944054165,0.984626078562066,1,"4h_vs_0h"
"ENSMUSG00000021282",0.511641994503147,0.984731379688456,1,"4h_vs_0h"
"ENSMUSG00000021371",0.524458709746874,0.984761102754747,1,"4h_vs_0h"
"ENSMUSG00000051329",-0.105879630615323,0.984809490668568,1,"4h_vs_0h"
"ENSMUSG00000036503",-0.00337802805310616,0.984814440789612,1,"4h_vs_0h"
"ENSMUSG00000057181",1.38443425533873,0.984853512265397,1,"4h_vs_0h"
"ENSMUSG00000050043",0.010874686716555,0.985074354563851,1,"4h_vs_0h"
"ENSMUSG00000002332",-0.124415109123106,0.985190096089704,1,"4h_vs_0h"
"ENSMUSG00000036940",-0.0554112032579717,0.985194783521374,1,"4h_vs_0h"
"ENSMUSG00000021993",0.541671268642855,0.98528721334504,1,"4h_vs_0h"
"ENSMUSG00000056305",0.0960214823509062,0.985409838242981,1,"4h_vs_0h"
"ENSMUSG00000023973",0.0224368921327169,0.985595932406937,1,"4h_vs_0h"
"ENSMUSG00000027176",-0.264509900027637,0.985653125229621,1,"4h_vs_0h"
"ENSMUSG00000025645",-0.166547815195056,0.985677155688431,1,"4h_vs_0h"
"ENSMUSG00000036893",0.00723839199324061,0.985694244538386,1,"4h_vs_0h"
"ENSMUSG00000001036",0.548693485992182,0.985925629674961,1,"4h_vs_0h"
"ENSMUSG00000037361",-0.0362257506773922,0.986023544987984,1,"4h_vs_0h"
"ENSMUSG00000063052",0.0761165013384399,0.986045230059595,1,"4h_vs_0h"
"ENSMUSG00000015790",-0.17537148658884,0.986071467512322,1,"4h_vs_0h"
"ENSMUSG00000090877",0.44086862593123,0.986073775891391,1,"4h_vs_0h"
"ENSMUSG00000044573",0.055617195226155,0.986107363093895,1,"4h_vs_0h"
"ENSMUSG00000022453",-0.193469533614149,0.986170623705134,1,"4h_vs_0h"
"ENSMUSG00000015889",0.473802537850162,0.986171613721851,1,"4h_vs_0h"
"ENSMUSG00000071655",0.189896693802197,0.986186478859589,1,"4h_vs_0h"
"ENSMUSG00000030816",0.0170080050234702,0.986296492763076,1,"4h_vs_0h"
"ENSMUSG00000024955",-0.538146111057348,0.986368298126254,1,"4h_vs_0h"
"ENSMUSG00000063200",-0.129664888409227,0.98644749043494,1,"4h_vs_0h"
"ENSMUSG00000026879",-0.000944524636114608,0.986492914891756,1,"4h_vs_0h"
"ENSMUSG00000021686",0.312310235386249,0.986530589380149,1,"4h_vs_0h"
"ENSMUSG00000004099",-0.128353236930888,0.98656329310204,1,"4h_vs_0h"
"ENSMUSG00000025261",0.0839685367376362,0.986658648063452,1,"4h_vs_0h"
"ENSMUSG00000024151",0.133997918949017,0.986707661998323,1,"4h_vs_0h"
"ENSMUSG00000078853",-0.00477368341818263,0.986813168409764,1,"4h_vs_0h"
"ENSMUSG00000036513",0.53709347455592,0.986890030842729,1,"4h_vs_0h"
"ENSMUSG00000045410",-0.0177256771254406,0.986898062459233,1,"4h_vs_0h"
"ENSMUSG00000004667",0.765411813759702,0.986898247078453,1,"4h_vs_0h"
"ENSMUSG00000061981",-0.226631606154474,0.98707182188737,1,"4h_vs_0h"
"ENSMUSG00000020078",0.319259794695835,0.987166364533971,1,"4h_vs_0h"
"ENSMUSG00000025724",0.0504049489353449,0.987172130768138,1,"4h_vs_0h"
"ENSMUSG00000027709",-0.00615900032379813,0.987179193978432,1,"4h_vs_0h"
"ENSMUSG00000052605",-0.012770707309798,0.987182620592994,1,"4h_vs_0h"
"ENSMUSG00000051747",0.251406034903528,0.987225906458775,1,"4h_vs_0h"
"ENSMUSG00000035024",-0.141707744132056,0.98727024482569,1,"4h_vs_0h"
"ENSMUSG00000042133",0.985391309602552,0.987301806413187,1,"4h_vs_0h"
"ENSMUSG00000029388",0.315077070212137,0.987723688255518,1,"4h_vs_0h"
"ENSMUSG00000008859",0.713009587645502,0.987879061243895,1,"4h_vs_0h"
"ENSMUSG00000021190",0.0760836375483898,0.988111863817352,1,"4h_vs_0h"
"ENSMUSG00000037712",0.480397406082002,0.988115479993295,1,"4h_vs_0h"
"ENSMUSG00000003363",0.131911463009242,0.988168267597182,1,"4h_vs_0h"
"ENSMUSG00000022194",0.0111519416988166,0.988195070729406,1,"4h_vs_0h"
"ENSMUSG00000026219",-0.0847609478626339,0.988229049699384,1,"4h_vs_0h"
"ENSMUSG00000026797",0.497029035186934,0.988236879671518,1,"4h_vs_0h"
"ENSMUSG00000063904",0.518409199486612,0.988287637677635,1,"4h_vs_0h"
"ENSMUSG00000042814",2.08441616786671,0.988293181263186,1,"4h_vs_0h"
"ENSMUSG00000053565",0.0278524091587649,0.98829669270359,1,"4h_vs_0h"
"ENSMUSG00000027455",0.339590676381796,0.988313934240538,1,"4h_vs_0h"
"ENSMUSG00000020695",0.0101795452180404,0.988327689986098,1,"4h_vs_0h"
"ENSMUSG00000002808",0.657290167663248,0.988356583144821,1,"4h_vs_0h"
"ENSMUSG00000023460",-0.0122044028768968,0.988373396756034,1,"4h_vs_0h"
"ENSMUSG00000030847",1.61507562783021,0.988499654782179,1,"4h_vs_0h"
"ENSMUSG00000022680",0.0468129105485815,0.988579689862413,1,"4h_vs_0h"
"ENSMUSG00000032563",-0.0213640266470456,0.988585085816799,1,"4h_vs_0h"
"ENSMUSG00000024231",0.496807427937036,0.988607974041948,1,"4h_vs_0h"
"ENSMUSG00000074582",0.5928409178625,0.988752406364656,1,"4h_vs_0h"
"ENSMUSG00000001280",0.0581031951646587,0.988861144998388,1,"4h_vs_0h"
"ENSMUSG00000039615",0.0862332237966399,0.988912805228592,1,"4h_vs_0h"
"ENSMUSG00000026466",0.0436577676528707,0.989001540882907,1,"4h_vs_0h"
"ENSMUSG00000014077",-0.0186706708810469,0.989125783799641,1,"4h_vs_0h"
"ENSMUSG00000021843",0.041030889683622,0.989140083437115,1,"4h_vs_0h"
"ENSMUSG00000035227",0.0135940847706273,0.989179184739327,1,"4h_vs_0h"
"ENSMUSG00000001403",-0.618091457065635,0.989257473529975,1,"4h_vs_0h"
"ENSMUSG00000029551",-0.0182404894560229,0.989269616783763,1,"4h_vs_0h"
"ENSMUSG00000033166",0.426094882508199,0.989313438018739,1,"4h_vs_0h"
"ENSMUSG00000019777",-0.0126676389707612,0.989325163588728,1,"4h_vs_0h"
"ENSMUSG00000024908",0.731306684557424,0.989354200057033,1,"4h_vs_0h"
"ENSMUSG00000001555",-0.0228292150944718,0.989390121846451,1,"4h_vs_0h"
"ENSMUSG00000074218",-0.0179458446053395,0.989426677994212,1,"4h_vs_0h"
"ENSMUSG00000032320",-0.0558290712813516,0.989577963893111,1,"4h_vs_0h"
"ENSMUSG00000028962",-0.618917865993421,0.98958598634617,1,"4h_vs_0h"
"ENSMUSG00000020163",-2.03886140022428,0.989607551523708,1,"4h_vs_0h"
"ENSMUSG00000033793",0.0516476261206051,0.989709141122783,1,"4h_vs_0h"
"ENSMUSG00000020834",-0.24808623585016,0.989712821368955,1,"4h_vs_0h"
"ENSMUSG00000046909",-1.3715031004808,0.989728507286122,1,"4h_vs_0h"
"ENSMUSG00000026980",-0.680994048007179,0.989876761485343,1,"4h_vs_0h"
"ENSMUSG00000041313",-0.797046144684767,0.989914758030856,1,"4h_vs_0h"
"ENSMUSG00000027933",0.0578051765679355,0.989951801464725,1,"4h_vs_0h"
"ENSMUSG00000058729",-0.0296613369571332,0.990056756944865,1,"4h_vs_0h"
"ENSMUSG00000062646",1.04043200524037,0.990090893193322,1,"4h_vs_0h"
"ENSMUSG00000045624",0.00494865605265815,0.990103064976013,1,"4h_vs_0h"
"ENSMUSG00000061079",-0.325208330982626,0.990170727225701,1,"4h_vs_0h"
"ENSMUSG00000008604",1.79355102153364,0.990317689915609,1,"4h_vs_0h"
"ENSMUSG00000026275",0.312851699114233,0.990335321200471,1,"4h_vs_0h"
"ENSMUSG00000022748",0.0137742911551051,0.990352107356543,1,"4h_vs_0h"
"ENSMUSG00000020132",-0.0934579718806532,0.990413945316694,1,"4h_vs_0h"
"ENSMUSG00000030061",0.408811291408291,0.990424531230549,1,"4h_vs_0h"
"ENSMUSG00000015337",-0.259127517561915,0.990497171217349,1,"4h_vs_0h"
"ENSMUSG00000004043",1.18608763195535,0.990689107538218,1,"4h_vs_0h"
"ENSMUSG00000034459",0.855293620651473,0.99071474939354,1,"4h_vs_0h"
"ENSMUSG00000031731",0.0215969486658523,0.99079353574736,1,"4h_vs_0h"
"ENSMUSG00000024085",0.0847023793272506,0.990896259963796,1,"4h_vs_0h"
"ENSMUSG00000030611",-0.159446820640234,0.990912021863796,1,"4h_vs_0h"
"ENSMUSG00000004040",0.474913093308782,0.990935390382181,1,"4h_vs_0h"
"ENSMUSG00000028960",2.10179884733263,0.990959429697027,1,"4h_vs_0h"
"ENSMUSG00000030157",-0.0697182165148718,0.991086970665599,1,"4h_vs_0h"
"ENSMUSG00000027940",1.27083798383259,0.991113488945247,1,"4h_vs_0h"
"ENSMUSG00000020430",-0.766702333129516,0.99122107757439,1,"4h_vs_0h"
"ENSMUSG00000037364",-0.0278268245850697,0.991229153218795,1,"4h_vs_0h"
"ENSMUSG00000025371",-2.22527800602236,0.991274849889757,1,"4h_vs_0h"
"ENSMUSG00000050244",-0.0758266149743996,0.991286325451073,1,"4h_vs_0h"
"ENSMUSG00000023025",-0.0314915613665043,0.991380935211394,1,"4h_vs_0h"
"ENSMUSG00000006134",0.553433540087276,0.99138913382453,1,"4h_vs_0h"
"ENSMUSG00000030417",0.453090778664539,0.991422142433783,1,"4h_vs_0h"
"ENSMUSG00000036676",-0.022635736714367,0.991456383411673,1,"4h_vs_0h"
"ENSMUSG00000029427",-0.247379549202019,0.991462408366422,1,"4h_vs_0h"
"ENSMUSG00000049396",0.357554795134178,0.99147514236511,1,"4h_vs_0h"
"ENSMUSG00000025510",0.0822652529932384,0.991719386994832,1,"4h_vs_0h"
"ENSMUSG00000050697",0.358808563250147,0.991751192735977,1,"4h_vs_0h"
"ENSMUSG00000028741",-0.0971436515138429,0.991772442688614,1,"4h_vs_0h"
"ENSMUSG00000058704",0.531172304364421,0.991791200912538,1,"4h_vs_0h"
"ENSMUSG00000030335",0.978416891770649,0.991816619670777,1,"4h_vs_0h"
"ENSMUSG00000021037",0.765101258731889,0.991851488498554,1,"4h_vs_0h"
"ENSMUSG00000033712",-0.107967365877744,0.991896725869098,1,"4h_vs_0h"
"ENSMUSG00000017776",0.525992018968644,0.991967213870408,1,"4h_vs_0h"
"ENSMUSG00000016757",0.58423435377096,0.992042463687551,1,"4h_vs_0h"
"ENSMUSG00000056973",-0.0342455020079342,0.992079319546924,1,"4h_vs_0h"
"ENSMUSG00000024098",-0.00597106084980936,0.992092231729421,1,"4h_vs_0h"
"ENSMUSG00000038733",0.605005477488266,0.992107578402989,1,"4h_vs_0h"
"ENSMUSG00000020528",0.964583980034025,0.992116670756771,1,"4h_vs_0h"
"ENSMUSG00000028334",0.253402732135406,0.992241864654231,1,"4h_vs_0h"
"ENSMUSG00000020697",-1.27215175468981,0.992332116346544,1,"4h_vs_0h"
"ENSMUSG00000029012",-0.0979158199425605,0.992338988574238,1,"4h_vs_0h"
"ENSMUSG00000042348",0.00505152611950521,0.992367082334673,1,"4h_vs_0h"
"ENSMUSG00000043411",-0.00662160017703428,0.992393810200625,1,"4h_vs_0h"
"ENSMUSG00000003813",0.494482603878861,0.992456962973141,1,"4h_vs_0h"
"ENSMUSG00000029227",-0.0116011404423517,0.992508473139119,1,"4h_vs_0h"
"ENSMUSG00000000538",1.04917240801521,0.992538948915638,1,"4h_vs_0h"
"ENSMUSG00000063450",-0.2800537944699,0.992564519346233,1,"4h_vs_0h"
"ENSMUSG00000029066",-0.167777395407001,0.992599276898053,1,"4h_vs_0h"
"ENSMUSG00000017478",2.32450872570154,0.992614668409544,1,"4h_vs_0h"
"ENSMUSG00000024902",-0.0680192322011415,0.992656109220772,1,"4h_vs_0h"
"ENSMUSG00000020111",-0.0673809917253259,0.992673918871491,1,"4h_vs_0h"
"ENSMUSG00000027087",0.0446891318664981,0.992738833663876,1,"4h_vs_0h"
"ENSMUSG00000039671",-0.711188647725891,0.992755658697847,1,"4h_vs_0h"
"ENSMUSG00000022571",0.0318811260285479,0.992792481223451,1,"4h_vs_0h"
"ENSMUSG00000001767",-0.179447992254698,0.992905842708285,1,"4h_vs_0h"
"ENSMUSG00000038335",1.12586306991208,0.992918571930244,1,"4h_vs_0h"
"ENSMUSG00000034192",-0.922839099608868,0.993044744004282,1,"4h_vs_0h"
"ENSMUSG00000028530",-0.112971807558715,0.993060162324228,1,"4h_vs_0h"
"ENSMUSG00000043510",0.031148734221027,0.99311235923333,1,"4h_vs_0h"
"ENSMUSG00000004393",-0.598875554743081,0.993136368101898,1,"4h_vs_0h"
"ENSMUSG00000028161",0.240507807192508,0.993164349758759,1,"4h_vs_0h"
"ENSMUSG00000020422",1.57342207284779,0.993220716139571,1,"4h_vs_0h"
"ENSMUSG00000007458",0.957047928019897,0.993307323608905,1,"4h_vs_0h"
"ENSMUSG00000025140",-0.138883905282881,0.993362550474239,1,"4h_vs_0h"
"ENSMUSG00000029718",-0.956615383605918,0.993399228664385,1,"4h_vs_0h"
"ENSMUSG00000006169",0.0940669485978383,0.993419821213139,1,"4h_vs_0h"
"ENSMUSG00000005043",-0.522594234448814,0.993446170077583,1,"4h_vs_0h"
"ENSMUSG00000054309",-0.273008670402852,0.993472483088797,1,"4h_vs_0h"
"ENSMUSG00000029440",0.462506104520585,0.993479360724167,1,"4h_vs_0h"
"ENSMUSG00000071074",0.683972592328836,0.993499190753113,1,"4h_vs_0h"
"ENSMUSG00000029413",0.639208207177074,0.993533363048118,1,"4h_vs_0h"
"ENSMUSG00000025793",1.13209635205376,0.993564762184354,1,"4h_vs_0h"
"ENSMUSG00000023963",0.0122024054089493,0.993606082012309,1,"4h_vs_0h"
"ENSMUSG00000026209",0.318656054105652,0.993625083035237,1,"4h_vs_0h"
"ENSMUSG00000036632",-0.0279432072388239,0.993643945259072,1,"4h_vs_0h"
"ENSMUSG00000028339",-0.59937880845456,0.993691432252105,1,"4h_vs_0h"
"ENSMUSG00000001755",0.0328154334200761,0.993803117311256,1,"4h_vs_0h"
"ENSMUSG00000030286",-0.0675398892776009,0.993844175076868,1,"4h_vs_0h"
"ENSMUSG00000028480",-0.94229459972188,0.993953689899208,1,"4h_vs_0h"
"ENSMUSG00000020946",0.0376496460672868,0.993961383284498,1,"4h_vs_0h"
"ENSMUSG00000040459",0.799180209432379,0.993995974286539,1,"4h_vs_0h"
"ENSMUSG00000012428",-0.219072938122707,0.993996329687326,1,"4h_vs_0h"
"ENSMUSG00000027519",0.00644629864568458,0.99404430135225,1,"4h_vs_0h"
"ENSMUSG00000015247",-0.155997955929639,0.994049301532455,1,"4h_vs_0h"
"ENSMUSG00000045763",0.456883890248264,0.994057330906802,1,"4h_vs_0h"
"ENSMUSG00000057388",-0.342937538941943,0.994075533601134,1,"4h_vs_0h"
"ENSMUSG00000006676",0.115344705943141,0.994157882251946,1,"4h_vs_0h"
"ENSMUSG00000033577",0.925035831968742,0.994255197551199,1,"4h_vs_0h"
"ENSMUSG00000059005",-1.4972582975025,0.994313610013201,1,"4h_vs_0h"
"ENSMUSG00000018697",-0.459880661727784,0.994417934372414,1,"4h_vs_0h"
"ENSMUSG00000022361",-0.401069408437923,0.994429963040391,1,"4h_vs_0h"
"ENSMUSG00000024683",-0.259522303009572,0.994464837442418,1,"4h_vs_0h"
"ENSMUSG00000021500",0.0345061586882416,0.994558349241008,1,"4h_vs_0h"
"ENSMUSG00000019809",-0.491452325659907,0.99459035835945,1,"4h_vs_0h"
"ENSMUSG00000027303",1.03973619056794,0.994597271893811,1,"4h_vs_0h"
"ENSMUSG00000020903",1.46964046263421,0.994624088067794,1,"4h_vs_0h"
"ENSMUSG00000044018",-0.941653735159797,0.994638587167976,1,"4h_vs_0h"
"ENSMUSG00000022136",-0.0181228905772102,0.99465627810699,1,"4h_vs_0h"
"ENSMUSG00000030619",-0.231483599173615,0.994680610810211,1,"4h_vs_0h"
"ENSMUSG00000002957",0.0151465545899683,0.994795748846898,1,"4h_vs_0h"
"ENSMUSG00000032126",0.638535208162395,0.994848828603948,1,"4h_vs_0h"
"ENSMUSG00000044792",-0.0445434791448953,0.994863607839535,1,"4h_vs_0h"
"ENSMUSG00000028136",0.421397397185149,0.994874007435245,1,"4h_vs_0h"
"ENSMUSG00000031988",0.00516034416812516,0.994890818359841,1,"4h_vs_0h"
"ENSMUSG00000107283",0.00457647339623435,0.994901461676506,1,"4h_vs_0h"
"ENSMUSG00000045193",-0.0877666822715355,0.994958113927033,1,"4h_vs_0h"
"ENSMUSG00000027215",-0.666798866343868,0.994966638173895,1,"4h_vs_0h"
"ENSMUSG00000029823",0.0245844803133117,0.994969515725036,1,"4h_vs_0h"
"ENSMUSG00000028247",-0.0477331661864788,0.994983935633812,1,"4h_vs_0h"
"ENSMUSG00000060090",0.0036440705497256,0.995029587260911,1,"4h_vs_0h"
"ENSMUSG00000037815",0.0748822679095653,0.995043874458988,1,"4h_vs_0h"
"ENSMUSG00000058600",0.0409536847282226,0.995135471638106,1,"4h_vs_0h"
"ENSMUSG00000079523",-1.01338634533666,0.995164480774912,1,"4h_vs_0h"
"ENSMUSG00000024044",0.0363602735097359,0.995169938204197,1,"4h_vs_0h"
"ENSMUSG00000063802",0.48518860883404,0.995174253967469,1,"4h_vs_0h"
"ENSMUSG00000002103",-0.242833091199621,0.995204637884906,1,"4h_vs_0h"
"ENSMUSG00000000555",-0.657368691474773,0.995227488147942,1,"4h_vs_0h"
"ENSMUSG00000001380",0.422489967052048,0.995291553210387,1,"4h_vs_0h"
"ENSMUSG00000026377",-0.939926024170394,0.99531137204219,1,"4h_vs_0h"
"ENSMUSG00000000902",-0.317555418746718,0.99532529365325,1,"4h_vs_0h"
"ENSMUSG00000043991",0.622547485704978,0.995335016468492,1,"4h_vs_0h"
"ENSMUSG00000030770",0.50582048103826,0.995387488512136,1,"4h_vs_0h"
"ENSMUSG00000055322",0.0167334089498645,0.995409360596354,1,"4h_vs_0h"
"ENSMUSG00000028552",0.976968859617493,0.995444374867658,1,"4h_vs_0h"
"ENSMUSG00000020130",1.60114133172743,0.995467453524952,1,"4h_vs_0h"
"ENSMUSG00000024665",-0.159704270986037,0.995482984838624,1,"4h_vs_0h"
"ENSMUSG00000002844",1.44523882811312,0.995488964238563,1,"4h_vs_0h"
"ENSMUSG00000056394",0.262126578648218,0.995515990579973,1,"4h_vs_0h"
"ENSMUSG00000031585",0.0387826261824173,0.995530404401419,1,"4h_vs_0h"
"ENSMUSG00000013997",0.803878302605078,0.995571221393347,1,"4h_vs_0h"
"ENSMUSG00000027327",2.18505394897184,0.995576098767269,1,"4h_vs_0h"
"ENSMUSG00000027630",-0.016200974306102,0.995675473453519,1,"4h_vs_0h"
"ENSMUSG00000027488",-2.18312225214349,0.995704975725981,1,"4h_vs_0h"
"ENSMUSG00000031375",0.507633459275247,0.995714615914832,1,"4h_vs_0h"
"ENSMUSG00000031840",-0.739154687910759,0.995721452984016,1,"4h_vs_0h"
"ENSMUSG00000005483",0.367270954708776,0.99572851460856,1,"4h_vs_0h"
"ENSMUSG00000028622",-0.221018948128251,0.995736565077192,1,"4h_vs_0h"
"ENSMUSG00000032312",0.883814859750704,0.995760384961181,1,"4h_vs_0h"
"ENSMUSG00000024539",-0.00516238317505824,0.995783960140157,1,"4h_vs_0h"
"ENSMUSG00000031683",-0.040251562120897,0.995793156354848,1,"4h_vs_0h"
"ENSMUSG00000023272",-0.154940455594009,0.995830488233927,1,"4h_vs_0h"
"ENSMUSG00000075704",-0.0256212018333173,0.995870143294194,1,"4h_vs_0h"
"ENSMUSG00000031691",0.300716536655841,0.995879409718844,1,"4h_vs_0h"
"ENSMUSG00000032264",-0.0015700316396412,0.995905795177452,1,"4h_vs_0h"
"ENSMUSG00000031379",1.25800513066811,0.995924762662477,1,"4h_vs_0h"
"ENSMUSG00000033014",0.385182332582033,0.995974069180735,1,"4h_vs_0h"
"ENSMUSG00000064127",0.0257600774894868,0.996025022265665,1,"4h_vs_0h"
"ENSMUSG00000043572",-1.62772958086977,0.996029512922244,1,"4h_vs_0h"
"ENSMUSG00000028010",0.00244405186264274,0.996149842684917,1,"4h_vs_0h"
"ENSMUSG00000039356",-1.1938932468905,0.996157278492213,1,"4h_vs_0h"
"ENSMUSG00000000378",0.91863916459862,0.9961732856375,1,"4h_vs_0h"
"ENSMUSG00000034932",0.204435898598476,0.996174324395211,1,"4h_vs_0h"
"ENSMUSG00000036644",-0.427351089963558,0.996190938624193,1,"4h_vs_0h"
"ENSMUSG00000021096",1.67087194295883,0.996191985930641,1,"4h_vs_0h"
"ENSMUSG00000020629",0.27719189119702,0.996195442609945,1,"4h_vs_0h"
"ENSMUSG00000024537",-0.00547853144153265,0.996202332146776,1,"4h_vs_0h"
"ENSMUSG00000022200",0.209516099289317,0.996245757373463,1,"4h_vs_0h"
"ENSMUSG00000031393",-0.0222414941559137,0.996267047482006,1,"4h_vs_0h"
"ENSMUSG00000018974",0.00690393021169555,0.996275809930512,1,"4h_vs_0h"
"ENSMUSG00000023186",0.444319703352598,0.996295439977229,1,"4h_vs_0h"
"ENSMUSG00000038525",0.0224501674532647,0.996352612090616,1,"4h_vs_0h"
"ENSMUSG00000035473",-0.00516673468038675,0.996358558383389,1,"4h_vs_0h"
"ENSMUSG00000036256",1.11373858361916,0.996415648511222,1,"4h_vs_0h"
"ENSMUSG00000005698",-0.136727216059086,0.996473139700205,1,"4h_vs_0h"
"ENSMUSG00000024691",0.00266455115717079,0.996495383333052,1,"4h_vs_0h"
"ENSMUSG00000020366",0.827136147830778,0.996508076527593,1,"4h_vs_0h"
"ENSMUSG00000018377",-0.214049673655389,0.996546501939956,1,"4h_vs_0h"
"ENSMUSG00000062580",-0.583718302221385,0.996549363712363,1,"4h_vs_0h"
"ENSMUSG00000023249",0.307419714302718,0.996573367025597,1,"4h_vs_0h"
"ENSMUSG00000034187",0.0473872956573125,0.99664061123302,1,"4h_vs_0h"
"ENSMUSG00000036278",-0.0313186629455409,0.99667892194415,1,"4h_vs_0h"
"ENSMUSG00000055319",0.326120829438757,0.996716595618152,1,"4h_vs_0h"
"ENSMUSG00000027091",0.82208985758238,0.996772937825494,1,"4h_vs_0h"
"ENSMUSG00000026036",0.180145512976853,0.996804278477084,1,"4h_vs_0h"
"ENSMUSG00000008475",1.37545032173632,0.996827542184722,1,"4h_vs_0h"
"ENSMUSG00000045594",-0.0399895364542964,0.996828968993537,1,"4h_vs_0h"
"ENSMUSG00000042055",0.917455017227329,0.996896422487517,1,"4h_vs_0h"
"ENSMUSG00000024639",-0.108751595738021,0.996913714445691,1,"4h_vs_0h"
"ENSMUSG00000028973",-0.185591670024188,0.996942666830499,1,"4h_vs_0h"
"ENSMUSG00000021585",1.24060398643827,0.99697948350852,1,"4h_vs_0h"
"ENSMUSG00000045973",-0.142101055245853,0.997002181585443,1,"4h_vs_0h"
"ENSMUSG00000027002",1.17265925973694,0.997025644656198,1,"4h_vs_0h"
"ENSMUSG00000068329",-0.259231760267582,0.997031457101057,1,"4h_vs_0h"
"ENSMUSG00000022742",-0.149059984838846,0.997053886226664,1,"4h_vs_0h"
"ENSMUSG00000039952",-0.0114644815807488,0.997054370014272,1,"4h_vs_0h"
"ENSMUSG00000026005",0.28670413602276,0.997056725311579,1,"4h_vs_0h"
"ENSMUSG00000025544",0.165798712048712,0.997083323920667,1,"4h_vs_0h"
"ENSMUSG00000026131",1.08695829329218,0.997089134445453,1,"4h_vs_0h"
"ENSMUSG00000028443",0.829124871060873,0.997092368235594,1,"4h_vs_0h"
"ENSMUSG00000071662",1.21938990029057,0.997106602127711,1,"4h_vs_0h"
"ENSMUSG00000024454",0.826747606967054,0.997119452548434,1,"4h_vs_0h"
"ENSMUSG00000033228",-0.0225777633001663,0.997140112449134,1,"4h_vs_0h"
"ENSMUSG00000020189",-0.0154240225750968,0.997150973654709,1,"4h_vs_0h"
"ENSMUSG00000024972",-0.0715709141799508,0.997244460895512,1,"4h_vs_0h"
"ENSMUSG00000047454",1.20599141523109,0.997278625925595,1,"4h_vs_0h"
"ENSMUSG00000003037",-0.00859130657318374,0.99728109720897,1,"4h_vs_0h"
"ENSMUSG00000029366",0.630896964145276,0.997333453341507,1,"4h_vs_0h"
"ENSMUSG00000031158",-1.42455711807771,0.997344863190731,1,"4h_vs_0h"
"ENSMUSG00000021906",0.10184912911614,0.997382540791438,1,"4h_vs_0h"
"ENSMUSG00000021114",0.182212404717621,0.99740972576113,1,"4h_vs_0h"
"ENSMUSG00000040112",-0.00328647982656705,0.997422541647673,1,"4h_vs_0h"
"ENSMUSG00000024370",0.00404090943412072,0.99743467196503,1,"4h_vs_0h"
"ENSMUSG00000064120",-0.288115025984457,0.997466496913476,1,"4h_vs_0h"
"ENSMUSG00000025234",1.42767039965196,0.997485386238487,1,"4h_vs_0h"
"ENSMUSG00000002289",0.410525577559007,0.997496132404229,1,"4h_vs_0h"
"ENSMUSG00000027498",-1.06419527716749,0.997544676097687,1,"4h_vs_0h"
"ENSMUSG00000027006",0.0204579337430424,0.997545895337413,1,"4h_vs_0h"
"ENSMUSG00000031490",2.99566116466356,0.997547195927998,1,"4h_vs_0h"
"ENSMUSG00000029141",2.0114588945627,0.99755802208664,1,"4h_vs_0h"
"ENSMUSG00000006010",-0.288895973211034,0.997565478255663,1,"4h_vs_0h"
"ENSMUSG00000008822",0.678986595270356,0.997596729331274,1,"4h_vs_0h"
"ENSMUSG00000038346",-1.29481195360079,0.997613839502238,1,"4h_vs_0h"
"ENSMUSG00000029686",1.20640442834691,0.997645151422666,1,"4h_vs_0h"
"ENSMUSG00000027540",-0.218671129589261,0.997646454510028,1,"4h_vs_0h"
"ENSMUSG00000041733",-0.172018437801761,0.997692977783031,1,"4h_vs_0h"
"ENSMUSG00000031453",-0.224678673639783,0.997710181915932,1,"4h_vs_0h"
"ENSMUSG00000017286",0.201831517039636,0.997726203661951,1,"4h_vs_0h"
"ENSMUSG00000032435",0.373889268395267,0.997731884787192,1,"4h_vs_0h"
"ENSMUSG00000034868",1.52468157905893,0.997735224814812,1,"4h_vs_0h"
"ENSMUSG00000035632",-0.00220958310288566,0.99774326162799,1,"4h_vs_0h"
"ENSMUSG00000033860",1.6402969050824,0.997751753851073,1,"4h_vs_0h"
"ENSMUSG00000025534",-0.0712867708535896,0.997762548005593,1,"4h_vs_0h"
"ENSMUSG00000076441",0.0370531626681654,0.997785296201895,1,"4h_vs_0h"
"ENSMUSG00000038446",-0.0178008048706779,0.997820660090948,1,"4h_vs_0h"
"ENSMUSG00000004056",0.472860956687253,0.997835035469362,1,"4h_vs_0h"
"ENSMUSG00000022338",-0.00303584439697602,0.997845359231647,1,"4h_vs_0h"
"ENSMUSG00000037938",-2.44153313988384,0.997862255976419,1,"4h_vs_0h"
"ENSMUSG00000022040",-0.506244296664516,0.997868890629316,1,"4h_vs_0h"
"ENSMUSG00000025041",0.553877552199971,0.997885768208222,1,"4h_vs_0h"
"ENSMUSG00000032046",-0.169768609798144,0.997885915947162,1,"4h_vs_0h"
"ENSMUSG00000031839",-1.46479027308315,0.99792346290387,1,"4h_vs_0h"
"ENSMUSG00000063334",-2.05813893697142,0.997969539108388,1,"4h_vs_0h"
"ENSMUSG00000026917",-0.0226042911431712,0.998026262341439,1,"4h_vs_0h"
"ENSMUSG00000062963",0.77774842670205,0.998030378131067,1,"4h_vs_0h"
"ENSMUSG00000038416",0.0467673384006382,0.99810748247159,1,"4h_vs_0h"
"ENSMUSG00000005417",0.436934069165275,0.998110722521418,1,"4h_vs_0h"
"ENSMUSG00000038683",1.41098050197034,0.998114720265481,1,"4h_vs_0h"
"ENSMUSG00000007036",-0.822488481294602,0.998153707692812,1,"4h_vs_0h"
"ENSMUSG00000020687",-0.122733648431577,0.998154474231257,1,"4h_vs_0h"
"ENSMUSG00000015027",-0.603543926331067,0.998161796432421,1,"4h_vs_0h"
"ENSMUSG00000031827",0.142615269162729,0.998173474484766,1,"4h_vs_0h"
"ENSMUSG00000028527",0.44383876184375,0.998194980564628,1,"4h_vs_0h"
"ENSMUSG00000023988",-0.0559098232570321,0.998204803411123,1,"4h_vs_0h"
"ENSMUSG00000015474",-0.448296273603287,0.9982178139974,1,"4h_vs_0h"
"ENSMUSG00000006678",0.309235931047073,0.998218726551761,1,"4h_vs_0h"
"ENSMUSG00000041308",-0.190411479453033,0.998224779433108,1,"4h_vs_0h"
"ENSMUSG00000044147",0.0448553800164362,0.998238289612741,1,"4h_vs_0h"
"ENSMUSG00000023088",0.0297933130923269,0.998249106793361,1,"4h_vs_0h"
"ENSMUSG00000034957",-0.599151988986517,0.998251613796143,1,"4h_vs_0h"
"ENSMUSG00000023852",0.0232567915626127,0.998252822941966,1,"4h_vs_0h"
"ENSMUSG00000058006",-0.172003167316138,0.998252884509575,1,"4h_vs_0h"
"ENSMUSG00000004849",0.47276619720024,0.998257521261548,1,"4h_vs_0h"
"ENSMUSG00000027708",1.32825756013871,0.998297823532513,1,"4h_vs_0h"
"ENSMUSG00000031060",-0.210346017268066,0.998298121445272,1,"4h_vs_0h"
"ENSMUSG00000017831",-0.0371049521188809,0.998302809661621,1,"4h_vs_0h"
"ENSMUSG00000033955",1.19738202131352,0.998315677278356,1,"4h_vs_0h"
"ENSMUSG00000040711",0.67303463772836,0.998323263295683,1,"4h_vs_0h"
"ENSMUSG00000005615",0.294442217287173,0.998328783542075,1,"4h_vs_0h"
"ENSMUSG00000056820",1.03321095961654,0.998334529068932,1,"4h_vs_0h"
"ENSMUSG00000028416",0.16243381464388,0.998337839966864,1,"4h_vs_0h"
"ENSMUSG00000029265",2.52852411168901,0.99833855397288,1,"4h_vs_0h"
"ENSMUSG00000039220",-0.156333712576199,0.998351175116291,1,"4h_vs_0h"
"ENSMUSG00000018322",0.447501085780711,0.998366607125891,1,"4h_vs_0h"
"ENSMUSG00000054079",-1.56693692101326,0.998373009565063,1,"4h_vs_0h"
"ENSMUSG00000109865",0.246922727582284,0.998382228274875,1,"4h_vs_0h"
"ENSMUSG00000030216",0.0770176491257928,0.998392672751824,1,"4h_vs_0h"
"ENSMUSG00000006728",0.0675880499765711,0.99840104920119,1,"4h_vs_0h"
"ENSMUSG00000051285",0.298852791277273,0.998411473701214,1,"4h_vs_0h"
"ENSMUSG00000028345",-0.235032995132034,0.998422620524369,1,"4h_vs_0h"
"ENSMUSG00000026019",0.590326944245458,0.998492312055341,1,"4h_vs_0h"
"ENSMUSG00000022816",0.00189826328551135,0.998503103812384,1,"4h_vs_0h"
"ENSMUSG00000030272",2.13579609321728,0.998548510214342,1,"4h_vs_0h"
"ENSMUSG00000009907",1.06382298471978,0.998574864247315,1,"4h_vs_0h"
"ENSMUSG00000008226",1.57759614526767,0.998576177692664,1,"4h_vs_0h"
"ENSMUSG00000027752",0.655627674294962,0.998577041899442,1,"4h_vs_0h"
"ENSMUSG00000027475",3.63252851135207,0.998623585987327,1,"4h_vs_0h"
"ENSMUSG00000020458",0.245033666584828,0.99862365734094,1,"4h_vs_0h"
"ENSMUSG00000031378",-0.597652396875134,0.99863030965164,1,"4h_vs_0h"
"ENSMUSG00000025337",1.58814539102001,0.998639631891477,1,"4h_vs_0h"
"ENSMUSG00000020698",2.80169086990802,0.998640936024626,1,"4h_vs_0h"
"ENSMUSG00000020328",0.71098334622064,0.998649205513501,1,"4h_vs_0h"
"ENSMUSG00000020248",-0.697484525318483,0.998671654990422,1,"4h_vs_0h"
"ENSMUSG00000022555",-1.63910810270636,0.99867290281464,1,"4h_vs_0h"
"ENSMUSG00000040236",0.846902683127361,0.998680048315788,1,"4h_vs_0h"
"ENSMUSG00000037499",0.0280060455453714,0.998682162865799,1,"4h_vs_0h"
"ENSMUSG00000010517",2.66856940626729,0.998694633901857,1,"4h_vs_0h"
"ENSMUSG00000020171",-0.505894144908712,0.99869606980909,1,"4h_vs_0h"
"ENSMUSG00000000384",-0.0770726716597991,0.998708411121793,1,"4h_vs_0h"
"ENSMUSG00000024381",0.0971885800133592,0.998715753835633,1,"4h_vs_0h"
"ENSMUSG00000025533",3.04324297078517,0.998745069279182,1,"4h_vs_0h"
"ENSMUSG00000008140",0.00148122090295288,0.998773893317097,1,"4h_vs_0h"
"ENSMUSG00000019802",-0.005832860121739,0.998792740353054,1,"4h_vs_0h"
"ENSMUSG00000030036",-0.174763728788889,0.998798286039608,1,"4h_vs_0h"
"ENSMUSG00000024208",-0.0153867340650145,0.998801628222815,1,"4h_vs_0h"
"ENSMUSG00000029014",1.361418280827,0.998805862799924,1,"4h_vs_0h"
"ENSMUSG00000024764",0.821280728102458,0.998810434052482,1,"4h_vs_0h"
"ENSMUSG00000049502",1.74315760147594,0.998816857541614,1,"4h_vs_0h"
"ENSMUSG00000051989",-0.798404415980411,0.99882037585627,1,"4h_vs_0h"
"ENSMUSG00000004934",0.0108883765788441,0.998842982197844,1,"4h_vs_0h"
"ENSMUSG00000036371",2.41832243322377,0.998848175445491,1,"4h_vs_0h"
"ENSMUSG00000102976",-0.230918210053169,0.998894115675687,1,"4h_vs_0h"
"ENSMUSG00000024529",-0.108224584229884,0.99894093237671,1,"4h_vs_0h"
"ENSMUSG00000031201",0.262706206290893,0.99894594719307,1,"4h_vs_0h"
"ENSMUSG00000002365",1.15199519331684,0.998949113634856,1,"4h_vs_0h"
"ENSMUSG00000036733",-0.0931894568040654,0.998949363764371,1,"4h_vs_0h"
"ENSMUSG00000027835",1.70466879934986,0.998962583080261,1,"4h_vs_0h"
"ENSMUSG00000031928",-0.0737768574087028,0.998974138115051,1,"4h_vs_0h"
"ENSMUSG00000025395",0.122262998130129,0.998981200578497,1,"4h_vs_0h"
"ENSMUSG00000020076",-0.122304513151786,0.998992764118371,1,"4h_vs_0h"
"ENSMUSG00000042010",0.0309558998970338,0.999006465944381,1,"4h_vs_0h"
"ENSMUSG00000057440",-2.0098403896986,0.999012352592307,1,"4h_vs_0h"
"ENSMUSG00000005034",0.0622234277919098,0.999030725728985,1,"4h_vs_0h"
"ENSMUSG00000025979",0.500697535116547,0.999035735036474,1,"4h_vs_0h"
"ENSMUSG00000118671",-0.46694452133276,0.999051704162839,1,"4h_vs_0h"
"ENSMUSG00000060279",0.0285386238173935,0.999052420102028,1,"4h_vs_0h"
"ENSMUSG00000069539",2.08629882858969,0.999080129574884,1,"4h_vs_0h"
"ENSMUSG00000023883",-0.537888892726521,0.999088490929082,1,"4h_vs_0h"
"ENSMUSG00000019278",-0.143907230442881,0.999093887055767,1,"4h_vs_0h"
"ENSMUSG00000038546",-1.13598038581823,0.999098380517767,1,"4h_vs_0h"
"ENSMUSG00000019923",0.0322095890172314,0.999104895384079,1,"4h_vs_0h"
"ENSMUSG00000093930",0.256413800161805,0.999106647696476,1,"4h_vs_0h"
"ENSMUSG00000034931",-0.00052665023329368,0.999136886154517,1,"4h_vs_0h"
"ENSMUSG00000039318",1.86666853314535,0.999155381869461,1,"4h_vs_0h"
"ENSMUSG00000016541",0.244642510973794,0.999157390013813,1,"4h_vs_0h"
"ENSMUSG00000053604",0.362444436221342,0.999158573100163,1,"4h_vs_0h"
"ENSMUSG00000031848",-0.0725039234801699,0.999167634584734,1,"4h_vs_0h"
"ENSMUSG00000024960",0.407814274228027,0.999168175930982,1,"4h_vs_0h"
"ENSMUSG00000029538",-0.18399426106312,0.999172685084421,1,"4h_vs_0h"
"ENSMUSG00000028163",1.73541832064233,0.999176382812733,1,"4h_vs_0h"
"ENSMUSG00000020457",-0.644796910942116,0.999184835763589,1,"4h_vs_0h"
"ENSMUSG00000031996",0.166145162494875,0.999203736347355,1,"4h_vs_0h"
"ENSMUSG00000015846",-0.0336527388770449,0.999204979939537,1,"4h_vs_0h"
"ENSMUSG00000026956",0.0623373246158287,0.999210161697942,1,"4h_vs_0h"
"ENSMUSG00000020898",-0.0823122174195134,0.999218313748252,1,"4h_vs_0h"
"ENSMUSG00000026305",2.86717501825866,0.999219517984942,1,"4h_vs_0h"
"ENSMUSG00000031917",-1.81459709757375,0.999228458737281,1,"4h_vs_0h"
"ENSMUSG00000035351",-0.162127586841358,0.999240471210276,1,"4h_vs_0h"
"ENSMUSG00000030204",0.219964739165246,0.999242457906257,1,"4h_vs_0h"
"ENSMUSG00000052798",-0.0407389441779813,0.999244212609603,1,"4h_vs_0h"
"ENSMUSG00000032553",-0.00509606171043231,0.999265506218791,1,"4h_vs_0h"
"ENSMUSG00000018909",1.13236278388464,0.999273591071341,1,"4h_vs_0h"
"ENSMUSG00000020523",0.78576909168337,0.999289320779999,1,"4h_vs_0h"
"ENSMUSG00000025757",0.544217335277096,0.999299514727345,1,"4h_vs_0h"
"ENSMUSG00000034659",-1.1104999214526,0.999300112711779,1,"4h_vs_0h"
"ENSMUSG00000023118",-0.0506260636608253,0.999317762488478,1,"4h_vs_0h"
"ENSMUSG00000036327",-1.336460328669,0.999322033193321,1,"4h_vs_0h"
"ENSMUSG00000036104",0.407424847508587,0.999327789634043,1,"4h_vs_0h"
"ENSMUSG00000031657",0.567775812223832,0.999332674811841,1,"4h_vs_0h"
"ENSMUSG00000044763",-0.108585632461235,0.999340188081628,1,"4h_vs_0h"
"ENSMUSG00000056131",0.417102925628591,0.999354509917581,1,"4h_vs_0h"
"ENSMUSG00000024959",-0.524169279683797,0.999356436745473,1,"4h_vs_0h"
"ENSMUSG00000039804",-0.265190621524834,0.999360008437247,1,"4h_vs_0h"
"ENSMUSG00000057230",0.874214257940714,0.999360035870144,1,"4h_vs_0h"
"ENSMUSG00000028911",-0.382765740506336,0.999362600824627,1,"4h_vs_0h"
"ENSMUSG00000022451",0.44537534744957,0.999370899760663,1,"4h_vs_0h"
"ENSMUSG00000028430",-1.1905638939859,0.999376435126152,1,"4h_vs_0h"
"ENSMUSG00000071654",-0.765125266416089,0.999376500983248,1,"4h_vs_0h"
"ENSMUSG00000029125",1.07512207623921,0.999377824704737,1,"4h_vs_0h"
"ENSMUSG00000026199",1.42643136500295,0.99939101624424,1,"4h_vs_0h"
"ENSMUSG00000014402",0.0248192926967548,0.999392751491368,1,"4h_vs_0h"
"ENSMUSG00000002455",-0.13644719822172,0.999402848501051,1,"4h_vs_0h"
"ENSMUSG00000052917",-0.940476292574594,0.999403202612371,1,"4h_vs_0h"
"ENSMUSG00000024392",0.755752543529233,0.999405624147666,1,"4h_vs_0h"
"ENSMUSG00000039959",-0.0739327074658789,0.999422241644178,1,"4h_vs_0h"
"ENSMUSG00000047250",-0.070140488959769,0.999426596099621,1,"4h_vs_0h"
"ENSMUSG00000071337",1.36467647087645,0.999428352114948,1,"4h_vs_0h"
"ENSMUSG00000021103",0.123899381229307,0.999434851099028,1,"4h_vs_0h"
"ENSMUSG00000079480",0.156433537489949,0.999458209255607,1,"4h_vs_0h"
"ENSMUSG00000037296",1.91148736138568,0.999460076227662,1,"4h_vs_0h"
"ENSMUSG00000018171",3.27993180185668,0.999467867489858,1,"4h_vs_0h"
"ENSMUSG00000001750",-0.16484074517204,0.999476993391667,1,"4h_vs_0h"
"ENSMUSG00000021149",0.041146819951873,0.999477083453721,1,"4h_vs_0h"
"ENSMUSG00000022674",1.20035153929618,0.99948816176918,1,"4h_vs_0h"
"ENSMUSG00000029513",0.937092428389601,0.999490165104482,1,"4h_vs_0h"
"ENSMUSG00000027668",-1.19910624669394,0.999493536796538,1,"4h_vs_0h"
"ENSMUSG00000018196",-0.0245517204653858,0.999500629717547,1,"4h_vs_0h"
"ENSMUSG00000017765",0.54893890903524,0.999504043856164,1,"4h_vs_0h"
"ENSMUSG00000056737",0.259279243554591,0.999507201390554,1,"4h_vs_0h"
"ENSMUSG00000032279",-0.0402069973645922,0.999508157181271,1,"4h_vs_0h"
"ENSMUSG00000040152",2.37383499400645,0.999510091140162,1,"4h_vs_0h"
"ENSMUSG00000003033",1.24815253532331,0.999514578235242,1,"4h_vs_0h"
"ENSMUSG00000042215",-0.147207035046403,0.999530434326766,1,"4h_vs_0h"
"ENSMUSG00000063171",0.0201579551061215,0.99953556030936,1,"4h_vs_0h"
"ENSMUSG00000056501",0.0441924794915742,0.999538703289198,1,"4h_vs_0h"
"ENSMUSG00000021715",-0.760985212258667,0.999546218478614,1,"4h_vs_0h"
"ENSMUSG00000025036",-0.161091959680103,0.999550769531779,1,"4h_vs_0h"
"ENSMUSG00000010663",-0.893761965429913,0.99955252871292,1,"4h_vs_0h"
"ENSMUSG00000007338",-0.0100773244776704,0.999552672913792,1,"4h_vs_0h"
"ENSMUSG00000020608",1.35652456338844,0.999563735265355,1,"4h_vs_0h"
"ENSMUSG00000010376",-1.79410046618983,0.999565109634135,1,"4h_vs_0h"
"ENSMUSG00000040034",-0.664511806966047,0.999565510982586,1,"4h_vs_0h"
"ENSMUSG00000022817",0.820810168372073,0.999569632827706,1,"4h_vs_0h"
"ENSMUSG00000017830",0.123510603129731,0.999570455972199,1,"4h_vs_0h"
"ENSMUSG00000032306",1.40870998229685,0.999578881481685,1,"4h_vs_0h"
"ENSMUSG00000039168",0.293924066225156,0.999579623168621,1,"4h_vs_0h"
"ENSMUSG00000026134",0.0828261458804498,0.9995857717959,1,"4h_vs_0h"
"ENSMUSG00000072235",0.476303324950738,0.999594085750217,1,"4h_vs_0h"
"ENSMUSG00000015994",0.760691303007953,0.999594573024305,1,"4h_vs_0h"
"ENSMUSG00000021710",-0.0112258699439174,0.99960158383261,1,"4h_vs_0h"
"ENSMUSG00000052962",-0.278269293944891,0.999602349223113,1,"4h_vs_0h"
"ENSMUSG00000038544",-1.53701173493997,0.999607919061296,1,"4h_vs_0h"
"ENSMUSG00000037643",-0.950212460780346,0.999615130449955,1,"4h_vs_0h"
"ENSMUSG00000041958",0.707954380118469,0.999615763488192,1,"4h_vs_0h"
"ENSMUSG00000040667",0.579715648643049,0.999623939289383,1,"4h_vs_0h"
"ENSMUSG00000000561",0.344729726535224,0.999624068594112,1,"4h_vs_0h"
"ENSMUSG00000032557",3.52493795060754,0.999632759939262,1,"4h_vs_0h"
"ENSMUSG00000031710",0.932108718994435,0.999634223741827,1,"4h_vs_0h"
"ENSMUSG00000019868",0.527933723868365,0.999641582120378,1,"4h_vs_0h"
"ENSMUSG00000031634",-0.0157734776230924,0.999643631073176,1,"4h_vs_0h"
"ENSMUSG00000030225",0.820497335551952,0.999661620251649,1,"4h_vs_0h"
"ENSMUSG00000025995",0.763474894498952,0.999674558685051,1,"4h_vs_0h"
"ENSMUSG00000041028",-2.35651626298304,0.999678296495959,1,"4h_vs_0h"
"ENSMUSG00000003662",1.48459329806072,0.999683918152702,1,"4h_vs_0h"
"ENSMUSG00000024594",0.106155938341079,0.99968583368794,1,"4h_vs_0h"
"ENSMUSG00000035754",0.821748414538018,0.999687196731769,1,"4h_vs_0h"
"ENSMUSG00000015748",0.0167614775338834,0.99968722852477,1,"4h_vs_0h"
"ENSMUSG00000050323",0.391566312993561,0.999689626590407,1,"4h_vs_0h"
"ENSMUSG00000029209",2.02411320298551,0.999702989022956,1,"4h_vs_0h"
"ENSMUSG00000027649",-0.027757085038985,0.999706264633194,1,"4h_vs_0h"
"ENSMUSG00000025538",-0.1370356941474,0.999707456000998,1,"4h_vs_0h"
"ENSMUSG00000024480",0.0463578768668818,0.999713527699561,1,"4h_vs_0h"
"ENSMUSG00000062110",0.602695470277745,0.999719751797047,1,"4h_vs_0h"
"ENSMUSG00000035049",-0.244444356604294,0.999720982146168,1,"4h_vs_0h"
"ENSMUSG00000078656",0.330256404204494,0.999725058826903,1,"4h_vs_0h"
"ENSMUSG00000037234",0.917052552022959,0.99972661957735,1,"4h_vs_0h"
"ENSMUSG00000052926",2.64566494325295,0.999728783513551,1,"4h_vs_0h"
"ENSMUSG00000039745",-1.16187732842097,0.999730684052337,1,"4h_vs_0h"
"ENSMUSG00000002741",2.28751590933299,0.999733500173633,1,"4h_vs_0h"
"ENSMUSG00000020843",-0.00474409578159651,0.999735529293136,1,"4h_vs_0h"
"ENSMUSG00000069045",1.03011374667923,0.999736179875761,1,"4h_vs_0h"
"ENSMUSG00000039087",-1.20924265757186,0.999740213726182,1,"4h_vs_0h"
"ENSMUSG00000046785",0.696505879695287,0.999742641677026,1,"4h_vs_0h"
"ENSMUSG00000035443",0.526338943025536,0.999743163956902,1,"4h_vs_0h"
"ENSMUSG00000002319",-0.106356786906485,0.999745431955427,1,"4h_vs_0h"
"ENSMUSG00000053774",0.55426608735733,0.99974741951414,1,"4h_vs_0h"
"ENSMUSG00000024082",0.103263824732888,0.999748319727878,1,"4h_vs_0h"
"ENSMUSG00000020265",-0.440543438333133,0.999752844875848,1,"4h_vs_0h"
"ENSMUSG00000022051",0.537997119442704,0.999753181057995,1,"4h_vs_0h"
"ENSMUSG00000024006",0.475314213026888,0.999754977721148,1,"4h_vs_0h"
"ENSMUSG00000031119",-0.339732153905455,0.999757826678451,1,"4h_vs_0h"
"ENSMUSG00000053436",0.355821809735811,0.999758271691197,1,"4h_vs_0h"
"ENSMUSG00000029992",0.878711478231789,0.99975888120078,1,"4h_vs_0h"
"ENSMUSG00000021420",-0.946717705344373,0.999759941694033,1,"4h_vs_0h"
"ENSMUSG00000061286",0.650170927001724,0.999763023505514,1,"4h_vs_0h"
"ENSMUSG00000062729",-0.0700644365034151,0.999764181362493,1,"4h_vs_0h"
"ENSMUSG00000035232",-0.0209599173925099,0.999775027353644,1,"4h_vs_0h"
"ENSMUSG00000027884",-0.0178257229867249,0.999779825503212,1,"4h_vs_0h"
"ENSMUSG00000042447",2.47573758378827,0.99977997939394,1,"4h_vs_0h"
"ENSMUSG00000019066",-1.98659513098349,0.999781400885898,1,"4h_vs_0h"
"ENSMUSG00000029020",0.491410475590019,0.999783999190674,1,"4h_vs_0h"
"ENSMUSG00000026426",1.75352539781415,0.999784480836035,1,"4h_vs_0h"
"ENSMUSG00000001829",0.0049060719230809,0.999784552245999,1,"4h_vs_0h"
"ENSMUSG00000024878",2.10461293466613,0.999787957936324,1,"4h_vs_0h"
"ENSMUSG00000031767",1.08394777290364,0.999790168842975,1,"4h_vs_0h"
"ENSMUSG00000019979",0.260742176563841,0.999791527349635,1,"4h_vs_0h"
"ENSMUSG00000027255",0.998980195119753,0.999793799235027,1,"4h_vs_0h"
"ENSMUSG00000049401",0.00222155137791802,0.99979558020879,1,"4h_vs_0h"
"ENSMUSG00000026715",1.81898362411492,0.999795833304809,1,"4h_vs_0h"
"ENSMUSG00000028969",0.221183155128749,0.999796816998245,1,"4h_vs_0h"
"ENSMUSG00000050965",0.0383093498887632,0.999799107633539,1,"4h_vs_0h"
"ENSMUSG00000042354",0.477623203931103,0.999800680643007,1,"4h_vs_0h"
"ENSMUSG00000029592",0.572027121500241,0.9998055485947,1,"4h_vs_0h"
"ENSMUSG00000033557",-1.67615426565442,0.999805760394977,1,"4h_vs_0h"
"ENSMUSG00000048351",-0.281705174697663,0.999807744184767,1,"4h_vs_0h"
"ENSMUSG00000029345",-0.252093884260017,0.999808210392629,1,"4h_vs_0h"
"ENSMUSG00000032508",1.33677399550823,0.99980936916902,1,"4h_vs_0h"
"ENSMUSG00000054027",-0.672595559681071,0.99981247879664,1,"4h_vs_0h"
"ENSMUSG00000028309",1.9953685548066,0.999813160804044,1,"4h_vs_0h"
"ENSMUSG00000024393",0.799514181500847,0.999814129084957,1,"4h_vs_0h"
"ENSMUSG00000042275",0.457205528561211,0.999815612277986,1,"4h_vs_0h"
"ENSMUSG00000025198",-0.0527860032263447,0.999817122198068,1,"4h_vs_0h"
"ENSMUSG00000037725",-0.504152708899802,0.999819957095858,1,"4h_vs_0h"
"ENSMUSG00000020964",0.0054893776907825,0.999825591276836,1,"4h_vs_0h"
"ENSMUSG00000020611",0.514699701518456,0.999828634215446,1,"4h_vs_0h"
"ENSMUSG00000028992",0.0138238971638032,0.999830507360526,1,"4h_vs_0h"
"ENSMUSG00000008036",1.54711958675015,0.99983070321581,1,"4h_vs_0h"
"ENSMUSG00000026187",0.714408752613814,0.999830975745529,1,"4h_vs_0h"
"ENSMUSG00000073643",-0.020434777904736,0.999833218773739,1,"4h_vs_0h"
"ENSMUSG00000042111",-1.48622136315444,0.999834848273938,1,"4h_vs_0h"
"ENSMUSG00000000959",0.000396355532544135,0.999835757355079,1,"4h_vs_0h"
"ENSMUSG00000057335",0.229881777757832,0.999839502204023,1,"4h_vs_0h"
"ENSMUSG00000001785",0.626610527920434,0.999844785721638,1,"4h_vs_0h"
"ENSMUSG00000049225",1.13505743586224,0.999845073458095,1,"4h_vs_0h"
"ENSMUSG00000031967",0.0812724545566894,0.999846136247721,1,"4h_vs_0h"
"ENSMUSG00000046020",-0.171993868120154,0.999849184255751,1,"4h_vs_0h"
"ENSMUSG00000030545",-0.648751558991307,0.999856395378641,1,"4h_vs_0h"
"ENSMUSG00000038644",0.098933538633748,0.999860131537609,1,"4h_vs_0h"
"ENSMUSG00000031903",-1.270689211053,0.999860465185779,1,"4h_vs_0h"
"ENSMUSG00000078619",-0.299200564563261,0.999861540329537,1,"4h_vs_0h"
"ENSMUSG00000026037",0.529405847557829,0.999863053387275,1,"4h_vs_0h"
"ENSMUSG00000018160",0.556967289880046,0.99986354300382,1,"4h_vs_0h"
"ENSMUSG00000026626",0.417418320048448,0.999863749744109,1,"4h_vs_0h"
"ENSMUSG00000060923",1.22337407590467,0.999865995468731,1,"4h_vs_0h"
"ENSMUSG00000031826",0.0637467295447713,0.999866025598152,1,"4h_vs_0h"
"ENSMUSG00000025162",0.0331211036502808,0.999866075657161,1,"4h_vs_0h"
"ENSMUSG00000020311",-0.602488520014347,0.99987521589359,1,"4h_vs_0h"
"ENSMUSG00000027428",0.0122406571578182,0.999875710401222,1,"4h_vs_0h"
"ENSMUSG00000004356",0.85066895362505,0.9998777217656,1,"4h_vs_0h"
"ENSMUSG00000022351",-2.48908866836164,0.999879210901536,1,"4h_vs_0h"
"ENSMUSG00000073609",-0.649863251202603,0.999880497912885,1,"4h_vs_0h"
"ENSMUSG00000033735",0.193345925727986,0.999883303760211,1,"4h_vs_0h"
"ENSMUSG00000030846",-0.0311430805421118,0.999888014374156,1,"4h_vs_0h"
"ENSMUSG00000033352",1.4405634011955,0.99989017728302,1,"4h_vs_0h"
"ENSMUSG00000015776",-0.651624434580906,0.999891286949369,1,"4h_vs_0h"
"ENSMUSG00000020919",0.723542906058714,0.999893193313834,1,"4h_vs_0h"
"ENSMUSG00000002395",0.53236781647076,0.999898113729478,1,"4h_vs_0h"
"ENSMUSG00000039678",1.04218898227893,0.999905832339448,1,"4h_vs_0h"
"ENSMUSG00000022711",0.464646029718754,0.999907620049006,1,"4h_vs_0h"
"ENSMUSG00000020459",0.0448246158546617,0.999910076110399,1,"4h_vs_0h"
"ENSMUSG00000048486",0.116321498555894,0.999913802784659,1,"4h_vs_0h"
"ENSMUSG00000021018",0.853112021618237,0.999916435829726,1,"4h_vs_0h"
"ENSMUSG00000029684",1.25541605487516,0.999918090463408,1,"4h_vs_0h"
"ENSMUSG00000031641",0.0230704843238811,0.999918348548625,1,"4h_vs_0h"
"ENSMUSG00000029480",0.460703916359343,0.99992076938567,1,"4h_vs_0h"
"ENSMUSG00000021962",-0.487046330599611,0.999923873814451,1,"4h_vs_0h"
"ENSMUSG00000042997",0.772652891617025,0.99992406300861,1,"4h_vs_0h"
"ENSMUSG00000030970",0.0838024391257441,0.999924827741985,1,"4h_vs_0h"
"ENSMUSG00000046230",-0.0139790605369434,0.999924952069686,1,"4h_vs_0h"
"ENSMUSG00000004233",-0.136557582826494,0.999925024151912,1,"4h_vs_0h"
"ENSMUSG00000038023",-0.236358848108797,0.999927096546724,1,"4h_vs_0h"
"ENSMUSG00000074064",-0.425746279310744,0.999927891042942,1,"4h_vs_0h"
"ENSMUSG00000011877",0.729324671670756,0.999932590200393,1,"4h_vs_0h"
"ENSMUSG00000027610",0.721095283862798,0.999932693334632,1,"4h_vs_0h"
"ENSMUSG00000023977",1.40868615653494,0.999936070164233,1,"4h_vs_0h"
"ENSMUSG00000040044",1.66267658009078,0.999937153648138,1,"4h_vs_0h"
"ENSMUSG00000031266",0.653176886158032,0.999938001286803,1,"4h_vs_0h"
"ENSMUSG00000063888",-0.265977092495262,0.999938158512827,1,"4h_vs_0h"
"ENSMUSG00000055980",0.682222866420005,0.999939093558472,1,"4h_vs_0h"
"ENSMUSG00000063410",0.420140929673718,0.999940407326504,1,"4h_vs_0h"
"ENSMUSG00000002500",-2.10586646249931,0.999941786482665,1,"4h_vs_0h"
"ENSMUSG00000064080",0.656732309885399,0.999943020119389,1,"4h_vs_0h"
"ENSMUSG00000028292",-0.137381748261632,0.999943369848823,1,"4h_vs_0h"
"ENSMUSG00000032288",-2.16216173200255,0.99994367992204,1,"4h_vs_0h"
"ENSMUSG00000064105",-0.103288079261642,0.999945261854928,1,"4h_vs_0h"
"ENSMUSG00000026918",1.53874902583322,0.999946242405702,1,"4h_vs_0h"
"ENSMUSG00000015714",1.57027414592987,0.999948506015505,1,"4h_vs_0h"
"ENSMUSG00000015363",0.169476888389095,0.999948584252667,1,"4h_vs_0h"
"ENSMUSG00000027715",0.808276629022256,0.999948953976484,1,"4h_vs_0h"
"ENSMUSG00000021692",-0.15854704743067,0.999956985047847,1,"4h_vs_0h"
"ENSMUSG00000038489",1.53149630154442,0.999957511029494,1,"4h_vs_0h"
"ENSMUSG00000000743",0.973340178500578,0.99995776949565,1,"4h_vs_0h"
"ENSMUSG00000029104",-0.0747476649810359,0.999959523081654,1,"4h_vs_0h"
"ENSMUSG00000061755",0.0623260718647636,0.999959655548769,1,"4h_vs_0h"
"ENSMUSG00000039246",1.86099222757113,0.999960762424527,1,"4h_vs_0h"
"ENSMUSG00000014554",-0.187551261778488,0.999961639041082,1,"4h_vs_0h"
"ENSMUSG00000042284",0.0682749825364048,0.999962221506551,1,"4h_vs_0h"
"ENSMUSG00000031820",-0.0701357992753593,0.999963845980273,1,"4h_vs_0h"
"ENSMUSG00000032469",0.56950122968593,0.999963986092405,1,"4h_vs_0h"
"ENSMUSG00000057541",0.841222512040265,0.999964322908015,1,"4h_vs_0h"
"ENSMUSG00000020329",-0.785470184281607,0.999965321905818,1,"4h_vs_0h"
"ENSMUSG00000021236",1.06748080958635,0.999966649811592,1,"4h_vs_0h"
"ENSMUSG00000029560",0.424438110937523,0.999968652543768,1,"4h_vs_0h"
"ENSMUSG00000026849",1.17162335765385,0.999971416215966,1,"4h_vs_0h"
"ENSMUSG00000006673",0.0658161352051074,0.999972374920382,1,"4h_vs_0h"
"ENSMUSG00000000275",2.34243069610606,0.999972785343603,1,"4h_vs_0h"
"ENSMUSG00000062190",0.610729372266416,0.999973178449475,1,"4h_vs_0h"
"ENSMUSG00000002147",0.459304037050522,0.999973617644732,1,"4h_vs_0h"
"ENSMUSG00000009614",-0.115799682760525,0.99997375414059,1,"4h_vs_0h"
"ENSMUSG00000027207",1.99615574320146,0.999974586381757,1,"4h_vs_0h"
"ENSMUSG00000029910",-0.475836702775606,0.999975468688351,1,"4h_vs_0h"
"ENSMUSG00000039428",0.0495547358746116,0.999977036523444,1,"4h_vs_0h"
"ENSMUSG00000053293",-1.35543871227621,0.999977311240011,1,"4h_vs_0h"
"ENSMUSG00000026484",-0.0794491343536379,0.999977330196633,1,"4h_vs_0h"
"ENSMUSG00000030942",2.50712554910574,0.9999774457984,1,"4h_vs_0h"
"ENSMUSG00000031479",0.246569474551375,0.999978108489859,1,"4h_vs_0h"
"ENSMUSG00000020594",0.866704724607441,0.99997827149505,1,"4h_vs_0h"
"ENSMUSG00000021811",0.291109971172322,0.999980067589453,1,"4h_vs_0h"
"ENSMUSG00000020988",-0.205677940271372,0.999981103531181,1,"4h_vs_0h"
"ENSMUSG00000018669",0.0756187809112525,0.999981388941511,1,"4h_vs_0h"
"ENSMUSG00000028646",-0.0561258616112958,0.999981537847868,1,"4h_vs_0h"
"ENSMUSG00000071379",0.407927209622557,0.999981560109741,1,"4h_vs_0h"
"ENSMUSG00000019782",1.82607441293379,0.999981923038721,1,"4h_vs_0h"
"ENSMUSG00000079641",1.19511296928282,0.999981950978186,1,"4h_vs_0h"
"ENSMUSG00000024603",2.92910956274834,0.99998372787529,1,"4h_vs_0h"
"ENSMUSG00000021693",0.100483867666217,0.999984848382539,1,"4h_vs_0h"
"ENSMUSG00000027951",0.040342646288611,0.999984928103166,1,"4h_vs_0h"
"ENSMUSG00000027245",3.44406692545648,0.999985811126771,1,"4h_vs_0h"
"ENSMUSG00000028271",0.00716735332603946,0.999985885436912,1,"4h_vs_0h"
"ENSMUSG00000024833",0.0822582187306331,0.999986794110013,1,"4h_vs_0h"
"ENSMUSG00000009555",-0.0206470654415902,0.99998717263265,1,"4h_vs_0h"
"ENSMUSG00000042650",0.285662207950139,0.999987317343523,1,"4h_vs_0h"
"ENSMUSG00000038507",1.85562402058415,0.999987830243741,1,"4h_vs_0h"
"ENSMUSG00000055817",0.55196417208121,0.999989134833936,1,"4h_vs_0h"
"ENSMUSG00000031913",0.76380646510794,0.999989465070374,1,"4h_vs_0h"
"ENSMUSG00000061458",-0.928535199971751,0.999990175040347,1,"4h_vs_0h"
"ENSMUSG00000035674",-0.0688018028717536,0.999990294118178,1,"4h_vs_0h"
"ENSMUSG00000028044",-0.00356937713959482,0.999990355891442,1,"4h_vs_0h"
"ENSMUSG00000025868",-0.978952930191234,0.999990511007667,1,"4h_vs_0h"
"ENSMUSG00000099083",2.0830521998898,0.999991479756346,1,"4h_vs_0h"
"ENSMUSG00000035666",-0.032747731516146,0.999991601546362,1,"4h_vs_0h"
"ENSMUSG00000021967",-0.0375970446392166,0.999991978380905,1,"4h_vs_0h"
"ENSMUSG00000036114",0.11688477368676,0.999992373609379,1,"4h_vs_0h"
"ENSMUSG00000021144",-0.832734890628302,0.999992382470805,1,"4h_vs_0h"
"ENSMUSG00000029722",2.24051552183442,0.999993120208512,1,"4h_vs_0h"
"ENSMUSG00000042613",-0.645104593427945,0.999993188024247,1,"4h_vs_0h"
"ENSMUSG00000046711",-0.0396652897936818,0.999993196056503,1,"4h_vs_0h"
"ENSMUSG00000022800",0.448584571528883,0.999993363721131,1,"4h_vs_0h"
"ENSMUSG00000024283",-0.565575607408444,0.999993374062164,1,"4h_vs_0h"
"ENSMUSG00000017721",-2.41781625720798,0.999993461101635,1,"4h_vs_0h"
"ENSMUSG00000017264",-0.242028287433374,0.999993613414409,1,"4h_vs_0h"
"ENSMUSG00000051768",-0.00346957474189225,0.999993716103368,1,"4h_vs_0h"
"ENSMUSG00000034311",-0.00234945138769405,0.999993976135893,1,"4h_vs_0h"
"ENSMUSG00000057363",-0.300800577528619,0.999994168569373,1,"4h_vs_0h"
"ENSMUSG00000020444",-0.467849728471172,0.999994181442771,1,"4h_vs_0h"
"ENSMUSG00000028378",0.916784068159359,0.999994848738696,1,"4h_vs_0h"
"ENSMUSG00000024866",1.51762210608565,0.99999495145638,1,"4h_vs_0h"
"ENSMUSG00000029394",-0.176262047709471,0.999994974193364,1,"4h_vs_0h"
"ENSMUSG00000019961",-1.67319319434101,0.999995624951459,1,"4h_vs_0h"
"ENSMUSG00000029176",1.32556261632948,0.99999599758782,1,"4h_vs_0h"
"ENSMUSG00000070780",1.0818964743251,0.999996083820646,1,"4h_vs_0h"
"ENSMUSG00000017210",-0.48006415317781,0.999996396372026,1,"4h_vs_0h"
"ENSMUSG00000016194",0.00818039643688451,0.999996399845599,1,"4h_vs_0h"
"ENSMUSG00000036860",-0.643238004643059,0.999996761338501,1,"4h_vs_0h"
"ENSMUSG00000061950",0.703910440578845,0.999997032073665,1,"4h_vs_0h"
"ENSMUSG00000011884",1.0245089454127,0.999997412945684,1,"4h_vs_0h"
"ENSMUSG00000034744",0.0386977761478065,0.999997458399727,1,"4h_vs_0h"
"ENSMUSG00000004100",-0.908381507818333,0.999997541394958,1,"4h_vs_0h"
"ENSMUSG00000026576",-0.0659088076319492,0.999997668668176,1,"4h_vs_0h"
"ENSMUSG00000027411",-0.00415122383224542,0.999998090225188,1,"4h_vs_0h"
"ENSMUSG00000079487",0.0123499842947297,0.999998242167213,1,"4h_vs_0h"
"ENSMUSG00000030759",-0.0977817263706697,0.999998348508181,1,"4h_vs_0h"
"ENSMUSG00000025417",1.40615546351411,0.999998440986623,1,"4h_vs_0h"
"ENSMUSG00000053110",-0.027820024175103,0.999998487464364,1,"4h_vs_0h"
"ENSMUSG00000033323",0.41067184965026,0.999998864072955,1,"4h_vs_0h"
"ENSMUSG00000025872",-0.00315146610694939,0.999999024062798,1,"4h_vs_0h"
"ENSMUSG00000028843",-2.22384270569125,0.999999197213699,1,"4h_vs_0h"
"ENSMUSG00000051346",1.19572011261976,0.999999242215395,1,"4h_vs_0h"
"ENSMUSG00000056770",0.0586987820942078,0.99999925848303,1,"4h_vs_0h"
"ENSMUSG00000039048",-0.115363408028465,0.999999406894593,1,"4h_vs_0h"
"ENSMUSG00000017999",1.24354858425066,0.999999432581182,1,"4h_vs_0h"
"ENSMUSG00000022844",1.23723936374188,0.999999588782889,1,"4h_vs_0h"
"ENSMUSG00000039427",0.657777009452861,0.999999746182944,1,"4h_vs_0h"
"ENSMUSG00000062949",-0.0154649317176379,0.999999766192318,1,"4h_vs_0h"
"ENSMUSG00000027222",0.628479813004542,0.99999976294019,1,"4h_vs_0h"
"ENSMUSG00000041506",-0.566635232923815,0.999999818271282,1,"4h_vs_0h"
"ENSMUSG00000016487",0.0116284493974206,0.999999870144962,1,"4h_vs_0h"
"ENSMUSG00000001942",0.00262583610257039,0.999999914120861,1,"4h_vs_0h"
"ENSMUSG00000028134",-0.066115988240071,0.999999921157489,1,"4h_vs_0h"
"ENSMUSG00000013663",0.061353159046682,1,1,"4h_vs_0h"
"ENSMUSG00000064345",0,1,1,"4h_vs_0h"
"ENSMUSG00000039656",0,1,1,"4h_vs_0h"
"ENSMUSG00000002307",0,1,1,"4h_vs_0h"
"ENSMUSG00000024339",0,1,1,"4h_vs_0h"
"ENSMUSG00000053877",0,1,1,"4h_vs_0h"
"ENSMUSG00000052293",0,1,1,"4h_vs_0h"
"ENSMUSG00000026600",0,1,1,"4h_vs_0h"
"ENSMUSG00000022587",0,1,1,"4h_vs_0h"
"ENSMUSG00000026280",0,1,1,"4h_vs_0h"
"ENSMUSG00000032737",0,1,1,"4h_vs_0h"
"ENSMUSG00000014850",0,1,1,"4h_vs_0h"
"ENSMUSG00000014602",0,1,1,"4h_vs_0h"
"ENSMUSG00000032410",0,1,1,"4h_vs_0h"
"ENSMUSG00000055013",0,1,1,"4h_vs_0h"
"ENSMUSG00000026434",0,1,1,"4h_vs_0h"
"ENSMUSG00000051590",0,1,1,"4h_vs_0h"
"ENSMUSG00000018740",0,1,1,"4h_vs_0h"
"ENSMUSG00000026202",0,1,1,"4h_vs_0h"
"ENSMUSG00000032666",0,1,1,"4h_vs_0h"
"ENSMUSG00000039382",0,1,1,"4h_vs_0h"
"ENSMUSG00000047539",0,1,1,"4h_vs_0h"
"ENSMUSG00000039128",0,1,1,"4h_vs_0h"
"ENSMUSG00000038696",0,1,1,"4h_vs_0h"
"ENSMUSG00000041355",0,1,1,"4h_vs_0h"
"ENSMUSG00000022995",0,1,1,"4h_vs_0h"
"ENSMUSG00000027763",0,1,1,"4h_vs_0h"
"ENSMUSG00000037395",0,1,1,"4h_vs_0h"
"ENSMUSG00000001420",0,1,1,"4h_vs_0h"
"ENSMUSG00000026470",0,1,1,"4h_vs_0h"
"ENSMUSG00000026558",0,1,1,"4h_vs_0h"
"ENSMUSG00000028080",0,1,1,"4h_vs_0h"
"ENSMUSG00000026857",0,1,1,"4h_vs_0h"
"ENSMUSG00000026773",0,1,1,"4h_vs_0h"
"ENSMUSG00000037174",0,1,1,"4h_vs_0h"
"ENSMUSG00000038975",0,1,1,"4h_vs_0h"
"ENSMUSG00000037400",0,1,1,"4h_vs_0h"
"ENSMUSG00000040351",0,1,1,"4h_vs_0h"
"ENSMUSG00000005057",0,1,1,"4h_vs_0h"
"ENSMUSG00000062127",0,1,1,"4h_vs_0h"
"ENSMUSG00000029291",0,1,1,"4h_vs_0h"
"ENSMUSG00000025437",0,1,1,"4h_vs_0h"
"ENSMUSG00000070733",0,1,1,"4h_vs_0h"
"ENSMUSG00000039456",0,1,1,"4h_vs_0h"
"ENSMUSG00000029594",0,1,1,"4h_vs_0h"
"ENSMUSG00000026872",0,1,1,"4h_vs_0h"
"ENSMUSG00000029166",0,1,1,"4h_vs_0h"
"ENSMUSG00000078435",0,1,1,"4h_vs_0h"
"ENSMUSG00000033788",0,1,1,"4h_vs_0h"
"ENSMUSG00000004270",0,1,1,"4h_vs_0h"
"ENSMUSG00000034023",0,1,1,"4h_vs_0h"
"ENSMUSG00000035236",0,1,1,"4h_vs_0h"
"ENSMUSG00000029569",0,1,1,"4h_vs_0h"
"ENSMUSG00000001909",0,1,1,"4h_vs_0h"
"ENSMUSG00000004947",0,1,1,"4h_vs_0h"
"ENSMUSG00000023262",0,1,1,"4h_vs_0h"
"ENSMUSG00000026307",0,1,1,"4h_vs_0h"
"ENSMUSG00000025878",0,1,1,"4h_vs_0h"
"ENSMUSG00000026604",0,1,1,"4h_vs_0h"
"ENSMUSG00000030750",0,1,1,"4h_vs_0h"
"ENSMUSG00000031532",0,1,1,"4h_vs_0h"
"ENSMUSG00000039286",0,1,1,"4h_vs_0h"
"ENSMUSG00000027742",0,1,1,"4h_vs_0h"
"ENSMUSG00000043279",0,1,1,"4h_vs_0h"
"ENSMUSG00000034951",0,1,1,"4h_vs_0h"
"ENSMUSG00000048039",0,1,1,"4h_vs_0h"
"ENSMUSG00000020536",0,1,1,"4h_vs_0h"
"ENSMUSG00000034485",0,1,1,"4h_vs_0h"
"ENSMUSG00000054277",0,1,1,"4h_vs_0h"
"ENSMUSG00000055041",0,1,1,"4h_vs_0h"
"ENSMUSG00000022150",0,1,1,"4h_vs_0h"
"ENSMUSG00000038034",0,1,1,"4h_vs_0h"
"ENSMUSG00000062604",0,1,1,"4h_vs_0h"
"ENSMUSG00000021900",0,1,1,"4h_vs_0h"
"ENSMUSG00000017176",0,1,1,"4h_vs_0h"
"ENSMUSG00000050891",0,1,1,"4h_vs_0h"
"ENSMUSG00000020258",0,1,1,"4h_vs_0h"
"ENSMUSG00000055762",0,1,1,"4h_vs_0h"
"ENSMUSG00000021592",0,1,1,"4h_vs_0h"
"ENSMUSG00000024807",0,1,1,"4h_vs_0h"
"ENSMUSG00000023994",0,1,1,"4h_vs_0h"
"ENSMUSG00000021952",0,1,1,"4h_vs_0h"
"ENSMUSG00000032423",0,1,1,"4h_vs_0h"
"ENSMUSG00000022146",0,1,1,"4h_vs_0h"
"ENSMUSG00000079043",0,1,1,"4h_vs_0h"
"ENSMUSG00000030763",0,1,1,"4h_vs_0h"
"ENSMUSG00000035585",0,1,1,"4h_vs_0h"
"ENSMUSG00000034342",0,1,1,"4h_vs_0h"
"ENSMUSG00000051793",0,1,1,"4h_vs_0h"
"ENSMUSG00000049553",0,1,1,"4h_vs_0h"
"ENSMUSG00000060860",0,1,1,"4h_vs_0h"
"ENSMUSG00000042289",0,1,1,"4h_vs_0h"
"ENSMUSG00000002968",0,1,1,"4h_vs_0h"
"ENSMUSG00000015149",0,1,1,"4h_vs_0h"
"ENSMUSG00000004565",0,1,1,"4h_vs_0h"
"ENSMUSG00000087687",0,1,1,"4h_vs_0h"
"ENSMUSG00000055670",0,1,1,"4h_vs_0h"
"ENSMUSG00000041720",0,1,1,"4h_vs_0h"
"ENSMUSG00000003992",0,1,1,"4h_vs_0h"
"ENSMUSG00000030649",0,1,1,"4h_vs_0h"
"ENSMUSG00000024236",0,1,1,"4h_vs_0h"
"ENSMUSG00000061313",0,1,1,"4h_vs_0h"
"ENSMUSG00000031959",0,1,1,"4h_vs_0h"
"ENSMUSG00000030465",0,1,1,"4h_vs_0h"
"ENSMUSG00000031858",0,1,1,"4h_vs_0h"
"ENSMUSG00000040111",0,1,1,"4h_vs_0h"
"ENSMUSG00000031669",0,1,1,"4h_vs_0h"
"ENSMUSG00000034312",0,1,1,"4h_vs_0h"
"ENSMUSG00000001472",0,1,1,"4h_vs_0h"
"ENSMUSG00000038697",0,1,1,"4h_vs_0h"
"ENSMUSG00000035208",0,1,1,"4h_vs_0h"
"ENSMUSG00000032193",0,1,1,"4h_vs_0h"
"ENSMUSG00000032254",0,1,1,"4h_vs_0h"
"ENSMUSG00000003308",0,1,1,"4h_vs_0h"
"ENSMUSG00000032348",0,1,1,"4h_vs_0h"
"ENSMUSG00000032497",0,1,1,"4h_vs_0h"
"ENSMUSG00000033392",0,1,1,"4h_vs_0h"
"ENSMUSG00000059263",0,1,1,"4h_vs_0h"
"ENSMUSG00000057193",0,1,1,"4h_vs_0h"
"ENSMUSG00000018068",0,1,1,"4h_vs_0h"
"ENSMUSG00000039914",0,1,1,"4h_vs_0h"
"ENSMUSG00000019857",0,1,1,"4h_vs_0h"
"ENSMUSG00000059436",0,1,1,"4h_vs_0h"
"ENSMUSG00000032705",0,1,1,"4h_vs_0h"
"ENSMUSG00000019873",0,1,1,"4h_vs_0h"
"ENSMUSG00000059791",0,1,1,"4h_vs_0h"
"ENSMUSG00000021286",0,1,1,"4h_vs_0h"
"ENSMUSG00000021598",0,1,1,"4h_vs_0h"
"ENSMUSG00000052180",0,1,1,"4h_vs_0h"
"ENSMUSG00000021156",0,1,1,"4h_vs_0h"
"ENSMUSG00000020974",0,1,1,"4h_vs_0h"
"ENSMUSG00000021068",0,1,1,"4h_vs_0h"
"ENSMUSG00000071647",0,1,1,"4h_vs_0h"
"ENSMUSG00000021733",0,1,1,"4h_vs_0h"
"ENSMUSG00000074886",0,1,1,"4h_vs_0h"
"ENSMUSG00000023923",0,1,1,"4h_vs_0h"
"ENSMUSG00000069089",0,1,1,"4h_vs_0h"
"ENSMUSG00000015176",0,1,1,"4h_vs_0h"
"ENSMUSG00000021629",0,1,1,"4h_vs_0h"
"ENSMUSG00000024068",0,1,1,"4h_vs_0h"
"ENSMUSG00000022000",0,1,1,"4h_vs_0h"
"ENSMUSG00000022100",0,1,1,"4h_vs_0h"
"ENSMUSG00000018334",0,1,1,"4h_vs_0h"
"ENSMUSG00000021840",0,1,1,"4h_vs_0h"
"ENSMUSG00000039007",0,1,1,"4h_vs_0h"
"ENSMUSG00000059586",0,1,1,"4h_vs_0h"
"ENSMUSG00000037204",0,1,1,"4h_vs_0h"
"ENSMUSG00000018830",0,1,1,"4h_vs_0h"
"ENSMUSG00000033020",0,1,1,"4h_vs_0h"
"ENSMUSG00000052369",0,1,1,"4h_vs_0h"
"ENSMUSG00000022404",0,1,1,"4h_vs_0h"
"ENSMUSG00000022671",0,1,1,"4h_vs_0h"
"ENSMUSG00000023018",0,1,1,"4h_vs_0h"
"ENSMUSG00000022436",0,1,1,"4h_vs_0h"
"ENSMUSG00000033088",0,1,1,"4h_vs_0h"
"ENSMUSG00000031093",0,1,1,"4h_vs_0h"
"ENSMUSG00000041215",0,1,1,"4h_vs_0h"
"ENSMUSG00000045975",0,1,1,"4h_vs_0h"
"ENSMUSG00000049076",0,1,1,"4h_vs_0h"
"ENSMUSG00000033918",0,1,1,"4h_vs_0h"
"ENSMUSG00000069729",0,1,1,"4h_vs_0h"
"ENSMUSG00000012017",0,1,1,"4h_vs_0h"
"ENSMUSG00000038160",0,1,1,"4h_vs_0h"
"ENSMUSG00000037013",0,1,1,"4h_vs_0h"
"ENSMUSG00000024259",0,1,1,"4h_vs_0h"
"ENSMUSG00000036103",0,1,1,"4h_vs_0h"
"ENSMUSG00000036775",0,1,1,"4h_vs_0h"
"ENSMUSG00000058624",0,1,1,"4h_vs_0h"
"ENSMUSG00000002625",0,1,1,"4h_vs_0h"
"ENSMUSG00000056612",0,1,1,"4h_vs_0h"
"ENSMUSG00000025225",0,1,1,"4h_vs_0h"
"ENSMUSG00000024927",0,1,1,"4h_vs_0h"
"ENSMUSG00000034108",0,1,1,"4h_vs_0h"
"ENSMUSG00000024926",0,1,1,"4h_vs_0h"
"ENSMUSG00000024516",0,1,1,"4h_vs_0h"
"ENSMUSG00000057561",0,1,1,"4h_vs_0h"
"ENSMUSG00000013465",0,1,1,"4h_vs_0h"
"ENSMUSG00000050953",0,1,1,"4h_vs_0h"
"ENSMUSG00000066151",0,1,1,"4h_vs_0h"
"ENSMUSG00000038957",0,1,1,"4h_vs_0h"
"ENSMUSG00000000440",0,1,1,"4h_vs_0h"
"ENSMUSG00000020226",0,1,1,"4h_vs_0h"
"ENSMUSG00000022035",0,1,1,"4h_vs_0h"
"ENSMUSG00000032834",0,1,1,"4h_vs_0h"
"ENSMUSG00000015143",0,1,1,"4h_vs_0h"
"ENSMUSG00000034889",0,1,1,"4h_vs_0h"
"ENSMUSG00000060681",0,1,1,"4h_vs_0h"
"ENSMUSG00000034621",0,1,1,"4h_vs_0h"
"ENSMUSG00000042446",0,1,1,"4h_vs_0h"
"ENSMUSG00000057637",0,1,1,"4h_vs_0h"
"ENSMUSG00000033326",0,1,1,"4h_vs_0h"
"ENSMUSG00000044700",0,1,1,"4h_vs_0h"
"ENSMUSG00000025583",0,1,1,"4h_vs_0h"
"ENSMUSG00000025531",0,1,1,"4h_vs_0h"
"ENSMUSG00000031153",0,1,1,"4h_vs_0h"
"ENSMUSG00000039069",0,1,1,"4h_vs_0h"
"ENSMUSG00000027282",0,1,1,"4h_vs_0h"
"ENSMUSG00000033792",0,1,1,"4h_vs_0h"
"ENSMUSG00000051675",0,1,1,"4h_vs_0h"
"ENSMUSG00000007659",0,1,1,"4h_vs_0h"
"ENSMUSG00000036646",0,1,1,"4h_vs_0h"
"ENSMUSG00000026643",0,1,1,"4h_vs_0h"
"ENSMUSG00000049999",0,1,1,"4h_vs_0h"
"ENSMUSG00000000876",0,1,1,"4h_vs_0h"
"ENSMUSG00000025781",0,1,1,"4h_vs_0h"
"ENSMUSG00000040174",0,1,1,"4h_vs_0h"
"ENSMUSG00000031171",0,1,1,"4h_vs_0h"
"ENSMUSG00000070972",0,1,1,"4h_vs_0h"
"ENSMUSG00000002550",0,1,1,"4h_vs_0h"
"ENSMUSG00000028212",0,1,1,"4h_vs_0h"
"ENSMUSG00000040738",0,1,1,"4h_vs_0h"
"ENSMUSG00000027384",0,1,1,"4h_vs_0h"
"ENSMUSG00000039476",0,1,1,"4h_vs_0h"
"ENSMUSG00000033526",0,1,1,"4h_vs_0h"
"ENSMUSG00000027580",0,1,1,"4h_vs_0h"
"ENSMUSG00000026739",0,1,1,"4h_vs_0h"
"ENSMUSG00000043241",0,1,1,"4h_vs_0h"
"ENSMUSG00000070953",0,1,1,"4h_vs_0h"
"ENSMUSG00000026730",0,1,1,"4h_vs_0h"
"ENSMUSG00000005233",0,1,1,"4h_vs_0h"
"ENSMUSG00000074576",0,1,1,"4h_vs_0h"
"ENSMUSG00000063019",0,1,1,"4h_vs_0h"
"ENSMUSG00000000320",0,1,1,"4h_vs_0h"
"ENSMUSG00000014767",0,1,1,"4h_vs_0h"
"ENSMUSG00000024429",0,1,1,"4h_vs_0h"
"ENSMUSG00000036391",0,1,1,"4h_vs_0h"
"ENSMUSG00000031200",0,1,1,"4h_vs_0h"
"ENSMUSG00000036398",0,1,1,"4h_vs_0h"
"ENSMUSG00000033769",0,1,1,"4h_vs_0h"
"ENSMUSG00000061759",0,1,1,"4h_vs_0h"
"ENSMUSG00000024790",0,1,1,"4h_vs_0h"
"ENSMUSG00000062115",0,1,1,"4h_vs_0h"
"ENSMUSG00000037316",0,1,1,"4h_vs_0h"
"ENSMUSG00000049128",0,1,1,"4h_vs_0h"
"ENSMUSG00000030284",0,1,1,"4h_vs_0h"
"ENSMUSG00000038545",0,1,1,"4h_vs_0h"
"ENSMUSG00000003423",0,1,1,"4h_vs_0h"
"ENSMUSG00000062070",0,1,1,"4h_vs_0h"
"ENSMUSG00000020774",0,1,1,"4h_vs_0h"
"ENSMUSG00000038954",0,1,1,"4h_vs_0h"
"ENSMUSG00000024201",0,1,1,"4h_vs_0h"
"ENSMUSG00000018395",0,1,1,"4h_vs_0h"
"ENSMUSG00000020364",0,1,1,"4h_vs_0h"
"ENSMUSG00000047694",0,1,1,"4h_vs_0h"
"ENSMUSG00000073016",0,1,1,"4h_vs_0h"
"ENSMUSG00000028277",0,1,1,"4h_vs_0h"
"ENSMUSG00000029030",0,1,1,"4h_vs_0h"
"ENSMUSG00000021643",0,1,1,"4h_vs_0h"
"ENSMUSG00000028796",0,1,1,"4h_vs_0h"
"ENSMUSG00000023026",0,1,1,"4h_vs_0h"
"ENSMUSG00000048874",0,1,1,"4h_vs_0h"
"ENSMUSG00000021279",0,1,1,"4h_vs_0h"
"ENSMUSG00000028402",0,1,1,"4h_vs_0h"
"ENSMUSG00000025078",0,1,1,"4h_vs_0h"
"ENSMUSG00000000708",0,1,1,"4h_vs_0h"
"ENSMUSG00000034653",0,1,1,"4h_vs_0h"
"ENSMUSG00000038095",0,1,1,"4h_vs_0h"
"ENSMUSG00000039357",0,1,1,"4h_vs_0h"
"ENSMUSG00000038039",0,1,1,"4h_vs_0h"
"ENSMUSG00000031592",0,1,1,"4h_vs_0h"
"ENSMUSG00000079470",0,1,1,"4h_vs_0h"
"ENSMUSG00000024066",0,1,1,"4h_vs_0h"
"ENSMUSG00000022125",0,1,1,"4h_vs_0h"
"ENSMUSG00000062397",0,1,1,"4h_vs_0h"
"ENSMUSG00000017291",0,1,1,"4h_vs_0h"
"ENSMUSG00000028099",0,1,1,"4h_vs_0h"
"ENSMUSG00000032232",0,1,1,"4h_vs_0h"
"ENSMUSG00000027714",0,1,1,"4h_vs_0h"
"ENSMUSG00000021188",0,1,1,"4h_vs_0h"
"ENSMUSG00000030232",0,1,1,"4h_vs_0h"
"ENSMUSG00000019087",0,1,1,"4h_vs_0h"
"ENSMUSG00000059970",0,1,1,"4h_vs_0h"
"ENSMUSG00000001105",0,1,1,"4h_vs_0h"
"ENSMUSG00000058835",0,1,1,"4h_vs_0h"
"ENSMUSG00000037652",0,1,1,"4h_vs_0h"
"ENSMUSG00000075486",0,1,1,"4h_vs_0h"
"ENSMUSG00000025262",0,1,1,"4h_vs_0h"
"ENSMUSG00000024795",0,1,1,"4h_vs_0h"
"ENSMUSG00000069171",0,1,1,"4h_vs_0h"
"ENSMUSG00000024055",0,1,1,"4h_vs_0h"
"ENSMUSG00000030516",0,1,1,"4h_vs_0h"
"ENSMUSG00000034218",0,1,1,"4h_vs_0h"
"ENSMUSG00000020268",0,1,1,"4h_vs_0h"
"ENSMUSG00000037343",0,1,1,"4h_vs_0h"
"ENSMUSG00000030059",0,1,1,"4h_vs_0h"
"ENSMUSG00000034602",0,1,1,"4h_vs_0h"
"ENSMUSG00000026064",0,1,1,"4h_vs_0h"
"ENSMUSG00000028068",0,1,1,"4h_vs_0h"
"ENSMUSG00000049382",0,1,1,"4h_vs_0h"
"ENSMUSG00000031765",0,1,1,"4h_vs_0h"
"ENSMUSG00000026113",0,1,1,"4h_vs_0h"
"ENSMUSG00000035900",0,1,1,"4h_vs_0h"
"ENSMUSG00000090247",0,1,1,"4h_vs_0h"
"ENSMUSG00000022010",0,1,1,"4h_vs_0h"
"ENSMUSG00000024830",0,1,1,"4h_vs_0h"
"ENSMUSG00000033373",0,1,1,"4h_vs_0h"
"ENSMUSG00000062210",0,1,1,"4h_vs_0h"
"ENSMUSG00000025466",0,1,1,"4h_vs_0h"
"ENSMUSG00000031851",0,1,1,"4h_vs_0h"
"ENSMUSG00000024277",0,1,1,"4h_vs_0h"
"ENSMUSG00000045752",0,1,1,"4h_vs_0h"
"ENSMUSG00000027601",0,1,1,"4h_vs_0h"
"ENSMUSG00000026289",0,1,1,"4h_vs_0h"
"ENSMUSG00000071451",0,1,1,"4h_vs_0h"
"ENSMUSG00000039763",0,1,1,"4h_vs_0h"
"ENSMUSG00000034317",0,1,1,"4h_vs_0h"
"ENSMUSG00000029276",0,1,1,"4h_vs_0h"
"ENSMUSG00000036980",0,1,1,"4h_vs_0h"
"ENSMUSG00000032349",0,1,1,"4h_vs_0h"
"ENSMUSG00000029571",0,1,1,"4h_vs_0h"
"ENSMUSG00000041890",0,1,1,"4h_vs_0h"
"ENSMUSG00000019854",0,1,1,"4h_vs_0h"
"ENSMUSG00000002205",0,1,1,"4h_vs_0h"
"ENSMUSG00000020400",0,1,1,"4h_vs_0h"
"ENSMUSG00000074457",0,1,1,"4h_vs_0h"
"ENSMUSG00000047714",0,1,1,"4h_vs_0h"
"ENSMUSG00000032386",0,1,1,"4h_vs_0h"
"ENSMUSG00000001663",0,1,1,"4h_vs_0h"
"ENSMUSG00000027937",0,1,1,"4h_vs_0h"
"ENSMUSG00000035203",0,1,1,"4h_vs_0h"
"ENSMUSG00000003812",0,1,1,"4h_vs_0h"
"ENSMUSG00000029470",0,1,1,"4h_vs_0h"
"ENSMUSG00000005069",0,1,1,"4h_vs_0h"
"ENSMUSG00000030254",0,1,1,"4h_vs_0h"
"ENSMUSG00000036845",0,1,1,"4h_vs_0h"
"ENSMUSG00000006732",0,1,1,"4h_vs_0h"
"ENSMUSG00000106864",0,1,1,"4h_vs_0h"
"ENSMUSG00000071649",0,1,1,"4h_vs_0h"
"ENSMUSG00000074037",0,1,1,"4h_vs_0h"
"ENSMUSG00000036873",0,1,1,"4h_vs_0h"
"ENSMUSG00000020794",0,1,1,"4h_vs_0h"
"ENSMUSG00000029863",0,1,1,"4h_vs_0h"
"ENSMUSG00000038205",0,1,1,"4h_vs_0h"
"ENSMUSG00000026240",0,1,1,"4h_vs_0h"
"ENSMUSG00000025421",0,1,1,"4h_vs_0h"
"ENSMUSG00000054434",0,1,1,"4h_vs_0h"
"ENSMUSG00000038172",0,1,1,"4h_vs_0h"
"ENSMUSG00000041625",0,1,1,"4h_vs_0h"
"ENSMUSG00000024792",0,1,1,"4h_vs_0h"
"ENSMUSG00000063063",0,1,1,"4h_vs_0h"
"ENSMUSG00000012422",0,1,1,"4h_vs_0h"
"ENSMUSG00000022558",0,1,1,"4h_vs_0h"
"ENSMUSG00000024515",0,1,1,"4h_vs_0h"
"ENSMUSG00000025066",0,1,1,"4h_vs_0h"
"ENSMUSG00000027506",0,1,1,"4h_vs_0h"
"ENSMUSG00000068922",0,1,1,"4h_vs_0h"
"ENSMUSG00000022119",0,1,1,"4h_vs_0h"
"ENSMUSG00000027357",0,1,1,"4h_vs_0h"
"ENSMUSG00000032648",0,1,1,"4h_vs_0h"
"ENSMUSG00000030888",0,1,1,"4h_vs_0h"
"ENSMUSG00000078776",0,1,1,"4h_vs_0h"
"ENSMUSG00000021139",0,1,1,"4h_vs_0h"
"ENSMUSG00000052337",0,1,1,"4h_vs_0h"
"ENSMUSG00000002428",0,1,1,"4h_vs_0h"
"ENSMUSG00000035623",0,1,1,"4h_vs_0h"
"ENSMUSG00000047735",0,1,1,"4h_vs_0h"
"ENSMUSG00000032332",0,1,1,"4h_vs_0h"
"ENSMUSG00000017288",0,1,1,"4h_vs_0h"
"ENSMUSG00000029478",0,1,1,"4h_vs_0h"
"ENSMUSG00000026970",0,1,1,"4h_vs_0h"
"ENSMUSG00000056234",0,1,1,"4h_vs_0h"
"ENSMUSG00000038774",0,1,1,"4h_vs_0h"
"ENSMUSG00000041977",0,1,1,"4h_vs_0h"
"ENSMUSG00000023106",0,1,1,"4h_vs_0h"
"ENSMUSG00000056917",0,1,1,"4h_vs_0h"
"ENSMUSG00000021243",0,1,1,"4h_vs_0h"
"ENSMUSG00000029106",0,1,1,"4h_vs_0h"
"ENSMUSG00000056938",0,1,1,"4h_vs_0h"
"ENSMUSG00000004221",0,1,1,"4h_vs_0h"
"ENSMUSG00000059890",0,1,1,"4h_vs_0h"
"ENSMUSG00000007656",0,1,1,"4h_vs_0h"
"ENSMUSG00000032215",0,1,1,"4h_vs_0h"
"ENSMUSG00000052033",0,1,1,"4h_vs_0h"
"ENSMUSG00000071550",0,1,1,"4h_vs_0h"
"ENSMUSG00000033237",0,1,1,"4h_vs_0h"
"ENSMUSG00000004561",0,1,1,"4h_vs_0h"
"ENSMUSG00000072889",0,1,1,"4h_vs_0h"
"ENSMUSG00000002963",0,1,1,"4h_vs_0h"
"ENSMUSG00000029761",0,1,1,"4h_vs_0h"
"ENSMUSG00000026924",0,1,1,"4h_vs_0h"
"ENSMUSG00000014907",0,1,1,"4h_vs_0h"
"ENSMUSG00000035597",0,1,1,"4h_vs_0h"
"ENSMUSG00000019792",0,1,1,"4h_vs_0h"
"ENSMUSG00000001419",0,1,1,"4h_vs_0h"
"ENSMUSG00000034893",0,1,1,"4h_vs_0h"
"ENSMUSG00000037679",0,1,1,"4h_vs_0h"
"ENSMUSG00000040265",0,1,1,"4h_vs_0h"
"ENSMUSG00000062510",0,1,1,"4h_vs_0h"
"ENSMUSG00000022377",0,1,1,"4h_vs_0h"
"ENSMUSG00000019984",0,1,1,"4h_vs_0h"
"ENSMUSG00000037366",0,1,1,"4h_vs_0h"
"ENSMUSG00000048279",0,1,1,"4h_vs_0h"
"ENSMUSG00000005442",0,1,1,"4h_vs_0h"
"ENSMUSG00000013833",0,1,1,"4h_vs_0h"
"ENSMUSG00000030706",0,1,1,"4h_vs_0h"
"ENSMUSG00000026014",0,1,1,"4h_vs_0h"
"ENSMUSG00000024122",0,1,1,"4h_vs_0h"
"ENSMUSG00000024921",0,1,1,"4h_vs_0h"
"ENSMUSG00000022678",0,1,1,"4h_vs_0h"
"ENSMUSG00000025173",0,1,1,"4h_vs_0h"
"ENSMUSG00000013858",0,1,1,"4h_vs_0h"
"ENSMUSG00000028007",0,1,1,"4h_vs_0h"
"ENSMUSG00000036636",0,1,1,"4h_vs_0h"
"ENSMUSG00000027981",0,1,1,"4h_vs_0h"
"ENSMUSG00000038080",0,1,1,"4h_vs_0h"
"ENSMUSG00000025316",0,1,1,"4h_vs_0h"
"ENSMUSG00000002222",0,1,1,"4h_vs_0h"
"ENSMUSG00000033880",0,1,1,"4h_vs_0h"
"ENSMUSG00000026127",0,1,1,"4h_vs_0h"
"ENSMUSG00000056342",0,1,1,"4h_vs_0h"
"ENSMUSG00000027522",0,1,1,"4h_vs_0h"
"ENSMUSG00000041870",0,1,1,"4h_vs_0h"
"ENSMUSG00000044864",0,1,1,"4h_vs_0h"
"ENSMUSG00000089917",0,1,1,"4h_vs_0h"
"ENSMUSG00000039795",0,1,1,"4h_vs_0h"
"ENSMUSG00000090523",0,1,1,"4h_vs_0h"
"ENSMUSG00000020937",0,1,1,"4h_vs_0h"
"ENSMUSG00000033991",0,1,1,"4h_vs_0h"
"ENSMUSG00000022390",0,1,1,"4h_vs_0h"
"ENSMUSG00000037112",0,1,1,"4h_vs_0h"
"ENSMUSG00000059495",0,1,1,"4h_vs_0h"
"ENSMUSG00000024924",0,1,1,"4h_vs_0h"
"ENSMUSG00000032078",0,1,1,"4h_vs_0h"
"ENSMUSG00000035247",0,1,1,"4h_vs_0h"
"ENSMUSG00000031557",0,1,1,"4h_vs_0h"
"ENSMUSG00000022992",0,1,1,"4h_vs_0h"
"ENSMUSG00000006763",0,1,1,"4h_vs_0h"
"ENSMUSG00000036167",0,1,1,"4h_vs_0h"
"ENSMUSG00000029397",0,1,1,"4h_vs_0h"
"ENSMUSG00000031753",0,1,1,"4h_vs_0h"
"ENSMUSG00000048000",0,1,1,"4h_vs_0h"
"ENSMUSG00000018727",0,1,1,"4h_vs_0h"
"ENSMUSG00000035021",0,1,1,"4h_vs_0h"
"ENSMUSG00000042632",0,1,1,"4h_vs_0h"
"ENSMUSG00000031010",0,1,1,"4h_vs_0h"
"ENSMUSG00000026586",0,1,1,"4h_vs_0h"
"ENSMUSG00000063558",0,1,1,"4h_vs_0h"
"ENSMUSG00000006050",0,1,1,"4h_vs_0h"
"ENSMUSG00000032468",0,1,1,"4h_vs_0h"
"ENSMUSG00000039828",0,1,1,"4h_vs_0h"
"ENSMUSG00000025348",0,1,1,"4h_vs_0h"
"ENSMUSG00000000568",0,1,1,"4h_vs_0h"
"ENSMUSG00000071551",0,1,1,"4h_vs_0h"
"ENSMUSG00000032400",0,1,1,"4h_vs_0h"
"ENSMUSG00000024909",0,1,1,"4h_vs_0h"
"ENSMUSG00000029629",0,1,1,"4h_vs_0h"
"ENSMUSG00000038170",0,1,1,"4h_vs_0h"
"ENSMUSG00000001418",0,1,1,"4h_vs_0h"
"ENSMUSG00000050860",0,1,1,"4h_vs_0h"
"ENSMUSG00000021756",0,1,1,"4h_vs_0h"
"ENSMUSG00000061353",0,1,1,"4h_vs_0h"
"ENSMUSG00000059552",0,1,1,"4h_vs_0h"
"ENSMUSG00000046311",0,1,1,"4h_vs_0h"
"ENSMUSG00000018566",0,1,1,"4h_vs_0h"
"ENSMUSG00000094018",0,1,1,"4h_vs_0h"
"ENSMUSG00000023156",0,1,1,"4h_vs_0h"
"ENSMUSG00000021711",0,1,1,"4h_vs_0h"
"ENSMUSG00000094429",0,1,1,"4h_vs_0h"
"ENSMUSG00000024963",0,1,1,"4h_vs_0h"
"ENSMUSG00000056899",0,1,1,"4h_vs_0h"
"ENSMUSG00000034533",0,1,1,"4h_vs_0h"
"ENSMUSG00000030739",0,1,1,"4h_vs_0h"
"ENSMUSG00000033075",0,1,1,"4h_vs_0h"
"ENSMUSG00000000420",0,1,1,"4h_vs_0h"
"ENSMUSG00000026946",0,1,1,"4h_vs_0h"
"ENSMUSG00000026664",0,1,1,"4h_vs_0h"
"ENSMUSG00000032316",0,1,1,"4h_vs_0h"
"ENSMUSG00000020817",0,1,1,"4h_vs_0h"
"ENSMUSG00000032757",0,1,1,"4h_vs_0h"
"ENSMUSG00000007038",0,1,1,"4h_vs_0h"
"ENSMUSG00000068566",0,1,1,"4h_vs_0h"
"ENSMUSG00000024851",0,1,1,"4h_vs_0h"
"ENSMUSG00000022809",0,1,1,"4h_vs_0h"
"ENSMUSG00000020694",0,1,1,"4h_vs_0h"
"ENSMUSG00000024423",0,1,1,"4h_vs_0h"
"ENSMUSG00000039989",0,1,1,"4h_vs_0h"
"ENSMUSG00000024146",0,1,1,"4h_vs_0h"
"ENSMUSG00000040356",0,1,1,"4h_vs_0h"
"ENSMUSG00000047281",0,1,1,"4h_vs_0h"
"ENSMUSG00000027109",0,1,1,"4h_vs_0h"
"ENSMUSG00000021124",0,1,1,"4h_vs_0h"
"ENSMUSG00000021288",0,1,1,"4h_vs_0h"
"ENSMUSG00000036023",0,1,1,"4h_vs_0h"
"ENSMUSG00000032582",0,1,1,"4h_vs_0h"
"ENSMUSG00000055371",0,1,1,"4h_vs_0h"
"ENSMUSG00000047804",0,1,1,"4h_vs_0h"
"ENSMUSG00000029344",0,1,1,"4h_vs_0h"
"ENSMUSG00000021258",0,1,1,"4h_vs_0h"
"ENSMUSG00000035011",0,1,1,"4h_vs_0h"
"ENSMUSG00000052102",0,1,1,"4h_vs_0h"
"ENSMUSG00000053617",0,1,1,"4h_vs_0h"
"ENSMUSG00000034994",0,1,1,"4h_vs_0h"
"ENSMUSG00000026000",0,1,1,"4h_vs_0h"
"ENSMUSG00000017697",0,1,1,"4h_vs_0h"
"ENSMUSG00000031233",0,1,1,"4h_vs_0h"
"ENSMUSG00000020029",0,1,1,"4h_vs_0h"
"ENSMUSG00000098387",0,1,1,"4h_vs_0h"
"ENSMUSG00000053985",0,1,1,"4h_vs_0h"
"ENSMUSG00000066861",0,1,1,"4h_vs_0h"
"ENSMUSG00000074743",0,1,1,"4h_vs_0h"
"ENSMUSG00000028024",0,1,1,"4h_vs_0h"
"ENSMUSG00000024369",0,1,1,"4h_vs_0h"
"ENSMUSG00000030218",0,1,1,"4h_vs_0h"
"ENSMUSG00000052131",0,1,1,"4h_vs_0h"
"ENSMUSG00000052397",0,1,1,"4h_vs_0h"
"ENSMUSG00000041417",0,1,1,"4h_vs_0h"
"ENSMUSG00000020346",0,1,1,"4h_vs_0h"
"ENSMUSG00000021948",0,1,1,"4h_vs_0h"
"ENSMUSG00000032218",0,1,1,"4h_vs_0h"
"ENSMUSG00000019988",0,1,1,"4h_vs_0h"
"ENSMUSG00000004768",0,1,1,"4h_vs_0h"
"ENSMUSG00000034789",0,1,1,"4h_vs_0h"
"ENSMUSG00000037706",0,1,1,"4h_vs_0h"
"ENSMUSG00000061130",0,1,1,"4h_vs_0h"
"ENSMUSG00000032085",0,1,1,"4h_vs_0h"
"ENSMUSG00000026942",0,1,1,"4h_vs_0h"
"ENSMUSG00000030342",0,1,1,"4h_vs_0h"
"ENSMUSG00000015243",0,1,1,"4h_vs_0h"
"ENSMUSG00000028494",0,1,1,"4h_vs_0h"
"ENSMUSG00000056220",0,1,1,"4h_vs_0h"
"ENSMUSG00000029135",0,1,1,"4h_vs_0h"
"ENSMUSG00000056758",0,1,1,"4h_vs_0h"
"ENSMUSG00000056216",0,1,1,"4h_vs_0h"
"ENSMUSG00000000957",0,1,1,"4h_vs_0h"
"ENSMUSG00000030057",0,1,1,"4h_vs_0h"
"ENSMUSG00000028426",0,1,1,"4h_vs_0h"
"ENSMUSG00000027500",0,1,1,"4h_vs_0h"
"ENSMUSG00000061032",0,1,1,"4h_vs_0h"
"ENSMUSG00000019478",0,1,1,"4h_vs_0h"
"ENSMUSG00000062248",0,1,1,"4h_vs_0h"
"ENSMUSG00000031231",0,1,1,"4h_vs_0h"
"ENSMUSG00000005360",0,1,1,"4h_vs_0h"
"ENSMUSG00000001120",0,1,1,"4h_vs_0h"
"ENSMUSG00000034205",0,1,1,"4h_vs_0h"
"ENSMUSG00000026176",0,1,1,"4h_vs_0h"
"ENSMUSG00000028464",0,1,1,"4h_vs_0h"
"ENSMUSG00000039849",0,1,1,"4h_vs_0h"
"ENSMUSG00000034748",0,1,1,"4h_vs_0h"
"ENSMUSG00000013822",0,1,1,"4h_vs_0h"
"ENSMUSG00000031950",0,1,1,"4h_vs_0h"
"ENSMUSG00000036943",0,1,1,"4h_vs_0h"
"ENSMUSG00000051853",0,1,1,"4h_vs_0h"
"ENSMUSG00000036894",0,1,1,"4h_vs_0h"
"ENSMUSG00000002728",0,1,1,"4h_vs_0h"
"ENSMUSG00000030082",0,1,1,"4h_vs_0h"
"ENSMUSG00000049354",0,1,1,"4h_vs_0h"
"ENSMUSG00000071359",0,1,1,"4h_vs_0h"
"ENSMUSG00000004771",0,1,1,"4h_vs_0h"
"ENSMUSG00000009630",0,1,1,"4h_vs_0h"
"ENSMUSG00000035783",0,1,1,"4h_vs_0h"
"ENSMUSG00000054364",0,1,1,"4h_vs_0h"
"ENSMUSG00000029838",0,1,1,"4h_vs_0h"
"ENSMUSG00000042644",0,1,1,"4h_vs_0h"
"ENSMUSG00000031168",0,1,1,"4h_vs_0h"
"ENSMUSG00000057672",0,1,1,"4h_vs_0h"
"ENSMUSG00000020733",0,1,1,"4h_vs_0h"
"ENSMUSG00000020091",0,1,1,"4h_vs_0h"
"ENSMUSG00000000127",0,1,1,"4h_vs_0h"
"ENSMUSG00000030403",0,1,1,"4h_vs_0h"
"ENSMUSG00000003184",0,1,1,"4h_vs_0h"
"ENSMUSG00000038894",0,1,1,"4h_vs_0h"
"ENSMUSG00000027996",0,1,1,"4h_vs_0h"
"ENSMUSG00000029642",0,1,1,"4h_vs_0h"
"ENSMUSG00000020844",0,1,1,"4h_vs_0h"
"ENSMUSG00000021540",0,1,1,"4h_vs_0h"
"ENSMUSG00000028886",0,1,1,"4h_vs_0h"
"ENSMUSG00000049691",0,1,1,"4h_vs_0h"
"ENSMUSG00000020038",0,1,1,"4h_vs_0h"
"ENSMUSG00000030560",0,1,1,"4h_vs_0h"
"ENSMUSG00000029591",0,1,1,"4h_vs_0h"
"ENSMUSG00000022098",0,1,1,"4h_vs_0h"
"ENSMUSG00000029428",0,1,1,"4h_vs_0h"
"ENSMUSG00000020330",0,1,1,"4h_vs_0h"
"ENSMUSG00000078317",0,1,1,"4h_vs_0h"
"ENSMUSG00000068196",0,1,1,"4h_vs_0h"
"ENSMUSG00000021264",0,1,1,"4h_vs_0h"
"ENSMUSG00000029661",0,1,1,"4h_vs_0h"
"ENSMUSG00000021670",0,1,1,"4h_vs_0h"
"ENSMUSG00000020122",0,1,1,"4h_vs_0h"
"ENSMUSG00000020857",0,1,1,"4h_vs_0h"
"ENSMUSG00000001552",0,1,1,"4h_vs_0h"
"ENSMUSG00000020755",0,1,1,"4h_vs_0h"
"ENSMUSG00000023885",0,1,1,"4h_vs_0h"
"ENSMUSG00000039480",0,1,1,"4h_vs_0h"
"ENSMUSG00000070697",0,1,1,"4h_vs_0h"
"ENSMUSG00000027575",0,1,1,"4h_vs_0h"
"ENSMUSG00000020232",0,1,1,"4h_vs_0h"
"ENSMUSG00000030867",0,1,1,"4h_vs_0h"
"ENSMUSG00000022263",0,1,1,"4h_vs_0h"
"ENSMUSG00000055069",0,1,1,"4h_vs_0h"
"ENSMUSG00000050310",0,1,1,"4h_vs_0h"
"ENSMUSG00000020962",0,1,1,"4h_vs_0h"
"ENSMUSG00000028189",0,1,1,"4h_vs_0h"
"ENSMUSG00000031629",0,1,1,"4h_vs_0h"
"ENSMUSG00000050373",0,1,1,"4h_vs_0h"
"ENSMUSG00000051169",0,1,1,"4h_vs_0h"
"ENSMUSG00000074476",0,1,1,"4h_vs_0h"
"ENSMUSG00000038886",0,1,1,"4h_vs_0h"
"ENSMUSG00000034765",0,1,1,"4h_vs_0h"
"ENSMUSG00000031007",0,1,1,"4h_vs_0h"
"ENSMUSG00000031812",0,1,1,"4h_vs_0h"
"ENSMUSG00000028863",0,1,1,"4h_vs_0h"
"ENSMUSG00000000295",0,1,1,"4h_vs_0h"
"ENSMUSG00000005312",0,1,1,"4h_vs_0h"
"ENSMUSG00000028868",0,1,1,"4h_vs_0h"
"ENSMUSG00000040188",0,1,1,"4h_vs_0h"
"ENSMUSG00000031979",0,1,1,"4h_vs_0h"
"ENSMUSG00000024525",0,1,1,"4h_vs_0h"
"ENSMUSG00000029816",0,1,1,"4h_vs_0h"
"ENSMUSG00000033417",0,1,1,"4h_vs_0h"
"ENSMUSG00000025402",0,1,1,"4h_vs_0h"
"ENSMUSG00000046201",0,1,1,"4h_vs_0h"
"ENSMUSG00000020605",0,1,1,"4h_vs_0h"
"ENSMUSG00000039050",0,1,1,"4h_vs_0h"
"ENSMUSG00000041278",0,1,1,"4h_vs_0h"
"ENSMUSG00000009905",0,1,1,"4h_vs_0h"
"ENSMUSG00000024965",0,1,1,"4h_vs_0h"
"ENSMUSG00000066357",0,1,1,"4h_vs_0h"
"ENSMUSG00000006906",0,1,1,"4h_vs_0h"
"ENSMUSG00000019977",0,1,1,"4h_vs_0h"
"ENSMUSG00000017299",0,1,1,"4h_vs_0h"
"ENSMUSG00000059208",0,1,1,"4h_vs_0h"
"ENSMUSG00000026687",0,1,1,"4h_vs_0h"
"ENSMUSG00000002658",0,1,1,"4h_vs_0h"
"ENSMUSG00000024785",0,1,1,"4h_vs_0h"
"ENSMUSG00000004748",0,1,1,"4h_vs_0h"
"ENSMUSG00000046079",0,1,1,"4h_vs_0h"
"ENSMUSG00000043702",0,1,1,"4h_vs_0h"
"ENSMUSG00000109901",0,1,1,"4h_vs_0h"
"ENSMUSG00000037058",0,1,1,"4h_vs_0h"
"ENSMUSG00000004069",0,1,1,"4h_vs_0h"
"ENSMUSG00000035683",0,1,1,"4h_vs_0h"
"ENSMUSG00000037570",0,1,1,"4h_vs_0h"
"ENSMUSG00000020677",0,1,1,"4h_vs_0h"
"ENSMUSG00000041303",0,1,1,"4h_vs_0h"
"ENSMUSG00000026393",0,1,1,"4h_vs_0h"
"ENSMUSG00000031808",0,1,1,"4h_vs_0h"
"ENSMUSG00000036188",0,1,1,"4h_vs_0h"
"ENSMUSG00000028587",0,1,1,"4h_vs_0h"
"ENSMUSG00000030315",0,1,1,"4h_vs_0h"
"ENSMUSG00000018846",0,1,1,"4h_vs_0h"
"ENSMUSG00000039449",0,1,1,"4h_vs_0h"
"ENSMUSG00000049504",0,1,1,"4h_vs_0h"
"ENSMUSG00000028678",0,1,1,"4h_vs_0h"
"ENSMUSG00000030872",0,1,1,"4h_vs_0h"
"ENSMUSG00000016253",0,1,1,"4h_vs_0h"
"ENSMUSG00000033706",0,1,1,"4h_vs_0h"
"ENSMUSG00000065990",0,1,1,"4h_vs_0h"
"ENSMUSG00000010080",0,1,1,"4h_vs_0h"
"ENSMUSG00000051984",0,1,1,"4h_vs_0h"
"ENSMUSG00000028982",0,1,1,"4h_vs_0h"
"ENSMUSG00000028948",0,1,1,"4h_vs_0h"
"ENSMUSG00000034449",0,1,1,"4h_vs_0h"
"ENSMUSG00000042229",0,1,1,"4h_vs_0h"
"ENSMUSG00000012076",0,1,1,"4h_vs_0h"
"ENSMUSG00000038838",0,1,1,"4h_vs_0h"
"ENSMUSG00000035890",0,1,1,"4h_vs_0h"
"ENSMUSG00000026965",0,1,1,"4h_vs_0h"
"ENSMUSG00000026617",0,1,1,"4h_vs_0h"
"ENSMUSG00000046861",0,1,1,"4h_vs_0h"
"ENSMUSG00000047434",0,1,1,"4h_vs_0h"
"ENSMUSG00000039994",0,1,1,"4h_vs_0h"
"ENSMUSG00000031916",0,1,1,"4h_vs_0h"
"ENSMUSG00000016831",0,1,1,"4h_vs_0h"
"ENSMUSG00000034216",0,1,1,"4h_vs_0h"
"ENSMUSG00000018442",0,1,1,"4h_vs_0h"
"ENSMUSG00000026042",0,1,1,"4h_vs_0h"
"ENSMUSG00000021569",0,1,1,"4h_vs_0h"
"ENSMUSG00000031722",0,1,1,"4h_vs_0h"
"ENSMUSG00000033161",0,1,1,"4h_vs_0h"
"ENSMUSG00000029624",0,1,1,"4h_vs_0h"
"ENSMUSG00000053841",0,1,1,"4h_vs_0h"
"ENSMUSG00000028854",0,1,1,"4h_vs_0h"
"ENSMUSG00000042015",0,1,1,"4h_vs_0h"
"ENSMUSG00000014349",0,1,1,"4h_vs_0h"
"ENSMUSG00000002524",0,1,1,"4h_vs_0h"
"ENSMUSG00000024816",0,1,1,"4h_vs_0h"
"ENSMUSG00000022443",0,1,1,"4h_vs_0h"
"ENSMUSG00000040771",0,1,1,"4h_vs_0h"
"ENSMUSG00000020412",0,1,1,"4h_vs_0h"
"ENSMUSG00000022365",0,1,1,"4h_vs_0h"
"ENSMUSG00000020628",0,1,1,"4h_vs_0h"
"ENSMUSG00000024002",0,1,1,"4h_vs_0h"
"ENSMUSG00000048078",0,1,1,"4h_vs_0h"
"ENSMUSG00000027641",0,1,1,"4h_vs_0h"
"ENSMUSG00000026816",0,1,1,"4h_vs_0h"
"ENSMUSG00000040472",0,1,1,"4h_vs_0h"
"ENSMUSG00000025151",0,1,1,"4h_vs_0h"
"ENSMUSG00000078937",0,1,1,"4h_vs_0h"
"ENSMUSG00000029111",0,1,1,"4h_vs_0h"
"ENSMUSG00000022538",0,1,1,"4h_vs_0h"
"ENSMUSG00000022299",0,1,1,"4h_vs_0h"
"ENSMUSG00000030319",0,1,1,"4h_vs_0h"
"ENSMUSG00000067995",0,1,1,"4h_vs_0h"
"ENSMUSG00000033021",0,1,1,"4h_vs_0h"
"ENSMUSG00000021751",0,1,1,"4h_vs_0h"
"ENSMUSG00000017747",0,1,1,"4h_vs_0h"
"ENSMUSG00000066880",0,1,1,"4h_vs_0h"
"ENSMUSG00000040010",0,1,1,"4h_vs_0h"
"ENSMUSG00000041685",0,1,1,"4h_vs_0h"
"ENSMUSG00000029439",0,1,1,"4h_vs_0h"
"ENSMUSG00000023074",0,1,1,"4h_vs_0h"
"ENSMUSG00000029198",0,1,1,"4h_vs_0h"
"ENSMUSG00000030386",0,1,1,"4h_vs_0h"
"ENSMUSG00000036473",0,1,1,"4h_vs_0h"
"ENSMUSG00000028145",0,1,1,"4h_vs_0h"
"ENSMUSG00000073678",0,1,1,"4h_vs_0h"
"ENSMUSG00000021548",0,1,1,"4h_vs_0h"
"ENSMUSG00000018501",0,1,1,"4h_vs_0h"
"ENSMUSG00000024797",0,1,1,"4h_vs_0h"
"ENSMUSG00000006517",0,1,1,"4h_vs_0h"
"ENSMUSG00000021065",0,1,1,"4h_vs_0h"
"ENSMUSG00000020770",0,1,1,"4h_vs_0h"
"ENSMUSG00000031918",0,1,1,"4h_vs_0h"
"ENSMUSG00000053746",0,1,1,"4h_vs_0h"
"ENSMUSG00000031601",0,1,1,"4h_vs_0h"
"ENSMUSG00000030801",0,1,1,"4h_vs_0h"
"ENSMUSG00000032038",0,1,1,"4h_vs_0h"
"ENSMUSG00000041132",0,1,1,"4h_vs_0h"
"ENSMUSG00000030677",0,1,1,"4h_vs_0h"
"ENSMUSG00000050705",0,1,1,"4h_vs_0h"
"ENSMUSG00000027078",0,1,1,"4h_vs_0h"
"ENSMUSG00000027828",0,1,1,"4h_vs_0h"
"ENSMUSG00000054150",0,1,1,"4h_vs_0h"
"ENSMUSG00000029213",0,1,1,"4h_vs_0h"
"ENSMUSG00000062373",0,1,1,"4h_vs_0h"
"ENSMUSG00000046985",0,1,1,"4h_vs_0h"
"ENSMUSG00000042700",0,1,1,"4h_vs_0h"
"ENSMUSG00000032733",0,1,1,"4h_vs_0h"
"ENSMUSG00000003849",0,1,1,"4h_vs_0h"
"ENSMUSG00000035686",0,1,1,"4h_vs_0h"
"ENSMUSG00000018167",0,1,1,"4h_vs_0h"
"ENSMUSG00000006390",0,1,1,"4h_vs_0h"
"ENSMUSG00000029918",0,1,1,"4h_vs_0h"
"ENSMUSG00000005907",0,1,1,"4h_vs_0h"
"ENSMUSG00000012705",0,1,1,"4h_vs_0h"
"ENSMUSG00000007812",0,1,1,"4h_vs_0h"
"ENSMUSG00000023960",0,1,1,"4h_vs_0h"
"ENSMUSG00000020120",0,1,1,"4h_vs_0h"
"ENSMUSG00000079317",0,1,1,"4h_vs_0h"
"ENSMUSG00000035181",0,1,1,"4h_vs_0h"
"ENSMUSG00000020519",0,1,1,"4h_vs_0h"
"ENSMUSG00000020176",0,1,1,"4h_vs_0h"
"ENSMUSG00000020527",0,1,1,"4h_vs_0h"
"ENSMUSG00000010554",0,1,1,"4h_vs_0h"
"ENSMUSG00000034297",0,1,1,"4h_vs_0h"
"ENSMUSG00000035441",0,1,1,"4h_vs_0h"
"ENSMUSG00000005804",0,1,1,"4h_vs_0h"
"ENSMUSG00000022533",0,1,1,"4h_vs_0h"
"ENSMUSG00000053801",0,1,1,"4h_vs_0h"
"ENSMUSG00000090841",0,1,1,"4h_vs_0h"
"ENSMUSG00000031077",0,1,1,"4h_vs_0h"
"ENSMUSG00000024940",0,1,1,"4h_vs_0h"
"ENSMUSG00000041187",0,1,1,"4h_vs_0h"
"ENSMUSG00000024049",0,1,1,"4h_vs_0h"
"ENSMUSG00000053289",0,1,1,"4h_vs_0h"
"ENSMUSG00000074305",0,1,1,"4h_vs_0h"
"ENSMUSG00000034290",0,1,1,"4h_vs_0h"
"ENSMUSG00000042302",0,1,1,"4h_vs_0h"
"ENSMUSG00000034543",0,1,1,"4h_vs_0h"
"ENSMUSG00000031015",0,1,1,"4h_vs_0h"
"ENSMUSG00000044857",0,1,1,"4h_vs_0h"
"ENSMUSG00000019989",0,1,1,"4h_vs_0h"
"ENSMUSG00000029599",0,1,1,"4h_vs_0h"
"ENSMUSG00000021916",0,1,1,"4h_vs_0h"
"ENSMUSG00000038582",0,1,1,"4h_vs_0h"
"ENSMUSG00000001150",0,1,1,"4h_vs_0h"
"ENSMUSG00000040520",0,1,1,"4h_vs_0h"
"ENSMUSG00000026806",0,1,1,"4h_vs_0h"
"ENSMUSG00000007817",0,1,1,"4h_vs_0h"
"ENSMUSG00000000976",0,1,1,"4h_vs_0h"
"ENSMUSG00000036435",0,1,1,"4h_vs_0h"
"ENSMUSG00000004891",0,1,1,"4h_vs_0h"
"ENSMUSG00000021497",0,1,1,"4h_vs_0h"
"ENSMUSG00000029173",0,1,1,"4h_vs_0h"
"ENSMUSG00000014778",0,1,1,"4h_vs_0h"
"ENSMUSG00000022300",0,1,1,"4h_vs_0h"
"ENSMUSG00000026867",0,1,1,"4h_vs_0h"
"ENSMUSG00000035161",0,1,1,"4h_vs_0h"
"ENSMUSG00000051378",0,1,1,"4h_vs_0h"
"ENSMUSG00000074030",0,1,1,"4h_vs_0h"
"ENSMUSG00000025266",0,1,1,"4h_vs_0h"
"ENSMUSG00000033210",0,1,1,"4h_vs_0h"
"ENSMUSG00000090145",0,1,1,"4h_vs_0h"
"ENSMUSG00000017713",0,1,1,"4h_vs_0h"
"ENSMUSG00000025764",0,1,1,"4h_vs_0h"
"ENSMUSG00000038773",0,1,1,"4h_vs_0h"
"ENSMUSG00000027454",0,1,1,"4h_vs_0h"
"ENSMUSG00000025785",0,1,1,"4h_vs_0h"
"ENSMUSG00000036241",0,1,1,"4h_vs_0h"
"ENSMUSG00000032353",0,1,1,"4h_vs_0h"
"ENSMUSG00000023094",0,1,1,"4h_vs_0h"
"ENSMUSG00000063253",0,1,1,"4h_vs_0h"
"ENSMUSG00000058672",0,1,1,"4h_vs_0h"
"ENSMUSG00000061119",0,1,1,"4h_vs_0h"
"ENSMUSG00000111997",0,1,1,"4h_vs_0h"
"ENSMUSG00000021639",0,1,1,"4h_vs_0h"
"ENSMUSG00000048327",0,1,1,"4h_vs_0h"
"ENSMUSG00000036879",0,1,1,"4h_vs_0h"
"ENSMUSG00000038671",0,1,1,"4h_vs_0h"
"ENSMUSG00000040396",0,1,1,"4h_vs_0h"
"ENSMUSG00000066621",0,1,1,"4h_vs_0h"
"ENSMUSG00000041734",0,1,1,"4h_vs_0h"
"ENSMUSG00000007476",0,1,1,"4h_vs_0h"
"ENSMUSG00000046934",0,1,1,"4h_vs_0h"
"ENSMUSG00000029434",0,1,1,"4h_vs_0h"
"ENSMUSG00000063704",0,1,1,"4h_vs_0h"
"ENSMUSG00000056665",0,1,1,"4h_vs_0h"
"ENSMUSG00000071660",0,1,1,"4h_vs_0h"
"ENSMUSG00000030521",0,1,1,"4h_vs_0h"
"ENSMUSG00000055194",0,1,1,"4h_vs_0h"
"ENSMUSG00000029326",0,1,1,"4h_vs_0h"
"ENSMUSG00000024286",0,1,1,"4h_vs_0h"
"ENSMUSG00000049109",0,1,1,"4h_vs_0h"
"ENSMUSG00000038497",0,1,1,"4h_vs_0h"
"ENSMUSG00000028437",0,1,1,"4h_vs_0h"
"ENSMUSG00000030726",0,1,1,"4h_vs_0h"
"ENSMUSG00000032475",0,1,1,"4h_vs_0h"
"ENSMUSG00000031729",0,1,1,"4h_vs_0h"
"ENSMUSG00000034958",0,1,1,"4h_vs_0h"
"ENSMUSG00000020409",0,1,1,"4h_vs_0h"
"ENSMUSG00000051220",0,1,1,"4h_vs_0h"
"ENSMUSG00000017670",0,1,1,"4h_vs_0h"
"ENSMUSG00000027784",0,1,1,"4h_vs_0h"
"ENSMUSG00000038344",0,1,1,"4h_vs_0h"
"ENSMUSG00000032867",0,1,1,"4h_vs_0h"
"ENSMUSG00000020375",0,1,1,"4h_vs_0h"
"ENSMUSG00000047648",0,1,1,"4h_vs_0h"
"ENSMUSG00000019774",0,1,1,"4h_vs_0h"
"ENSMUSG00000050565",0,1,1,"4h_vs_0h"
"ENSMUSG00000038861",0,1,1,"4h_vs_0h"
"ENSMUSG00000047888",0,1,1,"4h_vs_0h"
"ENSMUSG00000035125",0,1,1,"4h_vs_0h"
"ENSMUSG00000034064",0,1,1,"4h_vs_0h"
"ENSMUSG00000030515",0,1,1,"4h_vs_0h"
"ENSMUSG00000042211",0,1,1,"4h_vs_0h"
"ENSMUSG00000055675",0,1,1,"4h_vs_0h"
"ENSMUSG00000036975",0,1,1,"4h_vs_0h"
"ENSMUSG00000025139",0,1,1,"4h_vs_0h"
"ENSMUSG00000062421",0,1,1,"4h_vs_0h"
"ENSMUSG00000062691",0,1,1,"4h_vs_0h"
"ENSMUSG00000026553",0,1,1,"4h_vs_0h"
"ENSMUSG00000002846",0,1,1,"4h_vs_0h"
"ENSMUSG00000047379",0,1,1,"4h_vs_0h"
"ENSMUSG00000021610",0,1,1,"4h_vs_0h"
"ENSMUSG00000021180",0,1,1,"4h_vs_0h"
"ENSMUSG00000030330",0,1,1,"4h_vs_0h"
"ENSMUSG00000006931",0,1,1,"4h_vs_0h"
"ENSMUSG00000027628",0,1,1,"4h_vs_0h"
"ENSMUSG00000027080",0,1,1,"4h_vs_0h"
"ENSMUSG00000021361",0,1,1,"4h_vs_0h"
"ENSMUSG00000022554",0,1,1,"4h_vs_0h"
"ENSMUSG00000029414",0,1,1,"4h_vs_0h"
"ENSMUSG00000024072",0,1,1,"4h_vs_0h"
"ENSMUSG00000046562",0,1,1,"4h_vs_0h"
"ENSMUSG00000039414",0,1,1,"4h_vs_0h"
"ENSMUSG00000039704",0,1,1,"4h_vs_0h"
"ENSMUSG00000020166",0,1,1,"4h_vs_0h"
"ENSMUSG00000051518",0,1,1,"4h_vs_0h"
"ENSMUSG00000034087",0,1,1,"4h_vs_0h"
"ENSMUSG00000042364",0,1,1,"4h_vs_0h"
"ENSMUSG00000024579",0,1,1,"4h_vs_0h"
"ENSMUSG00000041747",0,1,1,"4h_vs_0h"
"ENSMUSG00000037216",0,1,1,"4h_vs_0h"
"ENSMUSG00000103529",0,1,1,"4h_vs_0h"
"ENSMUSG00000032498",0,1,1,"4h_vs_0h"
"ENSMUSG00000033126",0,1,1,"4h_vs_0h"
"ENSMUSG00000058440",0,1,1,"4h_vs_0h"
"ENSMUSG00000038949",0,1,1,"4h_vs_0h"
"ENSMUSG00000029536",0,1,1,"4h_vs_0h"
"ENSMUSG00000037376",0,1,1,"4h_vs_0h"
"ENSMUSG00000050552",0,1,1,"4h_vs_0h"
"ENSMUSG00000024943",0,1,1,"4h_vs_0h"
"ENSMUSG00000039108",0,1,1,"4h_vs_0h"
"ENSMUSG00000011306",0,1,1,"4h_vs_0h"
"ENSMUSG00000029505",0,1,1,"4h_vs_0h"
"ENSMUSG00000071652",0,1,1,"4h_vs_0h"
"ENSMUSG00000049792",0,1,1,"4h_vs_0h"
"ENSMUSG00000039824",0,1,1,"4h_vs_0h"
"ENSMUSG00000022034",0,1,1,"4h_vs_0h"
"ENSMUSG00000032491",0,1,1,"4h_vs_0h"
"ENSMUSG00000036766",0,1,1,"4h_vs_0h"
"ENSMUSG00000032551",0,1,1,"4h_vs_0h"
"ENSMUSG00000043866",0,1,1,"4h_vs_0h"
"ENSMUSG00000029561",0,1,1,"4h_vs_0h"
"ENSMUSG00000043155",0,1,1,"4h_vs_0h"
"ENSMUSG00000003234",0,1,1,"4h_vs_0h"
"ENSMUSG00000037262",0,1,1,"4h_vs_0h"
"ENSMUSG00000039187",0,1,1,"4h_vs_0h"
"ENSMUSG00000047656",0,1,1,"4h_vs_0h"
"ENSMUSG00000040760",0,1,1,"4h_vs_0h"
"ENSMUSG00000031536",0,1,1,"4h_vs_0h"
"ENSMUSG00000054226",0,1,1,"4h_vs_0h"
"ENSMUSG00000031556",0,1,1,"4h_vs_0h"
"ENSMUSG00000066278",0,1,1,"4h_vs_0h"
"ENSMUSG00000048832",0,1,1,"4h_vs_0h"
"ENSMUSG00000025786",0,1,1,"4h_vs_0h"
"ENSMUSG00000039018",0,1,1,"4h_vs_0h"
"ENSMUSG00000015971",0,1,1,"4h_vs_0h"
"ENSMUSG00000019715",0,1,1,"4h_vs_0h"
"ENSMUSG00000041895",0,1,1,"4h_vs_0h"
"ENSMUSG00000021650",0,1,1,"4h_vs_0h"
"ENSMUSG00000036693",0,1,1,"4h_vs_0h"
"ENSMUSG00000033355",0,1,1,"4h_vs_0h"
"ENSMUSG00000042729",0,1,1,"4h_vs_0h"
"ENSMUSG00000006585",0,1,1,"4h_vs_0h"
"ENSMUSG00000024143",0,1,1,"4h_vs_0h"
"ENSMUSG00000032387",0,1,1,"4h_vs_0h"
"ENSMUSG00000024391",0,1,1,"4h_vs_0h"
"ENSMUSG00000031935",0,1,1,"4h_vs_0h"
"ENSMUSG00000032615",0,1,1,"4h_vs_0h"
"ENSMUSG00000025575",0,1,1,"4h_vs_0h"
"ENSMUSG00000025921",0,1,1,"4h_vs_0h"
"ENSMUSG00000075000",0,1,1,"4h_vs_0h"
"ENSMUSG00000035575",0,1,1,"4h_vs_0h"
"ENSMUSG00000025241",0,1,1,"4h_vs_0h"
"ENSMUSG00000034075",0,1,1,"4h_vs_0h"
"ENSMUSG00000042363",0,1,1,"4h_vs_0h"
"ENSMUSG00000033430",0,1,1,"4h_vs_0h"
"ENSMUSG00000027602",0,1,1,"4h_vs_0h"
"ENSMUSG00000033940",0,1,1,"4h_vs_0h"
"ENSMUSG00000026155",0,1,1,"4h_vs_0h"
"ENSMUSG00000015341",0,1,1,"4h_vs_0h"
"ENSMUSG00000032397",0,1,1,"4h_vs_0h"
"ENSMUSG00000006191",0,1,1,"4h_vs_0h"
"ENSMUSG00000024271",0,1,1,"4h_vs_0h"
"ENSMUSG00000004637",0,1,1,"4h_vs_0h"
"ENSMUSG00000026915",0,1,1,"4h_vs_0h"
"ENSMUSG00000021400",0,1,1,"4h_vs_0h"
"ENSMUSG00000040025",0,1,1,"4h_vs_0h"
"ENSMUSG00000030243",0,1,1,"4h_vs_0h"
"ENSMUSG00000050796",0,1,1,"4h_vs_0h"
"ENSMUSG00000034663",0,1,1,"4h_vs_0h"
"ENSMUSG00000027166",0,1,1,"4h_vs_0h"
"ENSMUSG00000029422",0,1,1,"4h_vs_0h"
"ENSMUSG00000025439",0,1,1,"4h_vs_0h"
"ENSMUSG00000066149",0,1,1,"4h_vs_0h"
"ENSMUSG00000032456",0,1,1,"4h_vs_0h"
"ENSMUSG00000031703",0,1,1,"4h_vs_0h"
"ENSMUSG00000002326",0,1,1,"4h_vs_0h"
"ENSMUSG00000027787",0,1,1,"4h_vs_0h"
"ENSMUSG00000060429",0,1,1,"4h_vs_0h"
"ENSMUSG00000002763",0,1,1,"4h_vs_0h"
"ENSMUSG00000027079",0,1,1,"4h_vs_0h"
"ENSMUSG00000031546",0,1,1,"4h_vs_0h"
"ENSMUSG00000026112",0,1,1,"4h_vs_0h"
"ENSMUSG00000000441",0,1,1,"4h_vs_0h"
"ENSMUSG00000034880",0,1,1,"4h_vs_0h"
"ENSMUSG00000019791",0,1,1,"4h_vs_0h"
"ENSMUSG00000020116",0,1,1,"4h_vs_0h"
"ENSMUSG00000053916",0,1,1,"4h_vs_0h"
"ENSMUSG00000002416",0,1,1,"4h_vs_0h"
"ENSMUSG00000026688",0,1,1,"4h_vs_0h"
"ENSMUSG00000024982",0,1,1,"4h_vs_0h"
"ENSMUSG00000001383",0,1,1,"4h_vs_0h"
"ENSMUSG00000041921",0,1,1,"4h_vs_0h"
"ENSMUSG00000022663",0,1,1,"4h_vs_0h"
"ENSMUSG00000024791",0,1,1,"4h_vs_0h"
"ENSMUSG00000053119",0,1,1,"4h_vs_0h"
"ENSMUSG00000030291",0,1,1,"4h_vs_0h"
"ENSMUSG00000028549",0,1,1,"4h_vs_0h"
"ENSMUSG00000038622",0,1,1,"4h_vs_0h"
"ENSMUSG00000020803",0,1,1,"4h_vs_0h"
"ENSMUSG00000028295",0,1,1,"4h_vs_0h"
"ENSMUSG00000027285",0,1,1,"4h_vs_0h"
"ENSMUSG00000004996",0,1,1,"4h_vs_0h"
"ENSMUSG00000029048",0,1,1,"4h_vs_0h"
"ENSMUSG00000025492",0,1,1,"4h_vs_0h"
"ENSMUSG00000030423",0,1,1,"4h_vs_0h"
"ENSMUSG00000017837",0,1,1,"4h_vs_0h"
"ENSMUSG00000030245",0,1,1,"4h_vs_0h"
"ENSMUSG00000030304",0,1,1,"4h_vs_0h"
"ENSMUSG00000031604",0,1,1,"4h_vs_0h"
"ENSMUSG00000015757",0,1,1,"4h_vs_0h"
"ENSMUSG00000046949",0,1,1,"4h_vs_0h"
"ENSMUSG00000073435",0,1,1,"4h_vs_0h"
"ENSMUSG00000030983",0,1,1,"4h_vs_0h"
"ENSMUSG00000003135",0,1,1,"4h_vs_0h"
"ENSMUSG00000030471",0,1,1,"4h_vs_0h"
"ENSMUSG00000030588",0,1,1,"4h_vs_0h"
"ENSMUSG00000027424",0,1,1,"4h_vs_0h"
"ENSMUSG00000030871",0,1,1,"4h_vs_0h"
"ENSMUSG00000032002",0,1,1,"4h_vs_0h"
"ENSMUSG00000022668",0,1,1,"4h_vs_0h"
"ENSMUSG00000029038",0,1,1,"4h_vs_0h"
"ENSMUSG00000027635",0,1,1,"4h_vs_0h"
"ENSMUSG00000032431",0,1,1,"4h_vs_0h"
"ENSMUSG00000001305",0,1,1,"4h_vs_0h"
"ENSMUSG00000024528",0,1,1,"4h_vs_0h"
"ENSMUSG00000020883",0,1,1,"4h_vs_0h"
"ENSMUSG00000039043",0,1,1,"4h_vs_0h"
"ENSMUSG00000034442",0,1,1,"4h_vs_0h"
"ENSMUSG00000016409",0,1,1,"4h_vs_0h"
"ENSMUSG00000022339",0,1,1,"4h_vs_0h"
"ENSMUSG00000025169",0,1,1,"4h_vs_0h"
"ENSMUSG00000028821",0,1,1,"4h_vs_0h"
"ENSMUSG00000006095",0,1,1,"4h_vs_0h"
"ENSMUSG00000011096",0,1,1,"4h_vs_0h"
"ENSMUSG00000028261",0,1,1,"4h_vs_0h"
"ENSMUSG00000031843",0,1,1,"4h_vs_0h"
"ENSMUSG00000039637",0,1,1,"4h_vs_0h"
"ENSMUSG00000020280",0,1,1,"4h_vs_0h"
"ENSMUSG00000005951",0,1,1,"4h_vs_0h"
"ENSMUSG00000062591",0,1,1,"4h_vs_0h"
"ENSMUSG00000026035",0,1,1,"4h_vs_0h"
"ENSMUSG00000063130",0,1,1,"4h_vs_0h"
"ENSMUSG00000002661",0,1,1,"4h_vs_0h"
"ENSMUSG00000020778",0,1,1,"4h_vs_0h"
"ENSMUSG00000024258",0,1,1,"4h_vs_0h"
"ENSMUSG00000006392",0,1,1,"4h_vs_0h"
"ENSMUSG00000032673",0,1,1,"4h_vs_0h"
"ENSMUSG00000041718",0,1,1,"4h_vs_0h"
"ENSMUSG00000010358",0,1,1,"4h_vs_0h"
"ENSMUSG00000014177",0,1,1,"4h_vs_0h"
"ENSMUSG00000007721",0,1,1,"4h_vs_0h"
"ENSMUSG00000026283",0,1,1,"4h_vs_0h"
"ENSMUSG00000020224",0,1,1,"4h_vs_0h"
"ENSMUSG00000002329",0,1,1,"4h_vs_0h"
"ENSMUSG00000020246",0,1,1,"4h_vs_0h"
"ENSMUSG00000003444",0,1,1,"4h_vs_0h"
"ENSMUSG00000020706",0,1,1,"4h_vs_0h"
"ENSMUSG00000022853",0,1,1,"4h_vs_0h"
"ENSMUSG00000003546",0,1,1,"4h_vs_0h"
"ENSMUSG00000032329",0,1,1,"4h_vs_0h"
"ENSMUSG00000066456",0,1,1,"4h_vs_0h"
"ENSMUSG00000020521",0,1,1,"4h_vs_0h"
"ENSMUSG00000005204",0,1,1,"4h_vs_0h"
"ENSMUSG00000023980",0,1,1,"4h_vs_0h"
"ENSMUSG00000024487",0,1,1,"4h_vs_0h"
"ENSMUSG00000027167",0,1,1,"4h_vs_0h"
"ENSMUSG00000023908",0,1,1,"4h_vs_0h"
"ENSMUSG00000056204",0,1,1,"4h_vs_0h"
"ENSMUSG00000004096",0,1,1,"4h_vs_0h"
"ENSMUSG00000019139",0,1,1,"4h_vs_0h"
"ENSMUSG00000009640",0,1,1,"4h_vs_0h"
"ENSMUSG00000031143",0,1,1,"4h_vs_0h"
"ENSMUSG00000070699",0,1,1,"4h_vs_0h"
"ENSMUSG00000033917",0,1,1,"4h_vs_0h"
"ENSMUSG00000025340",0,1,1,"4h_vs_0h"
"ENSMUSG00000015013",0,1,1,"4h_vs_0h"
"ENSMUSG00000025578",0,1,1,"4h_vs_0h"
"ENSMUSG00000021192",0,1,1,"4h_vs_0h"
"ENSMUSG00000028557",0,1,1,"4h_vs_0h"
"ENSMUSG00000021224",0,1,1,"4h_vs_0h"
"ENSMUSG00000004105",0,1,1,"4h_vs_0h"
"ENSMUSG00000029621",0,1,1,"4h_vs_0h"
"ENSMUSG00000006205",0,1,1,"4h_vs_0h"
"ENSMUSG00000051316",0,1,1,"4h_vs_0h"
"ENSMUSG00000059288",0,1,1,"4h_vs_0h"
"ENSMUSG00000038025",0,1,1,"4h_vs_0h"
"ENSMUSG00000007107",0,1,1,"4h_vs_0h"
"ENSMUSG00000019433",0,1,1,"4h_vs_0h"
"ENSMUSG00000021025",0,1,1,"4h_vs_0h"
"ENSMUSG00000039131",0,1,1,"4h_vs_0h"
"ENSMUSG00000017561",0,1,1,"4h_vs_0h"
"ENSMUSG00000057666",0,1,1,"4h_vs_0h"
"ENSMUSG00000032557",3.52493795060754,5.85256591130807e-24,2.57571425756668e-20,"24h_vs_0h"
"ENSMUSG00000032786",-3.68463272238928,2.56914143389027e-20,5.65339572527553e-17,"24h_vs_0h"
"ENSMUSG00000019577",4.79165181938325,1.48579294722109e-18,2.17965825357334e-15,"24h_vs_0h"
"ENSMUSG00000022607",3.68766656485328,8.73557026273105e-12,9.61131118156984e-09,"24h_vs_0h"
"ENSMUSG00000025001",-0.358224275763668,1.13758066631727e-08,1.00129850249246e-05,"24h_vs_0h"
"ENSMUSG00000030681",0.643623945355529,3.17339818641261e-08,1.99169020756289e-05,"24h_vs_0h"
"ENSMUSG00000024742",0.392123773695296,3.61493636140633e-08,1.99169020756289e-05,"24h_vs_0h"
"ENSMUSG00000021794",-0.3684177906398,3.62043209736494e-08,1.99169020756289e-05,"24h_vs_0h"
"ENSMUSG00000023832",0.489469854093446,4.78577388524885e-08,2.34024342988669e-05,"24h_vs_0h"
"ENSMUSG00000025134",-0.392561127524914,6.73380845723814e-08,2.96354910203051e-05,"24h_vs_0h"
"ENSMUSG00000028902",-0.294595082220532,1.16697509283488e-07,4.66896125778755e-05,"24h_vs_0h"
"ENSMUSG00000031715",-0.254597253434721,1.32077774850826e-07,4.84395239265406e-05,"24h_vs_0h"
"ENSMUSG00000028032",0.443943560031926,2.24369162286387e-07,6.86877854062872e-05,"24h_vs_0h"
"ENSMUSG00000024360",0.616610199462439,2.30775297672778e-07,6.86877854062872e-05,"24h_vs_0h"
"ENSMUSG00000019868",0.527933723868358,2.34109698044605e-07,6.86877854062872e-05,"24h_vs_0h"
"ENSMUSG00000066551",0.662224378930702,2.66732298482766e-07,7.33680528514159e-05,"24h_vs_0h"
"ENSMUSG00000031985",-0.432644381738541,3.15881772827794e-07,8.13923463583868e-05,"24h_vs_0h"
"ENSMUSG00000020612",0.322575903412254,3.32893032140641e-07,8.13923463583868e-05,"24h_vs_0h"
"ENSMUSG00000021957",0.532134862498619,3.61304138330802e-07,8.36894480417821e-05,"24h_vs_0h"
"ENSMUSG00000030058",0.383583072986816,4.24360876500382e-07,9.00935933502751e-05,"24h_vs_0h"
"ENSMUSG00000021266",0.613197167012693,4.29894446797496e-07,9.00935933502751e-05,"24h_vs_0h"
"ENSMUSG00000023944",0.344262642565031,4.96740329708599e-07,9.63386372329612e-05,"24h_vs_0h"
"ENSMUSG00000025613",0.45938548453617,5.03473905102956e-07,9.63386372329612e-05,"24h_vs_0h"
"ENSMUSG00000027810",0.423554778019877,5.38882451427301e-07,9.88175695304813e-05,"24h_vs_0h"
"ENSMUSG00000032096",0.450267287903316,6.00720212462278e-07,0.000103037773449565,"24h_vs_0h"
"ENSMUSG00000001416",0.425100382123031,6.28972297373364e-07,0.000103037773449565,"24h_vs_0h"
"ENSMUSG00000068039",0.344805924581898,6.32133579445185e-07,0.000103037773449565,"24h_vs_0h"
"ENSMUSG00000029447",0.391030125552565,6.8540538939751e-07,0.000107731039954944,"24h_vs_0h"
"ENSMUSG00000003808",0.347364989257532,9.05406395765881e-07,0.000137403225785022,"24h_vs_0h"
"ENSMUSG00000043424",0.600491192962842,1.03114911733391e-06,0.000141815331768791,"24h_vs_0h"
"ENSMUSG00000036138",-0.468601027388257,1.11360840229354e-06,0.000141815331768791,"24h_vs_0h"
"ENSMUSG00000035325",0.523051203529601,1.14495895510072e-06,0.000141815331768791,"24h_vs_0h"
"ENSMUSG00000037742",0.420139725147052,1.18469391606195e-06,0.000141815331768791,"24h_vs_0h"
"ENSMUSG00000020917",0.432477191349715,1.19186963656548e-06,0.000141815331768791,"24h_vs_0h"
"ENSMUSG00000026509",0.435436525528377,1.22593679102016e-06,0.000141815331768791,"24h_vs_0h"
"ENSMUSG00000058355",0.519921917525423,1.23924637951248e-06,0.000141815331768791,"24h_vs_0h"
"ENSMUSG00000037712",0.480397406082002,1.24709044416328e-06,0.000141815331768791,"24h_vs_0h"
"ENSMUSG00000025403",-0.289880872637291,1.26112339805975e-06,0.000141815331768791,"24h_vs_0h"
"ENSMUSG00000029623",0.647640888406311,1.27782878098517e-06,0.000141815331768791,"24h_vs_0h"
"ENSMUSG00000020532",0.526800804879031,1.32304746920731e-06,0.000141815331768791,"24h_vs_0h"
"ENSMUSG00000008450",0.520880006566127,1.33569949151575e-06,0.000141815331768791,"24h_vs_0h"
"ENSMUSG00000021270",0.461611358236002,1.35338421592574e-06,0.000141815331768791,"24h_vs_0h"
"ENSMUSG00000029247",0.321651483763915,1.39913617298648e-06,0.000143199960402639,"24h_vs_0h"
"ENSMUSG00000001100",-0.317013663124811,1.56437997141307e-06,0.000155656673610583,"24h_vs_0h"
"ENSMUSG00000029762",0.37859746388855,1.59158152976056e-06,0.000155656673610583,"24h_vs_0h"
"ENSMUSG00000033813",0.551165222398918,1.66979373943799e-06,0.000159755701027535,"24h_vs_0h"
"ENSMUSG00000042699",-0.303618773427367,1.90520241301448e-06,0.000178399911056952,"24h_vs_0h"
"ENSMUSG00000033174",0.962549045592333,2.00622237972989e-06,0.000183945514441484,"24h_vs_0h"
"ENSMUSG00000020152",0.362585554787394,2.29252684550339e-06,0.000203128757302166,"24h_vs_0h"
"ENSMUSG00000032479",0.623689801014557,2.30775684278762e-06,0.000203128757302166,"24h_vs_0h"
"ENSMUSG00000071650",-0.268587951277347,2.69892770462153e-06,0.000232901584863517,"24h_vs_0h"
"ENSMUSG00000022205",0.502756988219524,2.92468015268181e-06,0.000247529179845243,"24h_vs_0h"
"ENSMUSG00000024892",-0.25739961892284,3.52975057931329e-06,0.000293102496218072,"24h_vs_0h"
"ENSMUSG00000007739",0.317899169569699,3.73488709503774e-06,0.000304393298245575,"24h_vs_0h"
"ENSMUSG00000024507",-0.431475483119854,3.91733271409645e-06,0.000309755277779109,"24h_vs_0h"
"ENSMUSG00000025260",-0.387019745325492,3.94144411625315e-06,0.000309755277779109,"24h_vs_0h"
"ENSMUSG00000016554",0.335460599369366,4.20931653826911e-06,0.000312893628889016,"24h_vs_0h"
"ENSMUSG00000000339",0.405449482793784,4.21310098354535e-06,0.000312893628889016,"24h_vs_0h"
"ENSMUSG00000032249",0.647276153006374,4.21636364189912e-06,0.000312893628889016,"24h_vs_0h"
"ENSMUSG00000028577",0.410202459503086,4.26576181171119e-06,0.000312893628889016,"24h_vs_0h"
"ENSMUSG00000022244",-0.37843568804529,4.59903472082586e-06,0.000326697061588986,"24h_vs_0h"
"ENSMUSG00000028136",0.42139739718516,4.64051288231628e-06,0.000326697061588986,"24h_vs_0h"
"ENSMUSG00000028603",-0.380170534565696,4.67664505342106e-06,0.000326697061588986,"24h_vs_0h"
"ENSMUSG00000022452",-0.603885536374769,5.03758661728087e-06,0.000346412792228955,"24h_vs_0h"
"ENSMUSG00000051223",0.334738436097304,5.22912786816182e-06,0.000354052180735079,"24h_vs_0h"
"ENSMUSG00000018707",0.327234335194394,5.35738483122639e-06,0.000357240161245869,"24h_vs_0h"
"ENSMUSG00000023044",0.605412427558143,5.47214179268933e-06,0.000359446209397399,"24h_vs_0h"
"ENSMUSG00000031781",0.713563465675715,5.66650579119179e-06,0.000366739588044633,"24h_vs_0h"
"ENSMUSG00000027823",0.433746973927089,6.07761864103666e-06,0.000387646371582643,"24h_vs_0h"
"ENSMUSG00000029610",0.417456939951798,6.27756516526943e-06,0.000394679489890725,"24h_vs_0h"
"ENSMUSG00000054717",0.556190670238525,7.24992432749706e-06,0.000440052893248407,"24h_vs_0h"
"ENSMUSG00000001891",0.57469649537413,7.26847681788044e-06,0.000440052893248407,"24h_vs_0h"
"ENSMUSG00000035284",0.159202723032472,7.34783198865397e-06,0.000440052893248407,"24h_vs_0h"
"ENSMUSG00000025503",0.507152223718833,7.39920793010272e-06,0.000440052893248407,"24h_vs_0h"
"ENSMUSG00000033105",-0.239092565439627,7.65572944551407e-06,0.000449238203862766,"24h_vs_0h"
"ENSMUSG00000032418",0.617945986343802,8.01930392283724e-06,0.000464381007426404,"24h_vs_0h"
"ENSMUSG00000025190",0.677092747186059,8.27034085460489e-06,0.000468136666567721,"24h_vs_0h"
"ENSMUSG00000028691",0.547203347083073,8.29690070263173e-06,0.000468136666567721,"24h_vs_0h"
"ENSMUSG00000032504",0.321168938099309,8.66360367738982e-06,0.000482639490939147,"24h_vs_0h"
"ENSMUSG00000025982",-0.260413673223141,8.94087105488281e-06,0.000491859668906741,"24h_vs_0h"
"ENSMUSG00000022234",0.44407419941189,9.41501133523361e-06,0.00051154894921436,"24h_vs_0h"
"ENSMUSG00000028656",0.548691814468739,9.64927662585567e-06,0.000517883736955985,"24h_vs_0h"
"ENSMUSG00000068739",0.543108476460173,1.00138056552449e-05,0.000530972996249794,"24h_vs_0h"
"ENSMUSG00000027566",0.398587962422624,1.03056295354975e-05,0.000539941376020528,"24h_vs_0h"
"ENSMUSG00000015806",0.457739659811867,1.04380974050466e-05,0.000540447843289532,"24h_vs_0h"
"ENSMUSG00000028811",0.450214885224081,1.05717946178099e-05,0.000541005443174203,"24h_vs_0h"
"ENSMUSG00000029545",-0.178528747272615,1.07198549744301e-05,0.00054227680163755,"24h_vs_0h"
"ENSMUSG00000004040",0.474913093308782,1.11737888255509e-05,0.000558816416150562,"24h_vs_0h"
"ENSMUSG00000036323",0.448467886866371,1.13325626445699e-05,0.000560388856165755,"24h_vs_0h"
"ENSMUSG00000061477",0.247589092672669,1.19330957898849e-05,0.000583528384125373,"24h_vs_0h"
"ENSMUSG00000003500",3.58348397241017,1.22050991591544e-05,0.000590270784609215,"24h_vs_0h"
"ENSMUSG00000063904",0.518409199486612,1.23479858208522e-05,0.000590690060843157,"24h_vs_0h"
"ENSMUSG00000021417",-0.275964113802036,1.26334972736629e-05,0.000597849693563338,"24h_vs_0h"
"ENSMUSG00000018932",0.427644816759816,1.3028983829441e-05,0.000598047844875246,"24h_vs_0h"
"ENSMUSG00000030417",0.453090778664546,1.30413917695343e-05,0.000598047844875246,"24h_vs_0h"
"ENSMUSG00000028495",0.377928250351601,1.31502911528716e-05,0.000598047844875246,"24h_vs_0h"
"ENSMUSG00000033335",0.348479130699044,1.33958494917313e-05,0.000598047844875246,"24h_vs_0h"
"ENSMUSG00000028273",0.460534482316479,1.33970026924921e-05,0.000598047844875246,"24h_vs_0h"
"ENSMUSG00000027293",0.473805459356814,1.3458896750037e-05,0.000598047844875246,"24h_vs_0h"
"ENSMUSG00000020534",0.505019534668659,1.3588908086236e-05,0.000598047844875246,"24h_vs_0h"
"ENSMUSG00000020936",0.396387191494288,1.41531273719518e-05,0.000616308308454617,"24h_vs_0h"
"ENSMUSG00000071072",0.532222437109574,1.44729632081066e-05,0.000616308308454617,"24h_vs_0h"
"ENSMUSG00000030246",0.69796622199171,1.45193272084843e-05,0.000616308308454617,"24h_vs_0h"
"ENSMUSG00000030630",0.464482431937359,1.45639772959055e-05,0.000616308308454617,"24h_vs_0h"
"ENSMUSG00000040731",0.527735332917189,1.48523458498278e-05,0.000622525467477067,"24h_vs_0h"
"ENSMUSG00000033059",0.577722159138549,1.5406160357237e-05,0.000639245196238886,"24h_vs_0h"
"ENSMUSG00000020114",0.448415331242256,1.55417486929245e-05,0.000639245196238886,"24h_vs_0h"
"ENSMUSG00000020476",0.468276651949417,1.58929600349755e-05,0.000647638121425251,"24h_vs_0h"
"ENSMUSG00000030738",0.327052568426399,1.62309471898192e-05,0.000651877136186577,"24h_vs_0h"
"ENSMUSG00000024493",0.553260707440032,1.62932253988919e-05,0.000651877136186577,"24h_vs_0h"
"ENSMUSG00000063273",0.425142189273064,1.66286460987934e-05,0.000659303346673782,"24h_vs_0h"
"ENSMUSG00000039509",-0.271343703758259,1.70551116743825e-05,0.000670174522133548,"24h_vs_0h"
"ENSMUSG00000022789",0.6746496811908,1.72857956424931e-05,0.000672350141633606,"24h_vs_0h"
"ENSMUSG00000021585",1.24060398643827,1.74160227553354e-05,0.000672350141633606,"24h_vs_0h"
"ENSMUSG00000018921",-0.783228306006773,1.77189273007936e-05,0.000677616187351113,"24h_vs_0h"
"ENSMUSG00000025410",0.400858948571102,1.78603675829878e-05,0.000677616187351113,"24h_vs_0h"
"ENSMUSG00000028419",3.00613050812799,1.80609398511549e-05,0.000678153199541663,"24h_vs_0h"
"ENSMUSG00000018965",0.466738864917655,1.82011853311999e-05,0.000678153199541663,"24h_vs_0h"
"ENSMUSG00000009293",-3.77080181546096,1.83367940798586e-05,0.000678153199541663,"24h_vs_0h"
"ENSMUSG00000020361",0.476493910832737,1.93068763668567e-05,0.000689960545025336,"24h_vs_0h"
"ENSMUSG00000020914",-0.292888716465637,1.932700335072e-05,0.000689960545025336,"24h_vs_0h"
"ENSMUSG00000037416",2.61492408907854,1.93845904584277e-05,0.000689960545025336,"24h_vs_0h"
"ENSMUSG00000016664",0.459086988095091,1.93937977629579e-05,0.000689960545025336,"24h_vs_0h"
"ENSMUSG00000022451",0.44537534744957,1.94675076284751e-05,0.000689960545025336,"24h_vs_0h"
"ENSMUSG00000027429",0.395651492776636,1.95966980522988e-05,0.000689960545025336,"24h_vs_0h"
"ENSMUSG00000028961",0.456669740243413,1.98119934043853e-05,0.000690928877382601,"24h_vs_0h"
"ENSMUSG00000025326",3.01217424871037,1.99381884634379e-05,0.000690928877382601,"24h_vs_0h"
"ENSMUSG00000002718",0.516785252200314,2.02272166416948e-05,0.000695294541637635,"24h_vs_0h"
"ENSMUSG00000049517",0.271251036376437,2.03801399389354e-05,0.000695294541637635,"24h_vs_0h"
"ENSMUSG00000049960",-0.318608876596912,2.06408960611818e-05,0.000698773719732779,"24h_vs_0h"
"ENSMUSG00000032458",0.343100253622961,2.11830090695606e-05,0.000710453859779346,"24h_vs_0h"
"ENSMUSG00000062203",0.500939167568795,2.14987568921109e-05,0.000710453859779346,"24h_vs_0h"
"ENSMUSG00000031029",0.293565009974468,2.15633121521373e-05,0.000710453859779346,"24h_vs_0h"
"ENSMUSG00000018848",0.331992811752286,2.17036046271098e-05,0.000710453859779346,"24h_vs_0h"
"ENSMUSG00000018322",0.447501085780711,2.18302706806976e-05,0.000710453859779346,"24h_vs_0h"
"ENSMUSG00000026520",-0.299075311052125,2.19544932810705e-05,0.000710453859779346,"24h_vs_0h"
"ENSMUSG00000030751",0.379220361072207,2.23221880416504e-05,0.000717079923878127,"24h_vs_0h"
"ENSMUSG00000028179",0.555007053964125,2.25863657348385e-05,0.000720308663761047,"24h_vs_0h"
"ENSMUSG00000010936",0.419348840426888,2.2919482130482e-05,0.000724790319374247,"24h_vs_0h"
"ENSMUSG00000002944",-0.294576416229177,2.30562701005214e-05,0.000724790319374247,"24h_vs_0h"
"ENSMUSG00000034993",0.302255799174137,2.39069139528834e-05,0.000746200909976171,"24h_vs_0h"
"ENSMUSG00000010095",-0.315236787153317,2.43290291477231e-05,0.000751683146667879,"24h_vs_0h"
"ENSMUSG00000053398",0.399751784270212,2.47397363412971e-05,0.000751683146667879,"24h_vs_0h"
"ENSMUSG00000024966",0.486494260182699,2.48959009409009e-05,0.000751683146667879,"24h_vs_0h"
"ENSMUSG00000024747",0.43555246100788,2.52695106501197e-05,0.000751683146667879,"24h_vs_0h"
"ENSMUSG00000029201",0.267828231509071,2.52738661639739e-05,0.000751683146667879,"24h_vs_0h"
"ENSMUSG00000024772",0.664311663361296,2.53779295489794e-05,0.000751683146667879,"24h_vs_0h"
"ENSMUSG00000031360",0.544131093427698,2.55594078511908e-05,0.000751683146667879,"24h_vs_0h"
"ENSMUSG00000027597",0.483701178011803,2.55895484183362e-05,0.000751683146667879,"24h_vs_0h"
"ENSMUSG00000016757",0.58423435377096,2.56197391502345e-05,0.000751683146667879,"24h_vs_0h"
"ENSMUSG00000022285",0.341308412471687,2.72375670187587e-05,0.000786447414604527,"24h_vs_0h"
"ENSMUSG00000018326",0.584794821654604,2.73446890367594e-05,0.000786447414604527,"24h_vs_0h"
"ENSMUSG00000020899",0.477997775153693,2.74929193090428e-05,0.000786447414604527,"24h_vs_0h"
"ENSMUSG00000020267",0.395476760774304,2.75194051009082e-05,0.000786447414604527,"24h_vs_0h"
"ENSMUSG00000020572",0.535021563862642,2.80300636583998e-05,0.000795872968778178,"24h_vs_0h"
"ENSMUSG00000027108",0.448475187589434,2.83163510130279e-05,0.000798847825694461,"24h_vs_0h"
"ENSMUSG00000026727",0.532266895644241,2.86967517799521e-05,0.000804422959131014,"24h_vs_0h"
"ENSMUSG00000033096",-0.326249827075404,2.91964991932339e-05,0.00081325185411027,"24h_vs_0h"
"ENSMUSG00000024683",-0.259522303009568,2.94853981179968e-05,0.000814706937637772,"24h_vs_0h"
"ENSMUSG00000018293",0.322719272964008,2.9677810153046e-05,0.000814706937637772,"24h_vs_0h"
"ENSMUSG00000028998",-0.893472919339054,2.98040938331473e-05,0.000814706937637772,"24h_vs_0h"
"ENSMUSG00000020849",0.558373501706654,3.07460852649577e-05,0.00083135557488957,"24h_vs_0h"
"ENSMUSG00000006456",-0.31128590504472,3.07909472181322e-05,0.00083135557488957,"24h_vs_0h"
"ENSMUSG00000027804",0.446468010124605,3.11950624876847e-05,0.000833530238447101,"24h_vs_0h"
"ENSMUSG00000022961",-0.234638442649672,3.13274509143656e-05,0.000833530238447101,"24h_vs_0h"
"ENSMUSG00000014301",-0.33565607851941,3.1439677251129e-05,0.000833530238447101,"24h_vs_0h"
"ENSMUSG00000031388",0.570448584468465,3.17160258446225e-05,0.000835821734983134,"24h_vs_0h"
"ENSMUSG00000019494",0.456030558066615,3.28550997237183e-05,0.000860686273119548,"24h_vs_0h"
"ENSMUSG00000066036",1.05414029835887,3.31214946540273e-05,0.000862530757232982,"24h_vs_0h"
"ENSMUSG00000028945",0.585063781209119,3.39417124959408e-05,0.000875861293764155,"24h_vs_0h"
"ENSMUSG00000001924",0.362285462289766,3.41646185270069e-05,0.000875861293764155,"24h_vs_0h"
"ENSMUSG00000031865",0.564456500632261,3.42304345665609e-05,0.000875861293764155,"24h_vs_0h"
"ENSMUSG00000035297",0.327018971309123,3.55891301047488e-05,0.000905362783763003,"24h_vs_0h"
"ENSMUSG00000030744",0.207445869611526,3.6821131218964e-05,0.000931320681003795,"24h_vs_0h"
"ENSMUSG00000037242",0.381616919046177,3.75063447991868e-05,0.000941568435773531,"24h_vs_0h"
"ENSMUSG00000018509",-0.490335714982987,3.7654179662836e-05,0.000941568435773531,"24h_vs_0h"
"ENSMUSG00000041459",-0.359278573845675,3.80365142541836e-05,0.000945755362896396,"24h_vs_0h"
"ENSMUSG00000028409",-0.330530099514355,3.98243607071268e-05,0.00097981429357688,"24h_vs_0h"
"ENSMUSG00000029064",-0.249057434739708,3.98515697682939e-05,0.00097981429357688,"24h_vs_0h"
"ENSMUSG00000031402",-0.252281364109642,4.01918250712246e-05,0.000982690122991442,"24h_vs_0h"
"ENSMUSG00000029171",0.493136666936756,4.18914477888149e-05,0.00101625262059032,"24h_vs_0h"
"ENSMUSG00000090877",0.44086862593123,4.20263524079616e-05,0.00101625262059032,"24h_vs_0h"
"ENSMUSG00000019849",0.445197739396537,4.25233405660012e-05,0.00101996227724598,"24h_vs_0h"
"ENSMUSG00000007892",0.402384736443736,4.26432763038537e-05,0.00101996227724598,"24h_vs_0h"
"ENSMUSG00000021048",0.333638417528817,4.35288148421182e-05,0.00103056063132696,"24h_vs_0h"
"ENSMUSG00000037851",0.436736785927419,4.35547097084333e-05,0.00103056063132696,"24h_vs_0h"
"ENSMUSG00000022407",0.426992443275996,4.45821829585482e-05,0.00104817429725598,"24h_vs_0h"
"ENSMUSG00000038965",0.403792810193636,4.49866805444599e-05,0.00104817429725598,"24h_vs_0h"
"ENSMUSG00000033065",0.422373326992965,4.50136201275574e-05,0.00104817429725598,"24h_vs_0h"
"ENSMUSG00000063870",-0.146649547112606,4.53820758784493e-05,0.00105119218916345,"24h_vs_0h"
"ENSMUSG00000004937",0.406908615455322,4.5788981152979e-05,0.00105506442960346,"24h_vs_0h"
"ENSMUSG00000046865",-0.341625233804432,4.61303514589388e-05,0.00105739414984786,"24h_vs_0h"
"ENSMUSG00000028693",0.392240013371868,4.73956237751643e-05,0.00108076756598186,"24h_vs_0h"
"ENSMUSG00000028138",0.576531261625455,4.85223559235607e-05,0.00110075715680201,"24h_vs_0h"
"ENSMUSG00000014226",0.485671221017526,5.05825962574357e-05,0.00113811397862842,"24h_vs_0h"
"ENSMUSG00000046434",-0.233129751569656,5.09457240908755e-05,0.00113811397862842,"24h_vs_0h"
"ENSMUSG00000007029",0.35775761075891,5.10494914353048e-05,0.00113811397862842,"24h_vs_0h"
"ENSMUSG00000020088",0.429506628848223,5.12034918810331e-05,0.00113811397862842,"24h_vs_0h"
"ENSMUSG00000031078",0.431219669197073,5.15410809620693e-05,0.00113986079052295,"24h_vs_0h"
"ENSMUSG00000001473",0.300970295769748,5.20374263273818e-05,0.00114508356633404,"24h_vs_0h"
"ENSMUSG00000037236",-0.278209787365689,5.36982268227794e-05,0.00117255690190719,"24h_vs_0h"
"ENSMUSG00000035948",-0.335156798895245,5.38187898625886e-05,0.00117255690190719,"24h_vs_0h"
"ENSMUSG00000025508",0.341655760675128,5.46468806908563e-05,0.0011847336055195,"24h_vs_0h"
"ENSMUSG00000031730",-0.293311493481497,5.5947149683811e-05,0.0012069774792081,"24h_vs_0h"
"ENSMUSG00000074656",0.31058023217939,5.64483513019874e-05,0.00121184972721974,"24h_vs_0h"
"ENSMUSG00000010911",0.52591339110699,5.84541517669355e-05,0.0012488190384771,"24h_vs_0h"
"ENSMUSG00000023456",0.419135003467229,5.89759424467945e-05,0.00125015379218994,"24h_vs_0h"
"ENSMUSG00000031782",-0.482820701327828,5.90847509146804e-05,0.00125015379218994,"24h_vs_0h"
"ENSMUSG00000030536",0.367566572048244,6.1508863056814e-05,0.00129521773355521,"24h_vs_0h"
"ENSMUSG00000019920",0.476332399183011,6.30617237491802e-05,0.00131708663232657,"24h_vs_0h"
"ENSMUSG00000029713",-0.312912732452581,6.31459394276088e-05,0.00131708663232657,"24h_vs_0h"
"ENSMUSG00000025153",0.472661601933346,6.35692940357011e-05,0.00131966256156189,"24h_vs_0h"
"ENSMUSG00000031672",-0.24487616834525,6.4553922031267e-05,0.00132949241034106,"24h_vs_0h"
"ENSMUSG00000005610",0.242099460440947,6.47824807380079e-05,0.00132949241034106,"24h_vs_0h"
"ENSMUSG00000071866",0.284480529119165,6.49490725342713e-05,0.00132949241034106,"24h_vs_0h"
"ENSMUSG00000020075",-0.277016403452361,6.59645114015496e-05,0.00134049941625965,"24h_vs_0h"
"ENSMUSG00000057278",-0.325373534286616,6.60959721264131e-05,0.00134049941625965,"24h_vs_0h"
"ENSMUSG00000039630",-0.17584717072949,6.98056235115357e-05,0.0014092410507994,"24h_vs_0h"
"ENSMUSG00000020290",0.353921679755423,7.0955602954437e-05,0.00142591602101588,"24h_vs_0h"
"ENSMUSG00000029817",-0.43330357079293,7.31577898603067e-05,0.00146348833261459,"24h_vs_0h"
"ENSMUSG00000032407",-0.281470232596948,7.44196689395125e-05,0.00148199530770495,"24h_vs_0h"
"ENSMUSG00000033306",0.294222717002022,7.53982747366916e-05,0.00148561980738992,"24h_vs_0h"
"ENSMUSG00000056076",0.318251628794773,7.54830498198653e-05,0.00148561980738992,"24h_vs_0h"
"ENSMUSG00000036752",0.229458759200291,7.56565145865545e-05,0.00148561980738992,"24h_vs_0h"
"ENSMUSG00000072946",0.654594619861157,7.64564445483386e-05,0.00148561980738992,"24h_vs_0h"
"ENSMUSG00000009470",0.231323740981768,7.65738512378196e-05,0.00148561980738992,"24h_vs_0h"
"ENSMUSG00000021116",0.420783996027946,7.66270611855289e-05,0.00148561980738992,"24h_vs_0h"
"ENSMUSG00000027405",-0.225097915204124,7.91286001463854e-05,0.00152250074866769,"24h_vs_0h"
"ENSMUSG00000027879",-0.238312588335255,7.92337703554191e-05,0.00152250074866769,"24h_vs_0h"
"ENSMUSG00000030770",0.505820481038256,7.95671829569571e-05,0.00152250074866769,"24h_vs_0h"
"ENSMUSG00000040945",0.509146023224247,8.04662636921777e-05,0.00152848688981273,"24h_vs_0h"
"ENSMUSG00000031960",0.394475544629703,8.05746326826978e-05,0.00152848688981273,"24h_vs_0h"
"ENSMUSG00000004980",-0.326352498375286,8.22340822034668e-05,0.00155327122651269,"24h_vs_0h"
"ENSMUSG00000006378",-0.303317637325879,8.3619906129388e-05,0.00157269746527964,"24h_vs_0h"
"ENSMUSG00000024587",0.429499989542268,8.4233926682855e-05,0.00157473145918773,"24h_vs_0h"
"ENSMUSG00000030695",0.436307326644169,8.44436774297442e-05,0.00157473145918773,"24h_vs_0h"
"ENSMUSG00000042524",-0.305597682679061,8.56214623770168e-05,0.00158719347658379,"24h_vs_0h"
"ENSMUSG00000040618",-0.208516813280553,8.58332304991913e-05,0.00158719347658379,"24h_vs_0h"
"ENSMUSG00000021178",0.23269847923649,8.81564716609057e-05,0.00162333318736254,"24h_vs_0h"
"ENSMUSG00000028270",0.978004613525243,9.027174499261e-05,0.00165042445014657,"24h_vs_0h"
"ENSMUSG00000078713",-0.500164660701998,9.03777079039591e-05,0.00165042445014657,"24h_vs_0h"
"ENSMUSG00000025228",0.3340174782182,9.17488136271805e-05,0.00166853937509596,"24h_vs_0h"
"ENSMUSG00000042165",0.487888556848358,9.43209639828714e-05,0.00170825745880089,"24h_vs_0h"
"ENSMUSG00000025950",0.462640219713936,9.5496791902804e-05,0.00172246467690263,"24h_vs_0h"
"ENSMUSG00000024767",0.35512255035535,9.78787647095589e-05,0.00175794283523021,"24h_vs_0h"
"ENSMUSG00000062867",0.41677822981481,9.8262653366651e-05,0.00175794283523021,"24h_vs_0h"
"ENSMUSG00000027479",0.38194737858927,9.96242839367371e-05,0.00177508693767441,"24h_vs_0h"
"ENSMUSG00000001642",0.365822516508565,0.000100203940016911,0.00177695616073961,"24h_vs_0h"
"ENSMUSG00000037197",-0.283483554733177,0.000100536715297469,0.00177695616073961,"24h_vs_0h"
"ENSMUSG00000025369",-0.226555029515378,0.000104925851713493,0.00184711469356433,"24h_vs_0h"
"ENSMUSG00000039253",3.82383938615636,0.000106945080381731,0.00187516055282867,"24h_vs_0h"
"ENSMUSG00000027531",0.381095242412727,0.000109056223714597,0.00190389106719743,"24h_vs_0h"
"ENSMUSG00000005103",0.450465205972577,0.000109448861622574,0.00190389106719743,"24h_vs_0h"
"ENSMUSG00000022814",0.306909233779216,0.000110603357568404,0.00191639912070294,"24h_vs_0h"
"ENSMUSG00000001441",0.353855773580015,0.000111117452122461,0.00191775649721942,"24h_vs_0h"
"ENSMUSG00000037149",0.326099318314434,0.000113962131307359,0.00194236672843168,"24h_vs_0h"
"ENSMUSG00000027406",-0.209119913145372,0.000114073068722716,0.00194236672843168,"24h_vs_0h"
"ENSMUSG00000028911",-0.382765740506336,0.000114188962360855,0.00194236672843168,"24h_vs_0h"
"ENSMUSG00000028954",0.434162746361508,0.000114439055996967,0.00194236672843168,"24h_vs_0h"
"ENSMUSG00000028029",0.426510460671732,0.000114750136194555,0.00194236672843168,"24h_vs_0h"
"ENSMUSG00000021218",0.533445918463649,0.000116185323169821,0.00195912493207044,"24h_vs_0h"
"ENSMUSG00000026020",-0.220870475448251,0.000117492586460219,0.00197360638553979,"24h_vs_0h"
"ENSMUSG00000035960",0.318101450539739,0.000118563852968961,0.00197442888176319,"24h_vs_0h"
"ENSMUSG00000039367",0.586583235085513,0.00011906150173562,0.00197442888176319,"24h_vs_0h"
"ENSMUSG00000022241",0.420121429447622,0.000119064910702409,0.00197442888176319,"24h_vs_0h"
"ENSMUSG00000013629",0.31801130181082,0.000119336078743242,0.00197442888176319,"24h_vs_0h"
"ENSMUSG00000018796",-0.327199097728837,0.000120234539897059,0.00198184348347175,"24h_vs_0h"
"ENSMUSG00000022336",0.283152911467678,0.000120950644540125,0.00198620815903391,"24h_vs_0h"
"ENSMUSG00000030861",-0.350984753834155,0.000121803393329959,0.00199277596299312,"24h_vs_0h"
"ENSMUSG00000022052",0.366347654156876,0.000122847101137777,0.00200240774854577,"24h_vs_0h"
"ENSMUSG00000055681",0.382064668082378,0.000124136506549994,0.00201495341248599,"24h_vs_0h"
"ENSMUSG00000091228",0.314643480304934,0.000124532453577866,0.00201495341248599,"24h_vs_0h"
"ENSMUSG00000032040",0.576939176170079,0.000126926069985288,0.00204615983152107,"24h_vs_0h"
"ENSMUSG00000060803",0.396153809481426,0.00013007481457663,0.00208926736843703,"24h_vs_0h"
"ENSMUSG00000026753",0.414451157646933,0.000131416304273265,0.00210313874584233,"24h_vs_0h"
"ENSMUSG00000020741",0.313132410946732,0.000132175239480402,0.00210762039475815,"24h_vs_0h"
"ENSMUSG00000058799",0.371765915087547,0.000135991549268084,0.00216064551743262,"24h_vs_0h"
"ENSMUSG00000026511",0.374989374068257,0.000136944169525408,0.00216795428086806,"24h_vs_0h"
"ENSMUSG00000003809",-0.261042576629013,0.000138712396045522,0.0021880761827826,"24h_vs_0h"
"ENSMUSG00000026750",0.656702079028161,0.000140235671720936,0.00220420425444228,"24h_vs_0h"
"ENSMUSG00000022982",0.596155345862467,0.000141049184358492,0.00220845675730957,"24h_vs_0h"
"ENSMUSG00000027782",0.381016244268885,0.000141864270489184,0.00220845675730957,"24h_vs_0h"
"ENSMUSG00000030754",0.371718810702106,0.000142011647879711,0.00220845675730957,"24h_vs_0h"
"ENSMUSG00000005683",-0.280212261311462,0.000144578708365553,0.00223742434196027,"24h_vs_0h"
"ENSMUSG00000005779",0.345313722978261,0.000145753187514455,0.00223742434196027,"24h_vs_0h"
"ENSMUSG00000028820",-0.211259606223141,0.000146246944211256,0.00223742434196027,"24h_vs_0h"
"ENSMUSG00000022337",-0.327256677170364,0.000146318276539102,0.00223742434196027,"24h_vs_0h"
"ENSMUSG00000006304",0.472043620634057,0.000146416316856296,0.00223742434196027,"24h_vs_0h"
"ENSMUSG00000026245",0.505330614658156,0.000146934933030012,0.0022375800701214,"24h_vs_0h"
"ENSMUSG00000002831",0.461863790528039,0.000149157576712476,0.00226359481072968,"24h_vs_0h"
"ENSMUSG00000045427",-0.39761965073534,0.000150351561380982,0.00227387361387526,"24h_vs_0h"
"ENSMUSG00000035898",0.53714251481582,0.000151276391839391,0.00228002534412725,"24h_vs_0h"
"ENSMUSG00000028383",-0.210470396734252,0.000151811970028924,0.00228028832797711,"24h_vs_0h"
"ENSMUSG00000029147",0.479475362319704,0.000152770522958869,0.00228134413089034,"24h_vs_0h"
"ENSMUSG00000038880",-0.402487718963133,0.000153308568180728,0.00228134413089034,"24h_vs_0h"
"ENSMUSG00000004929",0.437691336639251,0.000153437369403213,0.00228134413089034,"24h_vs_0h"
"ENSMUSG00000020840",0.279806990758768,0.000155301582051776,0.0023012870794945,"24h_vs_0h"
"ENSMUSG00000022048",0.268479856458036,0.000157681960446777,0.00232854347501474,"24h_vs_0h"
"ENSMUSG00000026701",0.402715914818671,0.000158199159061442,0.00232854347501474,"24h_vs_0h"
"ENSMUSG00000020661",-0.391000710018385,0.000159863718144695,0.00234319362514616,"24h_vs_0h"
"ENSMUSG00000020720",0.303267792096072,0.000160259323146784,0.00234319362514616,"24h_vs_0h"
"ENSMUSG00000014195",0.4311955881921,0.000163315243125947,0.00237492962455407,"24h_vs_0h"
"ENSMUSG00000078812",0.416745548842314,0.000163509128888862,0.00237492962455407,"24h_vs_0h"
"ENSMUSG00000036707",3.12158658925318,0.000164955468158413,0.00238805597159597,"24h_vs_0h"
"ENSMUSG00000051989",-0.798404415980411,0.000166619445886195,0.00240423666014802,"24h_vs_0h"
"ENSMUSG00000028684",0.416517188048296,0.000168345755139147,0.00242120806656008,"24h_vs_0h"
"ENSMUSG00000035530",0.552382882025746,0.000169285637024642,0.00242679507669527,"24h_vs_0h"
"ENSMUSG00000027187",-0.307421349788932,0.000174085951162577,0.00248425206803808,"24h_vs_0h"
"ENSMUSG00000041926",0.38414901424774,0.000174422606004037,0.00248425206803808,"24h_vs_0h"
"ENSMUSG00000021131",-0.234161250440795,0.000178579099865816,0.00253524715648212,"24h_vs_0h"
"ENSMUSG00000029407",0.290861682264104,0.000183576158187785,0.00259780923531975,"24h_vs_0h"
"ENSMUSG00000028063",-0.227425242160006,0.000185526309829813,0.00260703443142442,"24h_vs_0h"
"ENSMUSG00000026192",0.280036854018533,0.000185582560947979,0.00260703443142442,"24h_vs_0h"
"ENSMUSG00000023019",0.462055839908796,0.000186005183246368,0.00260703443142442,"24h_vs_0h"
"ENSMUSG00000032301",0.319731100026019,0.000188486210215193,0.00263342162272084,"24h_vs_0h"
"ENSMUSG00000043733",0.368740440114376,0.00019394244016776,0.00270107809866554,"24h_vs_0h"
"ENSMUSG00000025271",0.504990316419775,0.000197128543496215,0.00273679091459572,"24h_vs_0h"
"ENSMUSG00000020900",0.207016910184024,0.000198213500021774,0.00274320004275417,"24h_vs_0h"
"ENSMUSG00000024981",-0.264452399669523,0.000199873608634046,0.00275361496990499,"24h_vs_0h"
"ENSMUSG00000005514",-0.200785797553721,0.000200217402946966,0.00275361496990499,"24h_vs_0h"
"ENSMUSG00000055053",-0.403142605324689,0.00020345672545107,0.0027855193301836,"24h_vs_0h"
"ENSMUSG00000032126",0.638535208162395,0.00020380305028837,0.0027855193301836,"24h_vs_0h"
"ENSMUSG00000052997",0.361557434805853,0.000208279302836077,0.00283503063284525,"24h_vs_0h"
"ENSMUSG00000029657",0.589809947423863,0.000208713911620509,0.00283503063284525,"24h_vs_0h"
"ENSMUSG00000062908",-0.255646562328138,0.000209406051986916,0.00283568010705975,"24h_vs_0h"
"ENSMUSG00000024538",-0.287152592973793,0.000215388663308996,0.00290774695467144,"24h_vs_0h"
"ENSMUSG00000012443",0.552608461340071,0.000216088537017303,0.00290827416334296,"24h_vs_0h"
"ENSMUSG00000032604",0.302179817070044,0.000218278714628439,0.00291952910127807,"24h_vs_0h"
"ENSMUSG00000020089",0.632572398979224,0.000218673303969376,0.00291952910127807,"24h_vs_0h"
"ENSMUSG00000055723",-0.554240395745779,0.000218914929202854,0.00291952910127807,"24h_vs_0h"
"ENSMUSG00000055319",0.326120829438761,0.000223729349750815,0.0029747216563545,"24h_vs_0h"
"ENSMUSG00000025047",-0.294839168947885,0.000227515112491446,0.00301594581347848,"24h_vs_0h"
"ENSMUSG00000059119",0.459283869214111,0.000231960883752802,0.00305822254985973,"24h_vs_0h"
"ENSMUSG00000022884",0.510350323129579,0.000232094144888242,0.00305822254985973,"24h_vs_0h"
"ENSMUSG00000026926",-0.266885147496073,0.000235011241248674,0.00307985671437727,"24h_vs_0h"
"ENSMUSG00000058586",-0.322973457690104,0.000235135618275565,0.00307985671437727,"24h_vs_0h"
"ENSMUSG00000024725",0.559861097582928,0.000237624069117336,0.0030958307577976,"24h_vs_0h"
"ENSMUSG00000063358",0.360938169149417,0.000237762053200543,0.0030958307577976,"24h_vs_0h"
"ENSMUSG00000024019",0.597512691497457,0.000239418909533928,0.00310820832111746,"24h_vs_0h"
"ENSMUSG00000015889",0.473802537850155,0.000241571916243057,0.00312645715890811,"24h_vs_0h"
"ENSMUSG00000027176",-0.26450990002763,0.000242245374048549,0.00312645715890811,"24h_vs_0h"
"ENSMUSG00000004056",0.472860956687253,0.000244343232033896,0.00314431159117304,"24h_vs_0h"
"ENSMUSG00000005469",0.393014903986632,0.000245211771492931,0.00314628864822271,"24h_vs_0h"
"ENSMUSG00000054405",0.549779984715723,0.000247533397618639,0.00316684442709195,"24h_vs_0h"
"ENSMUSG00000060012",2.45754516129689,0.000248885008056707,0.00317345625516425,"24h_vs_0h"
"ENSMUSG00000007850",-0.215976770148714,0.000249492357256721,0.00317345625516425,"24h_vs_0h"
"ENSMUSG00000058704",0.531172304364421,0.00025202688057989,0.0031964562000925,"24h_vs_0h"
"ENSMUSG00000007097",-0.299501893148854,0.000253589001846574,0.00320702642852521,"24h_vs_0h"
"ENSMUSG00000003660",-0.194582689995634,0.000260346256543395,0.00328304835257158,"24h_vs_0h"
"ENSMUSG00000066306",-0.192499806311726,0.000261615352299354,0.00328962618705559,"24h_vs_0h"
"ENSMUSG00000079104",0.387623271727975,0.00026813567508478,0.00336200884913993,"24h_vs_0h"
"ENSMUSG00000026421",0.31963184759238,0.000270436289067518,0.0033812218982561,"24h_vs_0h"
"ENSMUSG00000041763",0.653365948241671,0.000273182601899418,0.00340410121594103,"24h_vs_0h"
"ENSMUSG00000022962",0.355903960826375,0.000273813185740314,0.00340410121594103,"24h_vs_0h"
"ENSMUSG00000028692",0.291721873297664,0.00027528451714438,0.00341275256324625,"24h_vs_0h"
"ENSMUSG00000007564",0.248703370250389,0.000279139919787548,0.00344500837379823,"24h_vs_0h"
"ENSMUSG00000032803",0.434436628192351,0.000279451940342188,0.00344500837379823,"24h_vs_0h"
"ENSMUSG00000068874",0.553998472083546,0.000285389111604385,0.00350837284963938,"24h_vs_0h"
"ENSMUSG00000031357",0.478162724454009,0.000289629796424233,0.00355058700296115,"24h_vs_0h"
"ENSMUSG00000030826",-0.239255522522196,0.000292993266654908,0.00358184268485625,"24h_vs_0h"
"ENSMUSG00000032382",3.24830478539482,0.000294428593252095,0.00358941894432817,"24h_vs_0h"
"ENSMUSG00000032959",0.440233193386405,0.000296834723497891,0.00360875585114425,"24h_vs_0h"
"ENSMUSG00000020790",0.717995783500125,0.000298940483160391,0.00362434453550656,"24h_vs_0h"
"ENSMUSG00000028622",-0.221018948128258,0.000302376836752085,0.00365593532567562,"24h_vs_0h"
"ENSMUSG00000028745",0.37951688915124,0.000303703604578451,0.00366191661301305,"24h_vs_0h"
"ENSMUSG00000029455",-0.191068891730865,0.00030642455139859,0.0036846296467355,"24h_vs_0h"
"ENSMUSG00000011752",0.350636399203118,0.000310995926587512,0.00372940891801537,"24h_vs_0h"
"ENSMUSG00000025208",-0.409317101635082,0.000314597339782094,0.00376234481625271,"24h_vs_0h"
"ENSMUSG00000058558",0.230124934686717,0.000316344990220828,0.00377299268824353,"24h_vs_0h"
"ENSMUSG00000021039",-0.280976962204882,0.000318355814212263,0.00378671334688695,"24h_vs_0h"
"ENSMUSG00000000628",-0.205589798500107,0.000319416000482828,0.00378908306772218,"24h_vs_0h"
"ENSMUSG00000020986",0.410289993236905,0.000320829593633024,0.00379562107951327,"24h_vs_0h"
"ENSMUSG00000035772",-0.230624763615111,0.000322756168862032,0.00380817667335603,"24h_vs_0h"
"ENSMUSG00000001175",0.520734761451006,0.000323870640048049,0.00381110878837289,"24h_vs_0h"
"ENSMUSG00000026341",0.294959855538981,0.000332892157007378,0.00390682235463859,"24h_vs_0h"
"ENSMUSG00000037601",0.34586384074176,0.000334399225476012,0.00391407178542534,"24h_vs_0h"
"ENSMUSG00000068749",0.384196357320292,0.000339303646597981,0.00396094256943691,"24h_vs_0h"
"ENSMUSG00000022312",0.250706975853689,0.000346405146141897,0.00403314563008066,"24h_vs_0h"
"ENSMUSG00000017686",-0.241807458193048,0.000356011731708524,0.00413405707453619,"24h_vs_0h"
"ENSMUSG00000028798",0.26094993845852,0.000357864013269928,0.00414075407080782,"24h_vs_0h"
"ENSMUSG00000031068",0.377588465719132,0.000358470188815674,0.00414075407080782,"24h_vs_0h"
"ENSMUSG00000052833",0.408654990942637,0.000360166423917495,0.00414945662738454,"24h_vs_0h"
"ENSMUSG00000023723",-0.234709338579059,0.000363602515274565,0.00417810618726726,"24h_vs_0h"
"ENSMUSG00000029911",-0.249896174462148,0.000364561501532509,0.00417821658397024,"24h_vs_0h"
"ENSMUSG00000059070",0.270937155418871,0.00036653407102429,0.00418991284825428,"24h_vs_0h"
"ENSMUSG00000026209",0.318656054105645,0.000371468810512222,0.00422839128068312,"24h_vs_0h"
"ENSMUSG00000044533",0.239186331841186,0.000372341143369282,0.00422839128068312,"24h_vs_0h"
"ENSMUSG00000025364",0.323079103033738,0.000372782507817553,0.00422839128068312,"24h_vs_0h"
"ENSMUSG00000027613",0.30887939532046,0.000376015014791268,0.00425409275089042,"24h_vs_0h"
"ENSMUSG00000031948",0.283813216091609,0.000383823421343741,0.00432616384500013,"24h_vs_0h"
"ENSMUSG00000090553",-0.412581303291603,0.000384351298203829,0.00432616384500013,"24h_vs_0h"
"ENSMUSG00000001289",0.599582432260963,0.000390063898594406,0.00437926331049484,"24h_vs_0h"
"ENSMUSG00000032097",0.161498646003992,0.000392304841780988,0.00439321528925732,"24h_vs_0h"
"ENSMUSG00000059743",0.432260071281249,0.000393467252286494,0.00439504918099711,"24h_vs_0h"
"ENSMUSG00000062580",-0.583718302221385,0.00039463480182479,0.00439693104514152,"24h_vs_0h"
"ENSMUSG00000015291",0.54571128968885,0.000396424685201708,0.00440073806900418,"24h_vs_0h"
"ENSMUSG00000005198",-0.276438410177491,0.000396976372050593,0.00440073806900418,"24h_vs_0h"
"ENSMUSG00000022193",0.301639417858294,0.000399277493153673,0.00440693292088476,"24h_vs_0h"
"ENSMUSG00000020180",-0.267495569229176,0.000399537885806185,0.00440693292088476,"24h_vs_0h"
"ENSMUSG00000050017",0.436336331319769,0.000401792967920868,0.00442072712954935,"24h_vs_0h"
"ENSMUSG00000037475",-0.276103473218964,0.00040520312481091,0.00444712955683994,"24h_vs_0h"
"ENSMUSG00000024095",0.193064732033012,0.00040881280036586,0.00446321238916162,"24h_vs_0h"
"ENSMUSG00000026104",0.548607366203473,0.00040975695395343,0.00446321238916162,"24h_vs_0h"
"ENSMUSG00000052926",2.64566494325294,0.000410601010987283,0.00446321238916162,"24h_vs_0h"
"ENSMUSG00000070544",-0.283158282339429,0.000410725066487265,0.00446321238916162,"24h_vs_0h"
"ENSMUSG00000040463",-0.206082149572751,0.000412575840148652,0.00446504350472933,"24h_vs_0h"
"ENSMUSG00000031819",-0.305190690280405,0.000412922678124253,0.00446504350472933,"24h_vs_0h"
"ENSMUSG00000025757",0.544217335277093,0.000414255770464134,0.00446847952405062,"24h_vs_0h"
"ENSMUSG00000004897",0.630532984176281,0.000418000775088409,0.00449785186103689,"24h_vs_0h"
"ENSMUSG00000049090",-0.297167415630231,0.000419478240000681,0.00450274081522682,"24h_vs_0h"
"ENSMUSG00000033845",-0.301522144538865,0.000438376807742964,0.00469289712352208,"24h_vs_0h"
"ENSMUSG00000022400",0.477640182403206,0.000439325974753715,0.00469289712352208,"24h_vs_0h"
"ENSMUSG00000045983",0.285981315196384,0.000440569085941335,0.00469471461064195,"24h_vs_0h"
"ENSMUSG00000022295",0.309119743271697,0.000441629595275112,0.00469471461064195,"24h_vs_0h"
"ENSMUSG00000029440",0.462506104520578,0.000446262754848416,0.00472192404734337,"24h_vs_0h"
"ENSMUSG00000025068",0.427710861773196,0.000446335015608917,0.00472192404734337,"24h_vs_0h"
"ENSMUSG00000014606",-0.347851243970499,0.000460279273036266,0.00485103936783338,"24h_vs_0h"
"ENSMUSG00000030007",0.300157782460865,0.000460744025392946,0.00485103936783338,"24h_vs_0h"
"ENSMUSG00000024735",-0.224071138687901,0.000472822292416798,0.00496532964398391,"24h_vs_0h"
"ENSMUSG00000014769",0.44793324065142,0.000473855589746249,0.00496532964398391,"24h_vs_0h"
"ENSMUSG00000032366",0.470190092097756,0.000476858069812523,0.00497505994907674,"24h_vs_0h"
"ENSMUSG00000034781",-0.271388766380241,0.000477045057602905,0.00497505994907674,"24h_vs_0h"
"ENSMUSG00000022707",0.560967093767271,0.000484029193265802,0.00502541465448806,"24h_vs_0h"
"ENSMUSG00000032050",0.420725915722887,0.000485133095967251,0.00502541465448806,"24h_vs_0h"
"ENSMUSG00000025980",-0.162727705352886,0.000485299074791508,0.00502541465448806,"24h_vs_0h"
"ENSMUSG00000024829",-0.247997761244868,0.000486841362329221,0.00502955125730259,"24h_vs_0h"
"ENSMUSG00000020593",2.87759046583058,0.000488269287418726,0.00503248977501127,"24h_vs_0h"
"ENSMUSG00000023186",0.444319703352598,0.000500394978445887,0.00514541658911296,"24h_vs_0h"
"ENSMUSG00000074088",-0.23883354777103,0.000505580406892094,0.00518661857979512,"24h_vs_0h"
"ENSMUSG00000028330",0.294108077741217,0.000507700104243612,0.00519572101101604,"24h_vs_0h"
"ENSMUSG00000003813",0.494482603878868,0.00050882884702293,0.00519572101101604,"24h_vs_0h"
"ENSMUSG00000032187",-0.253759619106052,0.000512367056650955,0.00521973938963161,"24h_vs_0h"
"ENSMUSG00000029722",2.24051552183442,0.000516573660524921,0.00525044036944614,"24h_vs_0h"
"ENSMUSG00000027706",-0.382571635201181,0.000519074159833937,0.00526369902633446,"24h_vs_0h"
"ENSMUSG00000017428",0.271547616512692,0.00052337908100169,0.00529078121889647,"24h_vs_0h"
"ENSMUSG00000032562",-0.271275013181373,0.000524471422145994,0.00529078121889647,"24h_vs_0h"
"ENSMUSG00000019471",0.427324073944998,0.000525351373019259,0.00529078121889647,"24h_vs_0h"
"ENSMUSG00000041879",0.49114072649812,0.000530302740826917,0.00532845288214444,"24h_vs_0h"
"ENSMUSG00000014956",0.672801088565731,0.000531626348620943,0.00532958441977397,"24h_vs_0h"
"ENSMUSG00000050697",0.358808563250143,0.00053385400777005,0.00533975338226362,"24h_vs_0h"
"ENSMUSG00000028757",-0.237677718405994,0.000537719254616028,0.00536075569342198,"24h_vs_0h"
"ENSMUSG00000021024",0.484078178151133,0.000538389915131224,0.00536075569342198,"24h_vs_0h"
"ENSMUSG00000024583",0.346153771152157,0.000545278226176965,0.00541708684741495,"24h_vs_0h"
"ENSMUSG00000021996",0.262980717054621,0.00054760383524038,0.00542382418682288,"24h_vs_0h"
"ENSMUSG00000038650",0.298369984150487,0.000548421214073207,0.00542382418682288,"24h_vs_0h"
"ENSMUSG00000029028",0.459527820731868,0.000556922535231783,0.00549555174339704,"24h_vs_0h"
"ENSMUSG00000020949",0.44994394351502,0.000560570547455883,0.0055191744504549,"24h_vs_0h"
"ENSMUSG00000025132",0.280814249688238,0.000570782345498764,0.00560717210388406,"24h_vs_0h"
"ENSMUSG00000030512",-0.197907804064702,0.000581335249954471,0.0056981212361907,"24h_vs_0h"
"ENSMUSG00000040028",-0.132078267696926,0.000586421629185593,0.0057352035334351,"24h_vs_0h"
"ENSMUSG00000024644",0.345560551978359,0.000591791726071694,0.00577488999210981,"24h_vs_0h"
"ENSMUSG00000058135",0.469483934887297,0.000598230763491068,0.00582480882770839,"24h_vs_0h"
"ENSMUSG00000067194",0.455007619498598,0.000613662656465448,0.00596187494725041,"24h_vs_0h"
"ENSMUSG00000005161",0.350826066180694,0.000620263013190093,0.00601272581728986,"24h_vs_0h"
"ENSMUSG00000028107",-0.23938453569011,0.000626721255396226,0.00605618385195076,"24h_vs_0h"
"ENSMUSG00000022698",0.411289759964294,0.000627498258688831,0.00605618385195076,"24h_vs_0h"
"ENSMUSG00000030612",-0.237817664140564,0.000634594356155295,0.00610014585080933,"24h_vs_0h"
"ENSMUSG00000000399",-0.372026018626034,0.000634825448686815,0.00610014585080933,"24h_vs_0h"
"ENSMUSG00000030884",-0.244732480299433,0.000648811796039643,0.00622096016202717,"24h_vs_0h"
"ENSMUSG00000024197",0.368725299217367,0.00065857068769373,0.00629350382317763,"24h_vs_0h"
"ENSMUSG00000061360",-0.249348682375892,0.00065923773289818,0.00629350382317763,"24h_vs_0h"
"ENSMUSG00000040152",2.37383499400645,0.000666544210343841,0.0063494828348988,"24h_vs_0h"
"ENSMUSG00000051483",0.361445324171992,0.000669438765902328,0.00635279295824944,"24h_vs_0h"
"ENSMUSG00000059534",-0.725233198888194,0.00067090323501284,0.00635279295824944,"24h_vs_0h"
"ENSMUSG00000063229",0.417830145381231,0.000671222159869573,0.00635279295824944,"24h_vs_0h"
"ENSMUSG00000037070",-0.254133709986089,0.000676792869252265,0.00639177128235883,"24h_vs_0h"
"ENSMUSG00000071054",-0.261189056969677,0.000679538743344882,0.00640396147636151,"24h_vs_0h"
"ENSMUSG00000020929",-0.172908758763477,0.000683646866688024,0.00642890995789315,"24h_vs_0h"
"ENSMUSG00000017776",0.525992018968644,0.000695200811357522,0.00652362211254681,"24h_vs_0h"
"ENSMUSG00000027201",-0.326611208085261,0.000705076934833803,0.00660222040468844,"24h_vs_0h"
"ENSMUSG00000026473",0.33654046318216,0.000713153056461912,0.00666366582057086,"24h_vs_0h"
"ENSMUSG00000022216",0.564990198063139,0.000720090695575798,0.00671423548989214,"24h_vs_0h"
"ENSMUSG00000034024",0.260614834930031,0.000724797354445886,0.00674383331271955,"24h_vs_0h"
"ENSMUSG00000039234",0.598420656377773,0.000728275080438021,0.00676035568993397,"24h_vs_0h"
"ENSMUSG00000003360",-0.255875460196478,0.000730379002183357,0.00676035568993397,"24h_vs_0h"
"ENSMUSG00000021196",0.294665660023046,0.000731181392503652,0.00676035568993397,"24h_vs_0h"
"ENSMUSG00000025035",0.420715849938048,0.000739157484842747,0.00681977377524723,"24h_vs_0h"
"ENSMUSG00000005981",-0.147510882881381,0.000751667590952196,0.00692068842631928,"24h_vs_0h"
"ENSMUSG00000026817",0.377906778127471,0.000756174474116004,0.00694764897825581,"24h_vs_0h"
"ENSMUSG00000031256",-0.206594781064279,0.000760376089640779,0.00697169827189389,"24h_vs_0h"
"ENSMUSG00000021773",-0.288212724402545,0.000762737690611581,0.00697832793828606,"24h_vs_0h"
"ENSMUSG00000002102",0.201635008088022,0.000764270408146758,0.00697832793828606,"24h_vs_0h"
"ENSMUSG00000047557",0.521111313832929,0.000777577890642382,0.00708513518989052,"24h_vs_0h"
"ENSMUSG00000000686",-0.518199083401047,0.000781567877755068,0.00710677733471086,"24h_vs_0h"
"ENSMUSG00000005575",0.581061889080861,0.000787256373445038,0.00714374288563219,"24h_vs_0h"
"ENSMUSG00000024012",-0.289384733155323,0.000792936662658296,0.00718048200073901,"24h_vs_0h"
"ENSMUSG00000036104",0.407424847508583,0.000803801995254606,0.00726392727128444,"24h_vs_0h"
"ENSMUSG00000042032",0.754891033964892,0.000820995630443833,0.00740410198685104,"24h_vs_0h"
"ENSMUSG00000047675",0.182748778453142,0.000824274879600153,0.00741847391640138,"24h_vs_0h"
"ENSMUSG00000028199",0.395057233510592,0.000831724032159408,0.00747023972557868,"24h_vs_0h"
"ENSMUSG00000028156",0.571465075775517,0.000844972625490018,0.00756517356740285,"24h_vs_0h"
"ENSMUSG00000035150",0.222195246984011,0.000845731741686481,0.00756517356740285,"24h_vs_0h"
"ENSMUSG00000029777",0.325924684160579,0.000848004278433443,0.00757011527258739,"24h_vs_0h"
"ENSMUSG00000021748",-0.198479933512697,0.000851311792490618,0.00758425748735063,"24h_vs_0h"
"ENSMUSG00000037470",-0.132017235515143,0.000858393360554338,0.00763189733292856,"24h_vs_0h"
"ENSMUSG00000002546",-0.245858890048002,0.000875662590955032,0.00776921456042075,"24h_vs_0h"
"ENSMUSG00000040253",3.0367346389245,0.000877368697234518,0.00776921456042075,"24h_vs_0h"
"ENSMUSG00000027195",-0.16788530439668,0.000881139854943522,0.00778488270115748,"24h_vs_0h"
"ENSMUSG00000073702",0.310327532491524,0.000882675861821764,0.00778488270115748,"24h_vs_0h"
"ENSMUSG00000025027",0.399164944682905,0.000891113414669291,0.0078435802759191,"24h_vs_0h"
"ENSMUSG00000039263",3.10592066253526,0.000907857910660964,0.00797501529903973,"24h_vs_0h"
"ENSMUSG00000002372",0.403220714081765,0.000911150188004817,0.00798799198687092,"24h_vs_0h"
"ENSMUSG00000020580",3.29685261649777,0.000917512505463791,0.00802777840267623,"24h_vs_0h"
"ENSMUSG00000069744",0.321819529947486,0.000920983412018967,0.00804215872280848,"24h_vs_0h"
"ENSMUSG00000003528",-0.210381615135994,0.000928534638086005,0.00806779151834486,"24h_vs_0h"
"ENSMUSG00000038467",0.417269399700153,0.000929187718775078,0.00806779151834486,"24h_vs_0h"
"ENSMUSG00000036504",0.334683967194447,0.000929418382140614,0.00806779151834486,"24h_vs_0h"
"ENSMUSG00000040565",2.76588826263454,0.000946786625526783,0.00820237783256569,"24h_vs_0h"
"ENSMUSG00000027593",-0.263438776324278,0.000954387702754249,0.0082383741020749,"24h_vs_0h"
"ENSMUSG00000030224",0.346560733088676,0.000954685478768053,0.0082383741020749,"24h_vs_0h"
"ENSMUSG00000001380",0.422489967052044,0.000960811616219369,0.00826749958120387,"24h_vs_0h"
"ENSMUSG00000090053",0.436536036608743,0.000961817719967367,0.00826749958120387,"24h_vs_0h"
"ENSMUSG00000022858",-0.2511661675867,0.000964561015706197,0.00827491818737421,"24h_vs_0h"
"ENSMUSG00000004264",-0.249682227738216,0.000982819993580838,0.00840059451439035,"24h_vs_0h"
"ENSMUSG00000017485",-0.1881133860761,0.000983027987937067,0.00840059451439035,"24h_vs_0h"
"ENSMUSG00000029209",2.02411320298551,0.000993799722043959,0.00847618716417725,"24h_vs_0h"
"ENSMUSG00000039067",0.272845423985306,0.00100397741719186,0.00854643058619223,"24h_vs_0h"
"ENSMUSG00000018893",0.69376418903235,0.00102130249601167,0.00866632405844897,"24h_vs_0h"
"ENSMUSG00000062328",0.280717015363368,0.00102235119840791,0.00866632405844897,"24h_vs_0h"
"ENSMUSG00000002949",-0.181753269695744,0.00102396921390445,0.00866632405844897,"24h_vs_0h"
"ENSMUSG00000021244",-0.245204083588487,0.00102831946514837,0.00868643755492898,"24h_vs_0h"
"ENSMUSG00000024601",0.30282479885674,0.00103873669021256,0.0087522305725801,"24h_vs_0h"
"ENSMUSG00000027712",0.203982716190762,0.00104008556906598,0.0087522305725801,"24h_vs_0h"
"ENSMUSG00000030662",0.274436185975532,0.00105906620286949,0.00889494343287909,"24h_vs_0h"
"ENSMUSG00000027185",-0.307766882506822,0.00106353654732633,0.0088984462343264,"24h_vs_0h"
"ENSMUSG00000015120",0.543373648669743,0.00106819181628852,0.0088984462343264,"24h_vs_0h"
"ENSMUSG00000022186",-0.161182617118811,0.00106916408608404,0.0088984462343264,"24h_vs_0h"
"ENSMUSG00000027227",0.61499900462109,0.00107120673670039,0.0088984462343264,"24h_vs_0h"
"ENSMUSG00000000902",-0.317555418746718,0.00107211763862847,0.0088984462343264,"24h_vs_0h"
"ENSMUSG00000028470",-0.227585121472433,0.00107352586598459,0.0088984462343264,"24h_vs_0h"
"ENSMUSG00000064120",-0.288115025984457,0.00107383430604143,0.0088984462343264,"24h_vs_0h"
"ENSMUSG00000029575",-0.278955005624972,0.00107565857683746,0.0088984462343264,"24h_vs_0h"
"ENSMUSG00000071172",-0.33152232814637,0.00108991174536204,0.00898528004892377,"24h_vs_0h"
"ENSMUSG00000018882",-0.225755251466328,0.00109087959420266,0.00898528004892377,"24h_vs_0h"
"ENSMUSG00000024556",-0.205017890764555,0.0010922801241023,0.00898528004892377,"24h_vs_0h"
"ENSMUSG00000024941",0.364560867488105,0.00110719491665805,0.00908123023231341,"24h_vs_0h"
"ENSMUSG00000022471",2.50939387985996,0.00110807103720798,0.00908123023231341,"24h_vs_0h"
"ENSMUSG00000068290",2.82085991613993,0.00112382351010749,0.00919321053528451,"24h_vs_0h"
"ENSMUSG00000068220",0.489594982359684,0.00112643310567693,0.00919746214857915,"24h_vs_0h"
"ENSMUSG00000074513",0.268554131463947,0.00113725409012695,0.00926862083453461,"24h_vs_0h"
"ENSMUSG00000047459",0.460271832450747,0.00114353811368724,0.00930260857363686,"24h_vs_0h"
"ENSMUSG00000030061",0.408811291408291,0.00114801231166023,0.00932177524652526,"24h_vs_0h"
"ENSMUSG00000027605",0.542539653937574,0.00116136480798308,0.00941282968680213,"24h_vs_0h"
"ENSMUSG00000003865",0.394285209338097,0.00116743797536465,0.00942656932195869,"24h_vs_0h"
"ENSMUSG00000059811",-0.262867732857849,0.00116929226761965,0.00942656932195869,"24h_vs_0h"
"ENSMUSG00000000168",-0.191031741714006,0.00116948576455111,0.00942656932195869,"24h_vs_0h"
"ENSMUSG00000030357",0.476936298468651,0.00117410894783878,0.00944653286917456,"24h_vs_0h"
"ENSMUSG00000035215",0.361920421302884,0.0011806077736412,0.00947224660308826,"24h_vs_0h"
"ENSMUSG00000058997",-0.139441089853488,0.00118160949445477,0.00947224660308826,"24h_vs_0h"
"ENSMUSG00000016382",0.377552025105281,0.00119512600088282,0.00955564138938577,"24h_vs_0h"
"ENSMUSG00000031320",0.181156488495049,0.00119739612321057,0.00955564138938577,"24h_vs_0h"
"ENSMUSG00000024640",0.380905672091966,0.00119852625470142,0.00955564138938577,"24h_vs_0h"
"ENSMUSG00000054766",0.403951892826353,0.00120080743023794,0.00955651627572726,"24h_vs_0h"
"ENSMUSG00000018379",-0.312182412769499,0.00120726577400923,0.00959057160905163,"24h_vs_0h"
"ENSMUSG00000032435",0.373889268395267,0.00121123465511794,0.00960476345436765,"24h_vs_0h"
"ENSMUSG00000042535",0.475822304579623,0.00121879065286552,0.00962618681864444,"24h_vs_0h"
"ENSMUSG00000043091",0.346126278485336,0.00122202901860933,0.00962618681864444,"24h_vs_0h"
"ENSMUSG00000069662",0.781388478336556,0.00122237307325816,0.00962618681864444,"24h_vs_0h"
"ENSMUSG00000024132",-0.257844914451251,0.0012226853968694,0.00962618681864444,"24h_vs_0h"
"ENSMUSG00000022403",0.286595093153871,0.0012264783963917,0.00963880611164263,"24h_vs_0h"
"ENSMUSG00000032540",-0.243010876406068,0.00123538096659699,0.00969146458822345,"24h_vs_0h"
"ENSMUSG00000057497",-0.307979867188603,0.00124017339259131,0.00971174928966964,"24h_vs_0h"
"ENSMUSG00000059316",-0.316261369434208,0.00124745925339224,0.00975145324010521,"24h_vs_0h"
"ENSMUSG00000025240",-0.24717666858508,0.00125285051796606,0.00977136731830224,"24h_vs_0h"
"ENSMUSG00000020321",0.422521050290921,0.00125444729262458,0.00977136731830224,"24h_vs_0h"
"ENSMUSG00000000171",-0.684662226167013,0.00125756615219228,0.00977835448020886,"24h_vs_0h"
"ENSMUSG00000038845",-0.240969558576417,0.00126362107490588,0.00980810643855513,"24h_vs_0h"
"ENSMUSG00000025651",-0.248064537195866,0.0012733214629668,0.00986114792127195,"24h_vs_0h"
"ENSMUSG00000024942",0.2782374544798,0.00127493596164593,0.00986114792127195,"24h_vs_0h"
"ENSMUSG00000021707",0.349892062170582,0.00130710054495042,0.0100921921023277,"24h_vs_0h"
"ENSMUSG00000022889",-0.204531372447224,0.00131763400806492,0.0101269212271972,"24h_vs_0h"
"ENSMUSG00000030045",-0.238556163204898,0.00131911818727893,0.0101269212271972,"24h_vs_0h"
"ENSMUSG00000021731",-0.296916090948169,0.00132173542264955,0.0101269212271972,"24h_vs_0h"
"ENSMUSG00000033629",-0.310635961511444,0.00132355444749732,0.0101269212271972,"24h_vs_0h"
"ENSMUSG00000020745",0.325439194755941,0.00132493241313889,0.0101269212271972,"24h_vs_0h"
"ENSMUSG00000028851",0.30998866971634,0.00132540482319145,0.0101269212271972,"24h_vs_0h"
"ENSMUSG00000031309",0.673411976909527,0.00133568295363868,0.0101877654748073,"24h_vs_0h"
"ENSMUSG00000020935",-0.176302505310563,0.00134931683910164,0.0102739505344054,"24h_vs_0h"
"ENSMUSG00000018171",3.27993180185668,0.00135281498093206,0.0102827957358929,"24h_vs_0h"
"ENSMUSG00000020211",-0.242991559435623,0.0013555029167173,0.0102854626490911,"24h_vs_0h"
"ENSMUSG00000030603",0.189780083465532,0.00137051305497334,0.0103653115083708,"24h_vs_0h"
"ENSMUSG00000019143",-0.265004959875352,0.00137073649122286,0.0103653115083708,"24h_vs_0h"
"ENSMUSG00000035198",0.238979450637153,0.00140771685902365,0.0105899382231505,"24h_vs_0h"
"ENSMUSG00000005483",0.367270954708779,0.00141140720708613,0.0105899382231505,"24h_vs_0h"
"ENSMUSG00000012535",3.25101109342627,0.00141177713474357,0.0105899382231505,"24h_vs_0h"
"ENSMUSG00000032288",-2.16216173200255,0.00141325014095183,0.0105899382231505,"24h_vs_0h"
"ENSMUSG00000020064",1.86708883826426,0.00141759369402605,0.0105899382231505,"24h_vs_0h"
"ENSMUSG00000033752",2.30011565696048,0.00141854957911759,0.0105899382231505,"24h_vs_0h"
"ENSMUSG00000009563",-0.315554848554985,0.00142088726641032,0.0105899382231505,"24h_vs_0h"
"ENSMUSG00000047368",-2.31975744608472,0.00142191520456956,0.0105899382231505,"24h_vs_0h"
"ENSMUSG00000037916",-0.267553835322893,0.00142209804359962,0.0105899382231505,"24h_vs_0h"
"ENSMUSG00000040990",3.11258388307838,0.00142727412787811,0.0105957348609188,"24h_vs_0h"
"ENSMUSG00000042605",0.535374091459268,0.00142769160929899,0.0105957348609188,"24h_vs_0h"
"ENSMUSG00000016921",-0.331735307845133,0.00143386193091193,0.0106236133972111,"24h_vs_0h"
"ENSMUSG00000116165",2.10456151167132,0.00144264264071514,0.0106707063223317,"24h_vs_0h"
"ENSMUSG00000025487",0.31981470840843,0.00144547214640214,0.0106736961683151,"24h_vs_0h"
"ENSMUSG00000018286",0.22700490889822,0.00145195512183055,0.0106779444132383,"24h_vs_0h"
"ENSMUSG00000018585",0.417783491562894,0.00145389631315358,0.0106779444132383,"24h_vs_0h"
"ENSMUSG00000036751",-0.235617155743547,0.00145905606009234,0.0106779444132383,"24h_vs_0h"
"ENSMUSG00000025278",0.285489030777875,0.00145947504730231,0.0106779444132383,"24h_vs_0h"
"ENSMUSG00000034211",-0.317432537859002,0.00145975747691506,0.0106779444132383,"24h_vs_0h"
"ENSMUSG00000040850",1.63047300788296,0.00146060498449659,0.0106779444132383,"24h_vs_0h"
"ENSMUSG00000025465",-0.18657223147969,0.0014692366541861,0.0107083476991922,"24h_vs_0h"
"ENSMUSG00000024991",0.293720972219145,0.001470636676743,0.0107083476991922,"24h_vs_0h"
"ENSMUSG00000024975",2.60153819634736,0.00147371510356736,0.0107083476991922,"24h_vs_0h"
"ENSMUSG00000027068",-2.24386707449784,0.00147603012510957,0.0107083476991922,"24h_vs_0h"
"ENSMUSG00000026709",-0.229169254957043,0.00147715134417183,0.0107083476991922,"24h_vs_0h"
"ENSMUSG00000025937",0.326142381241716,0.00147936273599383,0.0107083476991922,"24h_vs_0h"
"ENSMUSG00000037523",-0.241885301151452,0.0014861899137777,0.0107401014951324,"24h_vs_0h"
"ENSMUSG00000004099",-0.128353236930881,0.00149575748373834,0.0107820681082786,"24h_vs_0h"
"ENSMUSG00000019432",-0.204158011343448,0.0014968969811766,0.0107820681082786,"24h_vs_0h"
"ENSMUSG00000045482",-0.261460786207348,0.00150387896805897,0.0107978974163926,"24h_vs_0h"
"ENSMUSG00000022210",-0.298413656764808,0.0015049186081878,0.0107978974163926,"24h_vs_0h"
"ENSMUSG00000032643",2.78931610037947,0.00150645512694048,0.0107978974163926,"24h_vs_0h"
"ENSMUSG00000023110",0.43339471276991,0.00151292794397351,0.0108145083393958,"24h_vs_0h"
"ENSMUSG00000022983",-0.436252125313782,0.00151368714770911,0.0108145083393958,"24h_vs_0h"
"ENSMUSG00000021408",1.842979074174,0.00152330828794504,0.0108656074153097,"24h_vs_0h"
"ENSMUSG00000031696",0.316363424822612,0.0015269964112947,0.010874289977521,"24h_vs_0h"
"ENSMUSG00000061838",-0.117220907204185,0.00153515430213259,0.0109147238831753,"24h_vs_0h"
"ENSMUSG00000029446",0.381123855085914,0.00154160606279768,0.010942916584472,"24h_vs_0h"
"ENSMUSG00000037820",0.216043120905063,0.00156904135007829,0.0111126181218652,"24h_vs_0h"
"ENSMUSG00000064302",1.89051939151266,0.00157475293407474,0.0111126181218652,"24h_vs_0h"
"ENSMUSG00000032966",0.338806349496885,0.0015748587944229,0.0111126181218652,"24h_vs_0h"
"ENSMUSG00000025792",-0.250780899950797,0.00157561320337285,0.0111126181218652,"24h_vs_0h"
"ENSMUSG00000026662",0.31133113704626,0.00158661797925811,0.0111723291627439,"24h_vs_0h"
"ENSMUSG00000021282",0.51164199450314,0.00161239219709748,0.0113195483014014,"24h_vs_0h"
"ENSMUSG00000028601",-0.385880198746818,0.00161393488734142,0.0113195483014014,"24h_vs_0h"
"ENSMUSG00000028779",-0.386871385206433,0.00161756237335885,0.0113195483014014,"24h_vs_0h"
"ENSMUSG00000029250",-0.195258861370711,0.00161781319736003,0.0113195483014014,"24h_vs_0h"
"ENSMUSG00000019373",0.285271025206868,0.0016222509532037,0.0113325816588087,"24h_vs_0h"
"ENSMUSG00000029465",0.38603347722329,0.00163475464934568,0.0114018307635029,"24h_vs_0h"
"ENSMUSG00000015733",0.294279327532372,0.00164388868953422,0.0114473957636711,"24h_vs_0h"
"ENSMUSG00000019303",2.64496754410849,0.00165223978273283,0.0114873732761567,"24h_vs_0h"
"ENSMUSG00000047126",0.182858473834571,0.00168099785566937,0.0116688825911686,"24h_vs_0h"
"ENSMUSG00000089847",-0.408188709047689,0.00171070157680381,0.0118563742354544,"24h_vs_0h"
"ENSMUSG00000015749",0.442064539693714,0.00172792073068327,0.0119568854335488,"24h_vs_0h"
"ENSMUSG00000056201",0.291342533523331,0.00173943181033735,0.0120176442657687,"24h_vs_0h"
"ENSMUSG00000016319",-0.229340058003928,0.00174246876439061,0.0120197571035785,"24h_vs_0h"
"ENSMUSG00000109324",0.461014678494429,0.00174785008025936,0.0120380097077018,"24h_vs_0h"
"ENSMUSG00000028081",0.168296829214093,0.00175717016748219,0.0120820063198095,"24h_vs_0h"
"ENSMUSG00000070372",0.272170213882013,0.00175972870961097,0.0120820063198095,"24h_vs_0h"
"ENSMUSG00000026547",0.226671619085717,0.00176690409953519,0.0121123752991501,"24h_vs_0h"
"ENSMUSG00000029759",-0.189862296326108,0.0017712263429848,0.0121231215170701,"24h_vs_0h"
"ENSMUSG00000053436",0.355821809735815,0.0017867787625866,0.0122105797114031,"24h_vs_0h"
"ENSMUSG00000027639",0.285997305206276,0.00180180754465517,0.0122941938046937,"24h_vs_0h"
"ENSMUSG00000013662",-0.192353874889314,0.00181144715477142,0.0123408342541006,"24h_vs_0h"
"ENSMUSG00000000787",0.147733133565684,0.00182304136900453,0.0123994029188147,"24h_vs_0h"
"ENSMUSG00000015023",0.338740645033173,0.00182567895737149,0.0123994029188147,"24h_vs_0h"
"ENSMUSG00000004936",0.328475091569246,0.00183098862079437,0.0124163034208259,"24h_vs_0h"
"ENSMUSG00000025917",0.296783279658666,0.00184154056771288,0.0124686462130836,"24h_vs_0h"
"ENSMUSG00000031311",-0.172060759315663,0.00185061165243859,0.0125108170236286,"24h_vs_0h"
"ENSMUSG00000047213",0.269688450726267,0.00185622055709554,0.0125294887603949,"24h_vs_0h"
"ENSMUSG00000048007",-0.222430608940577,0.0018694960210436,0.0125997733363138,"24h_vs_0h"
"ENSMUSG00000060679",-0.241700374901658,0.00188653783532737,0.012694909232592,"24h_vs_0h"
"ENSMUSG00000003123",0.236249499710809,0.00188938094690928,0.012694909232592,"24h_vs_0h"
"ENSMUSG00000032030",0.308937973629973,0.00190397575896771,0.0127734715170989,"24h_vs_0h"
"ENSMUSG00000006699",0.219888764335646,0.00195553989792807,0.0130994384943401,"24h_vs_0h"
"ENSMUSG00000033047",0.289163053277395,0.00196990778665751,0.0131756294362913,"24h_vs_0h"
"ENSMUSG00000024231",0.496807427937039,0.00199256313125406,0.0133069352665389,"24h_vs_0h"
"ENSMUSG00000021474",-0.259595832048603,0.00200010168144724,0.0133370416667413,"24h_vs_0h"
"ENSMUSG00000029017",-0.223008511562277,0.00200374222016693,0.0133411036474352,"24h_vs_0h"
"ENSMUSG00000024151",0.13399791894901,0.00201546211430228,0.0133988652039945,"24h_vs_0h"
"ENSMUSG00000015016",-0.173700704593145,0.00204838846818573,0.0135972211892691,"24h_vs_0h"
"ENSMUSG00000026150",3.71657975985246,0.00205835728734734,0.0136428169000236,"24h_vs_0h"
"ENSMUSG00000027374",-0.261316913230331,0.00206308020024325,0.013653557836497,"24h_vs_0h"
"ENSMUSG00000022108",2.10083999770963,0.00209495689084028,0.0138437016164986,"24h_vs_0h"
"ENSMUSG00000018583",0.207542065201082,0.00210057807176004,0.0138600361226626,"24h_vs_0h"
"ENSMUSG00000073422",-0.358413805530066,0.00210445257898288,0.0138648140720115,"24h_vs_0h"
"ENSMUSG00000078919",-0.259445205493442,0.0021204984452732,0.0139431549611081,"24h_vs_0h"
"ENSMUSG00000027133",-0.245043974790459,0.00212267980548566,0.0139431549611081,"24h_vs_0h"
"ENSMUSG00000025607",0.252753053033718,0.00213815395194388,0.0140238681706483,"24h_vs_0h"
"ENSMUSG00000017781",0.612888284689493,0.00214568243111961,0.0140523041359485,"24h_vs_0h"
"ENSMUSG00000002379",-0.425190441753461,0.00215097345181461,0.014066024014021,"24h_vs_0h"
"ENSMUSG00000029203",0.505852284502087,0.00215640221528688,0.0140806025956641,"24h_vs_0h"
"ENSMUSG00000024646",-0.207619892189953,0.00216215841640452,0.0140972728749575,"24h_vs_0h"
"ENSMUSG00000005656",0.28162815799271,0.00217661177088863,0.0141705153900604,"24h_vs_0h"
"ENSMUSG00000007041",0.218999859985932,0.00219788668969123,0.0142610364321367,"24h_vs_0h"
"ENSMUSG00000025156",0.191416816336858,0.00219829746790019,0.0142610364321367,"24h_vs_0h"
"ENSMUSG00000003200",0.421025642250399,0.00220023715915038,0.0142610364321367,"24h_vs_0h"
"ENSMUSG00000026478",-0.158464805834981,0.0022130898764648,0.0143232478622376,"24h_vs_0h"
"ENSMUSG00000013593",-0.21215494803738,0.00222537355703255,0.0143815991549196,"24h_vs_0h"
"ENSMUSG00000036678",-0.408145052263748,0.00223238766788722,0.0144057743788441,"24h_vs_0h"
"ENSMUSG00000056999",0.311596735437316,0.0022408457530327,0.0144391832490438,"24h_vs_0h"
"ENSMUSG00000025037",-0.181701432885308,0.00224629205139276,0.0144531159622508,"24h_vs_0h"
"ENSMUSG00000029119",-0.237340302911267,0.00224998782049516,0.0144557611649623,"24h_vs_0h"
"ENSMUSG00000028124",0.414874158262233,0.00225672756892901,0.0144703848158829,"24h_vs_0h"
"ENSMUSG00000021238",-0.213421718641769,0.00225883989286789,0.0144703848158829,"24h_vs_0h"
"ENSMUSG00000026922",-0.229450467221188,0.00228997476075116,0.0146485158750957,"24h_vs_0h"
"ENSMUSG00000019883",0.341958799340905,0.00232623514389465,0.014858869184732,"24h_vs_0h"
"ENSMUSG00000006010",-0.288895973211034,0.00233690981835017,0.0149054204500856,"24h_vs_0h"
"ENSMUSG00000022437",-0.226241731914996,0.00234227231518729,0.0149180035588123,"24h_vs_0h"
"ENSMUSG00000006442",0.251276546592823,0.00235235797047891,0.014948012419726,"24h_vs_0h"
"ENSMUSG00000017221",0.143333905887232,0.00235377700678713,0.014948012419726,"24h_vs_0h"
"ENSMUSG00000097239",2.35646133070058,0.00235905478545819,0.0149599425227687,"24h_vs_0h"
"ENSMUSG00000028568",0.642476055998578,0.00237286850470704,0.0150142284129051,"24h_vs_0h"
"ENSMUSG00000020153",-0.298530372644812,0.00237687155987647,0.0150142284129051,"24h_vs_0h"
"ENSMUSG00000116933",-0.301730378418146,0.00237784985316856,0.0150142284129051,"24h_vs_0h"
"ENSMUSG00000058325",2.21304031637582,0.00239846078387416,0.0151060436614927,"24h_vs_0h"
"ENSMUSG00000060904",0.459176492287636,0.00240123315824131,0.0151060436614927,"24h_vs_0h"
"ENSMUSG00000024164",-1.88875342698783,0.00240268815338443,0.0151060436614927,"24h_vs_0h"
"ENSMUSG00000047879",0.409050735768815,0.00240959799928771,0.0151278755989518,"24h_vs_0h"
"ENSMUSG00000028410",0.291008561611328,0.00242174592933793,0.0151824840954647,"24h_vs_0h"
"ENSMUSG00000028737",-0.121612749250517,0.00242621578768388,0.0151888701018446,"24h_vs_0h"
"ENSMUSG00000021737",0.283233521933983,0.0024344888403102,0.0152190133326778,"24h_vs_0h"
"ENSMUSG00000021686",0.312310235386242,0.00251186845483397,0.0156723530199489,"24h_vs_0h"
"ENSMUSG00000027111",-0.280230672711333,0.00251412888709019,0.0156723530199489,"24h_vs_0h"
"ENSMUSG00000025533",3.04324297078517,0.00254593966093661,0.0158482043108657,"24h_vs_0h"
"ENSMUSG00000022314",-0.206901731662768,0.00256472974134386,0.0159426208921671,"24h_vs_0h"
"ENSMUSG00000025968",-0.21331677134355,0.00259754630709926,0.0161238382193848,"24h_vs_0h"
"ENSMUSG00000027423",0.273973906876883,0.00262447764776579,0.0162680649687567,"24h_vs_0h"
"ENSMUSG00000024150",0.924926166779034,0.00263661343459246,0.0163061311983267,"24h_vs_0h"
"ENSMUSG00000058056",2.88031560926072,0.00263802895096764,0.0163061311983267,"24h_vs_0h"
"ENSMUSG00000048755",-0.223251678320789,0.00264519338642173,0.016327484002303,"24h_vs_0h"
"ENSMUSG00000024158",0.268556093382351,0.00267190653840862,0.0164692726548128,"24h_vs_0h"
"ENSMUSG00000046324",-0.239242656540135,0.00276631397182262,0.0170037218452737,"24h_vs_0h"
"ENSMUSG00000030978",0.617646539793544,0.00276634056832901,0.0170037218452737,"24h_vs_0h"
"ENSMUSG00000026003",-0.163010317881621,0.00279212619715366,0.0171342807944025,"24h_vs_0h"
"ENSMUSG00000032058",0.426802349019322,0.00279536778240877,0.0171342807944025,"24h_vs_0h"
"ENSMUSG00000031862",-0.168352339469049,0.00280090218526467,0.0171443261715575,"24h_vs_0h"
"ENSMUSG00000028676",-0.363043459545963,0.00281228684248846,0.0171702703452323,"24h_vs_0h"
"ENSMUSG00000063550",-0.147998229061873,0.00281294363074586,0.0171702703452323,"24h_vs_0h"
"ENSMUSG00000032883",-0.18873370305991,0.00282788627513669,0.0172152480675744,"24h_vs_0h"
"ENSMUSG00000020078",0.319259794695842,0.00282813550394371,0.0172152480675744,"24h_vs_0h"
"ENSMUSG00000040824",-0.19239047955309,0.00285643658557713,0.017363504714261,"24h_vs_0h"
"ENSMUSG00000048351",-0.281705174697663,0.00286994933076131,0.0174215820754214,"24h_vs_0h"
"ENSMUSG00000028059",0.230152712051162,0.00287761852941464,0.0174440759613689,"24h_vs_0h"
"ENSMUSG00000021713",0.342618317895468,0.00292597003615882,0.0177127842216437,"24h_vs_0h"
"ENSMUSG00000047187",-0.141910859239122,0.00296561250669395,0.0179281052774177,"24h_vs_0h"
"ENSMUSG00000033128",0.328417612014885,0.00297273699449632,0.0179465233371444,"24h_vs_0h"
"ENSMUSG00000005732",0.400800807695713,0.00300334772708624,0.0181064840368583,"24h_vs_0h"
"ENSMUSG00000027304",2.30511430710337,0.00303348133525647,0.0182631345505659,"24h_vs_0h"
"ENSMUSG00000025024",0.44418135720155,0.00307387687494481,0.0184810548178034,"24h_vs_0h"
"ENSMUSG00000043445",0.25655053663429,0.00308772319466857,0.0185389765071438,"24h_vs_0h"
"ENSMUSG00000026878",-0.13136912982899,0.00309392321844435,0.0185508938479204,"24h_vs_0h"
"ENSMUSG00000038412",-0.621803928693353,0.00311816611633327,0.0186628857404261,"24h_vs_0h"
"ENSMUSG00000070730",-0.243733791443351,0.00312108245965772,0.0186628857404261,"24h_vs_0h"
"ENSMUSG00000002748",-0.160348022171021,0.00314652468713999,0.0187894913814153,"24h_vs_0h"
"ENSMUSG00000002010",-0.213628974260473,0.00315811197426492,0.0188331311636042,"24h_vs_0h"
"ENSMUSG00000023861",-0.384989623202095,0.0031975224327939,0.0190423494272341,"24h_vs_0h"
"ENSMUSG00000035202",-0.157137771932959,0.00320845308457292,0.0190816243583857,"24h_vs_0h"
"ENSMUSG00000020649",2.19069545989515,0.00321933784457835,0.0190972853775354,"24h_vs_0h"
"ENSMUSG00000074582",0.592840917862503,0.00321976499662151,0.0190972853775354,"24h_vs_0h"
"ENSMUSG00000025212",-0.195918736729634,0.00324384063893255,0.0192141893027485,"24h_vs_0h"
"ENSMUSG00000006998",0.180963007612366,0.00326842393904641,0.0193119630891152,"24h_vs_0h"
"ENSMUSG00000066148",-0.147217722143967,0.00326912349497633,0.0193119630891152,"24h_vs_0h"
"ENSMUSG00000001794",0.407077205480959,0.00328304403948024,0.0193436865853586,"24h_vs_0h"
"ENSMUSG00000025428",-0.18958995209325,0.00328328422614472,0.0193436865853586,"24h_vs_0h"
"ENSMUSG00000028964",0.282299020830784,0.00329781788690252,0.0193954925780111,"24h_vs_0h"
"ENSMUSG00000001783",0.403911580983319,0.00330089160212004,0.0193954925780111,"24h_vs_0h"
"ENSMUSG00000025203",-3.65432158715359,0.00336162406134218,0.0197260099919559,"24h_vs_0h"
"ENSMUSG00000010755",0.93765791402118,0.00337791366444107,0.019795203777903,"24h_vs_0h"
"ENSMUSG00000031207",0.253494537340071,0.00340025003758708,0.019899601616251,"24h_vs_0h"
"ENSMUSG00000010517",2.66856940626729,0.00346361937064392,0.0202349648230233,"24h_vs_0h"
"ENSMUSG00000021823",0.176314552927469,0.00346674925620532,0.0202349648230233,"24h_vs_0h"
"ENSMUSG00000020664",-0.17907171896891,0.00347197027089484,0.0202385975658387,"24h_vs_0h"
"ENSMUSG00000033751",-0.248069228071017,0.00350782277447878,0.0204205397228586,"24h_vs_0h"
"ENSMUSG00000115338",0.227428708497825,0.00354830779510086,0.0206215791397389,"24h_vs_0h"
"ENSMUSG00000029482",0.234526401394824,0.00355172846805773,0.0206215791397389,"24h_vs_0h"
"ENSMUSG00000029500",-0.230445067803171,0.00357981108926763,0.020734275461663,"24h_vs_0h"
"ENSMUSG00000017716",-0.389312162758458,0.0035805610885853,0.020734275461663,"24h_vs_0h"
"ENSMUSG00000060992",0.385118344385496,0.00360694554174329,0.0208596154128938,"24h_vs_0h"
"ENSMUSG00000012848",0.175213497123941,0.00361567253356209,0.0208826441210062,"24h_vs_0h"
"ENSMUSG00000017774",0.12870681770384,0.00364351998788339,0.0210151010332784,"24h_vs_0h"
"ENSMUSG00000001525",0.210276030697241,0.00364815659836962,0.0210151010332784,"24h_vs_0h"
"ENSMUSG00000027455",0.339590676381796,0.00368695320552208,0.0212108249117682,"24h_vs_0h"
"ENSMUSG00000027642",-0.259546882085026,0.00370884248201256,0.0212975140268798,"24h_vs_0h"
"ENSMUSG00000038279",-0.32454810000084,0.00371170035415061,0.0212975140268798,"24h_vs_0h"
"ENSMUSG00000047215",-0.187455305365916,0.0037239905338888,0.0213193249911043,"24h_vs_0h"
"ENSMUSG00000071644",0.240554777847262,0.00372518993823204,0.0213193249911043,"24h_vs_0h"
"ENSMUSG00000032171",0.359181098575235,0.0037317406780579,0.0213268189262508,"24h_vs_0h"
"ENSMUSG00000034484",0.328200142158046,0.00373619118203575,0.0213268189262508,"24h_vs_0h"
"ENSMUSG00000040549",0.200874978432203,0.00376971607097957,0.0214903114357268,"24h_vs_0h"
"ENSMUSG00000039703",0.267352100992188,0.00378157792353424,0.0215233370507642,"24h_vs_0h"
"ENSMUSG00000022201",-0.216300995543939,0.00378529036066609,0.0215233370507642,"24h_vs_0h"
"ENSMUSG00000029430",0.249914717561364,0.00379312607909468,0.0215400617730267,"24h_vs_0h"
"ENSMUSG00000059796",0.172355347547892,0.00380568007676071,0.0215835026002885,"24h_vs_0h"
"ENSMUSG00000036499",0.304183425628796,0.00382919270350271,0.0216889023013069,"24h_vs_0h"
"ENSMUSG00000023249",0.307419714302725,0.00384658756251824,0.0217594239879727,"24h_vs_0h"
"ENSMUSG00000027099",-0.147054130462685,0.00389398391500056,0.0219756880648928,"24h_vs_0h"
"ENSMUSG00000036817",-0.265092528342517,0.00390091293228142,0.0219756880648928,"24h_vs_0h"
"ENSMUSG00000048758",0.225191782066613,0.00390170150423593,0.0219756880648928,"24h_vs_0h"
"ENSMUSG00000024960",0.407814274228027,0.00390479165343017,0.0219756880648928,"24h_vs_0h"
"ENSMUSG00000019795",0.290389147411325,0.00392362204172349,0.0220534618207217,"24h_vs_0h"
"ENSMUSG00000027247",0.286385777993857,0.00395975834285507,0.0222281842690117,"24h_vs_0h"
"ENSMUSG00000004070",-0.19867560468041,0.00397886057256723,0.0223069622673482,"24h_vs_0h"
"ENSMUSG00000004032",0.308459699488857,0.00400479544307209,0.0224184474397736,"24h_vs_0h"
"ENSMUSG00000037331",0.321411173115195,0.00400893390936192,0.0224184474397736,"24h_vs_0h"
"ENSMUSG00000040296",1.98321745363148,0.00401695392450299,0.0224347896214945,"24h_vs_0h"
"ENSMUSG00000066232",0.602270132416621,0.00405520139217585,0.0226196974993231,"24h_vs_0h"
"ENSMUSG00000024048",0.348345378241415,0.00407148768002211,0.0226817940250346,"24h_vs_0h"
"ENSMUSG00000040383",-0.178822504911587,0.00407752746329557,0.0226867235979315,"24h_vs_0h"
"ENSMUSG00000027710",-0.173155159075741,0.00408335067963465,0.0226904372993334,"24h_vs_0h"
"ENSMUSG00000005506",-0.207941718491291,0.00419718912049797,0.0232936056990058,"24h_vs_0h"
"ENSMUSG00000024661",0.235420839652814,0.00425840036407493,0.0236035516401685,"24h_vs_0h"
"ENSMUSG00000028149",0.308067661047531,0.00426480493959683,0.0236093164014662,"24h_vs_0h"
"ENSMUSG00000022283",0.0929438820362805,0.00429337034614212,0.0237375915745873,"24h_vs_0h"
"ENSMUSG00000057322",0.35081901253654,0.00431370079211719,0.0238200717517036,"24h_vs_0h"
"ENSMUSG00000025200",3.34965821406714,0.00438637981500345,0.0241910495812408,"24h_vs_0h"
"ENSMUSG00000030934",-0.161964563709191,0.00443903538411996,0.0244508069155343,"24h_vs_0h"
"ENSMUSG00000021226",-0.190762431433747,0.00445557054559518,0.0245092188935332,"24h_vs_0h"
"ENSMUSG00000006678",0.309235931047073,0.0044607780808271,0.0245092188935332,"24h_vs_0h"
"ENSMUSG00000025236",-0.354092497165883,0.00449077307907318,0.0246432572581061,"24h_vs_0h"
"ENSMUSG00000032637",0.346958596060606,0.0044976730424728,0.0246503848815975,"24h_vs_0h"
"ENSMUSG00000076435",-0.127517114753154,0.00451160171676607,0.024695969098865,"24h_vs_0h"
"ENSMUSG00000068921",-0.200780673279034,0.00452710966571398,0.0247500740854748,"24h_vs_0h"
"ENSMUSG00000008668",0.251805338797652,0.00456923423587767,0.0249194702816265,"24h_vs_0h"
"ENSMUSG00000029578",2.89884775253303,0.00456941888599695,0.0249194702816265,"24h_vs_0h"
"ENSMUSG00000038252",0.184496247644198,0.00459370634755389,0.0250209178658226,"24h_vs_0h"
"ENSMUSG00000028559",0.210910258075508,0.00460045991339068,0.0250267293928707,"24h_vs_0h"
"ENSMUSG00000038510",-0.259927885201577,0.00464882854155442,0.025258635075779,"24h_vs_0h"
"ENSMUSG00000058655",0.498859342436013,0.00465779405261056,0.0252761425715648,"24h_vs_0h"
"ENSMUSG00000031403",-0.191616571648858,0.00466770854110163,0.0252973883059329,"24h_vs_0h"
"ENSMUSG00000024099",-0.315196834327519,0.00467320533804213,0.0252973883059329,"24h_vs_0h"
"ENSMUSG00000028800",-0.116934014540558,0.00471705375800381,0.0255033827874383,"24h_vs_0h"
"ENSMUSG00000027170",0.253390803991138,0.00477028333994516,0.0257595300357038,"24h_vs_0h"
"ENSMUSG00000039218",-0.205185541155871,0.00487696510037105,0.0263033375082512,"24h_vs_0h"
"ENSMUSG00000053768",-0.284499911868004,0.00488916981899061,0.0263368866259212,"24h_vs_0h"
"ENSMUSG00000028763",-0.248563881744921,0.00493024245859625,0.0265203047430959,"24h_vs_0h"
"ENSMUSG00000028180",0.29752517981704,0.00493527143480927,0.0265203047430959,"24h_vs_0h"
"ENSMUSG00000027193",0.194796309292713,0.00497493216424332,0.0267008249449205,"24h_vs_0h"
"ENSMUSG00000031246",0.298748299404522,0.00503539909186517,0.0269924377628485,"24h_vs_0h"
"ENSMUSG00000078578",0.265122487536306,0.00506873116512605,0.0271380606541603,"24h_vs_0h"
"ENSMUSG00000054604",2.57375747170769,0.00512548111554071,0.0274085569738696,"24h_vs_0h"
"ENSMUSG00000024026",0.401940979195157,0.00515037383778245,0.0275082466748551,"24h_vs_0h"
"ENSMUSG00000048076",0.28918618150637,0.00515999647602944,0.0275262357466734,"24h_vs_0h"
"ENSMUSG00000024054",-0.136037230756955,0.00516883057340034,0.0275399798468945,"24h_vs_0h"
"ENSMUSG00000002900",-0.170240995454471,0.005187776275854,0.0276075010762194,"24h_vs_0h"
"ENSMUSG00000026675",2.53416656009893,0.00520855562444351,0.0276846054386182,"24h_vs_0h"
"ENSMUSG00000031483",-0.193356384301111,0.00524506800453739,0.0278450473920013,"24h_vs_0h"
"ENSMUSG00000030037",-0.512035866424458,0.0052701839536393,0.0279446741927308,"24h_vs_0h"
"ENSMUSG00000025366",-0.157599101461759,0.00532689290779394,0.0281794466454443,"24h_vs_0h"
"ENSMUSG00000028837",0.256352059380848,0.00532726644149276,0.0281794466454443,"24h_vs_0h"
"ENSMUSG00000002660",-0.196305069695558,0.00538812582582148,0.0284302863927829,"24h_vs_0h"
"ENSMUSG00000022204",-1.36496092678542,0.00538920263704169,0.0284302863927829,"24h_vs_0h"
"ENSMUSG00000042520",0.206682522469482,0.00539406706157094,0.0284302863927829,"24h_vs_0h"
"ENSMUSG00000032042",-0.254200355164421,0.00543321489744073,0.0286023669421491,"24h_vs_0h"
"ENSMUSG00000036402",-0.275035087853212,0.00549085378331092,0.0288631626206444,"24h_vs_0h"
"ENSMUSG00000005667",-0.303827323883105,0.00550721605584061,0.0288631626206444,"24h_vs_0h"
"ENSMUSG00000002346",-0.440946824376471,0.00550771297191152,0.0288631626206444,"24h_vs_0h"
"ENSMUSG00000003316",-0.126744656151114,0.00550898809391985,0.0288631626206444,"24h_vs_0h"
"ENSMUSG00000005615",0.294442217287173,0.00551974276001229,0.0288851223386612,"24h_vs_0h"
"ENSMUSG00000024687",0.367977949459718,0.00553400762902949,0.0289253771678846,"24h_vs_0h"
"ENSMUSG00000042323",-0.223344964487762,0.0055576080016268,0.0290142738020872,"24h_vs_0h"
"ENSMUSG00000035559",-0.319941038503462,0.00561715262263188,0.0292706682145222,"24h_vs_0h"
"ENSMUSG00000074207",0.301899472280976,0.00562002150449244,0.0292706682145222,"24h_vs_0h"
"ENSMUSG00000053604",0.362444436221342,0.00564160995063512,0.0293288241493338,"24h_vs_0h"
"ENSMUSG00000027523",-0.171937670719593,0.00564451580424579,0.0293288241493338,"24h_vs_0h"
"ENSMUSG00000020380",-0.145064809805842,0.00568892168974426,0.0295246985336846,"24h_vs_0h"
"ENSMUSG00000021595",0.14762760238262,0.00576305399846952,0.0298742057093809,"24h_vs_0h"
"ENSMUSG00000034903",1.56182304092248,0.00583099517895393,0.030190835038325,"24h_vs_0h"
"ENSMUSG00000005370",0.175243486693816,0.00589692369724333,0.0304963116234641,"24h_vs_0h"
"ENSMUSG00000031691",0.300716536655841,0.00594260350361217,0.0306964765485882,"24h_vs_0h"
"ENSMUSG00000020277",0.318574754025086,0.00597315073120258,0.0308180965627462,"24h_vs_0h"
"ENSMUSG00000034088",0.193854505248318,0.00598814270630738,0.0308491490636091,"24h_vs_0h"
"ENSMUSG00000078652",0.214853895299274,0.00599318846839032,0.0308491490636091,"24h_vs_0h"
"ENSMUSG00000000751",0.210181310077747,0.00601577094540982,0.0309292148723699,"24h_vs_0h"
"ENSMUSG00000079614",-0.210016498121444,0.00604023823690182,0.0310187730228762,"24h_vs_0h"
"ENSMUSG00000009112",-0.198510904221298,0.00606684211563958,0.0311190817609905,"24h_vs_0h"
"ENSMUSG00000029767",0.342953939068956,0.00610865583716226,0.0312970830493028,"24h_vs_0h"
"ENSMUSG00000025645",-0.166547815195052,0.00611814385655676,0.0313092454798911,"24h_vs_0h"
"ENSMUSG00000031167",-0.189163455468126,0.00615233382928741,0.031447643650051,"24h_vs_0h"
"ENSMUSG00000022024",0.41799564634648,0.00618428642354965,0.0315742976218585,"24h_vs_0h"
"ENSMUSG00000018574",-0.140036927191204,0.00621386960445197,0.0316885748889839,"24h_vs_0h"
"ENSMUSG00000061904",-0.221277509388337,0.00623108579852112,0.0317174637853023,"24h_vs_0h"
"ENSMUSG00000062929",0.370473242348051,0.00623394823319392,0.0317174637853023,"24h_vs_0h"
"ENSMUSG00000034681",-0.197538690830463,0.00629877644873679,0.0320102946315134,"24h_vs_0h"
"ENSMUSG00000040688",-0.338969530384574,0.00631315344233395,0.0320463532868647,"24h_vs_0h"
"ENSMUSG00000057388",-0.342937538941943,0.0063650780487088,0.0322686483213947,"24h_vs_0h"
"ENSMUSG00000031807",0.293261029790358,0.00637160995030494,0.0322686483213947,"24h_vs_0h"
"ENSMUSG00000037286",-0.216460271899464,0.00639142696920219,0.0323318047028263,"24h_vs_0h"
"ENSMUSG00000031511",2.08276579519275,0.00642793935166988,0.0324791746115949,"24h_vs_0h"
"ENSMUSG00000020238",-0.174854550851812,0.00649607733595304,0.0327662750963061,"24h_vs_0h"
"ENSMUSG00000037772",-0.33066446361638,0.00649964966123046,0.0327662750963061,"24h_vs_0h"
"ENSMUSG00000029814",0.197209889253276,0.00652529731626688,0.0328579330536505,"24h_vs_0h"
"ENSMUSG00000032294",0.331073013772915,0.00662932280335287,0.0333435996086354,"24h_vs_0h"
"ENSMUSG00000002014",-0.188025181363489,0.00673092695229723,0.0338159925993837,"24h_vs_0h"
"ENSMUSG00000022450",-0.240314515217928,0.00674903008143827,0.0338569329412735,"24h_vs_0h"
"ENSMUSG00000028932",0.136148131244564,0.00675446196828859,0.0338569329412735,"24h_vs_0h"
"ENSMUSG00000027746",0.300538331360549,0.00686388921071987,0.0343662985396793,"24h_vs_0h"
"ENSMUSG00000026083",0.672250436698807,0.00692259483289363,0.0346208407495055,"24h_vs_0h"
"ENSMUSG00000028334",0.25340273213541,0.00697505327691236,0.0348435975842126,"24h_vs_0h"
"ENSMUSG00000028234",0.223891526929446,0.00698654817026321,0.0348614495434562,"24h_vs_0h"
"ENSMUSG00000027206",0.251376838172845,0.00706628740875825,0.0352194007768347,"24h_vs_0h"
"ENSMUSG00000021241",-0.284144852718782,0.00712610203172589,0.0354773473321557,"24h_vs_0h"
"ENSMUSG00000031386",-0.105836971721672,0.00718870547757823,0.0357485794427365,"24h_vs_0h"
"ENSMUSG00000042043",0.203613920056966,0.00726864493465183,0.0361053119158044,"24h_vs_0h"
"ENSMUSG00000030591",0.319347159969247,0.00730062769699096,0.0361833543048008,"24h_vs_0h"
"ENSMUSG00000029705",-0.244620928377149,0.00730079950526314,0.0361833543048008,"24h_vs_0h"
"ENSMUSG00000000838",0.165621812923593,0.00731448957491453,0.036210425893362,"24h_vs_0h"
"ENSMUSG00000009927",0.444884061603663,0.00734288296828538,0.036272208032579,"24h_vs_0h"
"ENSMUSG00000036202",-0.316123248164633,0.00735121472231502,0.036272208032579,"24h_vs_0h"
"ENSMUSG00000036197",-1.74621120078429,0.00735169497047501,0.036272208032579,"24h_vs_0h"
"ENSMUSG00000030298",0.213778176269535,0.00739079714662326,0.0364242981436606,"24h_vs_0h"
"ENSMUSG00000017286",0.201831517039643,0.00740555802392489,0.0364562202050262,"24h_vs_0h"
"ENSMUSG00000038372",0.377810414423656,0.00742115156932639,0.0364921654263748,"24h_vs_0h"
"ENSMUSG00000014294",-0.318235720259942,0.00746493177310562,0.0366664784971404,"24h_vs_0h"
"ENSMUSG00000031004",-0.194362849053483,0.00751753191220024,0.0368755888695741,"24h_vs_0h"
"ENSMUSG00000040725",-0.11723830629175,0.00752426239601852,0.0368755888695741,"24h_vs_0h"
"ENSMUSG00000025041",0.553877552199985,0.00756718666692413,0.0370447035830179,"24h_vs_0h"
"ENSMUSG00000031969",-0.204416827943053,0.00759673482725901,0.0371480333052965,"24h_vs_0h"
"ENSMUSG00000060036",0.135155191276336,0.0076221130613853,0.0372307653531151,"24h_vs_0h"
"ENSMUSG00000034101",-0.17149935857972,0.00768411463740947,0.0374920050102429,"24h_vs_0h"
"ENSMUSG00000027207",1.99615574320146,0.00769774430097454,0.0375169132542513,"24h_vs_0h"
"ENSMUSG00000024073",1.9042152576835,0.00774243967180657,0.0376930055261291,"24h_vs_0h"
"ENSMUSG00000071415",0.121107018571148,0.00775199295222531,0.0376978132406006,"24h_vs_0h"
"ENSMUSG00000046032",0.349442564888154,0.00776647513055782,0.037726553034862,"24h_vs_0h"
"ENSMUSG00000033400",2.21504329779744,0.00786231750900458,0.0381500103165702,"24h_vs_0h"
"ENSMUSG00000001017",-0.350111108288573,0.00791664872676557,0.0383713337516468,"24h_vs_0h"
"ENSMUSG00000055239",2.42750259283001,0.00794342092931372,0.0384249689475535,"24h_vs_0h"
"ENSMUSG00000002455",-0.13644719822172,0.00794517649222306,0.0384249689475535,"24h_vs_0h"
"ENSMUSG00000074797",0.458234048981108,0.00796638428268187,0.0384852439386201,"24h_vs_0h"
"ENSMUSG00000021376",2.17009704626795,0.0080058998884814,0.0386337340013231,"24h_vs_0h"
"ENSMUSG00000020198",0.167320755757707,0.00803230072714553,0.0386978651029951,"24h_vs_0h"
"ENSMUSG00000038366",0.344096849455784,0.00803677543834071,0.0386978651029951,"24h_vs_0h"
"ENSMUSG00000096210",-0.269448932057813,0.0080580063075614,0.0387576893547298,"24h_vs_0h"
"ENSMUSG00000075296",0.441670773648173,0.00807362665786523,0.0387850709809127,"24h_vs_0h"
"ENSMUSG00000079553",-0.723686469797514,0.00808385878316858,0.0387850709809127,"24h_vs_0h"
"ENSMUSG00000022354",-0.190159213390039,0.00809013750522105,0.0387850709809127,"24h_vs_0h"
"ENSMUSG00000033581",0.120357155708135,0.00818197558446267,0.0391189055059026,"24h_vs_0h"
"ENSMUSG00000042410",-0.201509834738427,0.00818363053448223,0.0391189055059026,"24h_vs_0h"
"ENSMUSG00000038759",-0.150392056929761,0.00818643762120798,0.0391189055059026,"24h_vs_0h"
"ENSMUSG00000102252",-0.215863151540777,0.00820095417707516,0.0391457693419824,"24h_vs_0h"
"ENSMUSG00000024135",-0.281901982534411,0.00822347324685436,0.039210732133701,"24h_vs_0h"
"ENSMUSG00000031161",1.9338514734873,0.00826570777898649,0.0393072357721832,"24h_vs_0h"
"ENSMUSG00000040249",-0.137358570668784,0.00827509281832154,0.0393072357721832,"24h_vs_0h"
"ENSMUSG00000037062",0.315987549191256,0.00827521315881881,0.0393072357721832,"24h_vs_0h"
"ENSMUSG00000025873",-0.318448209717914,0.00827943820968275,0.0393072357721832,"24h_vs_0h"
"ENSMUSG00000046364",0.226139732067121,0.00828972365925828,0.0393136571383574,"24h_vs_0h"
"ENSMUSG00000038429",0.238802636753764,0.00830883150097132,0.0393618594572387,"24h_vs_0h"
"ENSMUSG00000029388",0.315077070212137,0.00833741385360981,0.0394547939459535,"24h_vs_0h"
"ENSMUSG00000028207",-0.201589831939806,0.00835538268246209,0.0394659040101038,"24h_vs_0h"
"ENSMUSG00000024603",2.92910956274834,0.00835769655474137,0.0394659040101038,"24h_vs_0h"
"ENSMUSG00000063884",-0.178249481935197,0.00843437067063296,0.0397486169115039,"24h_vs_0h"
"ENSMUSG00000069539",2.08629882858969,0.00843563012845821,0.0397486169115039,"24h_vs_0h"
"ENSMUSG00000002227",0.351046184132233,0.00866655858700436,0.0407811671837003,"24h_vs_0h"
"ENSMUSG00000027618",-0.189050450199552,0.00867329527015304,0.0407811671837003,"24h_vs_0h"
"ENSMUSG00000000275",2.34243069610605,0.00874200900894249,0.0410603859640938,"24h_vs_0h"
"ENSMUSG00000027893",0.188207704866194,0.00879541834805837,0.0412521261214925,"24h_vs_0h"
"ENSMUSG00000061479",-0.201469281101904,0.0088015783749333,0.0412521261214925,"24h_vs_0h"
"ENSMUSG00000003161",0.296964458029969,0.00881280376553878,0.0412607972044002,"24h_vs_0h"
"ENSMUSG00000028393",0.431540753533191,0.00885948853567939,0.0414352912279756,"24h_vs_0h"
"ENSMUSG00000023004",0.128138156068466,0.00887362164051864,0.0414573342249708,"24h_vs_0h"
"ENSMUSG00000022781",0.235013441140843,0.00894714000360697,0.0417564826679473,"24h_vs_0h"
"ENSMUSG00000030890",0.168302057303208,0.00896100322693585,0.0417768805103227,"24h_vs_0h"
"ENSMUSG00000058267",-0.261393431512019,0.00902071211587777,0.0420107449968022,"24h_vs_0h"
"ENSMUSG00000025016",0.364761525114112,0.00906828617220582,0.0421876611457482,"24h_vs_0h"
"ENSMUSG00000024346",2.81410618360872,0.00912539523301663,0.0424085157555504,"24h_vs_0h"
"ENSMUSG00000010392",-0.368189119141949,0.00915837904279511,0.0424330697617966,"24h_vs_0h"
"ENSMUSG00000032788",0.466276356529317,0.00916289361675421,0.0424330697617966,"24h_vs_0h"
"ENSMUSG00000028719",0.30754773481727,0.00917021195819108,0.0424330697617966,"24h_vs_0h"
"ENSMUSG00000021102",-0.183752590849107,0.00918588025063088,0.0424330697617966,"24h_vs_0h"
"ENSMUSG00000029456",-0.174070880015474,0.00918830792559149,0.0424330697617966,"24h_vs_0h"
"ENSMUSG00000032178",-0.183832260554567,0.00918852885321339,0.0424330697617966,"24h_vs_0h"
"ENSMUSG00000019978",-0.127053968463596,0.00931494079926274,0.0429717551965989,"24h_vs_0h"
"ENSMUSG00000024067",-0.173921702376884,0.00939865000260531,0.0433125221586031,"24h_vs_0h"
"ENSMUSG00000056394",0.262126578648218,0.00942853259911869,0.0433863992706702,"24h_vs_0h"
"ENSMUSG00000017778",-0.541370761570718,0.00943439766008438,0.0433863992706702,"24h_vs_0h"
"ENSMUSG00000019863",-0.179542878280834,0.00949962136346861,0.043640744906707,"24h_vs_0h"
"ENSMUSG00000010097",-0.156459678317916,0.0095438008028231,0.0437979847061778,"24h_vs_0h"
"ENSMUSG00000038102",1.65921853224095,0.0095563083940285,0.0438097012938744,"24h_vs_0h"
"ENSMUSG00000042447",2.47573758378827,0.00959928365776023,0.0439609233900133,"24h_vs_0h"
"ENSMUSG00000030541",-0.143817659502407,0.00965949829866374,0.044174648685788,"24h_vs_0h"
"ENSMUSG00000003955",0.314403211227855,0.00966602742204359,0.044174648685788,"24h_vs_0h"
"ENSMUSG00000060376",-0.140589726090514,0.00975183655628285,0.0445205733238598,"24h_vs_0h"
"ENSMUSG00000062054",2.01900533311706,0.00982326042792226,0.0448001752780164,"24h_vs_0h"
"ENSMUSG00000016427",4.19621372300849,0.00990198227184378,0.0450777183614459,"24h_vs_0h"
"ENSMUSG00000001751",-0.13605373960397,0.00990460205760467,0.0450777183614459,"24h_vs_0h"
"ENSMUSG00000030671",-0.190165162710269,0.00992724702275668,0.0451252135163456,"24h_vs_0h"
"ENSMUSG00000022351",-2.48908866836164,0.00993554462561665,0.0451252135163456,"24h_vs_0h"
"ENSMUSG00000031799",0.295322663996973,0.0099991460219516,0.0453672594253701,"24h_vs_0h"
"ENSMUSG00000031299",-0.203055023752228,0.0100811119378488,0.0456867179069438,"24h_vs_0h"
"ENSMUSG00000015656",0.0918585819507669,0.0100996725434176,0.0456867179069438,"24h_vs_0h"
"ENSMUSG00000031502",-0.302387395355783,0.0101008370015939,0.0456867179069438,"24h_vs_0h"
"ENSMUSG00000089704",-0.135642968833793,0.0101110800366651,0.0456867179069438,"24h_vs_0h"
"ENSMUSG00000020629",0.277191891197027,0.0101220589766475,0.0456894169807442,"24h_vs_0h"
"ENSMUSG00000025580",-0.106321240486519,0.0102075668236675,0.0460281778595909,"24h_vs_0h"
"ENSMUSG00000031060",-0.210346017268058,0.0102389901641913,0.0461226158777954,"24h_vs_0h"
"ENSMUSG00000028223",-0.222782714142738,0.0102697224094127,0.0462137508423569,"24h_vs_0h"
"ENSMUSG00000027651",0.217319205925087,0.0103435182982442,0.0464982880802584,"24h_vs_0h"
"ENSMUSG00000007836",-0.126023628774465,0.0104263755599837,0.0468229375913145,"24h_vs_0h"
"ENSMUSG00000025393",-0.179647567165141,0.0104647211377205,0.0469472351958285,"24h_vs_0h"
"ENSMUSG00000024436",-0.172254619112827,0.0106050778192721,0.0475284597582655,"24h_vs_0h"
"ENSMUSG00000001228",-0.206062414345801,0.0107315222278124,0.0480462149792495,"24h_vs_0h"
"ENSMUSG00000077450",-0.15090926099122,0.0107430009188455,0.0480487266705683,"24h_vs_0h"
"ENSMUSG00000006740",0.721737140272406,0.0108339229021746,0.0484061875050462,"24h_vs_0h"
"ENSMUSG00000024120",-0.136034446396824,0.0109338127426137,0.0488029511970007,"24h_vs_0h"
"ENSMUSG00000027671",-0.18496697823036,0.0110041888087683,0.0490440512996705,"24h_vs_0h"
"ENSMUSG00000005142",-0.262985241000788,0.0110101164926322,0.0490440512996705,"24h_vs_0h"
"ENSMUSG00000037353",-0.162807747983102,0.0110412220594749,0.0491197113317867,"24h_vs_0h"
"ENSMUSG00000030619",-0.231483599173608,0.0110543972546859,0.0491197113317867,"24h_vs_0h"
"ENSMUSG00000052459",0.0917052347867262,0.0110686020526534,0.0491197113317867,"24h_vs_0h"
"ENSMUSG00000070327",0.713766041615106,0.0110717458852834,0.0491197113317867,"24h_vs_0h"
"ENSMUSG00000031349",-0.137491559821264,0.0110883805650674,0.0491439706614922,"24h_vs_0h"
"ENSMUSG00000032459",-0.146534260707806,0.0111197008177635,0.0492283178283034,"24h_vs_0h"
"ENSMUSG00000048661",-0.351848831011807,0.0111297832854265,0.0492283178283034,"24h_vs_0h"
"ENSMUSG00000031221",0.273839330227137,0.0111593507619003,0.0493095408665894,"24h_vs_0h"
"ENSMUSG00000032602",-0.19805755375376,0.0111908298784106,0.0493990394131246,"24h_vs_0h"
"ENSMUSG00000026275",0.312851699114233,0.0112109871076575,0.0494112984828367,"24h_vs_0h"
"ENSMUSG00000054309",-0.273008670402859,0.0112160616188034,0.0494112984828367,"24h_vs_0h"
"ENSMUSG00000028607",-0.148308665377822,0.0113736888182721,0.0500556044892154,"24h_vs_0h"
"ENSMUSG00000022247",-0.168995552353252,0.0114128003782469,0.0501775569077569,"24h_vs_0h"
"ENSMUSG00000031447",0.27558944822588,0.011437784776002,0.0502372163664517,"24h_vs_0h"
"ENSMUSG00000042787",-0.206349082819429,0.0114787316958061,0.0503324361195666,"24h_vs_0h"
"ENSMUSG00000066839",-0.150986190518701,0.0114823371651999,0.0503324361195666,"24h_vs_0h"
"ENSMUSG00000024590",-0.125800079878363,0.011538051167418,0.0505263315301559,"24h_vs_0h"
"ENSMUSG00000001440",0.0902874204974502,0.0116209346828099,0.0508387013310599,"24h_vs_0h"
"ENSMUSG00000026896",1.7915972634392,0.0117074809220684,0.0511664583297149,"24h_vs_0h"
"ENSMUSG00000040562",0.179416665875273,0.0120165132789888,0.0524649552984421,"24h_vs_0h"
"ENSMUSG00000015671",0.275248779844613,0.0120421977365115,0.0525249873522174,"24h_vs_0h"
"ENSMUSG00000029103",-0.187862920181288,0.0120561884962208,0.0525339461107602,"24h_vs_0h"
"ENSMUSG00000001674",-0.416840957865531,0.0121237275388159,0.0527759890191186,"24h_vs_0h"
"ENSMUSG00000015217",2.24180054336457,0.0121373338661222,0.0527830102221383,"24h_vs_0h"
"ENSMUSG00000020780",0.281202509748631,0.0121650850854604,0.0528514703466054,"24h_vs_0h"
"ENSMUSG00000019470",-0.165016809982831,0.0122154059110469,0.0530177528742777,"24h_vs_0h"
"ENSMUSG00000049858",-3.01661684425859,0.0122613828366506,0.0531431327240952,"24h_vs_0h"
"ENSMUSG00000035637",0.222218338275727,0.0122684441826132,0.0531431327240952,"24h_vs_0h"
"ENSMUSG00000001285",0.255601076250002,0.0123797532342791,0.0535725604563053,"24h_vs_0h"
"ENSMUSG00000007603",1.95274343203915,0.012516948410947,0.0541130549671687,"24h_vs_0h"
"ENSMUSG00000029310",2.03110046164254,0.0125398026456042,0.0541586569610442,"24h_vs_0h"
"ENSMUSG00000026356",0.211060501193472,0.0125682315590886,0.0542282226387736,"24h_vs_0h"
"ENSMUSG00000034022",-0.267220758665456,0.0126284662267285,0.0544347501114907,"24h_vs_0h"
"ENSMUSG00000036777",0.732340939692957,0.0127215605482263,0.0547823757071861,"24h_vs_0h"
"ENSMUSG00000029191",-0.143300449394964,0.012822073872788,0.0551612386257476,"24h_vs_0h"
"ENSMUSG00000021660",0.186560935287076,0.0129883057186778,0.0558218100272469,"24h_vs_0h"
"ENSMUSG00000024826",-0.261084984431307,0.0130068403754867,0.0558469312122118,"24h_vs_0h"
"ENSMUSG00000078517",-0.14965547177593,0.0130831941528433,0.0561200170240385,"24h_vs_0h"
"ENSMUSG00000020549",0.473485714901241,0.0131144555236201,0.0561993366693789,"24h_vs_0h"
"ENSMUSG00000027184",0.229045866336424,0.0132477921352861,0.0567154992095272,"24h_vs_0h"
"ENSMUSG00000028896",-0.220456916110081,0.0135277858265192,0.0578579061443256,"24h_vs_0h"
"ENSMUSG00000026305",2.86717501825866,0.0135973373197648,0.058098914120665,"24h_vs_0h"
"ENSMUSG00000012483",0.266573505844161,0.0136195040202932,0.0581371844745979,"24h_vs_0h"
"ENSMUSG00000027889",2.38594794086127,0.0136333776975516,0.0581400147741519,"24h_vs_0h"
"ENSMUSG00000021591",0.499298465149337,0.0136600064985228,0.0581699026109686,"24h_vs_0h"
"ENSMUSG00000030272",2.13579609321728,0.0136668210178917,0.0581699026109686,"24h_vs_0h"
"ENSMUSG00000055044",0.27391269365592,0.0137973694902881,0.058668814615225,"24h_vs_0h"
"ENSMUSG00000038374",0.278190517738448,0.0138617440602849,0.0588856521325424,"24h_vs_0h"
"ENSMUSG00000022185",-0.164137309220465,0.0139082837056481,0.0590263805096983,"24h_vs_0h"
"ENSMUSG00000024870",0.0966161809348627,0.0139432132142535,0.0591125169896547,"24h_vs_0h"
"ENSMUSG00000031229",-0.123477793397868,0.0139615878962175,0.0591125169896547,"24h_vs_0h"
"ENSMUSG00000003923",-0.191752515771373,0.0139688747260261,0.0591125169896547,"24h_vs_0h"
"ENSMUSG00000029062",-0.218574776808936,0.0141260427067743,0.0597201863136538,"24h_vs_0h"
"ENSMUSG00000025810",-0.231465925153604,0.0141645700984773,0.0598255978919371,"24h_vs_0h"
"ENSMUSG00000030942",2.50712554910574,0.0141892655601907,0.0598724426945341,"24h_vs_0h"
"ENSMUSG00000040940",2.33367725582793,0.0142710136601083,0.0601094086922936,"24h_vs_0h"
"ENSMUSG00000035049",-0.244444356604294,0.0142727407597016,0.0601094086922936,"24h_vs_0h"
"ENSMUSG00000048126",-0.168795583603245,0.0143919825949785,0.060553647610421,"24h_vs_0h"
"ENSMUSG00000038900",0.0991562035601419,0.0145207187765731,0.0610369468344778,"24h_vs_0h"
"ENSMUSG00000028986",-5.82845557474604,0.0145702373830349,0.0611866552697868,"24h_vs_0h"
"ENSMUSG00000033166",0.426094882508206,0.014586324137408,0.0611958174725763,"24h_vs_0h"
"ENSMUSG00000021877",0.580449511771533,0.0146654747321431,0.0613286698881412,"24h_vs_0h"
"ENSMUSG00000029763",1.47405603417381,0.0146703154623171,0.0613286698881412,"24h_vs_0h"
"ENSMUSG00000025287",-0.154778254425455,0.0146799166328037,0.0613286698881412,"24h_vs_0h"
"ENSMUSG00000021096",1.67087194295883,0.0146834375479977,0.0613286698881412,"24h_vs_0h"
"ENSMUSG00000006058",1.99282031961459,0.0146971658353946,0.0613286698881412,"24h_vs_0h"
"ENSMUSG00000020608",1.35652456338844,0.0147016011660961,0.0613286698881412,"24h_vs_0h"
"ENSMUSG00000000759",1.85371195853117,0.0147260925136756,0.0613497483384123,"24h_vs_0h"
"ENSMUSG00000003031",1.42030748346919,0.0147721780861922,0.0613497483384123,"24h_vs_0h"
"ENSMUSG00000005813",0.135926012671412,0.0147761315951793,0.0613497483384123,"24h_vs_0h"
"ENSMUSG00000022808",1.56508183104093,0.0147762550676244,0.0613497483384123,"24h_vs_0h"
"ENSMUSG00000024878",2.10461293466613,0.0147763538374726,0.0613497483384123,"24h_vs_0h"
"ENSMUSG00000028465",0.136612597627188,0.0147941924316137,0.0613659197846673,"24h_vs_0h"
"ENSMUSG00000029287",1.42049370177572,0.0148228324341216,0.0614268225447919,"24h_vs_0h"
"ENSMUSG00000042590",1.55681193699364,0.0148432200406685,0.0614534444016764,"24h_vs_0h"
"ENSMUSG00000039246",1.86099222757113,0.0148614204051624,0.0614709691758644,"24h_vs_0h"
"ENSMUSG00000070284",1.48987331292557,0.0148883616221185,0.061524581689149,"24h_vs_0h"
"ENSMUSG00000059741",-2.82356783759836,0.0149588935226004,0.0616822475624878,"24h_vs_0h"
"ENSMUSG00000025040",-1.92128678079876,0.0149657079293119,0.0616822475624878,"24h_vs_0h"
"ENSMUSG00000028127",-0.336991741889424,0.0149685617806719,0.0616822475624878,"24h_vs_0h"
"ENSMUSG00000027878",-1.53846371351256,0.01503419593665,0.0618947580142158,"24h_vs_0h"
"ENSMUSG00000022568",-0.200254369662101,0.0150529658307646,0.0619141145992476,"24h_vs_0h"
"ENSMUSG00000023938",-1.71253396790434,0.0151317068002543,0.0621798708010451,"24h_vs_0h"
"ENSMUSG00000052299",1.69412605807372,0.0151640305985993,0.0622545696496601,"24h_vs_0h"
"ENSMUSG00000038722",0.152344072769061,0.0151987025795185,0.0623387605335145,"24h_vs_0h"
"ENSMUSG00000034667",1.88078351564651,0.0152221348121047,0.0623767367859151,"24h_vs_0h"
"ENSMUSG00000022551",-0.198651921452445,0.0153349286187367,0.0627804845126144,"24h_vs_0h"
"ENSMUSG00000037461",2.54994205087238,0.0153543352172208,0.0628015142109561,"24h_vs_0h"
"ENSMUSG00000006289",1.85435452709855,0.0153956344662235,0.0628956961905103,"24h_vs_0h"
"ENSMUSG00000026568",-0.18260549415719,0.0154062166434475,0.0628956961905103,"24h_vs_0h"
"ENSMUSG00000022109",-1.03073371797229,0.0154202354441174,0.0628956961905103,"24h_vs_0h"
"ENSMUSG00000035770",2.1485968253433,0.0154653904818219,0.0630214662134244,"24h_vs_0h"
"ENSMUSG00000029014",1.361418280827,0.015550836845769,0.0632189162753129,"24h_vs_0h"
"ENSMUSG00000022013",-1.46290136547492,0.0155556637859194,0.0632189162753129,"24h_vs_0h"
"ENSMUSG00000006005",-0.118252628210701,0.015556938497197,0.0632189162753129,"24h_vs_0h"
"ENSMUSG00000086784",-0.209771216907615,0.0156026542489817,0.0633462005071666,"24h_vs_0h"
"ENSMUSG00000028161",0.240507807192518,0.0156217798951013,0.0633653947634476,"24h_vs_0h"
"ENSMUSG00000028884",0.206905025717624,0.0156455486741326,0.0634033699031836,"24h_vs_0h"
"ENSMUSG00000074781",0.310491500554534,0.0156636630330419,0.0634183817924722,"24h_vs_0h"
"ENSMUSG00000025509",2.20144974188398,0.0156844435764162,0.0634441509005584,"24h_vs_0h"
"ENSMUSG00000040532",-0.170529596772546,0.0158694436012404,0.0640804533489174,"24h_vs_0h"
"ENSMUSG00000021494",-0.21921966732366,0.0158708689275892,0.0640804533489174,"24h_vs_0h"
"ENSMUSG00000060743",0.59819079217764,0.0159774980597919,0.0644518505601688,"24h_vs_0h"
"ENSMUSG00000060261",-0.175979477569673,0.0160017581515952,0.0644906022208523,"24h_vs_0h"
"ENSMUSG00000027010",-0.136281371043335,0.0160662438409152,0.0646912526476374,"24h_vs_0h"
"ENSMUSG00000070319",0.229528941475078,0.0161156212837998,0.0648307580164561,"24h_vs_0h"
"ENSMUSG00000039000",0.31364579733955,0.0161552941581171,0.0649310041916651,"24h_vs_0h"
"ENSMUSG00000031209",-0.261899705881834,0.0162236458030745,0.0651462273534042,"24h_vs_0h"
"ENSMUSG00000034729",-0.201843422390816,0.0162663885551934,0.065258319080589,"24h_vs_0h"
"ENSMUSG00000026914",0.145093758165359,0.016300824285224,0.0653369104547093,"24h_vs_0h"
"ENSMUSG00000031490",2.99566116466356,0.0165225365872735,0.0661653171251963,"24h_vs_0h"
"ENSMUSG00000079508",-0.268660591169866,0.0166014450005401,0.0664208722248882,"24h_vs_0h"
"ENSMUSG00000004788",2.60649264448935,0.0166589019246243,0.0665619390335539,"24h_vs_0h"
"ENSMUSG00000022913",2.04580766901565,0.0166669522415306,0.0665619390335539,"24h_vs_0h"
"ENSMUSG00000079435",0.20012516603596,0.0167750360142013,0.0668917076514399,"24h_vs_0h"
"ENSMUSG00000044894",-0.242299376292479,0.0167799239371029,0.0668917076514399,"24h_vs_0h"
"ENSMUSG00000027245",3.44406692545648,0.0168973816844569,0.0672866126615289,"24h_vs_0h"
"ENSMUSG00000065954",1.78553793398996,0.0169095645543401,0.0672866126615289,"24h_vs_0h"
"ENSMUSG00000003779",-0.227415100161764,0.0169591154364405,0.0673830219475495,"24h_vs_0h"
"ENSMUSG00000002103",-0.242833091199625,0.0169749738695508,0.0673830219475495,"24h_vs_0h"
"ENSMUSG00000027475",3.63252851135207,0.016979725366924,0.0673830219475495,"24h_vs_0h"
"ENSMUSG00000037958",1.2720119841363,0.0170482537262381,0.0675940222064631,"24h_vs_0h"
"ENSMUSG00000032374",0.152319706108599,0.0170642157171809,0.0675964116753493,"24h_vs_0h"
"ENSMUSG00000068856",-0.106806787090445,0.0170888700741082,0.0676331989174014,"24h_vs_0h"
"ENSMUSG00000015880",0.215763146495565,0.0171279001978307,0.0677267643941178,"24h_vs_0h"
"ENSMUSG00000047945",1.98143997883022,0.0172681597853192,0.0682200818807806,"24h_vs_0h"
"ENSMUSG00000020719",-0.176252807869833,0.0173497150266002,0.0684808034368319,"24h_vs_0h"
"ENSMUSG00000042079",-0.171558619392773,0.0175850485646952,0.0693328366113907,"24h_vs_0h"
"ENSMUSG00000025133",-0.180126316800092,0.0175970866836908,0.0693328366113907,"24h_vs_0h"
"ENSMUSG00000026339",2.11591178926115,0.0178211053464545,0.0701526696151577,"24h_vs_0h"
"ENSMUSG00000032518",0.143258195564801,0.0179523161421022,0.0706060262210831,"24h_vs_0h"
"ENSMUSG00000026981",2.35583719136534,0.0179749111720491,0.0706317714894535,"24h_vs_0h"
"ENSMUSG00000023175",-0.210493298247609,0.0180113103740208,0.0707116654380603,"24h_vs_0h"
"ENSMUSG00000017721",-2.41781625720798,0.0181451733783645,0.0711737148290393,"24h_vs_0h"
"ENSMUSG00000031527",2.88561103934352,0.0182034164406209,0.0713385892744191,"24h_vs_0h"
"ENSMUSG00000033499",1.86189587516701,0.0182835540654139,0.0715888980799703,"24h_vs_0h"
"ENSMUSG00000027998",-0.202809996003101,0.0183170040257524,0.0716561197487435,"24h_vs_0h"
"ENSMUSG00000029405",0.14113977847088,0.0183751555231759,0.0718197686123421,"24h_vs_0h"
"ENSMUSG00000004610",-0.108407300126572,0.018400106084536,0.0718534754907213,"24h_vs_0h"
"ENSMUSG00000044303",-0.23489158596783,0.0184408544590362,0.0719487592856546,"24h_vs_0h"
"ENSMUSG00000022253",-0.210169090766474,0.0184816886112655,0.0720442086609208,"24h_vs_0h"
"ENSMUSG00000099083",2.0830521998898,0.0186603586916958,0.0726763173470382,"24h_vs_0h"
"ENSMUSG00000029840",0.399228179291022,0.0186978297626221,0.0727578680683464,"24h_vs_0h"
"ENSMUSG00000066979",0.176732967100428,0.0187902679706922,0.073042535911356,"24h_vs_0h"
"ENSMUSG00000031095",0.435488381502001,0.018804179320056,0.073042535911356,"24h_vs_0h"
"ENSMUSG00000031878",2.51438351227145,0.0188607674608079,0.0731977403836115,"24h_vs_0h"
"ENSMUSG00000019082",-0.211251576199633,0.0188833444590875,0.0732207920391577,"24h_vs_0h"
"ENSMUSG00000028614",-0.439135074365065,0.018943678051377,0.0733900766761534,"24h_vs_0h"
"ENSMUSG00000015961",0.330074479826667,0.0190238660795884,0.0736359143502801,"24h_vs_0h"
"ENSMUSG00000011960",2.37767133944198,0.0190915238357228,0.0738328615123165,"24h_vs_0h"
"ENSMUSG00000020547",1.6829636379073,0.0191547139598277,0.0740122002960505,"24h_vs_0h"
"ENSMUSG00000021037",0.765101258731889,0.0192517249517085,0.0743011356531922,"24h_vs_0h"
"ENSMUSG00000028394",2.29569203549234,0.0192632573915684,0.0743011356531922,"24h_vs_0h"
"ENSMUSG00000025076",2.08898298139813,0.0192921018025945,0.0743253683981843,"24h_vs_0h"
"ENSMUSG00000037938",-2.44153313988384,0.0193033165369517,0.0743253683981843,"24h_vs_0h"
"ENSMUSG00000024431",1.44856534279068,0.0194766945515319,0.074927388742388,"24h_vs_0h"
"ENSMUSG00000021576",-0.234241695603203,0.0196116580290468,0.0753807047911223,"24h_vs_0h"
"ENSMUSG00000028085",-0.262631939661759,0.0196434231572841,0.0754369156328161,"24h_vs_0h"
"ENSMUSG00000027634",0.267414496462308,0.0197636957360767,0.075817408695916,"24h_vs_0h"
"ENSMUSG00000052488",-0.153457504730934,0.0197884647682778,0.075817408695916,"24h_vs_0h"
"ENSMUSG00000056870",-1.61425019394586,0.0197941837290633,0.075817408695916,"24h_vs_0h"
"ENSMUSG00000068823",0.14363452939612,0.0198441827309532,0.0759146892637936,"24h_vs_0h"
"ENSMUSG00000020869",-0.138080924788035,0.0198540802868953,0.0759146892637936,"24h_vs_0h"
"ENSMUSG00000025204",-3.1625872673742,0.0198866879440492,0.0759733625362505,"24h_vs_0h"
"ENSMUSG00000022453",-0.193469533614149,0.0199856813540505,0.0762853283947757,"24h_vs_0h"
"ENSMUSG00000006273",-0.119645799249874,0.0200078169036337,0.0762926746069436,"24h_vs_0h"
"ENSMUSG00000036550",0.361309228644568,0.0200403002931212,0.0762926746069436,"24h_vs_0h"
"ENSMUSG00000028274",4.42083144041876,0.0200478964046737,0.0762926746069436,"24h_vs_0h"
"ENSMUSG00000031701",0.231928148021019,0.020056947175695,0.0762926746069436,"24h_vs_0h"
"ENSMUSG00000045763",0.456883890248264,0.0201004605121437,0.076358788513543,"24h_vs_0h"
"ENSMUSG00000022360",-0.173291181923009,0.0201090288314466,0.076358788513543,"24h_vs_0h"
"ENSMUSG00000025903",0.281066077197824,0.0201953496963085,0.0766204603564256,"24h_vs_0h"
"ENSMUSG00000027809",-0.154029994735154,0.0204676325257937,0.0775866070163808,"24h_vs_0h"
"ENSMUSG00000039680",-0.224522523394253,0.0205134066829139,0.0776932037964749,"24h_vs_0h"
"ENSMUSG00000052962",-0.278269293944884,0.0206552303486651,0.0781630857820079,"24h_vs_0h"
"ENSMUSG00000007050",0.19398113766357,0.0206741466348362,0.0781674564775896,"24h_vs_0h"
"ENSMUSG00000061136",-0.153741799481761,0.0206974018087402,0.07818821060967,"24h_vs_0h"
"ENSMUSG00000031584",0.127679887318084,0.020831135523102,0.0786259240456021,"24h_vs_0h"
"ENSMUSG00000014313",-0.206628709103413,0.0208619707782752,0.0786748358142153,"24h_vs_0h"
"ENSMUSG00000004846",-0.0921952990624604,0.0209190580780305,0.0788225809943596,"24h_vs_0h"
"ENSMUSG00000020130",1.60114133172743,0.0210007419428002,0.0790626734732794,"24h_vs_0h"
"ENSMUSG00000039016",-0.312314532077774,0.021150896807855,0.0795599118387777,"24h_vs_0h"
"ENSMUSG00000026843",0.210204669286934,0.0213879040836338,0.0803827206422479,"24h_vs_0h"
"ENSMUSG00000034473",-2.02149804603858,0.0217142801150937,0.0815397156881634,"24h_vs_0h"
"ENSMUSG00000067150",0.27451246128928,0.0220468044059035,0.0827178057889014,"24h_vs_0h"
"ENSMUSG00000068699",0.335394522843508,0.0221697456515425,0.0831082202831674,"24h_vs_0h"
"ENSMUSG00000001506",2.3087920674624,0.0222640994089604,0.0833908948926253,"24h_vs_0h"
"ENSMUSG00000033735",0.193345925727986,0.0226426661500885,0.0847367123524997,"24h_vs_0h"
"ENSMUSG00000057234",-2.21251615224924,0.0227027856448456,0.0848895153975919,"24h_vs_0h"
"ENSMUSG00000026036",0.180145512976853,0.0227473752409122,0.084984039418722,"24h_vs_0h"
"ENSMUSG00000057841",0.144783391568843,0.0227948493328218,0.0850891704103042,"24h_vs_0h"
"ENSMUSG00000041168",-0.127112539607438,0.0228325789499513,0.0851577796260471,"24h_vs_0h"
"ENSMUSG00000019179",-0.129736308102878,0.0229264193717402,0.085392634079288,"24h_vs_0h"
"ENSMUSG00000041133",-0.103943778416035,0.0229343543471298,0.085392634079288,"24h_vs_0h"
"ENSMUSG00000001999",0.382834218266524,0.0230000129862129,0.0855647144144743,"24h_vs_0h"
"ENSMUSG00000012428",-0.219072938122707,0.023118986358619,0.0859346781792923,"24h_vs_0h"
"ENSMUSG00000063065",0.23792254703379,0.0233815566177564,0.0868373254639207,"24h_vs_0h"
"ENSMUSG00000071659",-0.153504794934531,0.023562784446534,0.087436605690722,"24h_vs_0h"
"ENSMUSG00000058258",0.179705018561648,0.0236151265101046,0.087499144831235,"24h_vs_0h"
"ENSMUSG00000040466",0.204167581286793,0.0236194010587383,0.087499144831235,"24h_vs_0h"
"ENSMUSG00000018362",-0.163070669209102,0.0240515997679391,0.0890253074673676,"24h_vs_0h"
"ENSMUSG00000046909",-1.3715031004808,0.0241260250600741,0.0892257447809966,"24h_vs_0h"
"ENSMUSG00000028960",2.10179884733263,0.0242388122176632,0.0895676008143876,"24h_vs_0h"
"ENSMUSG00000029066",-0.167777395407001,0.0245378038158425,0.0905963713032908,"24h_vs_0h"
"ENSMUSG00000060475",-1.87662882651011,0.0245620213211183,0.0906097701879646,"24h_vs_0h"
"ENSMUSG00000030842",-0.18783867540068,0.0246022186351333,0.0906820470797501,"24h_vs_0h"
"ENSMUSG00000005374",-0.1453128120123,0.0248611854612946,0.091559897251178,"24h_vs_0h"
"ENSMUSG00000032046",-0.169768609798147,0.0250770081579601,0.092277519149818,"24h_vs_0h"
"ENSMUSG00000052738",-0.129546802391761,0.025117770858052,0.0923207060268747,"24h_vs_0h"
"ENSMUSG00000028832",0.362346600954957,0.0251306988912056,0.0923207060268747,"24h_vs_0h"
"ENSMUSG00000004677",1.46200112695897,0.0251602107963719,0.0923520331232966,"24h_vs_0h"
"ENSMUSG00000026229",0.121158197776026,0.025205028537457,0.0924394421611235,"24h_vs_0h"
"ENSMUSG00000026159",1.4385979336191,0.0252719051026912,0.0926075390149408,"24h_vs_0h"
"ENSMUSG00000015568",-0.272918460193235,0.0253193020072058,0.0926469732233961,"24h_vs_0h"
"ENSMUSG00000018428",-0.179560367631296,0.0253247690951478,0.0926469732233961,"24h_vs_0h"
"ENSMUSG00000004789",-0.144956061252024,0.0254033561597763,0.092857284434531,"24h_vs_0h"
"ENSMUSG00000078619",-0.299200564563261,0.0256214157181065,0.0935290022385616,"24h_vs_0h"
"ENSMUSG00000057363",-0.300800577528616,0.0256296243353114,0.0935290022385616,"24h_vs_0h"
"ENSMUSG00000015165",-0.128062659343712,0.0259117988782565,0.0944803867963602,"24h_vs_0h"
"ENSMUSG00000034341",1.7352590846412,0.0259598060972531,0.0945770750281546,"24h_vs_0h"
"ENSMUSG00000078656",0.330256404204494,0.0260392163752584,0.0947879166811514,"24h_vs_0h"
"ENSMUSG00000026960",-1.88905581449357,0.0261391333414819,0.0950729965585635,"24h_vs_0h"
"ENSMUSG00000040813",-0.158433953335443,0.0262280046539575,0.0953174636515831,"24h_vs_0h"
"ENSMUSG00000061024",-0.228264442061096,0.0262661610252264,0.0953773718416019,"24h_vs_0h"
"ENSMUSG00000020097",-0.0915681125018928,0.0266937305763854,0.096850048035179,"24h_vs_0h"
"ENSMUSG00000030287",0.522090872988347,0.0267361924508824,0.096924203440143,"24h_vs_0h"
"ENSMUSG00000075229",-0.169198911309746,0.0268815187492867,0.0973708345807495,"24h_vs_0h"
"ENSMUSG00000001750",-0.16484074517204,0.026928346278993,0.0974602401100726,"24h_vs_0h"
"ENSMUSG00000059734",-0.192114457440063,0.0269859575419632,0.0975884955975184,"24h_vs_0h"
"ENSMUSG00000091625",0.167709653411755,0.0270885057807304,0.0978789112816047,"24h_vs_0h"
"ENSMUSG00000019907",1.21951054926073,0.0272787458816861,0.0984283348273264,"24h_vs_0h"
"ENSMUSG00000025007",-0.0965067965946638,0.0272852916358414,0.0984283348273264,"24h_vs_0h"
"ENSMUSG00000026869",0.187934015351082,0.0273263138855413,0.0984955834645925,"24h_vs_0h"
"ENSMUSG00000032560",0.146286118924067,0.0273874082591996,0.0986350112510126,"24h_vs_0h"
"ENSMUSG00000055065",-0.114733362076826,0.0276100183281889,0.0993554298138672,"24h_vs_0h"
"ENSMUSG00000050029",-0.1655318877337,0.0276488990982555,0.0993609629822836,"24h_vs_0h"
"ENSMUSG00000001767",-0.179447992254705,0.0276573915747776,0.0993609629822836,"24h_vs_0h"
"ENSMUSG00000033382",1.6076147151867,0.0276792866658213,0.0993609629822836,"24h_vs_0h"
"ENSMUSG00000039163",-0.200040842134232,0.027727189132578,0.0994518006295646,"24h_vs_0h"
"ENSMUSG00000001119",-0.13424060209751,0.0277520683360961,0.0994542433928894,"24h_vs_0h"
"ENSMUSG00000029311",0.305253933565574,0.0277730663780643,0.0994542433928894,"24h_vs_0h"
"ENSMUSG00000024817",-0.157930017211271,0.0279140710305198,0.0998397070489792,"24h_vs_0h"
"ENSMUSG00000053931",0.298182752924422,0.0279260802947724,0.0998397070489792,"24h_vs_0h"
"ENSMUSG00000041650",-0.129014637193897,0.028052174166306,0.100161921054354,"24h_vs_0h"
"ENSMUSG00000014504",0.210713786754312,0.0280617243035715,0.100161921054354,"24h_vs_0h"
"ENSMUSG00000029836",-0.216769280666124,0.0284903964876858,0.101609590714996,"24h_vs_0h"
"ENSMUSG00000025762",1.30852122609677,0.0288042260230593,0.102607650400698,"24h_vs_0h"
"ENSMUSG00000061787",0.232651753827405,0.028816872505172,0.102607650400698,"24h_vs_0h"
"ENSMUSG00000041815",-0.169360127747009,0.0292693374287193,0.104134481830068,"24h_vs_0h"
"ENSMUSG00000020219",-0.178720699466911,0.0294077690947635,0.104542481248832,"24h_vs_0h"
"ENSMUSG00000029622",0.13698842845999,0.02949425345964,0.104765302240416,"24h_vs_0h"
"ENSMUSG00000064254",-0.189849697798646,0.0296245328763257,0.105143200958637,"24h_vs_0h"
"ENSMUSG00000027433",-0.138140558660616,0.0296574295962937,0.105175139124326,"24h_vs_0h"
"ENSMUSG00000022792",-0.171127340886184,0.0298188528216948,0.105662456737745,"24h_vs_0h"
"ENSMUSG00000030086",-0.162837779330371,0.0306063111741511,0.108365547447658,"24h_vs_0h"
"ENSMUSG00000028484",-0.116590824297106,0.0306459328005906,0.108418609530064,"24h_vs_0h"
"ENSMUSG00000020841",-0.138859089356934,0.0312693149458845,0.11053514464003,"24h_vs_0h"
"ENSMUSG00000068882",0.138553146480962,0.0313177454737039,0.110617494245402,"24h_vs_0h"
"ENSMUSG00000057440",-2.0098403896986,0.0315619102412654,0.111390510803375,"24h_vs_0h"
"ENSMUSG00000078515",1.76351572643669,0.0318496912404955,0.112316098677421,"24h_vs_0h"
"ENSMUSG00000038286",-0.124916252740157,0.0320973085991628,0.113088875347116,"24h_vs_0h"
"ENSMUSG00000027668",-1.19910624669394,0.0321202213551228,0.113088875347116,"24h_vs_0h"
"ENSMUSG00000027012",1.96250944905924,0.0322079509400042,0.11330710798318,"24h_vs_0h"
"ENSMUSG00000025579",-0.229316920312467,0.0322490754490961,0.113361166974019,"24h_vs_0h"
"ENSMUSG00000026032",-0.270544200038589,0.0322840444261402,0.113393519169547,"24h_vs_0h"
"ENSMUSG00000028683",1.65947324086992,0.0324552979227231,0.113901582580391,"24h_vs_0h"
"ENSMUSG00000030647",-0.204082775340801,0.032480455836944,0.113901582580391,"24h_vs_0h"
"ENSMUSG00000020069",-0.189245816517563,0.0326536935489207,0.114323852360635,"24h_vs_0h"
"ENSMUSG00000109865",0.246922727582287,0.0326645068746308,0.114323852360635,"24h_vs_0h"
"ENSMUSG00000026248",-0.189357902243515,0.0326788016972684,0.114323852360635,"24h_vs_0h"
"ENSMUSG00000025060",1.17831777272468,0.0327208894653698,0.114380170402774,"24h_vs_0h"
"ENSMUSG00000031521",-0.168373135563286,0.0329038687434443,0.114885060131784,"24h_vs_0h"
"ENSMUSG00000025059",0.243815360583827,0.0329175325667302,0.114885060131784,"24h_vs_0h"
"ENSMUSG00000018189",0.158146615385895,0.0329983385734307,0.115075822552828,"24h_vs_0h"
"ENSMUSG00000032481",-0.1866581855733,0.0331364350570009,0.115465915032352,"24h_vs_0h"
"ENSMUSG00000026029",1.76632691779745,0.0332686970478219,0.11583507571793,"24h_vs_0h"
"ENSMUSG00000036737",1.05877604874318,0.033297135979755,0.115842446993598,"24h_vs_0h"
"ENSMUSG00000033916",1.99210754117648,0.0335636701521922,0.116588529153532,"24h_vs_0h"
"ENSMUSG00000063457",0.27468809874766,0.0335645686065723,0.116588529153532,"24h_vs_0h"
"ENSMUSG00000013736",0.125745316491294,0.0338478330464962,0.117379273848075,"24h_vs_0h"
"ENSMUSG00000020256",-0.131986873781827,0.0338681655902981,0.117379273848075,"24h_vs_0h"
"ENSMUSG00000052681",-0.233892943586149,0.033872228536027,0.117379273848075,"24h_vs_0h"
"ENSMUSG00000039804",-0.265190621524834,0.0339764377405537,0.117647759635072,"24h_vs_0h"
"ENSMUSG00000029145",1.20245872148913,0.0340768925213489,0.117855743647416,"24h_vs_0h"
"ENSMUSG00000002997",0.145915581253497,0.0340900617275985,0.117855743647416,"24h_vs_0h"
"ENSMUSG00000054408",2.37095184480394,0.0343806834515734,0.118767180432005,"24h_vs_0h"
"ENSMUSG00000042569",-0.161141198160344,0.0344465451101804,0.118901368650905,"24h_vs_0h"
"ENSMUSG00000042814",2.08441616786671,0.0346464286441195,0.119497595973958,"24h_vs_0h"
"ENSMUSG00000053644",1.29164124043235,0.0346760622940405,0.119506147342265,"24h_vs_0h"
"ENSMUSG00000006024",0.11607194906502,0.0349852489937983,0.120477371534982,"24h_vs_0h"
"ENSMUSG00000027907",0.198388306293843,0.0350139028772744,0.120481772136735,"24h_vs_0h"
"ENSMUSG00000024847",0.265231284641899,0.0352826154131904,0.121311555026133,"24h_vs_0h"
"ENSMUSG00000030605",-0.122923450973182,0.0355973798142557,0.122298258050382,"24h_vs_0h"
"ENSMUSG00000025371",-2.22527800602236,0.0356778515220597,0.122479114312469,"24h_vs_0h"
"ENSMUSG00000031198",-0.207545984118418,0.0357494431518576,0.122629227834236,"24h_vs_0h"
"ENSMUSG00000024498",0.181781774483177,0.0359813425212951,0.123328573548458,"24h_vs_0h"
"ENSMUSG00000029686",1.2064044283469,0.0361630956932163,0.123826298263127,"24h_vs_0h"
"ENSMUSG00000028034",0.0703258420592832,0.0361928866921564,0.123826298263127,"24h_vs_0h"
"ENSMUSG00000079363",1.53129938649867,0.0362109624777652,0.123826298263127,"24h_vs_0h"
"ENSMUSG00000026718",2.04004298227625,0.0364324315273292,0.124486903068149,"24h_vs_0h"
"ENSMUSG00000015932",0.149503353758504,0.0364702599709728,0.124519483423003,"24h_vs_0h"
"ENSMUSG00000026775",-0.115088171082032,0.0365681722111379,0.12475699682265,"24h_vs_0h"
"ENSMUSG00000038776",0.0677990216494209,0.0366252158025659,0.124854821647632,"24h_vs_0h"
"ENSMUSG00000008604",1.79355102153364,0.0367614579210427,0.125222272686152,"24h_vs_0h"
"ENSMUSG00000000827",1.40736441958991,0.0367926860014829,0.125231717782309,"24h_vs_0h"
"ENSMUSG00000071711",-0.125541947692277,0.036974672010602,0.125753888345177,"24h_vs_0h"
"ENSMUSG00000032047",-0.116996469412449,0.0370678688782479,0.1259735065121,"24h_vs_0h"
"ENSMUSG00000019822",2.33477441270231,0.0371437590538985,0.12613401512053,"24h_vs_0h"
"ENSMUSG00000038507",1.85562402058414,0.0371950676965045,0.126155731160733,"24h_vs_0h"
"ENSMUSG00000022957",2.08300187808175,0.0372074844459513,0.126155731160733,"24h_vs_0h"
"ENSMUSG00000020260",-0.167759175349175,0.0372507129342567,0.126205071303821,"24h_vs_0h"
"ENSMUSG00000002107",-0.19293350809631,0.0374240868618199,0.126643201239228,"24h_vs_0h"
"ENSMUSG00000041426",-0.130773259416706,0.0374375834610852,0.126643201239228,"24h_vs_0h"
"ENSMUSG00000024474",-0.198497385072226,0.0376417950063678,0.127236205701248,"24h_vs_0h"
"ENSMUSG00000038023",-0.236358848108793,0.0377845016545297,0.127620561612882,"24h_vs_0h"
"ENSMUSG00000027599",-0.186399933945793,0.0380563608365655,0.128407940949921,"24h_vs_0h"
"ENSMUSG00000025911",-0.14648973247143,0.0380759743103037,0.128407940949921,"24h_vs_0h"
"ENSMUSG00000029752",0.188449163524307,0.0381422553590617,0.128532975371539,"24h_vs_0h"
"ENSMUSG00000029730",-0.0913114421909853,0.0381732891176054,0.128539131910162,"24h_vs_0h"
"ENSMUSG00000035692",0.623830179381567,0.0383705298858843,0.129104512253652,"24h_vs_0h"
"ENSMUSG00000078566",1.88587440070686,0.0384235153894023,0.129180688470012,"24h_vs_0h"
"ENSMUSG00000027774",-0.111814090837193,0.038451875004707,0.129180688470012,"24h_vs_0h"
"ENSMUSG00000060935",0.323774535568422,0.0385154257118076,0.129295490890668,"24h_vs_0h"
"ENSMUSG00000000740",0.125879336820383,0.0387406521068552,0.129952446587096,"24h_vs_0h"
"ENSMUSG00000009647",-0.25243440305541,0.0388923921341362,0.13036208513506,"24h_vs_0h"
"ENSMUSG00000056050",-0.171502355805707,0.0390640514307708,0.130837816093472,"24h_vs_0h"
"ENSMUSG00000031479",0.246569474551379,0.0393980731220154,0.131856212783262,"24h_vs_0h"
"ENSMUSG00000030122",0.343362933859268,0.0396239098039954,0.132367507417646,"24h_vs_0h"
"ENSMUSG00000039318",1.86666853314535,0.039643706751694,0.132367507417646,"24h_vs_0h"
"ENSMUSG00000046139",1.53171141472582,0.0396510374026242,0.132367507417646,"24h_vs_0h"
"ENSMUSG00000031146",1.85528260792273,0.0396711525298511,0.132367507417646,"24h_vs_0h"
"ENSMUSG00000055932",1.43131779186396,0.0399246616071918,0.133112451313069,"24h_vs_0h"
"ENSMUSG00000026309",1.34936380678945,0.0400185464193853,0.133324468426733,"24h_vs_0h"
"ENSMUSG00000003402",0.268067710581121,0.0400860663343633,0.133448394809026,"24h_vs_0h"
"ENSMUSG00000030095",-0.147400301727977,0.0404459924181726,0.134544831921676,"24h_vs_0h"
"ENSMUSG00000022614",-1.42898923081994,0.0409426947868062,0.136065063022313,"24h_vs_0h"
"ENSMUSG00000020952",-0.0966102328734486,0.0409648281082857,0.136065063022313,"24h_vs_0h"
"ENSMUSG00000028879",0.254032280762544,0.0410107386601042,0.136114827181839,"24h_vs_0h"
"ENSMUSG00000053898",-0.185502472823128,0.0410701000444646,0.136209126070602,"24h_vs_0h"
"ENSMUSG00000029098",-0.339419164123015,0.0412211061085823,0.136606993963758,"24h_vs_0h"
"ENSMUSG00000031400",0.171346930956982,0.0412944499323702,0.136747083636088,"24h_vs_0h"
"ENSMUSG00000032263",-0.168013300105077,0.0414544795969174,0.137173808049649,"24h_vs_0h"
"ENSMUSG00000063235",-0.193989611466559,0.0415997195502141,0.137550988535306,"24h_vs_0h"
"ENSMUSG00000027342",0.0906908025317605,0.041875776624192,0.138359829521823,"24h_vs_0h"
"ENSMUSG00000029265",2.52852411168901,0.0421482041320512,0.139090774992269,"24h_vs_0h"
"ENSMUSG00000000088",-0.147571260483041,0.042160212188068,0.139090774992269,"24h_vs_0h"
"ENSMUSG00000061613",-0.119029575643342,0.0426314268727462,0.140362984432758,"24h_vs_0h"
"ENSMUSG00000039105",0.30099153143518,0.0426370220207927,0.140362984432758,"24h_vs_0h"
"ENSMUSG00000028455",-0.169616651477828,0.0426415156070433,0.140362984432758,"24h_vs_0h"
"ENSMUSG00000020814",1.4287551105731,0.0427950888622526,0.140763218298037,"24h_vs_0h"
"ENSMUSG00000030879",-0.165900444651001,0.0429033155425093,0.14101381008408,"24h_vs_0h"
"ENSMUSG00000021932",1.76405956325477,0.0429493667505624,0.141059823185989,"24h_vs_0h"
"ENSMUSG00000042626",1.71353199044796,0.0433520656791705,0.142218647863779,"24h_vs_0h"
"ENSMUSG00000030546",-0.136185479478932,0.0433668315003844,0.142218647863779,"24h_vs_0h"
"ENSMUSG00000028792",-0.0956363040778214,0.0434031305654012,0.142231703364356,"24h_vs_0h"
"ENSMUSG00000027287",0.223630390656684,0.0438374148820498,0.143547963464212,"24h_vs_0h"
"ENSMUSG00000021811",0.291109971172322,0.0438867073912699,0.143602527307791,"24h_vs_0h"
"ENSMUSG00000034566",-0.132909581485986,0.0439648961285305,0.143751491724861,"24h_vs_0h"
"ENSMUSG00000009090",0.165287753736941,0.0441222419969367,0.144158861936539,"24h_vs_0h"
"ENSMUSG00000001666",0.209873373682921,0.0442229105437479,0.144380585536376,"24h_vs_0h"
"ENSMUSG00000109511",0.209526748866843,0.0444244948236448,0.144836164132249,"24h_vs_0h"
"ENSMUSG00000022797",-0.107700818035568,0.0444282712062112,0.144836164132249,"24h_vs_0h"
"ENSMUSG00000005846",-0.129074172822467,0.0446437224491256,0.145430808659217,"24h_vs_0h"
"ENSMUSG00000087260",0.342112282907625,0.0447179864142281,0.14556498388241,"24h_vs_0h"
"ENSMUSG00000040483",1.63435953830879,0.0449282895542389,0.146141465135407,"24h_vs_0h"
"ENSMUSG00000091512",0.152975057405168,0.0450357055764437,0.146369337536145,"24h_vs_0h"
"ENSMUSG00000031885",1.47381678147773,0.0450648607956091,0.146369337536145,"24h_vs_0h"
"ENSMUSG00000032508",1.33677399550823,0.0452238132803126,0.146677705576832,"24h_vs_0h"
"ENSMUSG00000039197",0.238123132753582,0.0452372406984324,0.146677705576832,"24h_vs_0h"
"ENSMUSG00000031012",-0.173216495325981,0.0452597873604493,0.146677705576832,"24h_vs_0h"
"ENSMUSG00000032437",-0.280825139251252,0.0452934044424106,0.146678640876416,"24h_vs_0h"
"ENSMUSG00000023021",2.16929001693592,0.0454561701649742,0.147097503600038,"24h_vs_0h"
"ENSMUSG00000041548",2.33813696416652,0.0456769489252261,0.147685037888221,"24h_vs_0h"
"ENSMUSG00000036180",-1.83170137554761,0.0457048447179633,0.147685037888221,"24h_vs_0h"
"ENSMUSG00000054079",-1.56693692101326,0.0458721699054774,0.148097578719226,"24h_vs_0h"
"ENSMUSG00000023089",-0.140467396840386,0.0458998176262267,0.148097578719226,"24h_vs_0h"
"ENSMUSG00000020358",-0.164529803282289,0.0465718855688121,0.150155947537247,"24h_vs_0h"
"ENSMUSG00000026827",-0.126702448761684,0.046702566135709,0.150467052388913,"24h_vs_0h"
"ENSMUSG00000029614",0.0904680185482611,0.0468701101152906,0.150896382309725,"24h_vs_0h"
"ENSMUSG00000061315",0.172934643526943,0.0469588058009803,0.151063716063449,"24h_vs_0h"
"ENSMUSG00000018593",0.27688688325571,0.0469907355807456,0.151063716063449,"24h_vs_0h"
"ENSMUSG00000029507",0.210344250376803,0.0475588101742772,0.152778338377368,"24h_vs_0h"
"ENSMUSG00000026958",-0.174882580711124,0.0478544445917701,0.153615908569205,"24h_vs_0h"
"ENSMUSG00000028165",2.243420525194,0.0480051166309343,0.153987258230861,"24h_vs_0h"
"ENSMUSG00000028910",-0.133750543856269,0.0480853978326716,0.154132436898462,"24h_vs_0h"
"ENSMUSG00000026848",-0.192673616901445,0.0481274614501762,0.154154991151547,"24h_vs_0h"
"ENSMUSG00000042396",-1.71084949739549,0.048515465269202,0.155284772836188,"24h_vs_0h"
"ENSMUSG00000018666",0.272776247137607,0.0485770678926276,0.155368950432743,"24h_vs_0h"
"ENSMUSG00000022391",0.0940365620403441,0.0489713138182034,0.156516159850336,"24h_vs_0h"
"ENSMUSG00000024937",2.22058202648533,0.0491525471736669,0.156981393404432,"24h_vs_0h"
"ENSMUSG00000031429",1.17235318840112,0.049353114030299,0.157507653986473,"24h_vs_0h"
"ENSMUSG00000002365",1.15199519331684,0.0497605538214675,0.15869289664368,"24h_vs_0h"
"ENSMUSG00000079477",-0.104308112182881,0.05014606884589,0.1598065524915,"24h_vs_0h"
"ENSMUSG00000032399",0.0972496331888983,0.0502100389185579,0.159894631896218,"24h_vs_0h"
"ENSMUSG00000032590",1.8293074094163,0.0504439469434633,0.160523362616184,"24h_vs_0h"
"ENSMUSG00000040521",-0.101817056835344,0.0505269641826377,0.160671365150136,"24h_vs_0h"
"ENSMUSG00000031453",-0.224678673639779,0.0506583970340277,0.160973000250365,"24h_vs_0h"
"ENSMUSG00000069565",-0.159495102594004,0.0507286164173754,0.161079827455172,"24h_vs_0h"
"ENSMUSG00000044080",0.32583316972547,0.0509311790806026,0.161606430521797,"24h_vs_0h"
"ENSMUSG00000029221",0.199820706171085,0.0509903405402548,0.161677585531456,"24h_vs_0h"
"ENSMUSG00000030127",0.150752672477953,0.0512130379890371,0.16226679639291,"24h_vs_0h"
"ENSMUSG00000020440",0.318557772103023,0.0515592742484362,0.163246306451344,"24h_vs_0h"
"ENSMUSG00000027997",1.63741754124142,0.0522119742620967,0.165194032154916,"24h_vs_0h"
"ENSMUSG00000027680",0.0985791477138775,0.0522935070329693,0.165333135382254,"24h_vs_0h"
"ENSMUSG00000028249",-1.96052096089454,0.0525609763356569,0.166059480870945,"24h_vs_0h"
"ENSMUSG00000017478",2.32450872570153,0.052695652668981,0.166365543325815,"24h_vs_0h"
"ENSMUSG00000034459",0.855293620651473,0.0530034434060679,0.167217315003659,"24h_vs_0h"
"ENSMUSG00000021577",-0.100350523483847,0.0531396365179516,0.167526891343485,"24h_vs_0h"
"ENSMUSG00000035376",-1.88289308295109,0.0533089087372541,0.167940234325451,"24h_vs_0h"
"ENSMUSG00000063895",-0.213368116195191,0.0534107509336008,0.168140711630027,"24h_vs_0h"
"ENSMUSG00000027349",0.10209388173654,0.0535111941139266,0.168336501283339,"24h_vs_0h"
"ENSMUSG00000020988",-0.205677940271372,0.0539442236021975,0.169411778485576,"24h_vs_0h"
"ENSMUSG00000039756",-1.35265241802705,0.0539527747865764,0.169411778485576,"24h_vs_0h"
"ENSMUSG00000020018",-0.33668379252877,0.0539684874884748,0.169411778485576,"24h_vs_0h"
"ENSMUSG00000051934",1.10782341923307,0.0544383887658743,0.170765038459453,"24h_vs_0h"
"ENSMUSG00000027203",0.110732944616966,0.0547194311661703,0.17152437077088,"24h_vs_0h"
"ENSMUSG00000020738",-0.795964188225049,0.0548197104415666,0.171716402600238,"24h_vs_0h"
"ENSMUSG00000033953",2.06201119148728,0.0549516263759941,0.172007188962127,"24h_vs_0h"
"ENSMUSG00000047866",-0.94153724969792,0.0552216824894067,0.172522284935804,"24h_vs_0h"
"ENSMUSG00000021377",0.164234765303313,0.0552310705141583,0.172522284935804,"24h_vs_0h"
"ENSMUSG00000019326",-0.118811584571709,0.0552337876561116,0.172522284935804,"24h_vs_0h"
"ENSMUSG00000002741",2.28751590933299,0.0553024283522967,0.172614175303871,"24h_vs_0h"
"ENSMUSG00000026078",1.94663257318821,0.055487790788414,0.17306999805798,"24h_vs_0h"
"ENSMUSG00000070283",1.72192888098152,0.0555715009405128,0.173208339687816,"24h_vs_0h"
"ENSMUSG00000027488",-2.18312225214348,0.055944963691468,0.174248963344763,"24h_vs_0h"
"ENSMUSG00000055436",-0.0970255665855788,0.0560547890903605,0.174461148065435,"24h_vs_0h"
"ENSMUSG00000049502",1.74315760147594,0.0560923709412839,0.174461148065435,"24h_vs_0h"
"ENSMUSG00000040269",-0.145328512000358,0.0562306355160055,0.174767674368602,"24h_vs_0h"
"ENSMUSG00000036112",1.571177406881,0.0565748034824979,0.175713274612896,"24h_vs_0h"
"ENSMUSG00000032051",-0.150402930272374,0.0567026005762904,0.175919130591966,"24h_vs_0h"
"ENSMUSG00000020422",1.57342207284779,0.056772338270967,0.175919130591966,"24h_vs_0h"
"ENSMUSG00000009907",1.06382298471978,0.056778010534106,0.175919130591966,"24h_vs_0h"
"ENSMUSG00000040952",0.0882199795894252,0.056800973544918,0.175919130591966,"24h_vs_0h"
"ENSMUSG00000027540",-0.218671129589254,0.0568432230620712,0.175926177704765,"24h_vs_0h"
"ENSMUSG00000020834",-0.248086235850153,0.0569632594390406,0.176173791139296,"24h_vs_0h"
"ENSMUSG00000005687",-0.154938167966506,0.0572045712535417,0.176743157574042,"24h_vs_0h"
"ENSMUSG00000024287",-0.210446325367808,0.0572276754244514,0.176743157574042,"24h_vs_0h"
"ENSMUSG00000039168",0.293924066225156,0.0574459405966555,0.177292836301459,"24h_vs_0h"
"ENSMUSG00000009535",2.15527027984064,0.0577444688094627,0.178089283272912,"24h_vs_0h"
"ENSMUSG00000005413",0.157640107826332,0.0579125542995677,0.178446906796014,"24h_vs_0h"
"ENSMUSG00000041781",-0.275007359450029,0.0579415200662358,0.178446906796014,"24h_vs_0h"
"ENSMUSG00000021114",0.182212404717617,0.0580379180874347,0.178618795456504,"24h_vs_0h"
"ENSMUSG00000045136",0.523917056800332,0.0582795340618101,0.179237057586322,"24h_vs_0h"
"ENSMUSG00000029547",-1.81822264852956,0.0586259453826861,0.180176526277375,"24h_vs_0h"
"ENSMUSG00000038422",-0.153854961172506,0.0587971823966766,0.180576692064043,"24h_vs_0h"
"ENSMUSG00000044155",-0.167757009283235,0.0589306592746384,0.180835644542278,"24h_vs_0h"
"ENSMUSG00000037351",1.31785513453256,0.0589636786907904,0.180835644542278,"24h_vs_0h"
"ENSMUSG00000028969",0.221183155128756,0.0590099838105862,0.18085162865626,"24h_vs_0h"
"ENSMUSG00000028035",1.9345291246466,0.0591980661743801,0.1813018018326,"24h_vs_0h"
"ENSMUSG00000004043",1.18608763195535,0.0596853391235813,0.18266702189352,"24h_vs_0h"
"ENSMUSG00000063268",1.67721255289009,0.0597682201023509,0.182793562661881,"24h_vs_0h"
"ENSMUSG00000003131",0.17403040585743,0.0599385013892916,0.183109790926994,"24h_vs_0h"
"ENSMUSG00000025817",0.197912028586099,0.0599949184527908,0.183109790926994,"24h_vs_0h"
"ENSMUSG00000033955",1.19738202131352,0.0599964368363383,0.183109790926994,"24h_vs_0h"
"ENSMUSG00000023977",1.40868615653494,0.0605765938187639,0.184752314204005,"24h_vs_0h"
"ENSMUSG00000020698",2.80169086990802,0.0610544553541022,0.186080788097925,"24h_vs_0h"
"ENSMUSG00000000001",-0.174536150346569,0.0611126445616115,0.186129237865503,"24h_vs_0h"
"ENSMUSG00000052144",0.20419664038209,0.0613263785448344,0.186541375937141,"24h_vs_0h"
"ENSMUSG00000051695",0.124300863654462,0.0613327359647904,0.186541375937141,"24h_vs_0h"
"ENSMUSG00000003226",-0.0782854272929328,0.061459064241855,0.186796506718511,"24h_vs_0h"
"ENSMUSG00000028729",1.64816334255696,0.061571675504365,0.187009623115742,"24h_vs_0h"
"ENSMUSG00000025474",1.66845669472622,0.0616996546309463,0.18726908967641,"24h_vs_0h"
"ENSMUSG00000060073",0.168637901618478,0.061888694703283,0.187713401370881,"24h_vs_0h"
"ENSMUSG00000063146",1.59548845142804,0.0619776467783277,0.187853735173155,"24h_vs_0h"
"ENSMUSG00000022945",-0.154212094362368,0.0624210373475667,0.188968713136024,"24h_vs_0h"
"ENSMUSG00000027805",1.84174560495071,0.0624313812542101,0.188968713136024,"24h_vs_0h"
"ENSMUSG00000027255",0.998980195119756,0.062627151813585,0.189312685917946,"24h_vs_0h"
"ENSMUSG00000063334",-2.05813893697142,0.0626310544641057,0.189312685917946,"24h_vs_0h"
"ENSMUSG00000027332",-0.166551149974268,0.0627165162094821,0.189440897623837,"24h_vs_0h"
"ENSMUSG00000028551",1.83904870915824,0.0632783930532905,0.191007001253451,"24h_vs_0h"
"ENSMUSG00000004100",-0.90838150781833,0.0633689042591467,0.191149107364294,"24h_vs_0h"
"ENSMUSG00000038387",-0.190001121401391,0.0635101036374014,0.19138023170867,"24h_vs_0h"
"ENSMUSG00000005447",1.61640694613863,0.063532496824896,0.19138023170867,"24h_vs_0h"
"ENSMUSG00000005882",1.55640614312023,0.0636529599510677,0.191611953997708,"24h_vs_0h"
"ENSMUSG00000031590",1.76485004469895,0.0639033962741699,0.192234345182927,"24h_vs_0h"
"ENSMUSG00000014355",1.25571057221936,0.063953574184567,0.192253879772049,"24h_vs_0h"
"ENSMUSG00000048701",1.77291741475815,0.0641745301230939,0.192786421209376,"24h_vs_0h"
"ENSMUSG00000038335",1.12586306991208,0.064240176903594,0.192851990827229,"24h_vs_0h"
"ENSMUSG00000025747",0.149717801155077,0.0642876432931081,0.192862929879324,"24h_vs_0h"
"ENSMUSG00000038967",1.42955165043415,0.0644548154088269,0.193232726576463,"24h_vs_0h"
"ENSMUSG00000069833",0.188251369053237,0.0645767448214785,0.193466476486948,"24h_vs_0h"
"ENSMUSG00000019916",2.45482355419985,0.0650196759253545,0.194568093972523,"24h_vs_0h"
"ENSMUSG00000032330",-2.15184474042706,0.0650328712187187,0.194568093972523,"24h_vs_0h"
"ENSMUSG00000005566",-0.0439162278395102,0.0650866670982751,0.194596754007818,"24h_vs_0h"
"ENSMUSG00000022620",-0.234511009235813,0.06565414027152,0.196160129894745,"24h_vs_0h"
"ENSMUSG00000031864",-0.145215689097785,0.0657348696081877,0.196163533900832,"24h_vs_0h"
"ENSMUSG00000008226",1.57759614526767,0.0657495981691635,0.196163533900832,"24h_vs_0h"
"ENSMUSG00000021786",-1.99719755983361,0.0657983489376288,0.196163533900832,"24h_vs_0h"
"ENSMUSG00000029141",2.0114588945627,0.0658335695459052,0.196163533900832,"24h_vs_0h"
"ENSMUSG00000028639",0.252480327973,0.0660255135625829,0.19658395071023,"24h_vs_0h"
"ENSMUSG00000062647",-0.106794092977225,0.0660639997955988,0.19658395071023,"24h_vs_0h"
"ENSMUSG00000033938",-0.156787057702026,0.0662771398687957,0.197084927407142,"24h_vs_0h"
"ENSMUSG00000063406",-2.68602445073622,0.06681306916402,0.198533370782593,"24h_vs_0h"
"ENSMUSG00000055204",1.50889729640052,0.066854454782959,0.198533370782593,"24h_vs_0h"
"ENSMUSG00000041733",-0.172018437801754,0.0669559139453177,0.198700591553165,"24h_vs_0h"
"ENSMUSG00000019942",-0.121483167063694,0.0670085390984696,0.198722763188925,"24h_vs_0h"
"ENSMUSG00000002332",-0.124415109123102,0.0674375412877244,0.199860349634529,"24h_vs_0h"
"ENSMUSG00000038936",-0.163985058264469,0.0676528558361562,0.200229789437141,"24h_vs_0h"
"ENSMUSG00000032328",2.00156141628025,0.0676531917502904,0.200229789437141,"24h_vs_0h"
"ENSMUSG00000039221",-1.97547209010914,0.0679034809343835,0.200835497037783,"24h_vs_0h"
"ENSMUSG00000037296",1.91148736138567,0.0679871414289281,0.200947890818477,"24h_vs_0h"
"ENSMUSG00000061518",-0.161414569934465,0.0682507440333557,0.201410588729413,"24h_vs_0h"
"ENSMUSG00000062078",0.100968691260647,0.0682626590514503,0.201410588729413,"24h_vs_0h"
"ENSMUSG00000056737",0.259279243554598,0.0683925182705617,0.201410588729413,"24h_vs_0h"
"ENSMUSG00000018287",1.88418264061889,0.0685800879616053,0.201410588729413,"24h_vs_0h"
"ENSMUSG00000038690",-0.125739784344066,0.0686025774687703,0.201410588729413,"24h_vs_0h"
"ENSMUSG00000029860",1.39392701140172,0.0687574221195153,0.201410588729413,"24h_vs_0h"
"ENSMUSG00000027797",1.29648656952381,0.0688216303009828,0.201410588729413,"24h_vs_0h"
"ENSMUSG00000016541",0.24464251097379,0.068835898832857,0.201410588729413,"24h_vs_0h"
"ENSMUSG00000021929",0.180052211251816,0.0690473207088439,0.201410588729413,"24h_vs_0h"
"ENSMUSG00000002844",1.44523882811313,0.0691358424630308,0.201410588729413,"24h_vs_0h"
"ENSMUSG00000028309",1.99536855480661,0.0692375911062875,0.201410588729413,"24h_vs_0h"
"ENSMUSG00000026864",-0.0965657364723711,0.0692851881353792,0.201410588729413,"24h_vs_0h"
"ENSMUSG00000019066",-1.9865951309835,0.0695060362158893,0.201410588729413,"24h_vs_0h"
"ENSMUSG00000022370",-0.118353490278672,0.0699470041376537,0.201410588729413,"24h_vs_0h"
"ENSMUSG00000003873",2.54125675781998,0.0700234374020352,0.201410588729413,"24h_vs_0h"
"ENSMUSG00000020671",-0.165420046352306,0.0700721578295991,0.201410588729413,"24h_vs_0h"
"ENSMUSG00000012519",1.18503885525057,0.0701784410097538,0.201410588729413,"24h_vs_0h"
"ENSMUSG00000032350",1.03870731266433,0.0701924268125109,0.201410588729413,"24h_vs_0h"
"ENSMUSG00000052214",-2.05703737749906,0.0701983004744172,0.201410588729413,"24h_vs_0h"
"ENSMUSG00000038544",-1.53701173493997,0.0701995420223243,0.201410588729413,"24h_vs_0h"
"ENSMUSG00000039678",1.04218898227893,0.0702104575436174,0.201410588729413,"24h_vs_0h"
"ENSMUSG00000039159",1.49164125481951,0.0702193138118573,0.201410588729413,"24h_vs_0h"
"ENSMUSG00000002500",-2.10586646249932,0.070239705452392,0.201410588729413,"24h_vs_0h"
"ENSMUSG00000041939",1.19165069232966,0.0702467549484732,0.201410588729413,"24h_vs_0h"
"ENSMUSG00000056493",0.998108639121789,0.0702488386855523,0.201410588729413,"24h_vs_0h"
"ENSMUSG00000006356",1.13135764791137,0.0702524750443932,0.201410588729413,"24h_vs_0h"
"ENSMUSG00000024563",1.05471166051805,0.0702627244367726,0.201410588729413,"24h_vs_0h"
"ENSMUSG00000062646",1.04043200524037,0.0702645885315666,0.201410588729413,"24h_vs_0h"
"ENSMUSG00000024142",-0.921571451432545,0.070294682224577,0.201410588729413,"24h_vs_0h"
"ENSMUSG00000057230",0.874214257940714,0.0703105493965707,0.201410588729413,"24h_vs_0h"
"ENSMUSG00000022828",0.860602829656351,0.0703118463091639,0.201410588729413,"24h_vs_0h"
"ENSMUSG00000096370",-1.73771481207191,0.0703361832258222,0.201410588729413,"24h_vs_0h"
"ENSMUSG00000034259",-1.22032891835947,0.0703523885904755,0.201410588729413,"24h_vs_0h"
"ENSMUSG00000040658",0.949269847601315,0.0703531740281273,0.201410588729413,"24h_vs_0h"
"ENSMUSG00000029246",1.07247747578136,0.070355146770232,0.201410588729413,"24h_vs_0h"
"ENSMUSG00000038489",1.53149630154442,0.0703569351372925,0.201410588729413,"24h_vs_0h"
"ENSMUSG00000029684",1.25541605487516,0.0703621562830078,0.201410588729413,"24h_vs_0h"
"ENSMUSG00000017307",-1.0666870593491,0.0703808751113933,0.201410588729413,"24h_vs_0h"
"ENSMUSG00000031821",1.22073537405787,0.0703933193505254,0.201410588729413,"24h_vs_0h"
"ENSMUSG00000058240",1.22827873318137,0.0704276180513858,0.201410588729413,"24h_vs_0h"
"ENSMUSG00000057789",1.13461405182281,0.0704425550990229,0.201410588729413,"24h_vs_0h"
"ENSMUSG00000039929",-1.16169312400515,0.0704908254409013,0.201410588729413,"24h_vs_0h"
"ENSMUSG00000031157",1.44365629209874,0.0705103886127738,0.201410588729413,"24h_vs_0h"
"ENSMUSG00000018547",1.03861872829992,0.0705115675479991,0.201410588729413,"24h_vs_0h"
"ENSMUSG00000038546",-1.13598038581823,0.0705319280479079,0.201410588729413,"24h_vs_0h"
"ENSMUSG00000029920",0.984580004678222,0.0705408942478248,0.201410588729413,"24h_vs_0h"
"ENSMUSG00000036990",0.958124180038677,0.0706799658066603,0.201410588729413,"24h_vs_0h"
"ENSMUSG00000028990",1.14948506004457,0.070686516386332,0.201410588729413,"24h_vs_0h"
"ENSMUSG00000025036",-0.161091959680103,0.0707604160673834,0.201410588729413,"24h_vs_0h"
"ENSMUSG00000031578",-0.962289799108486,0.0707957688966421,0.201410588729413,"24h_vs_0h"
"ENSMUSG00000051177",0.854300443585487,0.0708019034283922,0.201410588729413,"24h_vs_0h"
"ENSMUSG00000022031",0.955637481741107,0.0708198896670239,0.201410588729413,"24h_vs_0h"
"ENSMUSG00000023008",0.849394402482169,0.07083329600779,0.201410588729413,"24h_vs_0h"
"ENSMUSG00000025178",0.968400783628496,0.0708518532895362,0.201410588729413,"24h_vs_0h"
"ENSMUSG00000023010",1.96567467089231,0.0708809822400616,0.201410588729413,"24h_vs_0h"
"ENSMUSG00000032512",1.32331621469243,0.0708817605147684,0.201410588729413,"24h_vs_0h"
"ENSMUSG00000020109",-0.934567239282199,0.0709209817327283,0.201410588729413,"24h_vs_0h"
"ENSMUSG00000037275",0.905557005269831,0.0709260830430504,0.201410588729413,"24h_vs_0h"
"ENSMUSG00000006736",0.885595624491831,0.0709401899102224,0.201410588729413,"24h_vs_0h"
"ENSMUSG00000025869",-1.07405369355194,0.0710020100810347,0.201410588729413,"24h_vs_0h"
"ENSMUSG00000028292",-0.137381748261632,0.0710085687582645,0.201410588729413,"24h_vs_0h"
"ENSMUSG00000062981",-1.7439044565916,0.071020996567008,0.201410588729413,"24h_vs_0h"
"ENSMUSG00000022779",0.849005380696116,0.07103839055807,0.201410588729413,"24h_vs_0h"
"ENSMUSG00000052917",-0.940476292574594,0.0710726299242851,0.201410588729413,"24h_vs_0h"
"ENSMUSG00000030314",0.833786984155548,0.0711518363466922,0.20150529714401,"24h_vs_0h"
"ENSMUSG00000020124",0.259806132113372,0.0713234026324227,0.201861282948741,"24h_vs_0h"
"ENSMUSG00000030614",1.01688875394696,0.0714224223775076,0.20201162010502,"24h_vs_0h"
"ENSMUSG00000018909",1.13236278388464,0.0714854044323005,0.202040340573011,"24h_vs_0h"
"ENSMUSG00000028427",-1.05394346471167,0.0715551747726026,0.202040340573011,"24h_vs_0h"
"ENSMUSG00000025374",1.58976409910682,0.071570300148449,0.202040340573011,"24h_vs_0h"
"ENSMUSG00000028847",1.5812431354967,0.0717767976095782,0.202441027445714,"24h_vs_0h"
"ENSMUSG00000037411",0.905609637694138,0.0718042362742013,0.202441027445714,"24h_vs_0h"
"ENSMUSG00000029632",-0.238143938149044,0.0719963589096955,0.202782894754504,"24h_vs_0h"
"ENSMUSG00000026463",0.697203522956514,0.0720176470123358,0.202782894754504,"24h_vs_0h"
"ENSMUSG00000061950",0.703910440578849,0.0721119043814191,0.202918472623162,"24h_vs_0h"
"ENSMUSG00000019782",1.82607441293379,0.0722000053453847,0.203003493134707,"24h_vs_0h"
"ENSMUSG00000036580",-1.4773583020819,0.0722707073446855,0.203003493134707,"24h_vs_0h"
"ENSMUSG00000018377",-0.214049673655389,0.0723077107847132,0.203003493134707,"24h_vs_0h"
"ENSMUSG00000057177",0.756329235115004,0.0723266251386551,0.203003493134707,"24h_vs_0h"
"ENSMUSG00000022947",1.0627941465252,0.072424566930752,0.203148833054327,"24h_vs_0h"
"ENSMUSG00000026385",0.193294705775209,0.0725863615885833,0.203451177861167,"24h_vs_0h"
"ENSMUSG00000057134",1.1430739065104,0.0726248126380126,0.203451177861167,"24h_vs_0h"
"ENSMUSG00000038462",-0.132051669490888,0.0727136350667808,0.203570424891159,"24h_vs_0h"
"ENSMUSG00000024491",-1.90913691009509,0.0728261059165443,0.203727545695431,"24h_vs_0h"
"ENSMUSG00000036256",1.11373858361916,0.0728919536674405,0.203727545695431,"24h_vs_0h"
"ENSMUSG00000032299",0.821967611720893,0.072908630872598,0.203727545695431,"24h_vs_0h"
"ENSMUSG00000032280",1.00279170096494,0.0729791765175765,0.203795276557014,"24h_vs_0h"
"ENSMUSG00000020250",0.212823413142612,0.0730780550203563,0.20394199121407,"24h_vs_0h"
"ENSMUSG00000028163",1.73541832064233,0.0733370488691545,0.20453507735941,"24h_vs_0h"
"ENSMUSG00000025995",0.763474894498952,0.0734035613377631,0.204590926819186,"24h_vs_0h"
"ENSMUSG00000032527",-0.116491890725328,0.0735294831417966,0.204812186903194,"24h_vs_0h"
"ENSMUSG00000038121",1.64232589658043,0.0739106409690344,0.205743662811335,"24h_vs_0h"
"ENSMUSG00000029152",-0.128887131634162,0.0739913161305333,0.205838041902956,"24h_vs_0h"
"ENSMUSG00000031924",0.168940690471548,0.0743507646795641,0.206707337558283,"24h_vs_0h"
"ENSMUSG00000030847",1.6150756278302,0.0749433224272851,0.2082232083349,"24h_vs_0h"
"ENSMUSG00000017969",0.918389240251262,0.0750060529753613,0.208266018387738,"24h_vs_0h"
"ENSMUSG00000040044",1.66267658009078,0.0751237899500152,0.208461412087022,"24h_vs_0h"
"ENSMUSG00000115987",1.90066121906248,0.0754082654571252,0.209118951655203,"24h_vs_0h"
"ENSMUSG00000029433",-0.185268009078534,0.0757453205054661,0.209921382584733,"24h_vs_0h"
"ENSMUSG00000042426",1.16653854650209,0.0758477365474318,0.210072931746537,"24h_vs_0h"
"ENSMUSG00000068748",-2.29006217557513,0.0758972028975399,0.210077729529606,"24h_vs_0h"
"ENSMUSG00000064068",-0.135659201582797,0.0762836662334224,0.210917470199864,"24h_vs_0h"
"ENSMUSG00000044627",1.96724769568574,0.0762964354824321,0.210917470199864,"24h_vs_0h"
"ENSMUSG00000029502",2.60881038572968,0.0764648377536015,0.211250314471814,"24h_vs_0h"
"ENSMUSG00000061559",0.153496885655361,0.0765378552577114,0.211319385815049,"24h_vs_0h"
"ENSMUSG00000035024",-0.141707744132056,0.0769516814509341,0.212328746122609,"24h_vs_0h"
"ENSMUSG00000020460",-0.155880466214633,0.0773380280712066,0.213261066128684,"24h_vs_0h"
"ENSMUSG00000033732",-0.20532667319738,0.0775144269713962,0.213527614263296,"24h_vs_0h"
"ENSMUSG00000038417",0.598253858063824,0.077531726333276,0.213527614263296,"24h_vs_0h"
"ENSMUSG00000073838",-0.0853745465205158,0.0780276712422848,0.214759087640585,"24h_vs_0h"
"ENSMUSG00000009863",-0.127853987192942,0.0781175115905057,0.214865960350163,"24h_vs_0h"
"ENSMUSG00000025793",1.13209635205376,0.0781799255155373,0.214865960350163,"24h_vs_0h"
"ENSMUSG00000059273",1.49117891371075,0.078212967162227,0.214865960350163,"24h_vs_0h"
"ENSMUSG00000026374",1.26261148531072,0.0786307900652593,0.215879043716286,"24h_vs_0h"
"ENSMUSG00000052146",0.211576954939723,0.0786987364677157,0.215930884784549,"24h_vs_0h"
"ENSMUSG00000020994",-0.111654181269092,0.0788378373149919,0.216177770731015,"24h_vs_0h"
"ENSMUSG00000030835",-0.0927072465626253,0.078970185383212,0.216405844253746,"24h_vs_0h"
"ENSMUSG00000021072",-0.207394091882893,0.0790778900011816,0.216566144303174,"24h_vs_0h"
"ENSMUSG00000040018",2.62583671723207,0.0793908953653649,0.217258910498066,"24h_vs_0h"
"ENSMUSG00000015357",-0.0596015053420977,0.0794295812295815,0.217258910498066,"24h_vs_0h"
"ENSMUSG00000041912",-0.227565624346507,0.0795939389878532,0.217573245643194,"24h_vs_0h"
"ENSMUSG00000022742",-0.149059984838846,0.0797155921352186,0.217770528235318,"24h_vs_0h"
"ENSMUSG00000005087",1.46092009403441,0.0799981992713691,0.218406994412714,"24h_vs_0h"
"ENSMUSG00000002343",1.23306051326706,0.0802880966372127,0.219062562492482,"24h_vs_0h"
"ENSMUSG00000021235",-0.168620814702603,0.0804920398956599,0.219482941499876,"24h_vs_0h"
"ENSMUSG00000038991",-0.0829831860060288,0.0808668647831153,0.220368465579251,"24h_vs_0h"
"ENSMUSG00000034109",-0.169886031691345,0.0810013407299318,0.220598329549771,"24h_vs_0h"
"ENSMUSG00000014633",-0.230943368777137,0.0810701739639776,0.220649248989156,"24h_vs_0h"
"ENSMUSG00000026820",-0.116777890550978,0.081137348912725,0.220695594910323,"24h_vs_0h"
"ENSMUSG00000038069",-0.116028285248586,0.0812423736370662,0.220844772314224,"24h_vs_0h"
"ENSMUSG00000020993",2.00217303207305,0.0813187077961951,0.22091582284633,"24h_vs_0h"
"ENSMUSG00000042073",0.126802991033706,0.0815486099629777,0.221403721435573,"24h_vs_0h"
"ENSMUSG00000024639",-0.108751595738013,0.0818591550889034,0.22210982832692,"24h_vs_0h"
"ENSMUSG00000001774",1.72568819441967,0.0822506940109349,0.222985853953662,"24h_vs_0h"
"ENSMUSG00000074364",0.14172405540312,0.082292230287041,0.222985853953662,"24h_vs_0h"
"ENSMUSG00000041028",-2.35651626298304,0.0823676123586913,0.222985853953662,"24h_vs_0h"
"ENSMUSG00000029427",-0.247379549202023,0.082396289614955,0.222985853953662,"24h_vs_0h"
"ENSMUSG00000009575",-0.130304532845464,0.0824353520523991,0.222985853953662,"24h_vs_0h"
"ENSMUSG00000033307",0.22048082590938,0.0827731513283734,0.2236480976595,"24h_vs_0h"
"ENSMUSG00000024759",-0.129729094576319,0.0827818111991197,0.2236480976595,"24h_vs_0h"
"ENSMUSG00000031710",0.932108718994431,0.0831266736951857,0.224306712607906,"24h_vs_0h"
"ENSMUSG00000014867",0.272636333541083,0.0831275274400125,0.224306712607906,"24h_vs_0h"
"ENSMUSG00000020514",-0.155028076561432,0.0833897057468437,0.224876283695992,"24h_vs_0h"
"ENSMUSG00000028766",-0.201371377716242,0.0835328836777642,0.225065857308545,"24h_vs_0h"
"ENSMUSG00000030316",-0.239861344992065,0.0835622837632724,0.225065857308545,"24h_vs_0h"
"ENSMUSG00000038848",2.31077538092856,0.0838218464158456,0.225626878334029,"24h_vs_0h"
"ENSMUSG00000022974",1.38076099333461,0.0844404019891074,0.227152939580722,"24h_vs_0h"
"ENSMUSG00000031197",1.98613675349851,0.084527616513901,0.227248650139083,"24h_vs_0h"
"ENSMUSG00000020903",1.46964046263421,0.0848259665555473,0.227777507156837,"24h_vs_0h"
"ENSMUSG00000022427",-0.13969793580841,0.0848278423608397,0.227777507156837,"24h_vs_0h"
"ENSMUSG00000050627",1.69129680698465,0.0853418366804496,0.229017940994304,"24h_vs_0h"
"ENSMUSG00000032116",0.276440177857058,0.0854624855136527,0.229201949266048,"24h_vs_0h"
"ENSMUSG00000029484",0.197134969387164,0.0855466397024427,0.22928791798444,"24h_vs_0h"
"ENSMUSG00000027327",2.18505394897184,0.0857639224380191,0.229730385057652,"24h_vs_0h"
"ENSMUSG00000036371",2.41832243322378,0.0860918990100877,0.230411321754612,"24h_vs_0h"
"ENSMUSG00000002732",-0.164421056552928,0.0861228412375225,0.230411321754612,"24h_vs_0h"
"ENSMUSG00000006498",-0.0983927518950445,0.0862746288790638,0.230670790680357,"24h_vs_0h"
"ENSMUSG00000020477",-0.160913441809001,0.0863246517270047,0.230670790680357,"24h_vs_0h"
"ENSMUSG00000042642",0.831968137530055,0.0864059122798523,0.230747827635698,"24h_vs_0h"
"ENSMUSG00000056820",1.03321095961654,0.0866643234523394,0.231297566715431,"24h_vs_0h"
"ENSMUSG00000020571",0.0947839823460583,0.087091242712471,0.232200549239961,"24h_vs_0h"
"ENSMUSG00000052428",2.35443532212822,0.0871081815031072,0.232200549239961,"24h_vs_0h"
"ENSMUSG00000027679",-0.113758892358316,0.0874188254055089,0.232782658603833,"24h_vs_0h"
"ENSMUSG00000035199",1.71791602402662,0.0874323414387947,0.232782658603833,"24h_vs_0h"
"ENSMUSG00000061981",-0.226631606154477,0.0876239746548675,0.233151821315642,"24h_vs_0h"
"ENSMUSG00000093930",0.256413800161805,0.087722228851867,0.233272223067714,"24h_vs_0h"
"ENSMUSG00000029992",0.878711478231789,0.0879631379147191,0.233771600219009,"24h_vs_0h"
"ENSMUSG00000003420",2.4293758965622,0.0880671445163544,0.233810417133428,"24h_vs_0h"
"ENSMUSG00000070493",0.148011366097155,0.0880839971840997,0.233810417133428,"24h_vs_0h"
"ENSMUSG00000054312",-0.135065104158492,0.0881958918671485,0.233966317123159,"24h_vs_0h"
"ENSMUSG00000056167",1.29926463493853,0.0884348062559407,0.234348748325159,"24h_vs_0h"
"ENSMUSG00000019428",-0.112179743282521,0.0884465510038831,0.234348748325159,"24h_vs_0h"
"ENSMUSG00000019961",-1.67319319434101,0.0892709269791734,0.23639070375171,"24h_vs_0h"
"ENSMUSG00000026377",-0.939926024170394,0.0898668681817478,0.237825668591625,"24h_vs_0h"
"ENSMUSG00000026554",0.880517995073841,0.0900921540632803,0.238278587759914,"24h_vs_0h"
"ENSMUSG00000030265",-0.126627566613458,0.0906511845398717,0.239613131027012,"24h_vs_0h"
"ENSMUSG00000028843",-2.22384270569125,0.0909326161921006,0.240212751417428,"24h_vs_0h"
"ENSMUSG00000016256",0.133499877286209,0.0910053652805065,0.240260715416622,"24h_vs_0h"
"ENSMUSG00000008540",-0.16360644778247,0.0910981532034747,0.240361494153772,"24h_vs_0h"
"ENSMUSG00000025159",0.17900781438561,0.0913798027509012,0.240852062790771,"24h_vs_0h"
"ENSMUSG00000025224",0.322464254960568,0.0913935343923169,0.240852062790771,"24h_vs_0h"
"ENSMUSG00000004207",0.10193908395663,0.0915101376540389,0.241015030410189,"24h_vs_0h"
"ENSMUSG00000020832",2.47497400495182,0.0916234403408605,0.241169115394813,"24h_vs_0h"
"ENSMUSG00000005510",-0.170814096656077,0.0917947038523287,0.241475488137536,"24h_vs_0h"
"ENSMUSG00000009291",3.70989613540045,0.0921135064642317,0.242169379897899,"24h_vs_0h"
"ENSMUSG00000028580",1.64716929605376,0.092813084361092,0.24386291598398,"24h_vs_0h"
"ENSMUSG00000025150",-0.170365245774086,0.0930894354406988,0.244443081965701,"24h_vs_0h"
"ENSMUSG00000002984",-0.116532508097499,0.093444410938926,0.245228892392494,"24h_vs_0h"
"ENSMUSG00000028973",-0.185591670024188,0.0944098115430301,0.247614767938543,"24h_vs_0h"
"ENSMUSG00000051149",-0.146951407844217,0.0958223100946502,0.25116973598961,"24h_vs_0h"
"ENSMUSG00000045973",-0.142101055245856,0.0969681215890635,0.25402184709135,"24h_vs_0h"
"ENSMUSG00000024660",-1.46086520131797,0.0974294977783057,0.255006969757856,"24h_vs_0h"
"ENSMUSG00000050708",0.118391113915433,0.097460059789301,0.255006969757856,"24h_vs_0h"
"ENSMUSG00000021012",1.68913967714909,0.0978821814587976,0.255959287344128,"24h_vs_0h"
"ENSMUSG00000015112",2.2044359294014,0.0979514483702875,0.255988316079356,"24h_vs_0h"
"ENSMUSG00000084786",1.21414494833211,0.0982733962044075,0.256645227051186,"24h_vs_0h"
"ENSMUSG00000028062",-0.104455530735205,0.0983194394020222,0.256645227051186,"24h_vs_0h"
"ENSMUSG00000072772",-1.33609687795657,0.0985604947073028,0.257121954479455,"24h_vs_0h"
"ENSMUSG00000031226",0.190219744768513,0.0996865498264484,0.259753099318189,"24h_vs_0h"
"ENSMUSG00000001052",0.107154678992561,0.0996871130989369,0.259753099318189,"24h_vs_0h"
"ENSMUSG00000046516",0.280045111553626,0.10013058338406,0.260660637028602,"24h_vs_0h"
"ENSMUSG00000005397",-0.12196545197521,0.100153859853526,0.260660637028602,"24h_vs_0h"
"ENSMUSG00000024764",0.821280728102455,0.100571747722343,0.261593535299072,"24h_vs_0h"
"ENSMUSG00000020766",0.12527849816842,0.101012746432628,0.262585408771409,"24h_vs_0h"
"ENSMUSG00000023022",-0.205264676315,0.101307764504359,0.263196854535824,"24h_vs_0h"
"ENSMUSG00000032185",1.69082933400019,0.101413250296524,0.263315465814162,"24h_vs_0h"
"ENSMUSG00000024308",-0.278406838295975,0.101700142557472,0.263904674171837,"24h_vs_0h"
"ENSMUSG00000029718",-0.956615383605918,0.101917258297414,0.264312229679977,"24h_vs_0h"
"ENSMUSG00000024234",1.90925121872717,0.102758484352624,0.266336919691342,"24h_vs_0h"
"ENSMUSG00000022033",1.61728188293563,0.102888698814767,0.266517459378335,"24h_vs_0h"
"ENSMUSG00000027708",1.32825756013871,0.10296387645887,0.266555306056168,"24h_vs_0h"
"ENSMUSG00000057181",1.38443425533873,0.103123487135853,0.26676939771623,"24h_vs_0h"
"ENSMUSG00000029185",0.857055062629467,0.103167806160651,0.26676939771623,"24h_vs_0h"
"ENSMUSG00000047454",1.20599141523109,0.103470794091482,0.267395751495369,"24h_vs_0h"
"ENSMUSG00000028076",-0.169475557914819,0.103745457501913,0.26794821506216,"24h_vs_0h"
"ENSMUSG00000039220",-0.156333712576199,0.103939549861836,0.268292058030463,"24h_vs_0h"
"ENSMUSG00000054808",0.0823057280192572,0.104220236060563,0.26885888564041,"24h_vs_0h"
"ENSMUSG00000027242",-1.52586208403076,0.104557696292968,0.26957142436166,"24h_vs_0h"
"ENSMUSG00000020877",1.40508111251589,0.104827412792492,0.270108573594706,"24h_vs_0h"
"ENSMUSG00000045160",0.188319992018624,0.105094647811385,0.27048542024051,"24h_vs_0h"
"ENSMUSG00000007880",1.47576792600048,0.105096584551527,0.27048542024051,"24h_vs_0h"
"ENSMUSG00000005698",-0.136727216059086,0.105494207289607,0.27135009133931,"24h_vs_0h"
"ENSMUSG00000031917",-1.81459709757375,0.105875454778953,0.272171656823699,"24h_vs_0h"
"ENSMUSG00000015247",-0.155997955929632,0.106292729564014,0.273084823590909,"24h_vs_0h"
"ENSMUSG00000022807",0.140600983207246,0.106598110111059,0.273622031943556,"24h_vs_0h"
"ENSMUSG00000042111",-1.48622136315444,0.106626172411542,0.273622031943556,"24h_vs_0h"
"ENSMUSG00000021646",-0.174868748000186,0.106781861929541,0.273751029401072,"24h_vs_0h"
"ENSMUSG00000029467",-0.0765046252132002,0.106800844690216,0.273751029401072,"24h_vs_0h"
"ENSMUSG00000004268",-0.798262266191244,0.106906688813993,0.27386282739836,"24h_vs_0h"
"ENSMUSG00000058587",0.139492445714158,0.10706118976835,0.274004488800357,"24h_vs_0h"
"ENSMUSG00000071547",-0.40854637097592,0.107086507779281,0.274004488800357,"24h_vs_0h"
"ENSMUSG00000029462",0.175328001056663,0.107586665096414,0.275124295810179,"24h_vs_0h"
"ENSMUSG00000028647",2.18862446131626,0.107736962858236,0.275204960673217,"24h_vs_0h"
"ENSMUSG00000019278",-0.143907230442874,0.10774327362871,0.275204960673217,"24h_vs_0h"
"ENSMUSG00000072582",-0.11604226636717,0.107884414862603,0.275350286950334,"24h_vs_0h"
"ENSMUSG00000044221",-0.0854879402281448,0.107925299929408,0.275350286950334,"24h_vs_0h"
"ENSMUSG00000024588",-0.106955209016085,0.108944783425417,0.277790261793314,"24h_vs_0h"
"ENSMUSG00000032212",-0.927940542202766,0.109463926267401,0.278952367980794,"24h_vs_0h"
"ENSMUSG00000026670",1.3486160207771,0.109773408624904,0.27956392648313,"24h_vs_0h"
"ENSMUSG00000038587",1.39950874793315,0.109830954076194,0.27956392648313,"24h_vs_0h"
"ENSMUSG00000078923",0.183465203770965,0.109983277793717,0.279789829809334,"24h_vs_0h"
"ENSMUSG00000021236",1.06748080958635,0.110717780711088,0.281495640040148,"24h_vs_0h"
"ENSMUSG00000030447",0.922200180713066,0.111247195115631,0.282678352023034,"24h_vs_0h"
"ENSMUSG00000025395",0.122262998130129,0.111399939726664,0.282903136028304,"24h_vs_0h"
"ENSMUSG00000026999",-0.16129216625033,0.111483077696202,0.282950994775655,"24h_vs_0h"
"ENSMUSG00000032612",1.47183765068176,0.111745443031895,0.283453426388108,"24h_vs_0h"
"ENSMUSG00000003429",0.0749063730327322,0.112942684478562,0.286325319349166,"24h_vs_0h"
"ENSMUSG00000040048",-0.0964842973327862,0.113795572928135,0.288321425709108,"24h_vs_0h"
"ENSMUSG00000029538",-0.183994261063123,0.114005074528343,0.288677196897698,"24h_vs_0h"
"ENSMUSG00000025234",1.42767039965197,0.114067176870051,0.288677196897698,"24h_vs_0h"
"ENSMUSG00000014554",-0.187551261778484,0.115064184296844,0.291033031661156,"24h_vs_0h"
"ENSMUSG00000033352",1.4405634011955,0.115233309742201,0.291293392404036,"24h_vs_0h"
"ENSMUSG00000024527",-0.0991560481363365,0.116179659062906,0.293517037621039,"24h_vs_0h"
"ENSMUSG00000031379",1.25800513066811,0.116254041003485,0.293536451208456,"24h_vs_0h"
"ENSMUSG00000013160",-0.0896057804264814,0.116333228161119,0.293567968541908,"24h_vs_0h"
"ENSMUSG00000045128",0.0654550096010595,0.116604231489697,0.294083222227023,"24h_vs_0h"
"ENSMUSG00000025745",-0.104592519681091,0.116752114206093,0.294287545601957,"24h_vs_0h"
"ENSMUSG00000029776",-0.112876170323631,0.116938647654472,0.294589003049416,"24h_vs_0h"
"ENSMUSG00000003438",-0.105533788559502,0.117031326109179,0.294653813619277,"24h_vs_0h"
"ENSMUSG00000021171",-0.120486054701033,0.117120540255602,0.294709832855862,"24h_vs_0h"
"ENSMUSG00000020863",-0.123372613829741,0.117522927219385,0.295553372967151,"24h_vs_0h"
"ENSMUSG00000024194",1.01515581967675,0.117848071849548,0.296201807087298,"24h_vs_0h"
"ENSMUSG00000038909",-0.243439516714808,0.11809934619645,0.296528178699112,"24h_vs_0h"
"ENSMUSG00000038828",-1.59309507717935,0.118112678313916,0.296528178699112,"24h_vs_0h"
"ENSMUSG00000078902",-0.674922435285414,0.1186571943988,0.297725377736098,"24h_vs_0h"
"ENSMUSG00000071253",-0.238525075219613,0.119133632004536,0.298696907269805,"24h_vs_0h"
"ENSMUSG00000022111",1.09528047365805,0.119180133870888,0.298696907269805,"24h_vs_0h"
"ENSMUSG00000020430",-0.766702333129516,0.119257417716415,0.298697058267215,"24h_vs_0h"
"ENSMUSG00000024581",0.784436099461775,0.119315934658887,0.298697058267215,"24h_vs_0h"
"ENSMUSG00000029176",1.32556261632949,0.119458362137233,0.298883599639548,"24h_vs_0h"
"ENSMUSG00000000278",0.084358985190736,0.120544762933686,0.30143039867679,"24h_vs_0h"
"ENSMUSG00000033565",-1.34442513454179,0.120673249585294,0.301580335846042,"24h_vs_0h"
"ENSMUSG00000022708",-0.129668991108325,0.121266087023797,0.302889925647975,"24h_vs_0h"
"ENSMUSG00000053293",-1.35543871227621,0.121360579041049,0.302943831118708,"24h_vs_0h"
"ENSMUSG00000040054",-1.05251679040708,0.121425339262304,0.302943831118708,"24h_vs_0h"
"ENSMUSG00000028128",1.8986196405443,0.121859741614523,0.303855367051284,"24h_vs_0h"
"ENSMUSG00000041308",-0.19041147945304,0.122255284831581,0.304669030885497,"24h_vs_0h"
"ENSMUSG00000024740",0.086840157903616,0.122868231330073,0.306023251886617,"24h_vs_0h"
"ENSMUSG00000037012",-0.0719645182198505,0.123089157929205,0.306400104098661,"24h_vs_0h"
"ENSMUSG00000039745",-1.16187732842097,0.124114740937179,0.308778391670166,"24h_vs_0h"
"ENSMUSG00000030225",0.820497335551952,0.124540260686086,0.309661970214387,"24h_vs_0h"
"ENSMUSG00000055531",-0.11145434067037,0.124828091636081,0.310202389209707,"24h_vs_0h"
"ENSMUSG00000020186",0.857592175972481,0.125101593198162,0.310706609291823,"24h_vs_0h"
"ENSMUSG00000027306",1.5127539260149,0.125574952712553,0.311611533361948,"24h_vs_0h"
"ENSMUSG00000024594",0.106155938341079,0.125607557415155,0.311611533361948,"24h_vs_0h"
"ENSMUSG00000053510",1.14585135706892,0.126343617709862,0.313003251442628,"24h_vs_0h"
"ENSMUSG00000036880",-0.0861736497137002,0.126407307667095,0.313003251442628,"24h_vs_0h"
"ENSMUSG00000038346",-1.2948119536008,0.126425255078475,0.313003251442628,"24h_vs_0h"
"ENSMUSG00000062014",0.81131199996565,0.126453029099067,0.313003251442628,"24h_vs_0h"
"ENSMUSG00000032306",1.40870998229686,0.12653888545254,0.31303970482104,"24h_vs_0h"
"ENSMUSG00000026193",0.144104393305881,0.12703840757177,0.314098894226608,"24h_vs_0h"
"ENSMUSG00000015363",0.169476888389095,0.127186133618674,0.314239198331594,"24h_vs_0h"
"ENSMUSG00000003662",1.48459329806072,0.127237957606658,0.314239198331594,"24h_vs_0h"
"ENSMUSG00000036199",-0.138232886365543,0.127496194519111,0.314591862691952,"24h_vs_0h"
"ENSMUSG00000018042",-0.0855672269255514,0.127523718028276,0.314591862691952,"24h_vs_0h"
"ENSMUSG00000004880",-0.144061112855884,0.128023874212293,0.315648778940225,"24h_vs_0h"
"ENSMUSG00000028224",-0.168843440595762,0.128486393315729,0.316611767627393,"24h_vs_0h"
"ENSMUSG00000028953",0.0931036437608235,0.12893234426257,0.31753287470597,"24h_vs_0h"
"ENSMUSG00000028552",0.976968859617493,0.130040243133591,0.320082276303655,"24h_vs_0h"
"ENSMUSG00000067847",-1.57278828125096,0.130333761464495,0.320625424374087,"24h_vs_0h"
"ENSMUSG00000011884",1.0245089454127,0.130468150181496,0.320753044914895,"24h_vs_0h"
"ENSMUSG00000031555",0.226181731518277,0.130531402736327,0.320753044914895,"24h_vs_0h"
"ENSMUSG00000050335",1.18162380251487,0.130932137658298,0.321558224237817,"24h_vs_0h"
"ENSMUSG00000020576",-0.21595380203345,0.131192375773279,0.32201764962532,"24h_vs_0h"
"ENSMUSG00000024668",-0.19943569846631,0.131310620641041,0.322128228228105,"24h_vs_0h"
"ENSMUSG00000060126",0.189391434723841,0.131743928756535,0.323011159029253,"24h_vs_0h"
"ENSMUSG00000024853",-0.0986944451480412,0.133123119257488,0.326210939784079,"24h_vs_0h"
"ENSMUSG00000021460",-0.144512982130781,0.133525634886662,0.326844405689045,"24h_vs_0h"
"ENSMUSG00000031353",0.149376532911088,0.133530161651648,0.326844405689045,"24h_vs_0h"
"ENSMUSG00000008683",0.0740370197703868,0.133985884519551,0.327777586309362,"24h_vs_0h"
"ENSMUSG00000027722",1.68586519645347,0.134224652412389,0.328109197043764,"24h_vs_0h"
"ENSMUSG00000021806",-0.171322793939371,0.134336951676626,0.328109197043764,"24h_vs_0h"
"ENSMUSG00000060961",-1.54740079813146,0.134380133204488,0.328109197043764,"24h_vs_0h"
"ENSMUSG00000028790",0.228831332119785,0.134419650595298,0.328109197043764,"24h_vs_0h"
"ENSMUSG00000030189",0.131107161371229,0.134587000222347,0.328335580919372,"24h_vs_0h"
"ENSMUSG00000021111",1.14528235104433,0.134823408541272,0.328730094731377,"24h_vs_0h"
"ENSMUSG00000020074",-0.0608256191680496,0.135216854263023,0.329506852498099,"24h_vs_0h"
"ENSMUSG00000002477",-0.168193531815007,0.13541943152667,0.329817884974475,"24h_vs_0h"
"ENSMUSG00000044986",-0.0976465794632588,0.136276292635265,0.331721218964492,"24h_vs_0h"
"ENSMUSG00000067274",0.0418901005891215,0.136450251220699,0.331961058939909,"24h_vs_0h"
"ENSMUSG00000057098",-0.925386458915984,0.136646932724575,0.332079747443166,"24h_vs_0h"
"ENSMUSG00000022820",-0.157202354439907,0.136649948334373,0.332079747443166,"24h_vs_0h"
"ENSMUSG00000027002",1.17265925973695,0.137292707861755,0.333457619922509,"24h_vs_0h"
"ENSMUSG00000037608",-0.128301408393508,0.137555107811561,0.333910661598831,"24h_vs_0h"
"ENSMUSG00000008393",0.308291544149,0.138538019769115,0.336111259649325,"24h_vs_0h"
"ENSMUSG00000042312",-0.11862148286302,0.138717114333352,0.336360341697566,"24h_vs_0h"
"ENSMUSG00000024782",-0.096434642883537,0.139389263248187,0.337780492974241,"24h_vs_0h"
"ENSMUSG00000019846",-0.187334562776698,0.139456295327016,0.337780492974241,"24h_vs_0h"
"ENSMUSG00000003868",0.093081059004529,0.139754209472841,0.338160261049063,"24h_vs_0h"
"ENSMUSG00000046707",-0.21663450462642,0.139766760928936,0.338160261049063,"24h_vs_0h"
"ENSMUSG00000020697",-1.27215175468981,0.140504095939265,0.339757431993794,"24h_vs_0h"
"ENSMUSG00000025794",-0.175276772553111,0.14063669153828,0.339891312169121,"24h_vs_0h"
"ENSMUSG00000034868",1.52468157905893,0.140792709375945,0.340081621275266,"24h_vs_0h"
"ENSMUSG00000039230",-0.948599977390668,0.141071631621424,0.340187503616155,"24h_vs_0h"
"ENSMUSG00000001016",-0.13200235164129,0.141115131095912,0.340187503616155,"24h_vs_0h"
"ENSMUSG00000040548",-1.0361203871788,0.141205468845563,0.340187503616155,"24h_vs_0h"
"ENSMUSG00000039087",-1.20924265757186,0.141230326377163,0.340187503616155,"24h_vs_0h"
"ENSMUSG00000031328",0.216965290043262,0.141266902734939,0.340187503616155,"24h_vs_0h"
"ENSMUSG00000037572",1.29812483881918,0.141300330972581,0.340187503616155,"24h_vs_0h"
"ENSMUSG00000021477",0.16613962502035,0.141479267317687,0.340432069691164,"24h_vs_0h"
"ENSMUSG00000044252",0.71450415341091,0.141809567060799,0.341040385046217,"24h_vs_0h"
"ENSMUSG00000025862",-0.102379894554179,0.141939168136456,0.341165635701007,"24h_vs_0h"
"ENSMUSG00000054428",-0.19666586453193,0.142226110963505,0.341668730540604,"24h_vs_0h"
"ENSMUSG00000071014",-0.38734446458508,0.142666911594626,0.342527205732082,"24h_vs_0h"
"ENSMUSG00000035504",1.5622192128835,0.142742936590511,0.342527205732082,"24h_vs_0h"
"ENSMUSG00000057541",0.841222512040265,0.142819718516833,0.342527205732082,"24h_vs_0h"
"ENSMUSG00000041959",-0.195234959285049,0.142992699475252,0.342527205732082,"24h_vs_0h"
"ENSMUSG00000031059",-0.11541581353509,0.143052483000824,0.342527205732082,"24h_vs_0h"
"ENSMUSG00000026172",1.21802280464155,0.143106407752024,0.342527205732082,"24h_vs_0h"
"ENSMUSG00000029501",-1.0857015315375,0.143128273424517,0.342527205732082,"24h_vs_0h"
"ENSMUSG00000034321",-1.21045201261992,0.143391907966946,0.3429716233492,"24h_vs_0h"
"ENSMUSG00000039148",-0.228360574461476,0.143497981539072,0.343038901006765,"24h_vs_0h"
"ENSMUSG00000028333",0.118160042381405,0.144682627620928,0.345683085863031,"24h_vs_0h"
"ENSMUSG00000020954",1.36568842369746,0.145086619694403,0.346460235092278,"24h_vs_0h"
"ENSMUSG00000040225",0.711735264279717,0.145987098889739,0.348352437589693,"24h_vs_0h"
"ENSMUSG00000028048",-0.0997584725667799,0.146057522626398,0.348352437589693,"24h_vs_0h"
"ENSMUSG00000039886",-0.153901534717846,0.146116473481157,0.348352437589693,"24h_vs_0h"
"ENSMUSG00000030435",-0.0787621716682416,0.146892567074487,0.350013095665846,"24h_vs_0h"
"ENSMUSG00000025277",-0.120162091407522,0.147718656950205,0.351791022314855,"24h_vs_0h"
"ENSMUSG00000036057",1.18861214150149,0.148219082062166,0.352791876774253,"24h_vs_0h"
"ENSMUSG00000046671",-0.217354771319393,0.148632948137453,0.35358573229888,"24h_vs_0h"
"ENSMUSG00000030036",-0.174763728788886,0.149258751227136,0.354717503159087,"24h_vs_0h"
"ENSMUSG00000031482",1.18082947417041,0.149269896807687,0.354717503159087,"24h_vs_0h"
"ENSMUSG00000020739",0.188122138607671,0.149414427809941,0.354869345273369,"24h_vs_0h"
"ENSMUSG00000025232",0.09729036120698,0.149957717933788,0.355967592570983,"24h_vs_0h"
"ENSMUSG00000022811",-1.53209960940656,0.150453677184813,0.356896854292013,"24h_vs_0h"
"ENSMUSG00000003033",1.24815253532331,0.150556521239869,0.356896854292013,"24h_vs_0h"
"ENSMUSG00000026623",-0.195104347042513,0.150630719514357,0.356896854292013,"24h_vs_0h"
"ENSMUSG00000000738",-0.127552282133028,0.150673564025122,0.356896854292013,"24h_vs_0h"
"ENSMUSG00000018765",0.110143654035337,0.150809084924041,0.35696730017853,"24h_vs_0h"
"ENSMUSG00000028433",1.59102429306496,0.150865525637825,0.35696730017853,"24h_vs_0h"
"ENSMUSG00000034892",0.106863373125279,0.151584522920555,0.358475811592349,"24h_vs_0h"
"ENSMUSG00000014551",0.244565681970688,0.151669198104889,0.358483426884865,"24h_vs_0h"
"ENSMUSG00000037896",-1.17014181310781,0.151790004819478,0.358576388196737,"24h_vs_0h"
"ENSMUSG00000061607",-0.100955185306233,0.152031334668096,0.358953811091359,"24h_vs_0h"
"ENSMUSG00000026615",-1.69454679595242,0.153013871956535,0.361079919828799,"24h_vs_0h"
"ENSMUSG00000053460",1.22990888196027,0.15321956960902,0.361371557261146,"24h_vs_0h"
"ENSMUSG00000061665",1.12196678648885,0.153438615707835,0.361694348007596,"24h_vs_0h"
"ENSMUSG00000018433",-1.28582955347597,0.154083255485768,0.363019490039007,"24h_vs_0h"
"ENSMUSG00000013997",0.803878302605074,0.154926086181156,0.364641012471467,"24h_vs_0h"
"ENSMUSG00000025940",1.93474480026543,0.155001770424101,0.364641012471467,"24h_vs_0h"
"ENSMUSG00000029781",0.131539318329811,0.155020071423339,0.364641012471467,"24h_vs_0h"
"ENSMUSG00000032763",-1.04263390519331,0.155719233274902,0.366089928228014,"24h_vs_0h"
"ENSMUSG00000041697",-0.208347256828326,0.155833874920572,0.366163845982616,"24h_vs_0h"
"ENSMUSG00000003235",1.15654700182075,0.156738954203799,0.367917826065411,"24h_vs_0h"
"ENSMUSG00000021144",-0.832734890628302,0.156747540075584,0.367917826065411,"24h_vs_0h"
"ENSMUSG00000074896",1.13593733894108,0.157069940022883,0.36845617627754,"24h_vs_0h"
"ENSMUSG00000007670",-0.108180758538527,0.157144340575538,0.36845617627754,"24h_vs_0h"
"ENSMUSG00000017760",0.0610063128077805,0.157358377703013,0.368745600452924,"24h_vs_0h"
"ENSMUSG00000025290",0.105022588595922,0.157435351795284,0.368745600452924,"24h_vs_0h"
"ENSMUSG00000028565",1.06461151730592,0.157924848039372,0.369388286828052,"24h_vs_0h"
"ENSMUSG00000029518",-0.0868804297799812,0.157926179958845,0.369388286828052,"24h_vs_0h"
"ENSMUSG00000022555",-1.63910810270636,0.157971807990282,0.369388286828052,"24h_vs_0h"
"ENSMUSG00000037643",-0.950212460780342,0.15812016447101,0.369388286828052,"24h_vs_0h"
"ENSMUSG00000063049",-0.571032573847152,0.158129409766882,0.369388286828052,"24h_vs_0h"
"ENSMUSG00000079562",0.969480605403763,0.158733178729336,0.370601973256131,"24h_vs_0h"
"ENSMUSG00000038812",0.94224294702725,0.158875019133743,0.37073645769226,"24h_vs_0h"
"ENSMUSG00000024866",1.51762210608566,0.159279748287875,0.371483928041834,"24h_vs_0h"
"ENSMUSG00000022752",-0.0691222594985277,0.159421589714387,0.371516857003977,"24h_vs_0h"
"ENSMUSG00000007080",-1.13590549202709,0.159462700041016,0.371516857003977,"24h_vs_0h"
"ENSMUSG00000024908",0.731306684557424,0.160425320961774,0.373561818810988,"24h_vs_0h"
"ENSMUSG00000034349",0.0599341569710496,0.160570736815928,0.373592896413126,"24h_vs_0h"
"ENSMUSG00000070394",0.108941918139802,0.160608443538658,0.373592896413126,"24h_vs_0h"
"ENSMUSG00000031708",-0.099572090884525,0.161961914189191,0.376542199866155,"24h_vs_0h"
"ENSMUSG00000022200",0.209516099289317,0.162499638138961,0.377592876161333,"24h_vs_0h"
"ENSMUSG00000026134",0.0828261458804569,0.162791628500822,0.378071745135681,"24h_vs_0h"
"ENSMUSG00000008333",-1.10855240833977,0.163071884451834,0.378522871029811,"24h_vs_0h"
"ENSMUSG00000062937",0.0926179928695099,0.163198809640833,0.378617797168849,"24h_vs_0h"
"ENSMUSG00000024949",0.0482469367846008,0.1635054999939,0.379129454938437,"24h_vs_0h"
"ENSMUSG00000029056",0.963353643887942,0.163688881093171,0.379174488136687,"24h_vs_0h"
"ENSMUSG00000022053",-0.120660408442983,0.163697234142173,0.379174488136687,"24h_vs_0h"
"ENSMUSG00000022672",1.04300105885971,0.164214686178738,0.380172979417478,"24h_vs_0h"
"ENSMUSG00000015714",1.57027414592987,0.164365095407556,0.380321127701711,"24h_vs_0h"
"ENSMUSG00000032216",0.0945975322207246,0.164485196083819,0.380399026781338,"24h_vs_0h"
"ENSMUSG00000031754",-0.0663992145523196,0.164992359279957,0.381371519533137,"24h_vs_0h"
"ENSMUSG00000034274",-0.228230948898776,0.165099314669391,0.381418416724404,"24h_vs_0h"
"ENSMUSG00000016252",-0.348878161656916,0.16653492500524,0.384533161043054,"24h_vs_0h"
"ENSMUSG00000071655",0.189896693802197,0.166706884647093,0.384728368815865,"24h_vs_0h"
"ENSMUSG00000063694",-0.123727239528911,0.167523536218871,0.386377907074405,"24h_vs_0h"
"ENSMUSG00000036983",-0.132487549980187,0.167597233493533,0.386377907074405,"24h_vs_0h"
"ENSMUSG00000028164",-0.082077601647228,0.167839055836742,0.386732819234293,"24h_vs_0h"
"ENSMUSG00000071533",1.11917328668092,0.16996669534906,0.391430364328212,"24h_vs_0h"
"ENSMUSG00000022141",-0.146894629148395,0.1702672329134,0.391917412161021,"24h_vs_0h"
"ENSMUSG00000050732",1.58927579298865,0.170584125900002,0.39224268655779,"24h_vs_0h"
"ENSMUSG00000022329",0.362885731552211,0.17058679892561,0.39224268655779,"24h_vs_0h"
"ENSMUSG00000058076",1.05685843573609,0.171635593995676,0.394448171892935,"24h_vs_0h"
"ENSMUSG00000033712",-0.107967365877752,0.171829727140325,0.394688219804055,"24h_vs_0h"
"ENSMUSG00000029131",1.26381816014541,0.172013554869644,0.394904358362704,"24h_vs_0h"
"ENSMUSG00000033793",0.0516476261206051,0.17317991388359,0.397374765902856,"24h_vs_0h"
"ENSMUSG00000031375",0.507633459275244,0.173671823684999,0.39829582909728,"24h_vs_0h"
"ENSMUSG00000070780",1.0818964743251,0.174488103338787,0.399959449371876,"24h_vs_0h"
"ENSMUSG00000031903",-1.270689211053,0.174896209428324,0.400686214312365,"24h_vs_0h"
"ENSMUSG00000093904",0.152880882520428,0.175069185083751,0.400873820787507,"24h_vs_0h"
"ENSMUSG00000008435",-0.0930943007708969,0.175608276713653,0.401899129389904,"24h_vs_0h"
"ENSMUSG00000026755",-1.35320593114659,0.175911850969031,0.402279270496614,"24h_vs_0h"
"ENSMUSG00000026426",1.75352539781415,0.175957190571684,0.402279270496614,"24h_vs_0h"
"ENSMUSG00000031347",0.977600654012928,0.176377834492547,0.402985671005934,"24h_vs_0h"
"ENSMUSG00000020349",0.138209718869227,0.176449304255495,0.402985671005934,"24h_vs_0h"
"ENSMUSG00000040462",1.282778549636,0.176563741811277,0.403037877443689,"24h_vs_0h"
"ENSMUSG00000045210",0.854269240615935,0.177096855607974,0.404045236667025,"24h_vs_0h"
"ENSMUSG00000071337",1.36467647087645,0.17735958060381,0.404434981470138,"24h_vs_0h"
"ENSMUSG00000024181",-0.121572096769622,0.177582331958653,0.404733217478008,"24h_vs_0h"
"ENSMUSG00000015747",-0.142587023174112,0.177893717528525,0.405174293032778,"24h_vs_0h"
"ENSMUSG00000031158",-1.42455711807771,0.177959988282745,0.405174293032778,"24h_vs_0h"
"ENSMUSG00000024359",-0.073659498427368,0.178144231494164,0.405384055225344,"24h_vs_0h"
"ENSMUSG00000020528",0.964583980034025,0.178650601240749,0.406326251194076,"24h_vs_0h"
"ENSMUSG00000064210",-0.195157913767815,0.179943534810791,0.408865568791666,"24h_vs_0h"
"ENSMUSG00000052533",0.790801778202749,0.179952875880358,0.408865568791666,"24h_vs_0h"
"ENSMUSG00000024260",-1.08486232355155,0.18007235401084,0.408925918473533,"24h_vs_0h"
"ENSMUSG00000030611",-0.159446820640234,0.180445873219508,0.409562809715861,"24h_vs_0h"
"ENSMUSG00000033557",-1.67615426565442,0.180577480582718,0.409650253631207,"24h_vs_0h"
"ENSMUSG00000007815",-0.126882573490505,0.181150456936716,0.410629499249959,"24h_vs_0h"
"ENSMUSG00000031996",0.166145162494875,0.181195748135292,0.410629499249959,"24h_vs_0h"
"ENSMUSG00000025289",-0.0745505801543942,0.181536460731435,0.411018110162238,"24h_vs_0h"
"ENSMUSG00000029528",-1.06640302328206,0.181554011850804,0.411018110162238,"24h_vs_0h"
"ENSMUSG00000020570",1.76593930383005,0.182378749838933,0.412428289643932,"24h_vs_0h"
"ENSMUSG00000041881",-0.122754114421284,0.182398607308825,0.412428289643932,"24h_vs_0h"
"ENSMUSG00000025809",-0.0644023949355628,0.182458050428706,0.412428289643932,"24h_vs_0h"
"ENSMUSG00000071646",-0.0807503231310562,0.182613950257616,0.412461709852178,"24h_vs_0h"
"ENSMUSG00000027770",0.182762667999427,0.182660275505998,0.412461709852178,"24h_vs_0h"
"ENSMUSG00000035351",-0.162127586841365,0.183148800558551,0.413352754491375,"24h_vs_0h"
"ENSMUSG00000030779",0.904652658265107,0.183579790432844,0.414113099792387,"24h_vs_0h"
"ENSMUSG00000018861",-0.157342552041658,0.183754017675724,0.414232087827791,"24h_vs_0h"
"ENSMUSG00000029672",-1.75041003321843,0.183820783350983,0.414232087827791,"24h_vs_0h"
"ENSMUSG00000028443",0.829124871060873,0.18459492955881,0.415763707772939,"24h_vs_0h"
"ENSMUSG00000019054",-0.111091213614483,0.185170256829967,0.416846189416207,"24h_vs_0h"
"ENSMUSG00000030138",-1.63078867165216,0.18608828393565,0.418698638855214,"24h_vs_0h"
"ENSMUSG00000062963",0.77774842670205,0.187141294428552,0.420852752570291,"24h_vs_0h"
"ENSMUSG00000035151",-0.123342213384042,0.187488751406916,0.421418792105127,"24h_vs_0h"
"ENSMUSG00000000743",0.973340178500578,0.187746994837216,0.421783830667987,"24h_vs_0h"
"ENSMUSG00000022881",-0.068196601294698,0.187889841980381,0.421889384977377,"24h_vs_0h"
"ENSMUSG00000029208",-0.721052609622447,0.188553983876356,0.423164754227356,"24h_vs_0h"
"ENSMUSG00000008976",0.107335990310613,0.188697146536396,0.423270204845402,"24h_vs_0h"
"ENSMUSG00000028158",-0.11166187803066,0.189265659787976,0.424329174083996,"24h_vs_0h"
"ENSMUSG00000010663",-0.893761965429913,0.189985990712724,0.425727263302799,"24h_vs_0h"
"ENSMUSG00000024304",-1.13066864731042,0.190949741864782,0.42766911651242,"24h_vs_0h"
"ENSMUSG00000060923",1.22337407590467,0.191671516829902,0.429067317176195,"24h_vs_0h"
"ENSMUSG00000021115",0.143915598525012,0.192027532538498,0.429645740061987,"24h_vs_0h"
"ENSMUSG00000021040",-0.492229057967396,0.192220914277738,0.429813889242312,"24h_vs_0h"
"ENSMUSG00000025337",1.58814539102001,0.192298011342448,0.429813889242312,"24h_vs_0h"
"ENSMUSG00000026199",1.42643136500295,0.192859123121009,0.430849239012975,"24h_vs_0h"
"ENSMUSG00000022536",-0.10043557388714,0.193079459344266,0.431076429323776,"24h_vs_0h"
"ENSMUSG00000021866",-0.0926783333271111,0.193244234893844,0.431076429323776,"24h_vs_0h"
"ENSMUSG00000042055",0.917455017227329,0.193254668269895,0.431076429323776,"24h_vs_0h"
"ENSMUSG00000025733",0.108208480833333,0.193561470703491,0.431542063103377,"24h_vs_0h"
"ENSMUSG00000031628",1.29894191935564,0.194766942858716,0.43385509168572,"24h_vs_0h"
"ENSMUSG00000019055",-0.0542889431068367,0.194796105696656,0.43385509168572,"24h_vs_0h"
"ENSMUSG00000027533",0.122671191866978,0.195337308683919,0.434840412502745,"24h_vs_0h"
"ENSMUSG00000042487",1.111253767349,0.195455260065455,0.434883012916111,"24h_vs_0h"
"ENSMUSG00000031839",-1.46479027308315,0.196512569266015,0.437014561566313,"24h_vs_0h"
"ENSMUSG00000025958",1.13660623834759,0.196632196174365,0.437059745133021,"24h_vs_0h"
"ENSMUSG00000025137",1.33250697531472,0.196862341011045,0.437350410292584,"24h_vs_0h"
"ENSMUSG00000043162",-1.30686676033961,0.19749466778801,0.438533820855213,"24h_vs_0h"
"ENSMUSG00000031921",0.963004665467679,0.197980371474743,0.439390627766184,"24h_vs_0h"
"ENSMUSG00000000378",0.91863916459862,0.198223645029873,0.439708801298624,"24h_vs_0h"
"ENSMUSG00000062997",0.0863078769895615,0.198409526946563,0.43972695546484,"24h_vs_0h"
"ENSMUSG00000022386",1.2250747229619,0.198431659521284,0.43972695546484,"24h_vs_0h"
"ENSMUSG00000040464",0.911116527205191,0.198709318058428,0.440120638538067,"24h_vs_0h"
"ENSMUSG00000032231",-0.104991716886566,0.198813905691671,0.440130784179599,"24h_vs_0h"
"ENSMUSG00000030615",-0.165848761605357,0.19926163416495,0.440900176953215,"24h_vs_0h"
"ENSMUSG00000022673",-0.0572095228656337,0.199858689644709,0.441999041772043,"24h_vs_0h"
"ENSMUSG00000068798",-0.0864245721926871,0.200142445593823,0.442404270747572,"24h_vs_0h"
"ENSMUSG00000003617",0.309685239915389,0.201783016989972,0.445716681218066,"24h_vs_0h"
"ENSMUSG00000068040",-0.821591199346305,0.202109590700043,0.445716681218066,"24h_vs_0h"
"ENSMUSG00000027940",1.27083798383259,0.202199865987449,0.445716681218066,"24h_vs_0h"
"ENSMUSG00000039640",-0.0732538723941047,0.202321153585125,0.445716681218066,"24h_vs_0h"
"ENSMUSG00000030204",0.219964739165242,0.202446351805746,0.445716681218066,"24h_vs_0h"
"ENSMUSG00000039356",-1.1938932468905,0.20246691367797,0.445716681218066,"24h_vs_0h"
"ENSMUSG00000003355",-1.26525900531318,0.202589639622087,0.445716681218066,"24h_vs_0h"
"ENSMUSG00000029994",-0.123385929012642,0.202673609158931,0.445716681218066,"24h_vs_0h"
"ENSMUSG00000026761",-0.882902927539096,0.202762439773532,0.445716681218066,"24h_vs_0h"
"ENSMUSG00000021910",1.01947711777069,0.202827114968914,0.445716681218066,"24h_vs_0h"
"ENSMUSG00000030264",1.32796320912163,0.202853116187944,0.445716681218066,"24h_vs_0h"
"ENSMUSG00000027067",-0.063634587731503,0.202856285498702,0.445716681218066,"24h_vs_0h"
"ENSMUSG00000041297",0.852426806111275,0.203245599672989,0.446064790329199,"24h_vs_0h"
"ENSMUSG00000026853",-0.0906734040134829,0.203373225484885,0.446064790329199,"24h_vs_0h"
"ENSMUSG00000002064",-0.102015578030414,0.203385970172597,0.446064790329199,"24h_vs_0h"
"ENSMUSG00000027835",1.70466879934986,0.203422083123604,0.446064790329199,"24h_vs_0h"
"ENSMUSG00000041231",1.05129961060831,0.203521494883215,0.446064790329199,"24h_vs_0h"
"ENSMUSG00000024222",-0.0577503665926464,0.203663682290242,0.446154238805055,"24h_vs_0h"
"ENSMUSG00000045302",-0.171062245484308,0.203847798767246,0.446335404166492,"24h_vs_0h"
"ENSMUSG00000074643",1.19729900006108,0.204629885016591,0.447825024345109,"24h_vs_0h"
"ENSMUSG00000028042",0.716658237366744,0.205151286582989,0.448630386644892,"24h_vs_0h"
"ENSMUSG00000027303",1.03973619056794,0.205201765125237,0.448630386644892,"24h_vs_0h"
"ENSMUSG00000060288",0.109375138409707,0.205648664979577,0.449384197902243,"24h_vs_0h"
"ENSMUSG00000028430",-1.1905638939859,0.205967564307302,0.449857692563988,"24h_vs_0h"
"ENSMUSG00000019763",-1.2599232657415,0.207204222595361,0.452248202357891,"24h_vs_0h"
"ENSMUSG00000025417",1.40615546351411,0.207267581039733,0.452248202357891,"24h_vs_0h"
"ENSMUSG00000024914",0.955284830230333,0.208757407760974,0.455126028837235,"24h_vs_0h"
"ENSMUSG00000008136",1.10991133697988,0.208793331566094,0.455126028837235,"24h_vs_0h"
"ENSMUSG00000020328",0.710983346220637,0.209431513312824,0.456291133707792,"24h_vs_0h"
"ENSMUSG00000027091",0.82208985758238,0.210331414564939,0.458025015091685,"24h_vs_0h"
"ENSMUSG00000061461",-0.119968309867549,0.210701991359126,0.458605076148128,"24h_vs_0h"
"ENSMUSG00000027018",0.147817189441646,0.210961574451924,0.458943098943607,"24h_vs_0h"
"ENSMUSG00000010376",-1.79410046618983,0.21180838547997,0.460557660324776,"24h_vs_0h"
"ENSMUSG00000078452",0.914463029914039,0.213267077492385,0.463427932045875,"24h_vs_0h"
"ENSMUSG00000031954",1.66879038968402,0.213420443952321,0.463427932045875,"24h_vs_0h"
"ENSMUSG00000024121",1.14445356371117,0.213444312260165,0.463427932045875,"24h_vs_0h"
"ENSMUSG00000038024",0.937703826020993,0.214005968520787,0.46441827784023,"24h_vs_0h"
"ENSMUSG00000055553",-1.95573628621723,0.21443553379609,0.465121135651352,"24h_vs_0h"
"ENSMUSG00000027498",-1.06419527716749,0.214742141479376,0.465496924843707,"24h_vs_0h"
"ENSMUSG00000029625",1.24397569718671,0.214820325916285,0.465496924843707,"24h_vs_0h"
"ENSMUSG00000013415",0.651621001428872,0.214994099085377,0.46553348963231,"24h_vs_0h"
"ENSMUSG00000024712",-1.44635147165612,0.215048758105541,0.46553348963231,"24h_vs_0h"
"ENSMUSG00000054693",-0.117848636153585,0.215595677010676,0.466487991408056,"24h_vs_0h"
"ENSMUSG00000038762",0.0931387329935411,0.215907499320796,0.466933122609741,"24h_vs_0h"
"ENSMUSG00000041453",-0.0994181693675458,0.216678255737749,0.468369844549035,"24h_vs_0h"
"ENSMUSG00000047963",1.23979015729304,0.217535434872441,0.469991874753859,"24h_vs_0h"
"ENSMUSG00000043284",-0.114195966428575,0.218013812712393,0.470794303114446,"24h_vs_0h"
"ENSMUSG00000036932",-0.0826545830239418,0.218462856821956,0.471532630148813,"24h_vs_0h"
"ENSMUSG00000019261",1.22022396677588,0.218811759493917,0.4720541929082,"24h_vs_0h"
"ENSMUSG00000005534",-0.4842559469474,0.219762708614308,0.47387343489053,"24h_vs_0h"
"ENSMUSG00000028312",0.0433801315876643,0.220087194266014,0.474072817964072,"24h_vs_0h"
"ENSMUSG00000035863",1.26211299422255,0.220170644593115,0.474072817964072,"24h_vs_0h"
"ENSMUSG00000006932",-0.218424627548487,0.220178332178724,0.474072817964072,"24h_vs_0h"
"ENSMUSG00000022844",1.23723936374188,0.220287394887227,0.474075708996912,"24h_vs_0h"
"ENSMUSG00000004394",0.845756878657394,0.220478177760061,0.474254379434032,"24h_vs_0h"
"ENSMUSG00000026715",1.81898362411492,0.220626696971046,0.474342009462419,"24h_vs_0h"
"ENSMUSG00000000581",-0.845521605715668,0.220923854824864,0.474521304679635,"24h_vs_0h"
"ENSMUSG00000021193",-0.05204312690433,0.220925733535236,0.474521304679635,"24h_vs_0h"
"ENSMUSG00000005881",1.2844444370016,0.22115770533995,0.474583157413446,"24h_vs_0h"
"ENSMUSG00000020850",-0.0537835025612807,0.22117020128493,0.474583157413446,"24h_vs_0h"
"ENSMUSG00000056305",0.0960214823509133,0.221385865893764,0.47481442290373,"24h_vs_0h"
"ENSMUSG00000020076",-0.122304513151786,0.222683453066084,0.477364772013559,"24h_vs_0h"
"ENSMUSG00000038683",1.41098050197034,0.223435139114781,0.478742963604748,"24h_vs_0h"
"ENSMUSG00000027163",1.35366170758578,0.224386829761151,0.480548144904538,"24h_vs_0h"
"ENSMUSG00000042215",-0.147207035046403,0.225066392210224,0.481769062313812,"24h_vs_0h"
"ENSMUSG00000001911",0.111956528074877,0.225884635712225,0.483285504020176,"24h_vs_0h"
"ENSMUSG00000033216",1.19050362635412,0.226152195555961,0.483622843849264,"24h_vs_0h"
"ENSMUSG00000016833",-0.897131243839986,0.226729350627716,0.484621598889062,"24h_vs_0h"
"ENSMUSG00000031827",0.142615269162729,0.22697550788199,0.484698877806578,"24h_vs_0h"
"ENSMUSG00000051671",-1.58263625726129,0.227032968217785,0.484698877806578,"24h_vs_0h"
"ENSMUSG00000032309",0.990784621392596,0.227095906847799,0.484698877806578,"24h_vs_0h"
"ENSMUSG00000021884",1.21284687645336,0.228009514324606,0.486344419170649,"24h_vs_0h"
"ENSMUSG00000020366",0.827136147830778,0.228133795295782,0.486344419170649,"24h_vs_0h"
"ENSMUSG00000038240",-1.33128817583203,0.228198415266392,0.486344419170649,"24h_vs_0h"
"ENSMUSG00000022817",0.820810168372073,0.228747226496383,0.487278094777629,"24h_vs_0h"
"ENSMUSG00000038299",1.03557510234731,0.229013423778426,0.487609133066691,"24h_vs_0h"
"ENSMUSG00000040843",-1.13169159709526,0.230573115425695,0.490692592354198,"24h_vs_0h"
"ENSMUSG00000020264",-1.32257998741435,0.230759850017092,0.490852634086623,"24h_vs_0h"
"ENSMUSG00000028412",1.25925271006902,0.231204124634228,0.491550581207727,"24h_vs_0h"
"ENSMUSG00000032312",0.883814859750704,0.231311350529698,0.491550581207727,"24h_vs_0h"
"ENSMUSG00000031533",-0.087517441210732,0.231767008981748,0.492281180757082,"24h_vs_0h"
"ENSMUSG00000033860",1.6402969050824,0.233139268771921,0.494957029360939,"24h_vs_0h"
"ENSMUSG00000002233",-0.180124578301808,0.233610191923698,0.495717673411858,"24h_vs_0h"
"ENSMUSG00000002059",0.12970504736683,0.234275656243105,0.496833603361299,"24h_vs_0h"
"ENSMUSG00000021666",-0.128828827748066,0.234414810840748,0.496833603361299,"24h_vs_0h"
"ENSMUSG00000070934",0.134652197672185,0.234474754415228,0.496833603361299,"24h_vs_0h"
"ENSMUSG00000040043",0.113665684003138,0.234860156678413,0.497410755313616,"24h_vs_0h"
"ENSMUSG00000062729",-0.0700644365034151,0.235403574326458,0.498321852145619,"24h_vs_0h"
"ENSMUSG00000030802",-0.711849302917862,0.235672470008898,0.498651221398635,"24h_vs_0h"
"ENSMUSG00000031134",1.6131440094484,0.236312123810026,0.499764371402173,"24h_vs_0h"
"ENSMUSG00000029916",0.13445781882016,0.23679230324117,0.500539349934864,"24h_vs_0h"
"ENSMUSG00000025538",-0.137035694147404,0.237073222960889,0.500557202936956,"24h_vs_0h"
"ENSMUSG00000019864",-0.0741637425385271,0.237211433424798,0.500557202936956,"24h_vs_0h"
"ENSMUSG00000020163",-2.03886140022428,0.2372168781095,0.500557202936956,"24h_vs_0h"
"ENSMUSG00000036327",-1.336460328669,0.23725569764292,0.500557202936956,"24h_vs_0h"
"ENSMUSG00000023272",-0.154940455594001,0.239128793256704,0.504267282761262,"24h_vs_0h"
"ENSMUSG00000030795",0.142185366109697,0.23956312541584,0.504746898689855,"24h_vs_0h"
"ENSMUSG00000038976",0.966126538738596,0.239585610398343,0.504746898689855,"24h_vs_0h"
"ENSMUSG00000031333",-0.0733066889095504,0.240160507061675,0.505715976831786,"24h_vs_0h"
"ENSMUSG00000043572",-1.62772958086977,0.240548403130914,0.506156068114673,"24h_vs_0h"
"ENSMUSG00000025142",1.09206509896,0.240599521585071,0.506156068114673,"24h_vs_0h"
"ENSMUSG00000032571",1.38604643475559,0.243898342039214,0.512850742147435,"24h_vs_0h"
"ENSMUSG00000021248",0.0877106687313365,0.244034386061531,0.512891754086342,"24h_vs_0h"
"ENSMUSG00000037815",0.0748822679095582,0.244818538409403,0.514294218396078,"24h_vs_0h"
"ENSMUSG00000040459",0.799180209432386,0.245448921842947,0.515372473774242,"24h_vs_0h"
"ENSMUSG00000005125",1.40127328037648,0.245571145820272,0.51538322019791,"24h_vs_0h"
"ENSMUSG00000042719",1.34773856147357,0.245703096480179,0.515414360156943,"24h_vs_0h"
"ENSMUSG00000046020",-0.171993868120154,0.246298727437043,0.51586487116497,"24h_vs_0h"
"ENSMUSG00000004530",0.0655871222583819,0.246314640579429,0.51586487116497,"24h_vs_0h"
"ENSMUSG00000025823",0.0685324333856059,0.246353047616949,0.51586487116497,"24h_vs_0h"
"ENSMUSG00000008036",1.54711958675014,0.246386721015398,0.51586487116497,"24h_vs_0h"
"ENSMUSG00000021036",-1.06899219167555,0.246623433443835,0.516114945595016,"24h_vs_0h"
"ENSMUSG00000018446",-0.133781370843476,0.247267581514389,0.517086830428646,"24h_vs_0h"
"ENSMUSG00000032026",0.69311971232014,0.247322830732174,0.517086830428646,"24h_vs_0h"
"ENSMUSG00000021687",1.2393773495921,0.247450412415466,0.517098823707719,"24h_vs_0h"
"ENSMUSG00000003970",0.0719437328034331,0.247563558634893,0.517098823707719,"24h_vs_0h"
"ENSMUSG00000015943",-0.159764501675781,0.247696549127125,0.517131173011612,"24h_vs_0h"
"ENSMUSG00000028759",-0.0631607441563276,0.247936675370757,0.517387059415221,"24h_vs_0h"
"ENSMUSG00000002319",-0.106356786906485,0.248291246422682,0.517881410192523,"24h_vs_0h"
"ENSMUSG00000001707",0.0925622775900834,0.248649753901925,0.518235759313033,"24h_vs_0h"
"ENSMUSG00000047710",-0.134934597426213,0.24873555621671,0.518235759313033,"24h_vs_0h"
"ENSMUSG00000001445",-0.0804815242916241,0.248814396598146,0.518235759313033,"24h_vs_0h"
"ENSMUSG00000029125",1.07512207623921,0.249007196342281,0.518391992006802,"24h_vs_0h"
"ENSMUSG00000000538",1.04917240801521,0.249324268611278,0.518806669578362,"24h_vs_0h"
"ENSMUSG00000028980",-0.13486094533414,0.250070802715655,0.52011417899414,"24h_vs_0h"
"ENSMUSG00000021003",-1.91770082286225,0.250340412539295,0.520428982326612,"24h_vs_0h"
"ENSMUSG00000019943",0.100585100743796,0.2517239819728,0.52305818917011,"24h_vs_0h"
"ENSMUSG00000024976",1.07021038970141,0.252255840129593,0.523915975653769,"24h_vs_0h"
"ENSMUSG00000031575",1.2650303428606,0.252700531206108,0.524368178531117,"24h_vs_0h"
"ENSMUSG00000028955",0.141324729419132,0.252783505588939,0.524368178531117,"24h_vs_0h"
"ENSMUSG00000002129",-0.0639696270623986,0.252831009962061,0.524368178531117,"24h_vs_0h"
"ENSMUSG00000006169",0.0940669485978383,0.252953551264922,0.524375213903401,"24h_vs_0h"
"ENSMUSG00000002812",0.118788283089135,0.253318858461974,0.524885261813158,"24h_vs_0h"
"ENSMUSG00000020537",0.147424144647747,0.253596979366061,0.525214261736487,"24h_vs_0h"
"ENSMUSG00000028106",1.67758941747242,0.253870603635411,0.52553364374386,"24h_vs_0h"
"ENSMUSG00000031848",-0.0725039234801699,0.254098714482397,0.525758553096864,"24h_vs_0h"
"ENSMUSG00000009614",-0.115799682760525,0.2545061073682,0.526354031262898,"24h_vs_0h"
"ENSMUSG00000017756",-0.101500733604425,0.255531977417229,0.528227446037212,"24h_vs_0h"
"ENSMUSG00000026219",-0.0847609478626374,0.256113244328464,0.529180463985714,"24h_vs_0h"
"ENSMUSG00000010914",-0.0756109071638988,0.256395494021039,0.529401352200057,"24h_vs_0h"
"ENSMUSG00000026849",1.17162335765386,0.256460732308685,0.529401352200057,"24h_vs_0h"
"ENSMUSG00000004667",0.765411813759709,0.256688484747892,0.529623076125397,"24h_vs_0h"
"ENSMUSG00000024085",0.0847023793272506,0.257829293440121,0.531727610323323,"24h_vs_0h"
"ENSMUSG00000036986",-0.123288571848022,0.25830738212912,0.532464069672251,"24h_vs_0h"
"ENSMUSG00000001025",0.171562916594439,0.258501555672184,0.53261486259985,"24h_vs_0h"
"ENSMUSG00000058301",0.0430626209130693,0.259974902707086,0.535215793582685,"24h_vs_0h"
"ENSMUSG00000005354",-0.102567892819767,0.260007127171048,0.535215793582685,"24h_vs_0h"
"ENSMUSG00000003814",0.108095611933777,0.262190489278075,0.53945785101113,"24h_vs_0h"
"ENSMUSG00000020457",-0.644796910942112,0.262386694649307,0.539609272500747,"24h_vs_0h"
"ENSMUSG00000033083",1.36075850115985,0.262733281407334,0.540069673738289,"24h_vs_0h"
"ENSMUSG00000044030",-1.2650613146406,0.263155140160315,0.540684300581488,"24h_vs_0h"
"ENSMUSG00000025140",-0.138883905282885,0.263728428682752,0.541504886794163,"24h_vs_0h"
"ENSMUSG00000053907",0.0960306902667298,0.263902076042194,0.541504886794163,"24h_vs_0h"
"ENSMUSG00000029726",-1.18811152770288,0.263923649664503,0.541504886794163,"24h_vs_0h"
"ENSMUSG00000027305",-0.118231205351186,0.264145167933653,0.541706842533087,"24h_vs_0h"
"ENSMUSG00000002870",-0.0329910177280617,0.264595930744,0.542378524082135,"24h_vs_0h"
"ENSMUSG00000006333",0.09284055938598,0.265094633676276,0.543147803914939,"24h_vs_0h"
"ENSMUSG00000036565",1.13772935548018,0.266446602248573,0.545663795484397,"24h_vs_0h"
"ENSMUSG00000003099",0.973497366868902,0.266982791105862,0.546262908209105,"24h_vs_0h"
"ENSMUSG00000025358",-0.0960814658062148,0.266987392764778,0.546262908209105,"24h_vs_0h"
"ENSMUSG00000007833",0.756506240351236,0.267229877486862,0.546504967853012,"24h_vs_0h"
"ENSMUSG00000022878",1.20186821828736,0.268052592302126,0.547932865174944,"24h_vs_0h"
"ENSMUSG00000017999",1.24354858425065,0.268698250509564,0.548997678965921,"24h_vs_0h"
"ENSMUSG00000000711",-0.107497062171024,0.268982017585201,0.549139073782676,"24h_vs_0h"
"ENSMUSG00000051329",-0.10587963061533,0.269017005924892,0.549139073782676,"24h_vs_0h"
"ENSMUSG00000015092",1.69158404792674,0.269350980160919,0.549438357605071,"24h_vs_0h"
"ENSMUSG00000029199",-0.0928295233920657,0.269413309636842,0.549438357605071,"24h_vs_0h"
"ENSMUSG00000028657",0.649917274699462,0.269909965604055,0.550196275416139,"24h_vs_0h"
"ENSMUSG00000015289",1.46756734303946,0.270943992031154,0.552048383763476,"24h_vs_0h"
"ENSMUSG00000024800",-0.865010870470527,0.271299309421133,0.552516548247295,"24h_vs_0h"
"ENSMUSG00000034432",0.08301879949056,0.27166749613482,0.553010476637068,"24h_vs_0h"
"ENSMUSG00000020621",1.19182085259178,0.272057537987434,0.55354841640439,"24h_vs_0h"
"ENSMUSG00000026918",1.53874902583321,0.272251942831333,0.553687985397733,"24h_vs_0h"
"ENSMUSG00000011257",0.110384794701059,0.273587620600263,0.556147398735224,"24h_vs_0h"
"ENSMUSG00000036529",0.93922359186514,0.273716254714027,0.556152002306755,"24h_vs_0h"
"ENSMUSG00000032336",-0.682341963274865,0.274100731345187,0.556676196885172,"24h_vs_0h"
"ENSMUSG00000004460",0.0891826429839035,0.27468323477063,0.557358218036873,"24h_vs_0h"
"ENSMUSG00000020544",-0.149130735366064,0.274689837519195,0.557358218036873,"24h_vs_0h"
"ENSMUSG00000005054",0.104774265505146,0.274966504566423,0.557662482302685,"24h_vs_0h"
"ENSMUSG00000027447",-0.895037887525568,0.275106320299176,0.557689044512516,"24h_vs_0h"
"ENSMUSG00000094483",0.0829048930404923,0.277031579662269,0.561333325089155,"24h_vs_0h"
"ENSMUSG00000024454",0.826747606967054,0.277448832941928,0.561920070767338,"24h_vs_0h"
"ENSMUSG00000042082",-0.0824090247286264,0.279193957001417,0.564980171508974,"24h_vs_0h"
"ENSMUSG00000046994",-1.41196195751894,0.279216512845267,0.564980171508974,"24h_vs_0h"
"ENSMUSG00000029390",1.09353077162991,0.279537618839559,0.565369972662178,"24h_vs_0h"
"ENSMUSG00000038274",1.04048117398559,0.280741130731573,0.567313172858829,"24h_vs_0h"
"ENSMUSG00000020594",0.866704724607434,0.280756212335044,0.567313172858829,"24h_vs_0h"
"ENSMUSG00000020464",-0.0705554435319975,0.281022731870203,0.567591116549226,"24h_vs_0h"
"ENSMUSG00000029598",-0.0592903132294431,0.281465897201783,0.56822541907571,"24h_vs_0h"
"ENSMUSG00000041841",0.121760390253652,0.281874927887776,0.568790260263229,"24h_vs_0h"
"ENSMUSG00000062075",-0.105054552387084,0.282106508544662,0.568996674658596,"24h_vs_0h"
"ENSMUSG00000026181",0.896587777825484,0.282504547418572,0.569538485198871,"24h_vs_0h"
"ENSMUSG00000071662",1.21938990029057,0.283958992655453,0.572208574485645,"24h_vs_0h"
"ENSMUSG00000079316",-0.666551128165029,0.285057726377494,0.574159750017094,"24h_vs_0h"
"ENSMUSG00000026074",1.02949908502646,0.286690215609681,0.577183732341356,"24h_vs_0h"
"ENSMUSG00000024413",-1.75398538952823,0.286989207409747,0.577521491454182,"24h_vs_0h"
"ENSMUSG00000025362",0.0879513781134449,0.287310888039482,0.577904578730238,"24h_vs_0h"
"ENSMUSG00000018417",-0.0673540822083929,0.287724755327623,0.578239521328187,"24h_vs_0h"
"ENSMUSG00000046718",0.231453558658348,0.287740184437339,0.578239521328187,"24h_vs_0h"
"ENSMUSG00000034187",0.0473872956573125,0.288968600823195,0.580443090927833,"24h_vs_0h"
"ENSMUSG00000034021",-0.0343453910308078,0.290206348413187,0.582663384747462,"24h_vs_0h"
"ENSMUSG00000028093",-0.0812060541118846,0.290467219399611,0.582921218685677,"24h_vs_0h"
"ENSMUSG00000025534",-0.0712867708535896,0.290937797222517,0.583599473826937,"24h_vs_0h"
"ENSMUSG00000033577",0.925035831968739,0.291424802186071,0.584310047572163,"24h_vs_0h"
"ENSMUSG00000058569",0.155345118197388,0.293284705440413,0.587704354277831,"24h_vs_0h"
"ENSMUSG00000034875",-0.736634502066053,0.29343470028976,0.587704354277831,"24h_vs_0h"
"ENSMUSG00000040675",-0.0527191792942361,0.293577148102161,0.587704354277831,"24h_vs_0h"
"ENSMUSG00000031245",0.0981541171348823,0.293651868906374,0.587704354277831,"24h_vs_0h"
"ENSMUSG00000021868",-0.0791051322069904,0.294110653688135,0.588354994037038,"24h_vs_0h"
"ENSMUSG00000061458",-0.928535199971748,0.294315579063295,0.588497439099301,"24h_vs_0h"
"ENSMUSG00000046879",0.196941435605446,0.294646093307879,0.588890761420516,"24h_vs_0h"
"ENSMUSG00000020079",-0.059076726625932,0.295181221621201,0.589692490401682,"24h_vs_0h"
"ENSMUSG00000009549",-0.782232472588166,0.295676216363665,0.590272160730949,"24h_vs_0h"
"ENSMUSG00000022751",0.0763757191074035,0.295739630632071,0.590272160730949,"24h_vs_0h"
"ENSMUSG00000027905",1.05946191507829,0.295951461420725,0.59042719025957,"24h_vs_0h"
"ENSMUSG00000037234",0.917052552022959,0.297144742523793,0.592462987710875,"24h_vs_0h"
"ENSMUSG00000021993",0.541671268642858,0.297241144482075,0.592462987710875,"24h_vs_0h"
"ENSMUSG00000067713",0.850194834933486,0.298364187791119,0.594432227464334,"24h_vs_0h"
"ENSMUSG00000036257",-0.106428692877373,0.299553348032822,0.59653135053957,"24h_vs_0h"
"ENSMUSG00000026499",-0.0977639190845565,0.300429516443725,0.598005563938867,"24h_vs_0h"
"ENSMUSG00000034723",1.21102182011732,0.30092601512846,0.59852876544285,"24h_vs_0h"
"ENSMUSG00000066037",-0.0556184533586581,0.300964362173376,0.59852876544285,"24h_vs_0h"
"ENSMUSG00000024079",0.247539765342825,0.30168910971763,0.599699083950898,"24h_vs_0h"
"ENSMUSG00000049225",1.13505743586224,0.302130107218236,0.600018644351142,"24h_vs_0h"
"ENSMUSG00000024902",-0.0680192322011486,0.302210182520003,0.600018644351142,"24h_vs_0h"
"ENSMUSG00000024997",-0.0396079698603344,0.302258880828558,0.600018644351142,"24h_vs_0h"
"ENSMUSG00000073987",0.0638504220245011,0.302838345339593,0.600897907051194,"24h_vs_0h"
"ENSMUSG00000028671",1.02541764667258,0.303730610113083,0.602396762103505,"24h_vs_0h"
"ENSMUSG00000051346",1.19572011261976,0.304433679925394,0.603519200608856,"24h_vs_0h"
"ENSMUSG00000020022",-0.0747862853442847,0.304964785850299,0.604299875068512,"24h_vs_0h"
"ENSMUSG00000026019",0.590326944245458,0.305706163754598,0.605496321639958,"24h_vs_0h"
"ENSMUSG00000063445",-0.110705335013275,0.308356448309373,0.61047086325216,"24h_vs_0h"
"ENSMUSG00000020777",-0.0669635875088836,0.308843345489256,0.611159875673658,"24h_vs_0h"
"ENSMUSG00000040511",-1.31161501011071,0.309637173630874,0.612287603655312,"24h_vs_0h"
"ENSMUSG00000031796",-0.934271832869243,0.309691480512775,0.612287603655312,"24h_vs_0h"
"ENSMUSG00000038644",0.098933538633748,0.310659991519996,0.613926637934217,"24h_vs_0h"
"ENSMUSG00000022721",0.595503468342375,0.312563005812824,0.617410138501901,"24h_vs_0h"
"ENSMUSG00000029513",0.937092428389597,0.312813988418694,0.617628695841486,"24h_vs_0h"
"ENSMUSG00000021496",-0.0760650892967973,0.313679183660367,0.618944485381177,"24h_vs_0h"
"ENSMUSG00000015869",0.777494806771337,0.313783954390237,0.618944485381177,"24h_vs_0h"
"ENSMUSG00000062515",0.0962380127601676,0.313902315694339,0.618944485381177,"24h_vs_0h"
"ENSMUSG00000026980",-0.680994048007179,0.314366202087599,0.619581574289084,"24h_vs_0h"
"ENSMUSG00000028741",-0.0971436515138464,0.31484949993161,0.620256333571627,"24h_vs_0h"
"ENSMUSG00000027620",-0.0547005296593248,0.315000523098015,0.62027619783193,"24h_vs_0h"
"ENSMUSG00000020708",0.0470104831886147,0.315700036495209,0.621375608504211,"24h_vs_0h"
"ENSMUSG00000028378",0.916784068159359,0.316422744619485,0.622519668784243,"24h_vs_0h"
"ENSMUSG00000067873",0.0668654439136418,0.316694132098469,0.622775190064952,"24h_vs_0h"
"ENSMUSG00000028609",0.0998258748970429,0.316963199695347,0.622810221298979,"24h_vs_0h"
"ENSMUSG00000020744",-0.110081092763192,0.316994977439153,0.622810221298979,"24h_vs_0h"
"ENSMUSG00000007458",0.957047928019897,0.317293129746268,0.623117833116165,"24h_vs_0h"
"ENSMUSG00000021814",0.202924788043674,0.317911593053981,0.623815104283855,"24h_vs_0h"
"ENSMUSG00000039781",1.19105013595999,0.317954485830167,0.623815104283855,"24h_vs_0h"
"ENSMUSG00000049287",1.15412580177146,0.318073413772545,0.623815104283855,"24h_vs_0h"
"ENSMUSG00000024414",0.729151783014427,0.318416491756547,0.623825858889407,"24h_vs_0h"
"ENSMUSG00000036968",-0.112424490663397,0.318440001246158,0.623825858889407,"24h_vs_0h"
"ENSMUSG00000020329",-0.785470184281607,0.318504136542717,0.623825858889407,"24h_vs_0h"
"ENSMUSG00000025261",0.0839685367376291,0.319505560330527,0.625508883903313,"24h_vs_0h"
"ENSMUSG00000028648",-0.0783912824214958,0.319737431866454,0.625684498730219,"24h_vs_0h"
"ENSMUSG00000024384",-0.092125732819234,0.320500322708316,0.626898631217467,"24h_vs_0h"
"ENSMUSG00000017548",-0.518047013929412,0.321922085449551,0.629399865865604,"24h_vs_0h"
"ENSMUSG00000003299",-0.109442230313981,0.322756702625289,0.630751442386277,"24h_vs_0h"
"ENSMUSG00000000384",-0.0770726716597991,0.323533397876152,0.631988674679513,"24h_vs_0h"
"ENSMUSG00000019362",1.59173008047589,0.32387103285839,0.63236753132643,"24h_vs_0h"
"ENSMUSG00000032667",0.625772836726636,0.324688053882643,0.633681651945681,"24h_vs_0h"
"ENSMUSG00000040236",0.846902683127361,0.32496406937618,0.633939215126139,"24h_vs_0h"
"ENSMUSG00000079426",0.0666414420902868,0.326007457741502,0.635692876172064,"24h_vs_0h"
"ENSMUSG00000024038",-0.0650340878095577,0.327045306226183,0.637434186315957,"24h_vs_0h"
"ENSMUSG00000042709",-0.0675598256739889,0.327381326645278,0.637806648324864,"24h_vs_0h"
"ENSMUSG00000040667",0.579715648643049,0.328087115208998,0.638898846918053,"24h_vs_0h"
"ENSMUSG00000040385",0.0694828257607405,0.328358186823553,0.639143909867518,"24h_vs_0h"
"ENSMUSG00000021906",0.101849129116147,0.328529386780456,0.639194443510515,"24h_vs_0h"
"ENSMUSG00000023830",0.0582793129091606,0.328796947367252,0.639432331137108,"24h_vs_0h"
"ENSMUSG00000028452",0.0544831928140539,0.329760915347453,0.641023758146706,"24h_vs_0h"
"ENSMUSG00000027999",-0.131095437017336,0.330077445804119,0.64135577880085,"24h_vs_0h"
"ENSMUSG00000004451",-0.110054012563413,0.330853409995583,0.642579813499806,"24h_vs_0h"
"ENSMUSG00000043962",0.101528981545318,0.333026123033576,0.64643487776971,"24h_vs_0h"
"ENSMUSG00000021079",-0.0712151347936434,0.333354066677749,0.64643487776971,"24h_vs_0h"
"ENSMUSG00000035754",0.821748414538021,0.333361912532757,0.64643487776971,"24h_vs_0h"
"ENSMUSG00000057130",1.07916047333216,0.333425851519482,0.64643487776971,"24h_vs_0h"
"ENSMUSG00000043716",0.048176174783066,0.333774701038158,0.646826270043564,"24h_vs_0h"
"ENSMUSG00000059005",-1.4972582975025,0.334183665907548,0.647333764814752,"24h_vs_0h"
"ENSMUSG00000039361",0.0767892931371534,0.334525866176276,0.647711542913238,"24h_vs_0h"
"ENSMUSG00000032383",0.0938463081513525,0.335195676194117,0.648318245217627,"24h_vs_0h"
"ENSMUSG00000061232",-0.121377230428561,0.335236211334222,0.648318245217627,"24h_vs_0h"
"ENSMUSG00000005410",-0.0365988405600532,0.335281146583803,0.648318245217627,"24h_vs_0h"
"ENSMUSG00000058546",0.0816328731745877,0.336935029156015,0.651161416909692,"24h_vs_0h"
"ENSMUSG00000039671",-0.711188647725891,0.337047422794882,0.651161416909692,"24h_vs_0h"
"ENSMUSG00000037710",-0.0591505555690262,0.337877209126586,0.652478103276045,"24h_vs_0h"
"ENSMUSG00000009079",0.0841611817433652,0.338346914996294,0.653098584604689,"24h_vs_0h"
"ENSMUSG00000030987",-0.134594939643485,0.338970295052265,0.654015023465593,"24h_vs_0h"
"ENSMUSG00000024217",-1.30503427663517,0.339659741173428,0.654908132859124,"24h_vs_0h"
"ENSMUSG00000060802",-0.118938428902695,0.339730803753097,0.654908132859124,"24h_vs_0h"
"ENSMUSG00000020132",-0.0934579718806532,0.339984181170647,0.655109624050796,"24h_vs_0h"
"ENSMUSG00000048109",-0.103571759948242,0.341488697189978,0.657720681108574,"24h_vs_0h"
"ENSMUSG00000023104",-0.0500151624282701,0.342052234566425,0.658517884657408,"24h_vs_0h"
"ENSMUSG00000024695",-0.881188108806931,0.342324170694226,0.65875324670979,"24h_vs_0h"
"ENSMUSG00000002808",0.657290167663248,0.342623791713989,0.659041655303001,"24h_vs_0h"
"ENSMUSG00000037935",0.0713974291818076,0.343221154874529,0.659902272871473,"24h_vs_0h"
"ENSMUSG00000031928",-0.0737768574087099,0.344173751750342,0.661444839062557,"24h_vs_0h"
"ENSMUSG00000034120",-0.118271456398048,0.344646458062985,0.662064191154603,"24h_vs_0h"
"ENSMUSG00000052911",-0.101768956224554,0.34530619408986,0.663000412360832,"24h_vs_0h"
"ENSMUSG00000008373",-0.0491660404352814,0.345482636515877,0.663000412360832,"24h_vs_0h"
"ENSMUSG00000022255",0.0900822048665546,0.345617205251469,0.663000412360832,"24h_vs_0h"
"ENSMUSG00000024082",0.103263824732888,0.345736411353808,0.663000412360832,"24h_vs_0h"
"ENSMUSG00000049047",-0.628572399220332,0.346397904530715,0.66397960707303,"24h_vs_0h"
"ENSMUSG00000023939",0.64877167686511,0.348144048734941,0.667036116013267,"24h_vs_0h"
"ENSMUSG00000020523",0.78576909168337,0.348851279381724,0.667681711866099,"24h_vs_0h"
"ENSMUSG00000027573",0.933012800064031,0.348918451676198,0.667681711866099,"24h_vs_0h"
"ENSMUSG00000031840",-0.739154687910752,0.348936136626228,0.667681711866099,"24h_vs_0h"
"ENSMUSG00000022841",0.0539534361113745,0.350335099989012,0.670067264255385,"24h_vs_0h"
"ENSMUSG00000001576",0.104943863384726,0.351905434638803,0.672778374389822,"24h_vs_0h"
"ENSMUSG00000015994",0.760691303007956,0.352416314414096,0.673462527024071,"24h_vs_0h"
"ENSMUSG00000029993",0.107523492526443,0.352610699817512,0.673541532073295,"24h_vs_0h"
"ENSMUSG00000005299",0.0456614478360429,0.353011378969294,0.674014350908401,"24h_vs_0h"
"ENSMUSG00000026500",-0.688086206077987,0.353542488394987,0.674599522563823,"24h_vs_0h"
"ENSMUSG00000047250",-0.070140488959769,0.353624425938364,0.674599522563823,"24h_vs_0h"
"ENSMUSG00000037808",-0.072068849196544,0.354656500172555,0.676275241446888,"24h_vs_0h"
"ENSMUSG00000019302",-0.0934078749154352,0.35550118736366,0.677455525044283,"24h_vs_0h"
"ENSMUSG00000069844",0.677462177469781,0.355583336253646,0.677455525044283,"24h_vs_0h"
"ENSMUSG00000039063",-0.0640808004942137,0.35617189083937,0.678283207089601,"24h_vs_0h"
"ENSMUSG00000041506",-0.566635232923815,0.356524388056397,0.678660826918774,"24h_vs_0h"
"ENSMUSG00000030105",0.057237628003012,0.357052963527158,0.678937318185596,"24h_vs_0h"
"ENSMUSG00000022674",1.20035153929618,0.357171343716065,0.678937318185596,"24h_vs_0h"
"ENSMUSG00000043991",0.622547485704978,0.357266155247468,0.678937318185596,"24h_vs_0h"
"ENSMUSG00000042133",0.985391309602552,0.357286714137205,0.678937318185596,"24h_vs_0h"
"ENSMUSG00000032115",-0.0378022447271391,0.358408026027849,0.680774157336454,"24h_vs_0h"
"ENSMUSG00000048612",0.0693251168338733,0.359337271018746,0.682110773317694,"24h_vs_0h"
"ENSMUSG00000068523",-1.06877040041454,0.359421695824525,0.682110773317694,"24h_vs_0h"
"ENSMUSG00000037949",-0.0709139366513618,0.36187415979566,0.686469041922716,"24h_vs_0h"
"ENSMUSG00000027076",-0.0847072325792517,0.362564507139697,0.687482290358383,"24h_vs_0h"
"ENSMUSG00000039615",0.0862332237966399,0.362827941305571,0.68768551666056,"24h_vs_0h"
"ENSMUSG00000032939",-0.047289504455037,0.363264841835035,0.688217205732239,"24h_vs_0h"
"ENSMUSG00000029535",-0.843175337702064,0.363482801788666,0.688333825590327,"24h_vs_0h"
"ENSMUSG00000016619",0.0876916872650284,0.364011913049968,0.68879589430179,"24h_vs_0h"
"ENSMUSG00000035443",0.526338943025536,0.364039820528508,0.68879589430179,"24h_vs_0h"
"ENSMUSG00000037344",-0.48500719695344,0.364216022324021,0.68883313891191,"24h_vs_0h"
"ENSMUSG00000054027",-0.672595559681071,0.364572780614124,0.689211687063042,"24h_vs_0h"
"ENSMUSG00000031767",1.08394777290364,0.364846120836227,0.689432279003966,"24h_vs_0h"
"ENSMUSG00000032621",0.529611657407152,0.365468297919311,0.690119150534679,"24h_vs_0h"
"ENSMUSG00000030678",0.526764004108074,0.36552323106029,0.690119150534679,"24h_vs_0h"
"ENSMUSG00000018906",0.692812944054165,0.367489424818732,0.693533858759536,"24h_vs_0h"
"ENSMUSG00000000631",0.47824526124035,0.367779875244477,0.693784496764228,"24h_vs_0h"
"ENSMUSG00000025858",1.01404784381596,0.368333101191533,0.694530410601515,"24h_vs_0h"
"ENSMUSG00000046785",0.696505879695287,0.368682055303606,0.694890674685727,"24h_vs_0h"
"ENSMUSG00000062006",0.0465457780735008,0.369787155395646,0.696675201582294,"24h_vs_0h"
"ENSMUSG00000040713",-1.23923130395684,0.370544542050052,0.697803393051896,"24h_vs_0h"
"ENSMUSG00000037415",-0.704175506189301,0.371768963270409,0.699788496534749,"24h_vs_0h"
"ENSMUSG00000001123",0.156289948785915,0.371916676526875,0.699788496534749,"24h_vs_0h"
"ENSMUSG00000027935",0.611185278855729,0.372315540775654,0.70006726356882,"24h_vs_0h"
"ENSMUSG00000056310",-0.0670652063110104,0.37238297296401,0.70006726356882,"24h_vs_0h"
"ENSMUSG00000008892",-0.048217412784556,0.37274965023922,0.70045739141879,"24h_vs_0h"
"ENSMUSG00000057421",-0.903224073532577,0.37308311850619,0.700784807744661,"24h_vs_0h"
"ENSMUSG00000029366",0.630896964145279,0.373335996165829,0.700960631026371,"24h_vs_0h"
"ENSMUSG00000021665",0.0744968608020926,0.375771477633108,0.705232525826571,"24h_vs_0h"
"ENSMUSG00000053286",0.521955498987406,0.376155196778352,0.705651756616166,"24h_vs_0h"
"ENSMUSG00000029516",-0.386467058779317,0.376629155463493,0.70623984371318,"24h_vs_0h"
"ENSMUSG00000030869",-0.0504010233811591,0.377651471312,0.707855249252178,"24h_vs_0h"
"ENSMUSG00000033039",-0.635328876737546,0.378433945258636,0.708906768283351,"24h_vs_0h"
"ENSMUSG00000028809",-0.0524355656883166,0.378534629735486,0.708906768283351,"24h_vs_0h"
"ENSMUSG00000020456",-0.0479165522416061,0.37879787592168,0.709068820184563,"24h_vs_0h"
"ENSMUSG00000020736",-0.605201092471805,0.378943391291545,0.709068820184563,"24h_vs_0h"
"ENSMUSG00000036698",1.27733346634955,0.379394903477207,0.709611972037053,"24h_vs_0h"
"ENSMUSG00000054099",-0.0723011021352242,0.380033904497301,0.710505188484546,"24h_vs_0h"
"ENSMUSG00000029020",0.491410475590019,0.380280478970987,0.710664283631131,"24h_vs_0h"
"ENSMUSG00000024077",0.0622746864662496,0.381717562855899,0.713047111260107,"24h_vs_0h"
"ENSMUSG00000043207",0.151721662974666,0.382082935325072,0.713426813052881,"24h_vs_0h"
"ENSMUSG00000024529",-0.108224584229884,0.38254464210592,0.713985992327461,"24h_vs_0h"
"ENSMUSG00000024812",0.685250350426525,0.383237950541862,0.714976778437785,"24h_vs_0h"
"ENSMUSG00000026956",0.0623373246158252,0.384254386929804,0.716569303761894,"24h_vs_0h"
"ENSMUSG00000024513",0.770401938720006,0.38488791642569,0.717335491772441,"24h_vs_0h"
"ENSMUSG00000019173",0.0907047483742751,0.385136995001153,0.717335491772441,"24h_vs_0h"
"ENSMUSG00000026887",-0.0707209557530497,0.385258750584263,0.717335491772441,"24h_vs_0h"
"ENSMUSG00000030704",-0.0561822292852838,0.385317223937753,0.717335491772441,"24h_vs_0h"
"ENSMUSG00000018340",-0.814764412401292,0.386464218137915,0.719166606353051,"24h_vs_0h"
"ENSMUSG00000038619",0.978840143860779,0.387934295905952,0.721256360135597,"24h_vs_0h"
"ENSMUSG00000030868",0.550741551311596,0.387982939899729,0.721256360135597,"24h_vs_0h"
"ENSMUSG00000003458",0.703657810865273,0.388078859532173,0.721256360135597,"24h_vs_0h"
"ENSMUSG00000024392",0.755752543529233,0.388323812124973,0.721406963766149,"24h_vs_0h"
"ENSMUSG00000024335",-0.638307632753321,0.389091321893006,0.722527809135494,"24h_vs_0h"
"ENSMUSG00000027131",0.878505178248716,0.389913527498151,0.72324714424266,"24h_vs_0h"
"ENSMUSG00000023967",-0.0791188411353652,0.389939941653641,0.72324714424266,"24h_vs_0h"
"ENSMUSG00000035245",0.530369089603347,0.389971704905211,0.72324714424266,"24h_vs_0h"
"ENSMUSG00000019979",0.260742176563841,0.390409225677336,0.723753581384144,"24h_vs_0h"
"ENSMUSG00000032601",0.0903592770566739,0.39091371249265,0.724383683654801,"24h_vs_0h"
"ENSMUSG00000050244",-0.0758266149743925,0.391192849485166,0.724595846205479,"24h_vs_0h"
"ENSMUSG00000004591",0.853975533109097,0.391621843437661,0.725085289427491,"24h_vs_0h"
"ENSMUSG00000006418",0.520526157717129,0.392348255416321,0.726124756975285,"24h_vs_0h"
"ENSMUSG00000035027",0.093177337289994,0.392913814808998,0.726865783511727,"24h_vs_0h"
"ENSMUSG00000026254",0.585419239306116,0.393171262946855,0.727036440432398,"24h_vs_0h"
"ENSMUSG00000032271",0.516042817503795,0.393964166218151,0.728196680187352,"24h_vs_0h"
"ENSMUSG00000026021",-0.0627352648654735,0.396011333061173,0.731673331990858,"24h_vs_0h"
"ENSMUSG00000016534",0.145554830473376,0.396336301483425,0.731966455236489,"24h_vs_0h"
"ENSMUSG00000069769",0.615393485815957,0.396817622981489,0.732508898457672,"24h_vs_0h"
"ENSMUSG00000028140",-0.0667990800046852,0.396962899982174,0.732508898457672,"24h_vs_0h"
"ENSMUSG00000025979",0.50069753511654,0.397259905618798,0.732749725326208,"24h_vs_0h"
"ENSMUSG00000055401",0.494521900850334,0.397603660805212,0.732828023648259,"24h_vs_0h"
"ENSMUSG00000026131",1.08695829329218,0.397635382974788,0.732828023648259,"24h_vs_0h"
"ENSMUSG00000001983",-0.0559978572775144,0.397948912691059,0.733098855066284,"24h_vs_0h"
"ENSMUSG00000028673",-0.0624093141725197,0.399046608263104,0.734813440571515,"24h_vs_0h"
"ENSMUSG00000027952",0.0774436823852369,0.399441807678657,0.73513643152532,"24h_vs_0h"
"ENSMUSG00000035152",0.055943090443364,0.399556088209172,0.73513643152532,"24h_vs_0h"
"ENSMUSG00000061474",-0.0698175151486709,0.399892656882216,0.735448216856929,"24h_vs_0h"
"ENSMUSG00000024097",-0.338840001125917,0.400083349998202,0.735491571989176,"24h_vs_0h"
"ENSMUSG00000022706",-0.0914846002693999,0.400437857229089,0.735835912177545,"24h_vs_0h"
"ENSMUSG00000063410",0.420140929673718,0.400929269801224,0.736431434221697,"24h_vs_0h"
"ENSMUSG00000006262",0.65297156300435,0.401421587051983,0.737028120407082,"24h_vs_0h"
"ENSMUSG00000020650",0.67751502776585,0.401755748102929,0.737334048123849,"24h_vs_0h"
"ENSMUSG00000025477",-0.671348459810154,0.402409849210203,0.737993913671878,"24h_vs_0h"
"ENSMUSG00000008475",1.37545032173632,0.402561688075721,0.737993913671878,"24h_vs_0h"
"ENSMUSG00000016495",0.121775998811156,0.402707034735771,0.737993913671878,"24h_vs_0h"
"ENSMUSG00000029153",0.488760245762915,0.402786044226278,0.737993913671878,"24h_vs_0h"
"ENSMUSG00000001036",0.548693485992182,0.403386696533154,0.738595809577778,"24h_vs_0h"
"ENSMUSG00000030970",0.0838024391257406,0.403536027666945,0.738595809577778,"24h_vs_0h"
"ENSMUSG00000023883",-0.537888892726524,0.403741350844568,0.738595809577778,"24h_vs_0h"
"ENSMUSG00000022765",0.486503797661772,0.403995631922866,0.738595809577778,"24h_vs_0h"
"ENSMUSG00000028194",0.573047995335457,0.404080079156006,0.738595809577778,"24h_vs_0h"
"ENSMUSG00000022774",-0.796980431164382,0.404121497265005,0.738595809577778,"24h_vs_0h"
"ENSMUSG00000028480",-0.94229459972188,0.404323304540239,0.738657892603401,"24h_vs_0h"
"ENSMUSG00000046836",0.71048794053203,0.404803301167473,0.739227937111224,"24h_vs_0h"
"ENSMUSG00000026781",-0.47228994756755,0.405290888518238,0.739811364731964,"24h_vs_0h"
"ENSMUSG00000033157",0.0719722319857823,0.4069622124424,0.742554186135574,"24h_vs_0h"
"ENSMUSG00000034192",-0.922839099608868,0.408009477331177,0.743701970740949,"24h_vs_0h"
"ENSMUSG00000030894",-0.11554959181634,0.408049521079863,0.743701970740949,"24h_vs_0h"
"ENSMUSG00000021371",0.524458709746874,0.408098218436581,0.743701970740949,"24h_vs_0h"
"ENSMUSG00000061079",-0.325208330982626,0.408717896301422,0.744522955969602,"24h_vs_0h"
"ENSMUSG00000023961",-0.562406179012786,0.409159306995887,0.744918713227501,"24h_vs_0h"
"ENSMUSG00000042613",-0.645104593427945,0.409273676115451,0.744918713227501,"24h_vs_0h"
"ENSMUSG00000025372",0.466378939903606,0.409669408339161,0.745328271189641,"24h_vs_0h"
"ENSMUSG00000068114",0.797649115629593,0.409837404289691,0.745328271189641,"24h_vs_0h"
"ENSMUSG00000017210",-0.48006415317781,0.41141163543324,0.747882117943697,"24h_vs_0h"
"ENSMUSG00000041891",-0.0592998219141556,0.412079772675185,0.748787398655445,"24h_vs_0h"
"ENSMUSG00000025969",-0.708069102760174,0.412273364303803,0.74882999434628,"24h_vs_0h"
"ENSMUSG00000070436",0.0478108204634964,0.41322337823991,0.750245910740034,"24h_vs_0h"
"ENSMUSG00000018160",0.556967289880042,0.413636377794353,0.750686061308433,"24h_vs_0h"
"ENSMUSG00000030216",0.0770176491257928,0.41384524859793,0.750755539604077,"24h_vs_0h"
"ENSMUSG00000022361",-0.401069408437923,0.414886570054125,0.75233448488183,"24h_vs_0h"
"ENSMUSG00000010660",0.517302295246431,0.415675630930014,0.753454881269767,"24h_vs_0h"
"ENSMUSG00000024613",-0.0501008081979109,0.416390849770702,0.754440563952597,"24h_vs_0h"
"ENSMUSG00000074064",-0.425746279310744,0.417231289699095,0.755411497071019,"24h_vs_0h"
"ENSMUSG00000019809",-0.491452325659907,0.417270018036729,0.755411497071019,"24h_vs_0h"
"ENSMUSG00000021939",0.0790159801142636,0.418936290544012,0.758116206695805,"24h_vs_0h"
"ENSMUSG00000029560",0.424438110937523,0.41915424008045,0.758198853511739,"24h_vs_0h"
"ENSMUSG00000049775",-0.68927673715822,0.419490236744442,0.758494877531754,"24h_vs_0h"
"ENSMUSG00000064080",0.656732309885399,0.42005762043725,0.758990457508262,"24h_vs_0h"
"ENSMUSG00000073982",-0.0590312085004321,0.420109237557402,0.758990457508262,"24h_vs_0h"
"ENSMUSG00000068184",-0.0580377820702793,0.421304567034005,0.760837669067155,"24h_vs_0h"
"ENSMUSG00000020228",0.597879129530536,0.421636113430824,0.761124091554167,"24h_vs_0h"
"ENSMUSG00000060636",0.0551195008024941,0.422047753260994,0.761554802009691,"24h_vs_0h"
"ENSMUSG00000026456",-0.0596095342064089,0.42282632059199,0.762455665768526,"24h_vs_0h"
"ENSMUSG00000034160",-0.0543388607046431,0.42294450041883,0.762455665768526,"24h_vs_0h"
"ENSMUSG00000031503",-0.0702749225502579,0.423066742969039,0.762455665768526,"24h_vs_0h"
"ENSMUSG00000028962",-0.618917865993421,0.423312424651464,0.762510121898335,"24h_vs_0h"
"ENSMUSG00000030286",-0.0675398892775938,0.423523638475021,0.762510121898335,"24h_vs_0h"
"ENSMUSG00000038914",-0.733239374716508,0.423749704096956,0.762510121898335,"24h_vs_0h"
"ENSMUSG00000021033",0.066511154796153,0.423789992766037,0.762510121898335,"24h_vs_0h"
"ENSMUSG00000037857",1.51499041438009,0.424528462592104,0.763526670971741,"24h_vs_0h"
"ENSMUSG00000029581",0.0916470940009759,0.425696046463668,0.765313848237991,"24h_vs_0h"
"ENSMUSG00000025049",-0.550726050343918,0.426122008390904,0.765766826838861,"24h_vs_0h"
"ENSMUSG00000020257",0.0928606886487167,0.42639049295639,0.765936554898397,"24h_vs_0h"
"ENSMUSG00000025544",0.165798712048712,0.426996690513558,0.766712539759351,"24h_vs_0h"
"ENSMUSG00000032777",0.504973182681006,0.427965177961006,0.768138151797058,"24h_vs_0h"
"ENSMUSG00000068614",0.118127899844293,0.428487031773558,0.768761282851785,"24h_vs_0h"
"ENSMUSG00000029413",0.639208207177074,0.429739458015559,0.770012260553935,"24h_vs_0h"
"ENSMUSG00000000594",-0.0663894342921019,0.429823043370805,0.770012260553935,"24h_vs_0h"
"ENSMUSG00000029486",-0.0577991246915417,0.429872833532532,0.770012260553935,"24h_vs_0h"
"ENSMUSG00000021484",-0.0595458194954794,0.430008850183148,0.770012260553935,"24h_vs_0h"
"ENSMUSG00000032127",0.518084458413199,0.430059108484793,0.770012260553935,"24h_vs_0h"
"ENSMUSG00000042354",0.477623203931106,0.431096542279499,0.771555869285106,"24h_vs_0h"
"ENSMUSG00000031378",-0.59765239687513,0.432120188838209,0.772998122990798,"24h_vs_0h"
"ENSMUSG00000025130",0.036774750347,0.432269229167854,0.772998122990798,"24h_vs_0h"
"ENSMUSG00000026043",-0.0961740954737635,0.432429306703782,0.772998122990798,"24h_vs_0h"
"ENSMUSG00000022051",0.537997119442704,0.434093741539142,0.775231472305104,"24h_vs_0h"
"ENSMUSG00000061462",1.04798713378324,0.434177237240133,0.775231472305104,"24h_vs_0h"
"ENSMUSG00000020471",0.615585526856531,0.434520296006724,0.775231472305104,"24h_vs_0h"
"ENSMUSG00000062110",0.602695470277745,0.434716989448793,0.775231472305104,"24h_vs_0h"
"ENSMUSG00000041736",-0.952047368685921,0.434732203765947,0.775231472305104,"24h_vs_0h"
"ENSMUSG00000034957",-0.599151988986517,0.434911773096423,0.775231472305104,"24h_vs_0h"
"ENSMUSG00000024006",0.475314213026888,0.435245819446602,0.775231472305104,"24h_vs_0h"
"ENSMUSG00000036513",0.53709347455592,0.435276305633884,0.775231472305104,"24h_vs_0h"
"ENSMUSG00000034708",-0.0677750150604837,0.435384318529932,0.775231472305104,"24h_vs_0h"
"ENSMUSG00000020802",0.461000231045407,0.435440172583099,0.775231472305104,"24h_vs_0h"
"ENSMUSG00000028710",0.094931779720028,0.436108877768418,0.775844688478736,"24h_vs_0h"
"ENSMUSG00000039047",0.377915957281559,0.436239800102483,0.775844688478736,"24h_vs_0h"
"ENSMUSG00000032575",0.0658547305012398,0.436681710875743,0.775844688478736,"24h_vs_0h"
"ENSMUSG00000047547",0.969579343961126,0.436714392346644,0.775844688478736,"24h_vs_0h"
"ENSMUSG00000021820",0.684573287508009,0.436840549021259,0.775844688478736,"24h_vs_0h"
"ENSMUSG00000020248",-0.697484525318483,0.436842339934176,0.775844688478736,"24h_vs_0h"
"ENSMUSG00000040158",-0.883402055451651,0.437626006138938,0.776922974190184,"24h_vs_0h"
"ENSMUSG00000029012",-0.0979158199425605,0.437915921498861,0.777124181659874,"24h_vs_0h"
"ENSMUSG00000022722",-0.503397490836779,0.438183423139798,0.777228108352868,"24h_vs_0h"
"ENSMUSG00000090150",-0.507136508255037,0.438820233237728,0.777228108352868,"24h_vs_0h"
"ENSMUSG00000027962",1.08760142047851,0.438833807434185,0.777228108352868,"24h_vs_0h"
"ENSMUSG00000060373",0.689726633065472,0.438958794845833,0.777228108352868,"24h_vs_0h"
"ENSMUSG00000028882",0.114290872788715,0.438978062959492,0.777228108352868,"24h_vs_0h"
"ENSMUSG00000051256",0.581241319910006,0.439078461955187,0.777228108352868,"24h_vs_0h"
"ENSMUSG00000015027",-0.603543926331064,0.439308441018548,0.777228108352868,"24h_vs_0h"
"ENSMUSG00000028649",0.897568203037483,0.439569411880016,0.777228108352868,"24h_vs_0h"
"ENSMUSG00000001424",-0.0316689035344169,0.439620787295549,0.777228108352868,"24h_vs_0h"
"ENSMUSG00000023452",0.470600546331006,0.439740511201691,0.777228108352868,"24h_vs_0h"
"ENSMUSG00000039183",1.07862627880855,0.440517385443771,0.77799974049286,"24h_vs_0h"
"ENSMUSG00000024191",-0.534499925437835,0.440530641515157,0.77799974049286,"24h_vs_0h"
"ENSMUSG00000027509",-0.0527254729238464,0.441007998501201,0.778530365585153,"24h_vs_0h"
"ENSMUSG00000028447",0.852354858378632,0.441266466873455,0.778674306619918,"24h_vs_0h"
"ENSMUSG00000021546",-0.0391055807822731,0.441609124231176,0.778966635567697,"24h_vs_0h"
"ENSMUSG00000031352",0.0826814952605588,0.442024464372054,0.779386886098321,"24h_vs_0h"
"ENSMUSG00000022235",0.923705216442741,0.442312322323531,0.779532763531892,"24h_vs_0h"
"ENSMUSG00000021962",-0.487046330599611,0.442461450420965,0.779532763531892,"24h_vs_0h"
"ENSMUSG00000024944",0.13547903618133,0.443507782578142,0.78055845646647,"24h_vs_0h"
"ENSMUSG00000026260",-0.0505418949080223,0.443539760354999,0.78055845646647,"24h_vs_0h"
"ENSMUSG00000051285",0.29885279127727,0.443595571649098,0.78055845646647,"24h_vs_0h"
"ENSMUSG00000038733",0.605005477488262,0.443875739077636,0.78055845646647,"24h_vs_0h"
"ENSMUSG00000039536",-0.610882686488534,0.443930428660662,0.78055845646647,"24h_vs_0h"
"ENSMUSG00000024604",-0.897130580173723,0.4447087543067,0.781614707549436,"24h_vs_0h"
"ENSMUSG00000021427",-0.897104355299906,0.444935329647666,0.781664369981369,"24h_vs_0h"
"ENSMUSG00000076432",0.458404971724011,0.445092231577666,0.781664369981369,"24h_vs_0h"
"ENSMUSG00000027752",0.655627674294962,0.448219797748362,0.786842971635636,"24h_vs_0h"
"ENSMUSG00000026618",-0.0532173737041255,0.448752522193727,0.787464055093537,"24h_vs_0h"
"ENSMUSG00000018697",-0.45988066172778,0.449082363284448,0.787728768758412,"24h_vs_0h"
"ENSMUSG00000039768",-0.0594540588968968,0.450211421741155,0.789394608399531,"24h_vs_0h"
"ENSMUSG00000057113",-0.102845954056868,0.450608834366526,0.789478515147286,"24h_vs_0h"
"ENSMUSG00000034203",0.171178255688698,0.450656942072868,0.789478515147286,"24h_vs_0h"
"ENSMUSG00000021413",-0.0412152851611189,0.450797434347905,0.789478515147286,"24h_vs_0h"
"ENSMUSG00000025868",-0.978952930191234,0.45202955683481,0.791321431833731,"24h_vs_0h"
"ENSMUSG00000031826",0.0637467295447713,0.453350410337264,0.793259815872114,"24h_vs_0h"
"ENSMUSG00000035851",-0.077626814305912,0.453497318049134,0.793259815872114,"24h_vs_0h"
"ENSMUSG00000024955",-0.538146111057344,0.453912456068068,0.793553727666972,"24h_vs_0h"
"ENSMUSG00000007036",-0.822488481294602,0.45402596824936,0.793553727666972,"24h_vs_0h"
"ENSMUSG00000007039",-0.69720808560816,0.454375780331274,0.793849864723278,"24h_vs_0h"
"ENSMUSG00000022685",0.78101030253135,0.454649717516812,0.794013256663289,"24h_vs_0h"
"ENSMUSG00000027215",-0.666798866343868,0.454859019011223,0.794063682137403,"24h_vs_0h"
"ENSMUSG00000022812",0.360540344362633,0.456212361496227,0.795880111366294,"24h_vs_0h"
"ENSMUSG00000078622",-0.0434590296237332,0.456261195404944,0.795880111366294,"24h_vs_0h"
"ENSMUSG00000049940",0.0596003018913365,0.456473918862901,0.795935704007777,"24h_vs_0h"
"ENSMUSG00000028937",0.0518376877675486,0.456817033216137,0.796218520072959,"24h_vs_0h"
"ENSMUSG00000001847",0.0539754405846651,0.457780510979392,0.797153602435661,"24h_vs_0h"
"ENSMUSG00000071074",0.683972592328836,0.458112486259754,0.797153602435661,"24h_vs_0h"
"ENSMUSG00000023932",-0.0487517301663694,0.45826858745032,0.797153602435661,"24h_vs_0h"
"ENSMUSG00000028670",-0.480573367981378,0.458331128338692,0.797153602435661,"24h_vs_0h"
"ENSMUSG00000026491",0.591803787512923,0.458355247959654,0.797153602435661,"24h_vs_0h"
"ENSMUSG00000030545",-0.648751558991307,0.458440301696128,0.797153602435661,"24h_vs_0h"
"ENSMUSG00000034066",0.597237709513461,0.458942483904618,0.797708059716183,"24h_vs_0h"
"ENSMUSG00000046330",-0.0594001796687849,0.459121680359257,0.797708059716183,"24h_vs_0h"
"ENSMUSG00000000326",0.0670018830259203,0.459855584240603,0.79792858326503,"24h_vs_0h"
"ENSMUSG00000026037",0.529405847557832,0.459954384133251,0.79792858326503,"24h_vs_0h"
"ENSMUSG00000068328",-0.837680049800611,0.459966938964631,0.79792858326503,"24h_vs_0h"
"ENSMUSG00000024974",-0.0246766715306599,0.459973827708107,0.79792858326503,"24h_vs_0h"
"ENSMUSG00000001962",0.878421786792664,0.462870082576755,0.80241052268279,"24h_vs_0h"
"ENSMUSG00000064090",-0.49757991579197,0.462922135217361,0.80241052268279,"24h_vs_0h"
"ENSMUSG00000027715",0.808276629022259,0.463429104119281,0.802566736098312,"24h_vs_0h"
"ENSMUSG00000045438",-0.670536323644914,0.463505318243156,0.802566736098312,"24h_vs_0h"
"ENSMUSG00000029782",0.583550323351528,0.463724653955358,0.802566736098312,"24h_vs_0h"
"ENSMUSG00000024338",0.615069345206777,0.463741697318338,0.802566736098312,"24h_vs_0h"
"ENSMUSG00000001964",-0.0647523624564776,0.464128541894311,0.802920484621408,"24h_vs_0h"
"ENSMUSG00000032320",-0.0558290712813516,0.464901214437978,0.803891725854218,"24h_vs_0h"
"ENSMUSG00000019579",-0.0917590113804891,0.465274434342678,0.803891725854218,"24h_vs_0h"
"ENSMUSG00000041958",0.707954380118473,0.465279521749228,0.803891725854218,"24h_vs_0h"
"ENSMUSG00000028229",0.0726979033691322,0.465560070582642,0.803891725854218,"24h_vs_0h"
"ENSMUSG00000079641",1.19511296928282,0.46560327407462,0.803891725854218,"24h_vs_0h"
"ENSMUSG00000009741",0.603854411284296,0.466441690593456,0.805023482471294,"24h_vs_0h"
"ENSMUSG00000021044",-0.600628525244019,0.467879640927344,0.807188671000095,"24h_vs_0h"
"ENSMUSG00000024576",0.0477249172824799,0.46812292063852,0.807291917605848,"24h_vs_0h"
"ENSMUSG00000026496",-0.0322122322360023,0.469946653081771,0.810119553549891,"24h_vs_0h"
"ENSMUSG00000022565",-0.0517217087477455,0.47025364382825,0.810331357278045,"24h_vs_0h"
"ENSMUSG00000016255",0.117598610064135,0.470527509551655,0.810485937196412,"24h_vs_0h"
"ENSMUSG00000019659",0.705209805522315,0.471110392964526,0.811172472393145,"24h_vs_0h"
"ENSMUSG00000023277",0.58277151310163,0.471922333547443,0.81199830825923,"24h_vs_0h"
"ENSMUSG00000033970",-0.0486716229856974,0.471959025795753,0.81199830825923,"24h_vs_0h"
"ENSMUSG00000017715",-0.620337528394685,0.473169629758071,0.813763009208781,"24h_vs_0h"
"ENSMUSG00000041084",0.951328725120476,0.473659253213584,0.813975714140533,"24h_vs_0h"
"ENSMUSG00000021000",0.543112924717899,0.47366321379548,0.813975714140533,"24h_vs_0h"
"ENSMUSG00000004356",0.85066895362505,0.47407391689647,0.814363508298738,"24h_vs_0h"
"ENSMUSG00000092305",-0.892769395550683,0.474562558670401,0.814884830553427,"24h_vs_0h"
"ENSMUSG00000019998",0.618585646848246,0.475565527942692,0.816288568048279,"24h_vs_0h"
"ENSMUSG00000031657",0.567775812223829,0.475853632014267,0.81646465282448,"24h_vs_0h"
"ENSMUSG00000035478",-0.0585441750528766,0.476607628625852,0.817011697681328,"24h_vs_0h"
"ENSMUSG00000023118",-0.0506260636608253,0.476687142276523,0.817011697681328,"24h_vs_0h"
"ENSMUSG00000055980",0.682222866420005,0.476729388694763,0.817011697681328,"24h_vs_0h"
"ENSMUSG00000053317",0.10309164576676,0.47710130066211,0.817230747272643,"24h_vs_0h"
"ENSMUSG00000018669",0.0756187809112525,0.477392590633022,0.817230747272643,"24h_vs_0h"
"ENSMUSG00000020611",0.514699701518452,0.477557867215789,0.817230747272643,"24h_vs_0h"
"ENSMUSG00000044018",-0.9416537351598,0.477599973184558,0.817230747272643,"24h_vs_0h"
"ENSMUSG00000027933",0.0578051765679355,0.478176039644694,0.817898465012164,"24h_vs_0h"
"ENSMUSG00000061780",0.590358368964086,0.478888592196573,0.818799026517917,"24h_vs_0h"
"ENSMUSG00000036270",-0.0349917833752471,0.479243171356246,0.819087066850034,"24h_vs_0h"
"ENSMUSG00000031633",-0.0490340684400543,0.479669183903447,0.819496924828832,"24h_vs_0h"
"ENSMUSG00000021715",-0.760985212258667,0.480422628354951,0.820363188241308,"24h_vs_0h"
"ENSMUSG00000041313",-0.797046144684767,0.480549034148169,0.820363188241308,"24h_vs_0h"
"ENSMUSG00000039130",0.559326745744396,0.481425942401274,0.821541517063981,"24h_vs_0h"
"ENSMUSG00000001507",-0.663753659711269,0.481708394458566,0.821704900779903,"24h_vs_0h"
"ENSMUSG00000020311",-0.602488520014347,0.48248623621793,0.822712873148047,"24h_vs_0h"
"ENSMUSG00000011877",0.729324671670756,0.483496760832513,0.824116670962002,"24h_vs_0h"
"ENSMUSG00000022711",0.464646029718754,0.484404773208891,0.825344718115498,"24h_vs_0h"
"ENSMUSG00000000555",-0.657368691474773,0.484804692052413,0.825536825509285,"24h_vs_0h"
"ENSMUSG00000052798",-0.0407389441779813,0.484892682104408,0.825536825509285,"24h_vs_0h"
"ENSMUSG00000038268",0.634439481782238,0.485875132055819,0.826889580888499,"24h_vs_0h"
"ENSMUSG00000037370",0.450834978789704,0.487782356455798,0.82981451517664,"24h_vs_0h"
"ENSMUSG00000020444",-0.467849728471172,0.488101379522763,0.830036387666027,"24h_vs_0h"
"ENSMUSG00000004393",-0.598875554743081,0.48945529497358,0.832017285893675,"24h_vs_0h"
"ENSMUSG00000024953",0.0423785101947338,0.489832565217399,0.832337111784469,"24h_vs_0h"
"ENSMUSG00000037993",-0.0849165565963901,0.490636333015551,0.833381127596078,"24h_vs_0h"
"ENSMUSG00000002981",-0.0586341021790915,0.492361747713656,0.835989217472146,"24h_vs_0h"
"ENSMUSG00000055817",0.55196417208122,0.493122394330109,0.836957831641655,"24h_vs_0h"
"ENSMUSG00000042275",0.457205528561211,0.49361445486348,0.837470013821964,"24h_vs_0h"
"ENSMUSG00000073639",-0.0397832697442269,0.495692286715379,0.840241601793587,"24h_vs_0h"
"ENSMUSG00000010205",-0.0485549054575536,0.495919175881025,0.840241601793587,"24h_vs_0h"
"ENSMUSG00000038084",0.0386873031719404,0.496014744568533,0.840241601793587,"24h_vs_0h"
"ENSMUSG00000034807",-0.0337297843191671,0.496073294684647,0.840241601793587,"24h_vs_0h"
"ENSMUSG00000026516",0.559342108908115,0.496278984295798,0.840241601793587,"24h_vs_0h"
"ENSMUSG00000002147",0.459304037050522,0.496393584336134,0.840241601793587,"24h_vs_0h"
"ENSMUSG00000040034",-0.664511806966047,0.496969532489725,0.840893084385728,"24h_vs_0h"
"ENSMUSG00000050144",-0.919450650753308,0.497697581092521,0.841801327589618,"24h_vs_0h"
"ENSMUSG00000061983",0.0409025191731232,0.498094349013552,0.841889349600642,"24h_vs_0h"
"ENSMUSG00000029363",-0.0448768991278143,0.498276904310373,0.841889349600642,"24h_vs_0h"
"ENSMUSG00000024248",0.114652960878477,0.498323507318717,0.841889349600642,"24h_vs_0h"
"ENSMUSG00000001229",-0.438845475782255,0.498824945626624,0.84241311807474,"24h_vs_0h"
"ENSMUSG00000022906",0.487161454744438,0.499385114066513,0.84303562984531,"24h_vs_0h"
"ENSMUSG00000020111",-0.0673809917253259,0.500803642701571,0.845106147058901,"24h_vs_0h"
"ENSMUSG00000026103",0.677946494815107,0.501346105977397,0.845697283406104,"24h_vs_0h"
"ENSMUSG00000021704",0.503066811943622,0.502305628261788,0.846991214551773,"24h_vs_0h"
"ENSMUSG00000021357",0.495619972731195,0.50261081112542,0.847181225493287,"24h_vs_0h"
"ENSMUSG00000015776",-0.651624434580906,0.504640617830376,0.850276936857382,"24h_vs_0h"
"ENSMUSG00000022110",-0.0392588365119444,0.504944290199667,0.850463000829979,"24h_vs_0h"
"ENSMUSG00000041859",-0.0212509929365012,0.505661614023313,0.850978683378529,"24h_vs_0h"
"ENSMUSG00000022710",0.0262802156056878,0.505742040314587,0.850978683378529,"24h_vs_0h"
"ENSMUSG00000059363",-0.653251252568388,0.505985281356362,0.850978683378529,"24h_vs_0h"
"ENSMUSG00000027610",0.721095283862798,0.50615462553363,0.850978683378529,"24h_vs_0h"
"ENSMUSG00000030659",0.505398420441111,0.506217267231309,0.850978683378529,"24h_vs_0h"
"ENSMUSG00000063511",-0.137847692006964,0.506763748632998,0.851572072445142,"24h_vs_0h"
"ENSMUSG00000071654",-0.765125266416089,0.507258860310802,0.852078719170931,"24h_vs_0h"
"ENSMUSG00000024972",-0.0715709141799508,0.508991350025284,0.854662698001249,"24h_vs_0h"
"ENSMUSG00000002289",0.410525577559007,0.509743657801978,0.855599480544053,"24h_vs_0h"
"ENSMUSG00000066735",-0.712420170481799,0.510928239215641,0.857260839034707,"24h_vs_0h"
"ENSMUSG00000029554",0.331040773757991,0.511237189782101,0.857452314112433,"24h_vs_0h"
"ENSMUSG00000008859",0.713009587645494,0.511467426399215,0.857511673745885,"24h_vs_0h"
"ENSMUSG00000033429",0.820027510179475,0.512214266792453,0.85843678147509,"24h_vs_0h"
"ENSMUSG00000024393",0.79951418150085,0.514298414855935,0.861601569768165,"24h_vs_0h"
"ENSMUSG00000056131",0.417102925628591,0.515768113989911,0.863734958017351,"24h_vs_0h"
"ENSMUSG00000037364",-0.0278268245850768,0.516214500017287,0.863882575345213,"24h_vs_0h"
"ENSMUSG00000024959",-0.5241692796838,0.516248846434426,0.863882575345213,"24h_vs_0h"
"ENSMUSG00000002395",0.532367816470764,0.517257083491273,0.865240754255071,"24h_vs_0h"
"ENSMUSG00000026797",0.497029035186934,0.517589416070524,0.865467712813973,"24h_vs_0h"
"ENSMUSG00000031278",0.0397560053196244,0.518400411002055,0.866379330407614,"24h_vs_0h"
"ENSMUSG00000021018",0.853112021618234,0.518528324538436,0.866379330407614,"24h_vs_0h"
"ENSMUSG00000021134",-0.0421214779678039,0.51930226920103,0.867343182828741,"24h_vs_0h"
"ENSMUSG00000022040",-0.506244296664512,0.519988438646113,0.868129944744092,"24h_vs_0h"
"ENSMUSG00000044573",0.055617195226155,0.520337653216507,0.868129944744092,"24h_vs_0h"
"ENSMUSG00000051236",0.675276172360192,0.520616827101672,0.868129944744092,"24h_vs_0h"
"ENSMUSG00000032525",0.471927439919607,0.520791896659043,0.868129944744092,"24h_vs_0h"
"ENSMUSG00000027469",-0.323158821935174,0.520872723567624,0.868129944744092,"24h_vs_0h"
"ENSMUSG00000037022",-0.0773549368261968,0.520956869818029,0.868129944744092,"24h_vs_0h"
"ENSMUSG00000012405",0.0442861077612591,0.521420645198692,0.868376011833786,"24h_vs_0h"
"ENSMUSG00000024835",0.0556988749795444,0.521499159117632,0.868376011833786,"24h_vs_0h"
"ENSMUSG00000073609",-0.649863251202603,0.521788821868796,0.868529729593258,"24h_vs_0h"
"ENSMUSG00000008690",0.497305517857651,0.522253449050799,0.868974453411178,"24h_vs_0h"
"ENSMUSG00000021094",-0.0480641696685424,0.523271849901582,0.869808266901081,"24h_vs_0h"
"ENSMUSG00000040681",0.069051798706397,0.523388836861246,0.869808266901081,"24h_vs_0h"
"ENSMUSG00000029616",-0.0479013675845543,0.523484116023599,0.869808266901081,"24h_vs_0h"
"ENSMUSG00000016481",0.51159508193189,0.523545125885245,0.869808266901081,"24h_vs_0h"
"ENSMUSG00000025198",-0.0527860032263447,0.523829498572143,0.869933780958061,"24h_vs_0h"
"ENSMUSG00000024620",1.35209907508047,0.52401600847985,0.869933780958061,"24h_vs_0h"
"ENSMUSG00000020831",0.597154732859671,0.525158558211707,0.871501815493863,"24h_vs_0h"
"ENSMUSG00000020171",-0.505894144908712,0.527512894021514,0.875077645015184,"24h_vs_0h"
"ENSMUSG00000015672",0.769627813281026,0.527710990654465,0.875077645015184,"24h_vs_0h"
"ENSMUSG00000021578",-0.109570829675217,0.528016385519432,0.875254279725431,"24h_vs_0h"
"ENSMUSG00000062190",0.610729372266416,0.528839104569632,0.876287989160749,"24h_vs_0h"
"ENSMUSG00000006412",0.410887573894257,0.530696368901916,0.879034519961359,"24h_vs_0h"
"ENSMUSG00000006589",0.0786096652210126,0.531496516622019,0.879946603861912,"24h_vs_0h"
"ENSMUSG00000057335",0.229881777757832,0.531731874002765,0.879946603861912,"24h_vs_0h"
"ENSMUSG00000040888",-0.589166348237352,0.5318468453244,0.879946603861912,"24h_vs_0h"
"ENSMUSG00000006276",0.721476447629218,0.53205402189404,0.879958568341102,"24h_vs_0h"
"ENSMUSG00000021420",-0.946717705344373,0.532318437146162,0.880065154725867,"24h_vs_0h"
"ENSMUSG00000063802",0.485188608834044,0.53321270126971,0.881212579154334,"24h_vs_0h"
"ENSMUSG00000031913",0.76380646510794,0.534501309865893,0.883010609879802,"24h_vs_0h"
"ENSMUSG00000026626",0.417418320048441,0.535863992036369,0.884929616867564,"24h_vs_0h"
"ENSMUSG00000020922",0.386307777084149,0.539496781130109,0.890594648819809,"24h_vs_0h"
"ENSMUSG00000026837",0.437599727194545,0.539793241316144,0.890698959186469,"24h_vs_0h"
"ENSMUSG00000036632",-0.027943207238831,0.5399647405384,0.890698959186469,"24h_vs_0h"
"ENSMUSG00000053819",-0.0442894611066933,0.541244637669152,0.892234175482016,"24h_vs_0h"
"ENSMUSG00000021500",0.034506158688238,0.541300897190861,0.892234175482016,"24h_vs_0h"
"ENSMUSG00000063052",0.0761165013384399,0.542073320852682,0.893172851019338,"24h_vs_0h"
"ENSMUSG00000030335",0.978416891770653,0.542431807056052,0.893429035499133,"24h_vs_0h"
"ENSMUSG00000000561",0.34472972653522,0.543253324435227,0.894447392756989,"24h_vs_0h"
"ENSMUSG00000023015",0.42257041806868,0.543900669004988,0.894653769155021,"24h_vs_0h"
"ENSMUSG00000069045",1.03011374667923,0.543932666214392,0.894653769155021,"24h_vs_0h"
"ENSMUSG00000026634",0.0820216291347968,0.54407688841767,0.894653769155021,"24h_vs_0h"
"ENSMUSG00000030654",-0.811195514151368,0.544191806413995,0.894653769155021,"24h_vs_0h"
"ENSMUSG00000029826",-0.112467597699965,0.544572873248329,0.8949459354615,"24h_vs_0h"
"ENSMUSG00000040147",0.722232039686542,0.544934324985165,0.895205660417958,"24h_vs_0h"
"ENSMUSG00000094724",0.528435883154668,0.545660385944572,0.8960639397545,"24h_vs_0h"
"ENSMUSG00000026860",0.3297939773487,0.546006449177814,0.896297792924864,"24h_vs_0h"
"ENSMUSG00000063787",-0.525192744640417,0.546602653328011,0.896941937843615,"24h_vs_0h"
"ENSMUSG00000026439",-0.298382387823207,0.547503369401102,0.898085102025437,"24h_vs_0h"
"ENSMUSG00000022800",0.448584571528883,0.548024371261765,0.898489285971734,"24h_vs_0h"
"ENSMUSG00000060938",0.0593693164267037,0.548307160700688,0.898489285971734,"24h_vs_0h"
"ENSMUSG00000021242",0.0739382631156147,0.548362240881636,0.898489285971734,"24h_vs_0h"
"ENSMUSG00000017188",0.998537179780918,0.548963733226024,0.899140078127179,"24h_vs_0h"
"ENSMUSG00000004895",0.681310923107862,0.549622885214161,0.899884790858454,"24h_vs_0h"
"ENSMUSG00000027673",-0.0551325291010585,0.55033226169931,0.900711150516424,"24h_vs_0h"
"ENSMUSG00000062825",-0.0449074791939097,0.550655380157198,0.900904954673542,"24h_vs_0h"
"ENSMUSG00000017765",0.54893890903524,0.551784092403947,0.902416124366322,"24h_vs_0h"
"ENSMUSG00000031967",0.0812724545566823,0.552661668583133,0.903153389687119,"24h_vs_0h"
"ENSMUSG00000029701",-0.417007922224364,0.552811188445427,0.903153389687119,"24h_vs_0h"
"ENSMUSG00000026187",0.714408752613817,0.552850541199068,0.903153389687119,"24h_vs_0h"
"ENSMUSG00000032469",0.56950122968593,0.553834252930374,0.904424692818767,"24h_vs_0h"
"ENSMUSG00000039542",0.0510445814011753,0.55461093254852,0.905357089816779,"24h_vs_0h"
"ENSMUSG00000057236",0.0427569775722567,0.554919398839853,0.905524758729772,"24h_vs_0h"
"ENSMUSG00000039191",0.504022157914378,0.556135317944016,0.907161940482506,"24h_vs_0h"
"ENSMUSG00000001785",0.626610527920437,0.556421467152059,0.907161940482506,"24h_vs_0h"
"ENSMUSG00000039427",0.657777009452861,0.556750003791014,0.907161940482506,"24h_vs_0h"
"ENSMUSG00000029815",0.38113744159056,0.556785773857761,0.907161940482506,"24h_vs_0h"
"ENSMUSG00000048170",0.303811359223481,0.556953320423479,0.907161940482506,"24h_vs_0h"
"ENSMUSG00000025246",0.494421068263996,0.557373725870523,0.907510827804726,"24h_vs_0h"
"ENSMUSG00000037017",-0.636144648857492,0.557645739448177,0.907617936135882,"24h_vs_0h"
"ENSMUSG00000001403",-0.618091457065631,0.557949511180876,0.907776635381528,"24h_vs_0h"
"ENSMUSG00000015846",-0.0336527388770449,0.558456732831662,0.908266105392514,"24h_vs_0h"
"ENSMUSG00000034926",-0.736528493072747,0.558861994120524,0.908295161645263,"24h_vs_0h"
"ENSMUSG00000049396",0.357554795134174,0.558887365993041,0.908295161645263,"24h_vs_0h"
"ENSMUSG00000026087",-0.0558604675167622,0.55915918405174,0.9084014651206,"24h_vs_0h"
"ENSMUSG00000024228",0.427057373362203,0.559916556486329,0.909296223282781,"24h_vs_0h"
"ENSMUSG00000024283",-0.565575607408448,0.563584543724614,0.914915373268915,"24h_vs_0h"
"ENSMUSG00000036860",-0.643238004643059,0.564421792866803,0.915133429837338,"24h_vs_0h"
"ENSMUSG00000042029",0.163911076445125,0.564478295684762,0.915133429837338,"24h_vs_0h"
"ENSMUSG00000028322",-0.751316013843919,0.564501251797449,0.915133429837338,"24h_vs_0h"
"ENSMUSG00000031660",-0.686289626768271,0.564550616225488,0.915133429837338,"24h_vs_0h"
"ENSMUSG00000034908",0.329817276497327,0.565008808152309,0.915538941339585,"24h_vs_0h"
"ENSMUSG00000021468",0.647362560561778,0.565660878907674,0.916258199511473,"24h_vs_0h"
"ENSMUSG00000024188",0.617526561068534,0.566316698650389,0.916898762636262,"24h_vs_0h"
"ENSMUSG00000034659",-1.1104999214526,0.566473014225857,0.916898762636262,"24h_vs_0h"
"ENSMUSG00000055024",-0.567258188020745,0.568175903744719,0.919316967786952,"24h_vs_0h"
"ENSMUSG00000037966",0.477314470936431,0.568726877495357,0.919870263821045,"24h_vs_0h"
"ENSMUSG00000029592",0.572027121500241,0.569476679635432,0.920171462396399,"24h_vs_0h"
"ENSMUSG00000027087",0.044689131866491,0.569522424646914,0.920171462396399,"24h_vs_0h"
"ENSMUSG00000002731",-0.682117532443044,0.569652506996782,0.920171462396399,"24h_vs_0h"
"ENSMUSG00000020402",-0.156412274601685,0.569749428545827,0.920171462396399,"24h_vs_0h"
"ENSMUSG00000027222",0.628479813004542,0.569974906192088,0.920197931823689,"24h_vs_0h"
"ENSMUSG00000028861",-0.0470377378046862,0.570384911954267,0.920522184639065,"24h_vs_0h"
"ENSMUSG00000026466",0.0436577676528707,0.570652325125677,0.920616159412796,"24h_vs_0h"
"ENSMUSG00000098274",-0.0516788271240962,0.57107152867322,0.92095485441218,"24h_vs_0h"
"ENSMUSG00000006728",0.0675880499765746,0.571611262935481,0.921487607391595,"24h_vs_0h"
"ENSMUSG00000074746",-0.548541653227595,0.571872720365996,0.92157152776666,"24h_vs_0h"
"ENSMUSG00000096054",0.634012093661489,0.572128140653212,0.921645661425617,"24h_vs_0h"
"ENSMUSG00000040711",0.67303463772836,0.572656974630445,0.922032652370794,"24h_vs_0h"
"ENSMUSG00000042390",-0.0407965561399806,0.572928788985642,0.922032652370794,"24h_vs_0h"
"ENSMUSG00000008822",0.678986595270356,0.572996888033202,0.922032652370794,"24h_vs_0h"
"ENSMUSG00000030432",0.0572373204910761,0.574556864429195,0.924055679055474,"24h_vs_0h"
"ENSMUSG00000032370",0.0528014049293901,0.574674027169923,0.924055679055474,"24h_vs_0h"
"ENSMUSG00000024357",-0.0643368229781807,0.575432265804998,0.924936961945871,"24h_vs_0h"
"ENSMUSG00000005470",-0.532938043850084,0.57593922407273,0.925203305789059,"24h_vs_0h"
"ENSMUSG00000058351",0.747790134650604,0.576018418055447,0.925203305789059,"24h_vs_0h"
"ENSMUSG00000025574",0.588732051257185,0.576530027394317,0.925499549192302,"24h_vs_0h"
"ENSMUSG00000034826",-0.0598710811864898,0.576623441010064,0.925499549192302,"24h_vs_0h"
"ENSMUSG00000073676",-0.116246441119387,0.57686882538939,0.92555585145414,"24h_vs_0h"
"ENSMUSG00000053774",0.55426608735733,0.577881891583315,0.926743113366536,"24h_vs_0h"
"ENSMUSG00000019214",0.398420671254669,0.578029958234752,0.926743113366536,"24h_vs_0h"
"ENSMUSG00000024580",0.523966864032477,0.57844540021936,0.927071451698982,"24h_vs_0h"
"ENSMUSG00000024050",-0.555323220205988,0.580171184382839,0.929498865114261,"24h_vs_0h"
"ENSMUSG00000004849",0.47276619720024,0.580468182765029,0.92963627086932,"24h_vs_0h"
"ENSMUSG00000031266",0.653176886158036,0.581000107978209,0.930149681779592,"24h_vs_0h"
"ENSMUSG00000034462",0.601374271384348,0.581620225570966,0.93080385917739,"24h_vs_0h"
"ENSMUSG00000026728",-0.0465605853751256,0.5820667152927,0.931096848685021,"24h_vs_0h"
"ENSMUSG00000038235",0.62227984849148,0.58222643207934,0.931096848685021,"24h_vs_0h"
"ENSMUSG00000038943",0.459880650057016,0.583527616677703,0.932838736287167,"24h_vs_0h"
"ENSMUSG00000026819",0.709572433399849,0.584004636713453,0.933262311610715,"24h_vs_0h"
"ENSMUSG00000030697",-0.536197960595217,0.584673656031592,0.933992290451919,"24h_vs_0h"
"ENSMUSG00000003623",0.624719085745053,0.585514378827371,0.934814191895198,"24h_vs_0h"
"ENSMUSG00000023020",0.882453632642548,0.585612980471497,0.934814191895198,"24h_vs_0h"
"ENSMUSG00000028247",-0.0477331661864824,0.587934782827029,0.938180195511876,"24h_vs_0h"
"ENSMUSG00000014959",0.452081061811377,0.588552025874173,0.938726477268936,"24h_vs_0h"
"ENSMUSG00000042997",0.772652891617032,0.588904507959568,0.938726477268936,"24h_vs_0h"
"ENSMUSG00000027944",0.378293019483536,0.589031643036417,0.938726477268936,"24h_vs_0h"
"ENSMUSG00000030062",-0.027521536002812,0.589130318158782,0.938726477268936,"24h_vs_0h"
"ENSMUSG00000027881",0.0504930480638635,0.589394466759845,0.938807473112587,"24h_vs_0h"
"ENSMUSG00000032279",-0.0402069973645922,0.590025599030272,0.939472742884308,"24h_vs_0h"
"ENSMUSG00000001020",1.3524242248189,0.590991988446137,0.940671154123489,"24h_vs_0h"
"ENSMUSG00000029328",0.0290123300248233,0.591426966301443,0.94102316655555,"24h_vs_0h"
"ENSMUSG00000036644",-0.427351089963558,0.591861578321697,0.941194235497051,"24h_vs_0h"
"ENSMUSG00000029910",-0.475836702775606,0.591962200376241,0.941194235497051,"24h_vs_0h"
"ENSMUSG00000026198",-0.437115532009358,0.592753311709297,0.941916947999499,"24h_vs_0h"
"ENSMUSG00000063931",1.1216688392441,0.593000203518065,0.941916947999499,"24h_vs_0h"
"ENSMUSG00000020315",0.0207500576685682,0.593058819110796,0.941916947999499,"24h_vs_0h"
"ENSMUSG00000079523",-1.01338634533666,0.594472427002064,0.942756059871872,"24h_vs_0h"
"ENSMUSG00000026353",-0.0624417976879919,0.594560088926591,0.942756059871872,"24h_vs_0h"
"ENSMUSG00000050323",0.391566312993561,0.594879031860784,0.942756059871872,"24h_vs_0h"
"ENSMUSG00000030846",-0.0311430805421189,0.594908888276548,0.942756059871872,"24h_vs_0h"
"ENSMUSG00000051154",0.541957143998186,0.594913281787096,0.942756059871872,"24h_vs_0h"
"ENSMUSG00000061286",0.650170927001728,0.594979148048612,0.942756059871872,"24h_vs_0h"
"ENSMUSG00000102976",-0.230918210053172,0.595373639946205,0.942756059871872,"24h_vs_0h"
"ENSMUSG00000021583",-0.0418332529552288,0.595380652464093,0.942756059871872,"24h_vs_0h"
"ENSMUSG00000005043",-0.52259423444881,0.595566511417973,0.942756059871872,"24h_vs_0h"
"ENSMUSG00000055943",-0.375877714347453,0.595729289366889,0.942756059871872,"24h_vs_0h"
"ENSMUSG00000061778",0.496157616465926,0.596050086419269,0.942786023718778,"24h_vs_0h"
"ENSMUSG00000004865",0.273934047717439,0.596176665305466,0.942786023718778,"24h_vs_0h"
"ENSMUSG00000020386",0.486724379232751,0.597932666158401,0.94522329876549,"24h_vs_0h"
"ENSMUSG00000040550",0.646082984427249,0.598351436675248,0.945545663485733,"24h_vs_0h"
"ENSMUSG00000029466",-0.0480049802720579,0.600862632735455,0.949173168222806,"24h_vs_0h"
"ENSMUSG00000028413",0.47388377482358,0.602837907730965,0.951713114358845,"24h_vs_0h"
"ENSMUSG00000051495",0.352096601379206,0.602903013595197,0.951713114358845,"24h_vs_0h"
"ENSMUSG00000023845",-0.0177140517747603,0.603862801092507,0.952593383918779,"24h_vs_0h"
"ENSMUSG00000015474",-0.44829627360329,0.604059161252594,0.952593383918779,"24h_vs_0h"
"ENSMUSG00000066441",0.603261899057205,0.604313240928258,0.952593383918779,"24h_vs_0h"
"ENSMUSG00000020919",0.723542906058714,0.604326454874172,0.952593383918779,"24h_vs_0h"
"ENSMUSG00000024896",0.5342404921875,0.605221687104839,0.953662959165198,"24h_vs_0h"
"ENSMUSG00000067367",0.0570899166320267,0.605777462668083,0.954038250592348,"24h_vs_0h"
"ENSMUSG00000007891",-0.0258768176310937,0.605893412952878,0.954038250592348,"24h_vs_0h"
"ENSMUSG00000028066",-0.471442090101316,0.606576668372632,0.954772502685248,"24h_vs_0h"
"ENSMUSG00000040151",-0.563069698946205,0.607966535984346,0.956422532927153,"24h_vs_0h"
"ENSMUSG00000054469",-0.627072009795654,0.608059588077749,0.956422532927153,"24h_vs_0h"
"ENSMUSG00000019710",-0.0439251085465742,0.608505299350128,0.956723422552675,"24h_vs_0h"
"ENSMUSG00000021809",0.352601642669828,0.60868565852022,0.956723422552675,"24h_vs_0h"
"ENSMUSG00000030079",-0.0240026492523846,0.611077370394543,0.959960142920447,"24h_vs_0h"
"ENSMUSG00000039959",-0.0739327074658718,0.611181168021607,0.959960142920447,"24h_vs_0h"
"ENSMUSG00000028672",-0.0386559292368176,0.613224871811658,0.962826493343956,"24h_vs_0h"
"ENSMUSG00000019804",0.0386021340279505,0.613559586120238,0.963008465946921,"24h_vs_0h"
"ENSMUSG00000032902",-0.698748226888519,0.615628371123102,0.965911037901166,"24h_vs_0h"
"ENSMUSG00000020705",0.0347250853148005,0.616341302935177,0.966684987247938,"24h_vs_0h"
"ENSMUSG00000028873",-0.395089138208395,0.616732093521711,0.966921103355512,"24h_vs_0h"
"ENSMUSG00000034424",-0.0453833780683546,0.61693125612867,0.966921103355512,"24h_vs_0h"
"ENSMUSG00000032555",0.352808537971274,0.619300105753148,0.970288275336278,"24h_vs_0h"
"ENSMUSG00000031974",0.446943255381875,0.621025253437953,0.972514021987958,"24h_vs_0h"
"ENSMUSG00000023025",-0.0314915613664972,0.621162671167496,0.972514021987958,"24h_vs_0h"
"ENSMUSG00000045948",-0.0549271820609398,0.622210933772649,0.973660173447043,"24h_vs_0h"
"ENSMUSG00000026201",0.497996234982914,0.622337211521593,0.973660173447043,"24h_vs_0h"
"ENSMUSG00000039740",0.455074495959362,0.623795470709652,0.975594835320959,"24h_vs_0h"
"ENSMUSG00000036285",0.413227154444858,0.624204754588651,0.975888143852451,"24h_vs_0h"
"ENSMUSG00000063450",-0.2800537944699,0.624669187060791,0.975966954731927,"24h_vs_0h"
"ENSMUSG00000029772",0.419170445030858,0.624698684726162,0.975966954731927,"24h_vs_0h"
"ENSMUSG00000090862",-0.0427152826296755,0.625020446894099,0.976123132285639,"24h_vs_0h"
"ENSMUSG00000028343",0.0314794901830275,0.62562789575328,0.976725210787578,"24h_vs_0h"
"ENSMUSG00000062270",1.04912885726368,0.626497511618868,0.977736010154127,"24h_vs_0h"
"ENSMUSG00000021843",0.0410308896836185,0.628125599896999,0.979411037652482,"24h_vs_0h"
"ENSMUSG00000005034",0.0622234277919063,0.628132293070887,0.979411037652482,"24h_vs_0h"
"ENSMUSG00000021973",-0.0502353759080876,0.628238436558272,0.979411037652482,"24h_vs_0h"
"ENSMUSG00000024614",-0.0630849297298184,0.629945104137092,0.981723938848209,"24h_vs_0h"
"ENSMUSG00000006134",0.553433540087276,0.632256124436462,0.984976709254821,"24h_vs_0h"
"ENSMUSG00000019210",-0.0262556902124089,0.632565900033939,0.9851105895433,"24h_vs_0h"
"ENSMUSG00000028527",0.443838761843757,0.634187529313183,0.987286634774431,"24h_vs_0h"
"ENSMUSG00000037725",-0.504152708899809,0.634797454081108,0.987737683774289,"24h_vs_0h"
"ENSMUSG00000003731",-0.0441551568351386,0.634926132105763,0.987737683774289,"24h_vs_0h"
"ENSMUSG00000022770",-0.0915310414663857,0.635575880231474,0.988399098550783,"24h_vs_0h"
"ENSMUSG00000004455",-0.0579432701019691,0.636132531306278,0.988878476008623,"24h_vs_0h"
"ENSMUSG00000021938",0.0282893532731698,0.63633352512075,0.988878476008623,"24h_vs_0h"
"ENSMUSG00000091537",-0.526988629353706,0.636887130226947,0.989389431743308,"24h_vs_0h"
"ENSMUSG00000028936",-0.042758128768245,0.637589978368631,0.990131790684666,"24h_vs_0h"
"ENSMUSG00000030102",-0.0226481903156568,0.640881431208355,0.994621559279739,"24h_vs_0h"
"ENSMUSG00000042557",-0.0376622402833604,0.641002821747768,0.994621559279739,"24h_vs_0h"
"ENSMUSG00000028567",-0.0326771709612643,0.641159137395278,0.994621559279739,"24h_vs_0h"
"ENSMUSG00000032580",0.337647150128181,0.641395962821348,0.994638348265241,"24h_vs_0h"
"ENSMUSG00000045594",-0.0399895364542964,0.642424459992057,0.995882369998255,"24h_vs_0h"
"ENSMUSG00000032932",0.0482058286883849,0.644114581998935,0.998128591534147,"24h_vs_0h"
"ENSMUSG00000016510",-0.552607882799808,0.64442097629321,0.998128591534147,"24h_vs_0h"
"ENSMUSG00000021606",-0.0770763711304596,0.644553841658724,0.998128591534147,"24h_vs_0h"
"ENSMUSG00000018995",0.504016296474028,0.646053229785997,1,"24h_vs_0h"
"ENSMUSG00000028651",0.0471845396144239,0.649371220380297,1,"24h_vs_0h"
"ENSMUSG00000005973",0.0524108306423265,0.652053017950427,1,"24h_vs_0h"
"ENSMUSG00000015647",-0.0720265698441374,0.653981483703472,1,"24h_vs_0h"
"ENSMUSG00000025162",0.0331211036502772,0.654049454788144,1,"24h_vs_0h"
"ENSMUSG00000029480",0.460703916359343,0.65469458968376,1,"24h_vs_0h"
"ENSMUSG00000027882",-0.0497544434439376,0.655029842378245,1,"24h_vs_0h"
"ENSMUSG00000005417",0.436934069165275,0.656061036979666,1,"24h_vs_0h"
"ENSMUSG00000038416",0.0467673384006382,0.656063686358201,1,"24h_vs_0h"
"ENSMUSG00000029823",0.0245844803133188,0.6561159380988,1,"24h_vs_0h"
"ENSMUSG00000020483",-0.0416766455771196,0.656207739294892,1,"24h_vs_0h"
"ENSMUSG00000072235",0.476303324950738,0.657634393513945,1,"24h_vs_0h"
"ENSMUSG00000040359",-0.232738013362997,0.658271309761135,1,"24h_vs_0h"
"ENSMUSG00000040322",0.0201278774866296,0.660456624536927,1,"24h_vs_0h"
"ENSMUSG00000062234",1.08218031568867,0.661023182141105,1,"24h_vs_0h"
"ENSMUSG00000037936",-0.0549575652584053,0.661522351947801,1,"24h_vs_0h"
"ENSMUSG00000071379",0.40792720962256,0.662159796573081,1,"24h_vs_0h"
"ENSMUSG00000038902",0.406594856967118,0.662662707319025,1,"24h_vs_0h"
"ENSMUSG00000118671",-0.46694452133276,0.662822696917383,1,"24h_vs_0h"
"ENSMUSG00000024007",-0.034001191015026,0.663064236342707,1,"24h_vs_0h"
"ENSMUSG00000061455",-0.355418192604965,0.663069428370374,1,"24h_vs_0h"
"ENSMUSG00000030824",-0.0281440914137256,0.663750402275225,1,"24h_vs_0h"
"ENSMUSG00000033323",0.41067184965026,0.66390022025419,1,"24h_vs_0h"
"ENSMUSG00000006717",-0.0315969417498323,0.665350057079643,1,"24h_vs_0h"
"ENSMUSG00000031119",-0.339732153905455,0.665601596083998,1,"24h_vs_0h"
"ENSMUSG00000038717",-0.0461458781630384,0.666965913095751,1,"24h_vs_0h"
"ENSMUSG00000008301",0.609593886329115,0.671088266598336,1,"24h_vs_0h"
"ENSMUSG00000091780",0.490126382418474,0.671336656551834,1,"24h_vs_0h"
"ENSMUSG00000036992",-0.205618437249292,0.672801554410952,1,"24h_vs_0h"
"ENSMUSG00000018567",-0.490109074542584,0.674886003694858,1,"24h_vs_0h"
"ENSMUSG00000001755",0.0328154334200761,0.675897501252875,1,"24h_vs_0h"
"ENSMUSG00000037361",-0.0362257506773922,0.676091578113971,1,"24h_vs_0h"
"ENSMUSG00000026234",-0.0201428781050303,0.676332592217857,1,"24h_vs_0h"
"ENSMUSG00000002017",-0.848286145090331,0.676340523511047,1,"24h_vs_0h"
"ENSMUSG00000001056",0.0306860542147653,0.676730683491149,1,"24h_vs_0h"
"ENSMUSG00000020458",0.245033666584828,0.676812346917564,1,"24h_vs_0h"
"ENSMUSG00000000340",-0.026674665951294,0.677229086893402,1,"24h_vs_0h"
"ENSMUSG00000031641",0.023070484323874,0.677605293888527,1,"24h_vs_0h"
"ENSMUSG00000033423",-0.549345792101864,0.678383447114207,1,"24h_vs_0h"
"ENSMUSG00000042650",0.285662207950132,0.678632224454841,1,"24h_vs_0h"
"ENSMUSG00000033285",-0.207865351287605,0.679756495228624,1,"24h_vs_0h"
"ENSMUSG00000021374",-0.0450104353390941,0.680905013816088,1,"24h_vs_0h"
"ENSMUSG00000026005",0.286704136022763,0.682003655087163,1,"24h_vs_0h"
"ENSMUSG00000022136",-0.0181228905772102,0.682239315353661,1,"24h_vs_0h"
"ENSMUSG00000028345",-0.23503299513203,0.683408984904663,1,"24h_vs_0h"
"ENSMUSG00000024781",0.0436517572956774,0.683448188713534,1,"24h_vs_0h"
"ENSMUSG00000073411",-0.0364849138528065,0.683871750253983,1,"24h_vs_0h"
"ENSMUSG00000022557",-0.30182477185204,0.684103302411328,1,"24h_vs_0h"
"ENSMUSG00000045316",-0.0272491726898849,0.684358870540509,1,"24h_vs_0h"
"ENSMUSG00000024400",0.0412561934860847,0.684713988213274,1,"24h_vs_0h"
"ENSMUSG00000042647",0.386248849265719,0.685443117064213,1,"24h_vs_0h"
"ENSMUSG00000026355",0.0120169889551001,0.686247460143787,1,"24h_vs_0h"
"ENSMUSG00000025724",0.0504049489353378,0.686464676268573,1,"24h_vs_0h"
"ENSMUSG00000026784",-0.26460150943295,0.686909721154832,1,"24h_vs_0h"
"ENSMUSG00000019820",-0.0146829104198503,0.688947233371178,1,"24h_vs_0h"
"ENSMUSG00000036278",-0.0313186629455338,0.692295468046435,1,"24h_vs_0h"
"ENSMUSG00000002835",-0.0424866760319027,0.695375185332614,1,"24h_vs_0h"
"ENSMUSG00000033014",0.385182332582033,0.696665902778818,1,"24h_vs_0h"
"ENSMUSG00000049038",-0.0387434445593442,0.696743487406982,1,"24h_vs_0h"
"ENSMUSG00000068329",-0.259231760267589,0.697230205817976,1,"24h_vs_0h"
"ENSMUSG00000067288",0.0387648300125356,0.697869099606788,1,"24h_vs_0h"
"ENSMUSG00000056209",-0.256704390784208,0.697944762186813,1,"24h_vs_0h"
"ENSMUSG00000068747",-0.231427703729523,0.699171942380562,1,"24h_vs_0h"
"ENSMUSG00000027852",0.410829971493957,0.700265643791928,1,"24h_vs_0h"
"ENSMUSG00000032135",-0.0361569768552634,0.70109461069333,1,"24h_vs_0h"
"ENSMUSG00000012114",0.556737367123151,0.703125127018771,1,"24h_vs_0h"
"ENSMUSG00000020459",0.0448246158546617,0.703192941616831,1,"24h_vs_0h"
"ENSMUSG00000024875",-0.66627683679371,0.703224648922408,1,"24h_vs_0h"
"ENSMUSG00000059923",0.211835053054028,0.703680245908371,1,"24h_vs_0h"
"ENSMUSG00000027014",-0.236698041821885,0.705126840083988,1,"24h_vs_0h"
"ENSMUSG00000001280",0.0581031951646587,0.705364847967773,1,"24h_vs_0h"
"ENSMUSG00000022890",0.0504522518748516,0.707959135779161,1,"24h_vs_0h"
"ENSMUSG00000031591",-0.0238069862579167,0.710687410011793,1,"24h_vs_0h"
"ENSMUSG00000002957",0.0151465545899683,0.711077877857633,1,"24h_vs_0h"
"ENSMUSG00000028478",0.0294043500594299,0.712060958279795,1,"24h_vs_0h"
"ENSMUSG00000031446",-0.19733811725316,0.712136332810005,1,"24h_vs_0h"
"ENSMUSG00000025545",-0.0271392015131084,0.713556128285883,1,"24h_vs_0h"
"ENSMUSG00000020265",-0.44054343833313,0.714319196377079,1,"24h_vs_0h"
"ENSMUSG00000046897",0.409056999376403,0.714746585923969,1,"24h_vs_0h"
"ENSMUSG00000024978",-0.371168952715134,0.716850826823634,1,"24h_vs_0h"
"ENSMUSG00000025026",-0.0305979534905383,0.717273693966511,1,"24h_vs_0h"
"ENSMUSG00000028641",0.0370257592205654,0.718491377464291,1,"24h_vs_0h"
"ENSMUSG00000058793",0.898481092056667,0.71923237235906,1,"24h_vs_0h"
"ENSMUSG00000020085",-0.0251224132434302,0.719744171917709,1,"24h_vs_0h"
"ENSMUSG00000029094",-0.0293581608984503,0.720168694214682,1,"24h_vs_0h"
"ENSMUSG00000044147",0.0448553800164397,0.722722011372197,1,"24h_vs_0h"
"ENSMUSG00000059291",0.0240801918660623,0.723829965431871,1,"24h_vs_0h"
"ENSMUSG00000032480",0.193144022478087,0.724092529361959,1,"24h_vs_0h"
"ENSMUSG00000021764",-0.0294477574660341,0.72411711463063,1,"24h_vs_0h"
"ENSMUSG00000020897",-0.199095511193839,0.725430998934238,1,"24h_vs_0h"
"ENSMUSG00000024665",-0.159704270986037,0.725559484946202,1,"24h_vs_0h"
"ENSMUSG00000002767",0.0305119379748078,0.725646586214408,1,"24h_vs_0h"
"ENSMUSG00000020368",0.0319468181447071,0.727630053974794,1,"24h_vs_0h"
"ENSMUSG00000029345",-0.252093884260017,0.727945665550209,1,"24h_vs_0h"
"ENSMUSG00000035726",0.0281305669836058,0.730489613024258,1,"24h_vs_0h"
"ENSMUSG00000003437",-0.171033989930997,0.731600145130476,1,"24h_vs_0h"
"ENSMUSG00000059714",-0.0298818601964435,0.734004959379709,1,"24h_vs_0h"
"ENSMUSG00000038542",0.484926596105897,0.734379625031825,1,"24h_vs_0h"
"ENSMUSG00000021975",-0.174050086717045,0.737109473233433,1,"24h_vs_0h"
"ENSMUSG00000021520",-0.0428248206616573,0.737490886725129,1,"24h_vs_0h"
"ENSMUSG00000019975",-0.051938157784619,0.737509583809796,1,"24h_vs_0h"
"ENSMUSG00000046841",-0.0142383716101335,0.738552789620278,1,"24h_vs_0h"
"ENSMUSG00000050965",0.0383093498887632,0.739740481143399,1,"24h_vs_0h"
"ENSMUSG00000022680",0.0468129105485815,0.739807452011727,1,"24h_vs_0h"
"ENSMUSG00000010608",-0.0282278100700211,0.740283443545611,1,"24h_vs_0h"
"ENSMUSG00000033808",0.47937998743771,0.740468268893592,1,"24h_vs_0h"
"ENSMUSG00000010025",0.021645655880473,0.741778082207278,1,"24h_vs_0h"
"ENSMUSG00000029148",0.325459681243281,0.742606325518415,1,"24h_vs_0h"
"ENSMUSG00000020241",0.0342876011759898,0.743062499465242,1,"24h_vs_0h"
"ENSMUSG00000020923",0.0249666779162077,0.743219044377285,1,"24h_vs_0h"
"ENSMUSG00000033475",-0.507947604976501,0.743893982250106,1,"24h_vs_0h"
"ENSMUSG00000043510",0.0311487342210341,0.745349958691151,1,"24h_vs_0h"
"ENSMUSG00000003038",0.0697554263600537,0.745377400854037,1,"24h_vs_0h"
"ENSMUSG00000009013",0.0293233414223089,0.748196909195278,1,"24h_vs_0h"
"ENSMUSG00000027649",-0.0277570850389814,0.74986342794622,1,"24h_vs_0h"
"ENSMUSG00000025006",-0.0343382035867528,0.75117078194434,1,"24h_vs_0h"
"ENSMUSG00000031201",0.262706206290893,0.751702556953076,1,"24h_vs_0h"
"ENSMUSG00000054611",0.167626635056667,0.755003265657963,1,"24h_vs_0h"
"ENSMUSG00000025381",0.02065482026617,0.755377754844623,1,"24h_vs_0h"
"ENSMUSG00000046573",-0.0307905597223694,0.755840203277548,1,"24h_vs_0h"
"ENSMUSG00000036676",-0.022635736714367,0.756665248347781,1,"24h_vs_0h"
"ENSMUSG00000032849",-0.154640116885368,0.757171448117045,1,"24h_vs_0h"
"ENSMUSG00000028339",-0.599378808454563,0.75729900600339,1,"24h_vs_0h"
"ENSMUSG00000056973",-0.0342455020079271,0.757459803816464,1,"24h_vs_0h"
"ENSMUSG00000031783",-0.176622793145288,0.758699678761675,1,"24h_vs_0h"
"ENSMUSG00000015337",-0.259127517561915,0.760773104876726,1,"24h_vs_0h"
"ENSMUSG00000037373",-0.0165947283201895,0.762605889617524,1,"24h_vs_0h"
"ENSMUSG00000027968",-0.0139339206462417,0.764533267574008,1,"24h_vs_0h"
"ENSMUSG00000026238",-0.0501952050698087,0.764711284127592,1,"24h_vs_0h"
"ENSMUSG00000057863",-0.0164721253712088,0.766248611484547,1,"24h_vs_0h"
"ENSMUSG00000021149",0.0411468199518765,0.766614330671949,1,"24h_vs_0h"
"ENSMUSG00000032563",-0.0213640266470421,0.766819120242379,1,"24h_vs_0h"
"ENSMUSG00000038766",0.244896559953752,0.76711655892099,1,"24h_vs_0h"
"ENSMUSG00000028382",-0.00989108588198917,0.768868496748055,1,"24h_vs_0h"
"ENSMUSG00000056962",-0.31463357654318,0.769464770956692,1,"24h_vs_0h"
"ENSMUSG00000027162",-0.0297136915930096,0.77184874125912,1,"24h_vs_0h"
"ENSMUSG00000053565",0.0278524091587649,0.773192421347777,1,"24h_vs_0h"
"ENSMUSG00000022757",0.370714751338109,0.775433717378013,1,"24h_vs_0h"
"ENSMUSG00000024091",0.0253726735981346,0.77561705273987,1,"24h_vs_0h"
"ENSMUSG00000063888",-0.265977092495262,0.77655015383678,1,"24h_vs_0h"
"ENSMUSG00000027699",-0.467243272665641,0.776555267046971,1,"24h_vs_0h"
"ENSMUSG00000017831",-0.0371049521188809,0.77674051990427,1,"24h_vs_0h"
"ENSMUSG00000015837",0.0280035737252113,0.780245433947446,1,"24h_vs_0h"
"ENSMUSG00000001918",-0.0713998208205098,0.781521432066392,1,"24h_vs_0h"
"ENSMUSG00000025525",-0.0158622192747693,0.782531050820456,1,"24h_vs_0h"
"ENSMUSG00000029202",-0.0137529176248847,0.782814947191752,1,"24h_vs_0h"
"ENSMUSG00000028049",0.0370146065772374,0.783138774247048,1,"24h_vs_0h"
"ENSMUSG00000060519",-0.0350644691867537,0.783280495562569,1,"24h_vs_0h"
"ENSMUSG00000078695",0.0406726164289246,0.783312776647371,1,"24h_vs_0h"
"ENSMUSG00000036850",0.0297942109463598,0.78513195145559,1,"24h_vs_0h"
"ENSMUSG00000029998",0.0193430842664029,0.785557390807371,1,"24h_vs_0h"
"ENSMUSG00000027422",0.0403652214951116,0.788454037013995,1,"24h_vs_0h"
"ENSMUSG00000032412",0.0397080746852794,0.789193126812406,1,"24h_vs_0h"
"ENSMUSG00000025626",-0.146289180936865,0.78949818496634,1,"24h_vs_0h"
"ENSMUSG00000034932",0.204435898598479,0.790196803145957,1,"24h_vs_0h"
"ENSMUSG00000017264",-0.242028287433378,0.793379424980546,1,"24h_vs_0h"
"ENSMUSG00000058006",-0.172003167316134,0.793757321290714,1,"24h_vs_0h"
"ENSMUSG00000026917",-0.0226042911431712,0.794574723191498,1,"24h_vs_0h"
"ENSMUSG00000026895",-0.0238305807354848,0.798485084563209,1,"24h_vs_0h"
"ENSMUSG00000037487",0.17674252053428,0.799459149919475,1,"24h_vs_0h"
"ENSMUSG00000034906",0.0402296799310768,0.800824288841127,1,"24h_vs_0h"
"ENSMUSG00000036606",0.181537527609297,0.800864009009274,1,"24h_vs_0h"
"ENSMUSG00000063882",-0.0314003288716833,0.80304709770002,1,"24h_vs_0h"
"ENSMUSG00000060279",0.0285386238173935,0.803642962532102,1,"24h_vs_0h"
"ENSMUSG00000031731",0.0215969486658487,0.804165262495397,1,"24h_vs_0h"
"ENSMUSG00000049439",0.14204845444867,0.804879098932728,1,"24h_vs_0h"
"ENSMUSG00000024645",-0.0346614871195499,0.805366451747574,1,"24h_vs_0h"
"ENSMUSG00000037499",0.0280060455453714,0.806038002911057,1,"24h_vs_0h"
"ENSMUSG00000078920",-0.175691400062085,0.806300172122974,1,"24h_vs_0h"
"ENSMUSG00000029426",-0.024625352877198,0.806679626825442,1,"24h_vs_0h"
"ENSMUSG00000035936",0.015517537353567,0.806906334815017,1,"24h_vs_0h"
"ENSMUSG00000023973",0.0224368921327169,0.808115161561098,1,"24h_vs_0h"
"ENSMUSG00000048878",0.133823763854917,0.808531600562526,1,"24h_vs_0h"
"ENSMUSG00000030613",0.23268417682544,0.810519290358587,1,"24h_vs_0h"
"ENSMUSG00000003464",0.172957993620518,0.811389338659472,1,"24h_vs_0h"
"ENSMUSG00000031516",0.242206300981398,0.813418275052869,1,"24h_vs_0h"
"ENSMUSG00000020189",-0.0154240225750968,0.81565080402345,1,"24h_vs_0h"
"ENSMUSG00000020092",0.161584789124426,0.816129051236539,1,"24h_vs_0h"
"ENSMUSG00000024309",-0.263620668746704,0.816345657541738,1,"24h_vs_0h"
"ENSMUSG00000001855",0.0338625839491193,0.817914588504741,1,"24h_vs_0h"
"ENSMUSG00000039682",-0.00826098576809287,0.818279535789991,1,"24h_vs_0h"
"ENSMUSG00000029394",-0.176262047709471,0.819439496285134,1,"24h_vs_0h"
"ENSMUSG00000038446",-0.0178008048706779,0.819920231801377,1,"24h_vs_0h"
"ENSMUSG00000001555",-0.0228292150944647,0.820472766258851,1,"24h_vs_0h"
"ENSMUSG00000056666",-0.199295719648742,0.822243770941882,1,"24h_vs_0h"
"ENSMUSG00000036781",-0.0286742798031945,0.824118964109386,1,"24h_vs_0h"
"ENSMUSG00000017404",0.0203281910429354,0.82602641027331,1,"24h_vs_0h"
"ENSMUSG00000021824",0.139394189486332,0.826076326582902,1,"24h_vs_0h"
"ENSMUSG00000021710",-0.0112258699439174,0.827858776901286,1,"24h_vs_0h"
"ENSMUSG00000042625",-0.194231088606429,0.827891986502271,1,"24h_vs_0h"
"ENSMUSG00000056629",-0.0186467227848404,0.828299560121344,1,"24h_vs_0h"
"ENSMUSG00000022401",-0.0178557832168451,0.828519484804554,1,"24h_vs_0h"
"ENSMUSG00000020775",-0.151847383966263,0.830527102424297,1,"24h_vs_0h"
"ENSMUSG00000038525",0.0224501674532647,0.830871469993004,1,"24h_vs_0h"
"ENSMUSG00000022571",0.0318811260285337,0.833587948150736,1,"24h_vs_0h"
"ENSMUSG00000035232",-0.0209599173925064,0.833914231710574,1,"24h_vs_0h"
"ENSMUSG00000024969",-0.545244551230176,0.835537372935212,1,"24h_vs_0h"
"ENSMUSG00000005609",-0.0288606972490228,0.83601878384572,1,"24h_vs_0h"
"ENSMUSG00000028849",0.720950995335841,0.836405402196288,1,"24h_vs_0h"
"ENSMUSG00000022139",0.262895714126028,0.837519691493864,1,"24h_vs_0h"
"ENSMUSG00000029580",0.0213978809020077,0.840735833181819,1,"24h_vs_0h"
"ENSMUSG00000034361",-0.134231104364193,0.841131308378388,1,"24h_vs_0h"
"ENSMUSG00000015748",0.0167614775338834,0.841589846503698,1,"24h_vs_0h"
"ENSMUSG00000051747",0.251406034903528,0.841783882816048,1,"24h_vs_0h"
"ENSMUSG00000021771",0.0325848615909479,0.844311733892899,1,"24h_vs_0h"
"ENSMUSG00000037071",-0.0452569500621784,0.844735197179951,1,"24h_vs_0h"
"ENSMUSG00000002015",-0.0161319028830498,0.845241079820646,1,"24h_vs_0h"
"ENSMUSG00000061758",-0.0207564246782397,0.845926423038339,1,"24h_vs_0h"
"ENSMUSG00000028102",-0.148422130830969,0.846721937467949,1,"24h_vs_0h"
"ENSMUSG00000059447",-0.111015130049303,0.846895936530531,1,"24h_vs_0h"
"ENSMUSG00000006373",-0.0152548301708713,0.847008957919038,1,"24h_vs_0h"
"ENSMUSG00000024045",-0.0147133281760645,0.847758682311102,1,"24h_vs_0h"
"ENSMUSG00000032253",0.0183176301756838,0.849273614217869,1,"24h_vs_0h"
"ENSMUSG00000078974",0.0250780342106403,0.850831588242837,1,"24h_vs_0h"
"ENSMUSG00000027006",0.0204579337430424,0.850856487262869,1,"24h_vs_0h"
"ENSMUSG00000008575",0.156338575149636,0.851201404861865,1,"24h_vs_0h"
"ENSMUSG00000035227",0.0135940847706273,0.851494497670254,1,"24h_vs_0h"
"ENSMUSG00000046230",-0.0139790605369363,0.852699156126112,1,"24h_vs_0h"
"ENSMUSG00000078348",-0.19051043465371,0.853121278088455,1,"24h_vs_0h"
"ENSMUSG00000044763",-0.108585632461235,0.853393175362352,1,"24h_vs_0h"
"ENSMUSG00000030056",0.155468885369231,0.853935086527818,1,"24h_vs_0h"
"ENSMUSG00000074698",-0.010663754859447,0.854941866952019,1,"24h_vs_0h"
"ENSMUSG00000021103",0.123899381229307,0.856297922776482,1,"24h_vs_0h"
"ENSMUSG00000063200",-0.129664888409227,0.856728338739554,1,"24h_vs_0h"
"ENSMUSG00000030718",0.178810230800625,0.857489269880696,1,"24h_vs_0h"
"ENSMUSG00000031634",-0.015773477623096,0.857603353151731,1,"24h_vs_0h"
"ENSMUSG00000030759",-0.0977817263706626,0.858265102497226,1,"24h_vs_0h"
"ENSMUSG00000014077",-0.0186706708810469,0.859355379860044,1,"24h_vs_0h"
"ENSMUSG00000026880",-0.0139725446595271,0.859666221273604,1,"24h_vs_0h"
"ENSMUSG00000040481",0.0739486194524233,0.859770013239675,1,"24h_vs_0h"
"ENSMUSG00000020680",-0.0185586781740241,0.862417621798846,1,"24h_vs_0h"
"ENSMUSG00000029169",0.0059243900038517,0.862469720838845,1,"24h_vs_0h"
"ENSMUSG00000024208",-0.0153867340650145,0.862943640108679,1,"24h_vs_0h"
"ENSMUSG00000028991",0.154181640231794,0.864061852916271,1,"24h_vs_0h"
"ENSMUSG00000025351",0.30790813707117,0.865169016951138,1,"24h_vs_0h"
"ENSMUSG00000063316",-0.0144146081062502,0.865243218669363,1,"24h_vs_0h"
"ENSMUSG00000028416",0.16243381464388,0.865591975330522,1,"24h_vs_0h"
"ENSMUSG00000063171",0.0201579551061215,0.866306951119898,1,"24h_vs_0h"
"ENSMUSG00000046756",0.0131649006200334,0.866465037298909,1,"24h_vs_0h"
"ENSMUSG00000025825",0.0131052489694241,0.867148846517929,1,"24h_vs_0h"
"ENSMUSG00000057738",0.0328237666589501,0.867261455300294,1,"24h_vs_0h"
"ENSMUSG00000041632",-0.0113266349242345,0.867933294198363,1,"24h_vs_0h"
"ENSMUSG00000056228",-0.111770740401276,0.868111276676498,1,"24h_vs_0h"
"ENSMUSG00000052698",0.0117475204592665,0.86812522321635,1,"24h_vs_0h"
"ENSMUSG00000006818",0.0145730608200516,0.868547874096378,1,"24h_vs_0h"
"ENSMUSG00000019777",-0.0126676389707683,0.868898163627742,1,"24h_vs_0h"
"ENSMUSG00000004665",0.0227191569261329,0.869123634780499,1,"24h_vs_0h"
"ENSMUSG00000027984",-0.181539215483596,0.869152338375199,1,"24h_vs_0h"
"ENSMUSG00000045193",-0.0877666822715355,0.869712195209012,1,"24h_vs_0h"
"ENSMUSG00000022769",-0.0173496353299107,0.869723859791391,1,"24h_vs_0h"
"ENSMUSG00000064105",-0.103288079261642,0.869848449665875,1,"24h_vs_0h"
"ENSMUSG00000036733",-0.0931894568040654,0.86994949177311,1,"24h_vs_0h"
"ENSMUSG00000021870",0.148108344288868,0.870801958717178,1,"24h_vs_0h"
"ENSMUSG00000066568",0.21873396744968,0.871079636549924,1,"24h_vs_0h"
"ENSMUSG00000075706",0.130115054852915,0.871240189901746,1,"24h_vs_0h"
"ENSMUSG00000068245",0.245753914021357,0.871244213541702,1,"24h_vs_0h"
"ENSMUSG00000055447",0.122342348257945,0.871307039197535,1,"24h_vs_0h"
"ENSMUSG00000017830",0.123510603129731,0.873231666696872,1,"24h_vs_0h"
"ENSMUSG00000029227",-0.0116011404423517,0.873326244888256,1,"24h_vs_0h"
"ENSMUSG00000020048",-0.00548934873424045,0.873958166336787,1,"24h_vs_0h"
"ENSMUSG00000028530",-0.112971807558715,0.87458204067295,1,"24h_vs_0h"
"ENSMUSG00000050148",0.197672230408383,0.875752221062576,1,"24h_vs_0h"
"ENSMUSG00000024900",-0.0171013275018943,0.875834411451558,1,"24h_vs_0h"
"ENSMUSG00000067148",-0.0873974439430256,0.877832104722884,1,"24h_vs_0h"
"ENSMUSG00000039048",-0.115363408028468,0.879041456376297,1,"24h_vs_0h"
"ENSMUSG00000006676",0.115344705943148,0.879591961429698,1,"24h_vs_0h"
"ENSMUSG00000042284",0.0682749825364048,0.881130767932039,1,"24h_vs_0h"
"ENSMUSG00000027709",-0.00615900032379457,0.881321909475342,1,"24h_vs_0h"
"ENSMUSG00000001211",0.025830815404003,0.881852725813246,1,"24h_vs_0h"
"ENSMUSG00000038393",-0.140479268568658,0.882653676148721,1,"24h_vs_0h"
"ENSMUSG00000021692",-0.15854704743067,0.883530507160858,1,"24h_vs_0h"
"ENSMUSG00000020687",-0.12273364843157,0.883547310934599,1,"24h_vs_0h"
"ENSMUSG00000024387",0.0109634798442428,0.884730339241713,1,"24h_vs_0h"
"ENSMUSG00000027248",-0.00819867604411684,0.885093715092412,1,"24h_vs_0h"
"ENSMUSG00000022142",-0.0511501991281875,0.886258625283395,1,"24h_vs_0h"
"ENSMUSG00000033272",0.0153596061443473,0.887468745727177,1,"24h_vs_0h"
"ENSMUSG00000028992",0.0138238971638103,0.88765632138657,1,"24h_vs_0h"
"ENSMUSG00000005625",-0.137098859241778,0.888467217476946,1,"24h_vs_0h"
"ENSMUSG00000042870",0.0898828928619295,0.889271134670705,1,"24h_vs_0h"
"ENSMUSG00000024589",0.0766613568002192,0.889732583649495,1,"24h_vs_0h"
"ENSMUSG00000014932",-0.0144857733249886,0.889897066267321,1,"24h_vs_0h"
"ENSMUSG00000003072",0.0394398689967161,0.890405158170237,1,"24h_vs_0h"
"ENSMUSG00000024844",0.00723102984957791,0.890441738734995,1,"24h_vs_0h"
"ENSMUSG00000050043",0.0108746867165479,0.890783939958509,1,"24h_vs_0h"
"ENSMUSG00000029472",-0.0984031286871847,0.892991216825011,1,"24h_vs_0h"
"ENSMUSG00000061273",-0.119836837917134,0.892996040175009,1,"24h_vs_0h"
"ENSMUSG00000036114",0.116884773686756,0.893137841018969,1,"24h_vs_0h"
"ENSMUSG00000003363",0.131911463009242,0.893251203394136,1,"24h_vs_0h"
"ENSMUSG00000037722",2.01212414495334,0.894662528089854,1,"24h_vs_0h"
"ENSMUSG00000030652",-0.0125957456501524,0.894838371892915,1,"24h_vs_0h"
"ENSMUSG00000063800",-0.122745620375987,0.896161591576516,1,"24h_vs_0h"
"ENSMUSG00000030157",-0.0697182165148718,0.896392220244711,1,"24h_vs_0h"
"ENSMUSG00000037740",0.0121363005913118,0.897743065395146,1,"24h_vs_0h"
"ENSMUSG00000000058",-0.0223928716093091,0.899092580722953,1,"24h_vs_0h"
"ENSMUSG00000033184",-0.0167191981534778,0.901233417958544,1,"24h_vs_0h"
"ENSMUSG00000057530",-0.129952822613124,0.901992605947535,1,"24h_vs_0h"
"ENSMUSG00000021832",-0.00785962751815816,0.903638685094137,1,"24h_vs_0h"
"ENSMUSG00000037531",0.0112030576097126,0.903783041763149,1,"24h_vs_0h"
"ENSMUSG00000021693",0.100483867666217,0.904026258031756,1,"24h_vs_0h"
"ENSMUSG00000079509",-0.0985006424096468,0.904447751685264,1,"24h_vs_0h"
"ENSMUSG00000004233",-0.136557582826491,0.904525046124754,1,"24h_vs_0h"
"ENSMUSG00000029104",-0.0747476649810395,0.905071748663629,1,"24h_vs_0h"
"ENSMUSG00000013701",-0.221141857931421,0.905482189316923,1,"24h_vs_0h"
"ENSMUSG00000074129",0.00613612588540846,0.905708611983831,1,"24h_vs_0h"
"ENSMUSG00000032314",-0.134096594113444,0.905860824434089,1,"24h_vs_0h"
"ENSMUSG00000048486",0.116321498555894,0.90592911259571,1,"24h_vs_0h"
"ENSMUSG00000029687",0.0582608805162934,0.907542700972168,1,"24h_vs_0h"
"ENSMUSG00000020898",-0.082312217419517,0.908589004594752,1,"24h_vs_0h"
"ENSMUSG00000036940",-0.0554112032579752,0.908737845827379,1,"24h_vs_0h"
"ENSMUSG00000079480",0.156433537489942,0.909520855520919,1,"24h_vs_0h"
"ENSMUSG00000024758",0.0105324390323993,0.909575750980139,1,"24h_vs_0h"
"ENSMUSG00000061755",0.0623260718647671,0.910693038254768,1,"24h_vs_0h"
"ENSMUSG00000055322",0.0167334089498716,0.911157255255372,1,"24h_vs_0h"
"ENSMUSG00000031820",-0.0701357992753593,0.911808657662236,1,"24h_vs_0h"
"ENSMUSG00000001143",-0.0821082907907353,0.912452726951727,1,"24h_vs_0h"
"ENSMUSG00000007338",-0.0100773244776704,0.912544338793537,1,"24h_vs_0h"
"ENSMUSG00000015790",-0.17537148658884,0.912580961297603,1,"24h_vs_0h"
"ENSMUSG00000033624",-0.0838093907746718,0.913312818611697,1,"24h_vs_0h"
"ENSMUSG00000078453",0.0114874348798715,0.915080836149337,1,"24h_vs_0h"
"ENSMUSG00000018974",0.00690393021169555,0.915309021083807,1,"24h_vs_0h"
"ENSMUSG00000031232",-0.0801504061326739,0.915463425816014,1,"24h_vs_0h"
"ENSMUSG00000028975",0.0789899832773777,0.916058194293535,1,"24h_vs_0h"
"ENSMUSG00000024659",-0.0102378694516112,0.91686264762395,1,"24h_vs_0h"
"ENSMUSG00000039428",0.0495547358746116,0.918532486250496,1,"24h_vs_0h"
"ENSMUSG00000003279",0.140584978903942,0.921189697915985,1,"24h_vs_0h"
"ENSMUSG00000022194",0.0111519416988237,0.921885171213071,1,"24h_vs_0h"
"ENSMUSG00000020695",0.0101795452180475,0.922057087431078,1,"24h_vs_0h"
"ENSMUSG00000090733",0.195567882689023,0.922458604846455,1,"24h_vs_0h"
"ENSMUSG00000024697",-0.065019881319202,0.922968096881494,1,"24h_vs_0h"
"ENSMUSG00000023988",-0.0559098232570321,0.923160195784504,1,"24h_vs_0h"
"ENSMUSG00000031585",0.0387826261824173,0.923188159575554,1,"24h_vs_0h"
"ENSMUSG00000002221",-0.0947560165884731,0.923648803677202,1,"24h_vs_0h"
"ENSMUSG00000026484",-0.0794491343536379,0.923725353068791,1,"24h_vs_0h"
"ENSMUSG00000025512",-0.0765152024440283,0.924919823628954,1,"24h_vs_0h"
"ENSMUSG00000019802",-0.005832860121739,0.925961016267973,1,"24h_vs_0h"
"ENSMUSG00000001089",0.0400825857138543,0.925973099494419,1,"24h_vs_0h"
"ENSMUSG00000031838",-0.0595041909680347,0.9283496897517,1,"24h_vs_0h"
"ENSMUSG00000007655",-0.0101208151470118,0.929109772562076,1,"24h_vs_0h"
"ENSMUSG00000028228",0.00884474449502903,0.929461077188372,1,"24h_vs_0h"
"ENSMUSG00000024381",0.0971885800133556,0.932243067617801,1,"24h_vs_0h"
"ENSMUSG00000022636",-0.0643650155379873,0.932337639602065,1,"24h_vs_0h"
"ENSMUSG00000027496",-0.0431810982784704,0.933309653306607,1,"24h_vs_0h"
"ENSMUSG00000006494",0.00852495683426469,0.933677625089147,1,"24h_vs_0h"
"ENSMUSG00000069874",-0.0650660178523559,0.934356983269659,1,"24h_vs_0h"
"ENSMUSG00000018761",-0.0496291710952086,0.934371515224384,1,"24h_vs_0h"
"ENSMUSG00000041057",-0.0773879791685204,0.934418624843028,1,"24h_vs_0h"
"ENSMUSG00000026361",-0.0408969729598212,0.934615667179774,1,"24h_vs_0h"
"ENSMUSG00000034675",0.116940217853067,0.935247089364143,1,"24h_vs_0h"
"ENSMUSG00000038633",0.0530439286341782,0.935923355270418,1,"24h_vs_0h"
"ENSMUSG00000020023",-0.0667537491524257,0.936385641628291,1,"24h_vs_0h"
"ENSMUSG00000041645",-0.145835144772171,0.936385886643953,1,"24h_vs_0h"
"ENSMUSG00000034820",-0.00640904312303547,0.938281493495105,1,"24h_vs_0h"
"ENSMUSG00000026281",0.00503942266873736,0.938559696233163,1,"24h_vs_0h"
"ENSMUSG00000026576",-0.0659088076319492,0.938791931081612,1,"24h_vs_0h"
"ENSMUSG00000058729",-0.0296613369571368,0.938804344109797,1,"24h_vs_0h"
"ENSMUSG00000028646",-0.056125861611303,0.939403629201621,1,"24h_vs_0h"
"ENSMUSG00000025555",-0.0553786361662887,0.94225044896213,1,"24h_vs_0h"
"ENSMUSG00000056770",0.0586987820942078,0.942251747272989,1,"24h_vs_0h"
"ENSMUSG00000028013",0.00318413882546054,0.942278307450081,1,"24h_vs_0h"
"ENSMUSG00000054455",0.00529578077226134,0.942584801671905,1,"24h_vs_0h"
"ENSMUSG00000054733",-0.0581762388523366,0.942808906751729,1,"24h_vs_0h"
"ENSMUSG00000024833",0.0822582187306367,0.943006593586729,1,"24h_vs_0h"
"ENSMUSG00000040774",-0.0571356920493571,0.943119800268776,1,"24h_vs_0h"
"ENSMUSG00000008682",0.130881312092693,0.944191231911678,1,"24h_vs_0h"
"ENSMUSG00000026389",0.0534208025982679,0.945286966296055,1,"24h_vs_0h"
"ENSMUSG00000029499",0.0469315853954839,0.946005914988918,1,"24h_vs_0h"
"ENSMUSG00000076441",0.0370531626681654,0.946849396576132,1,"24h_vs_0h"
"ENSMUSG00000025510",0.0822652529932384,0.947139478073771,1,"24h_vs_0h"
"ENSMUSG00000031586",-0.0337208896869505,0.947858850166164,1,"24h_vs_0h"
"ENSMUSG00000003037",-0.00859130657318374,0.948413223615382,1,"24h_vs_0h"
"ENSMUSG00000006673",0.0658161352051039,0.948421232085567,1,"24h_vs_0h"
"ENSMUSG00000001632",-0.0273213464047259,0.949202422094862,1,"24h_vs_0h"
"ENSMUSG00000034593",-0.052560300447162,0.949416957179262,1,"24h_vs_0h"
"ENSMUSG00000032553",-0.00509606171043231,0.949862469494949,1,"24h_vs_0h"
"ENSMUSG00000106918",-0.0561164932765124,0.950535749113458,1,"24h_vs_0h"
"ENSMUSG00000037805",0.0295860530641257,0.95053943835993,1,"24h_vs_0h"
"ENSMUSG00000004285",-0.0875612188216159,0.95113850235658,1,"24h_vs_0h"
"ENSMUSG00000038736",2.95918447483449,0.951266718129423,1,"24h_vs_0h"
"ENSMUSG00000044792",-0.044543479144906,0.951899694757655,1,"24h_vs_0h"
"ENSMUSG00000037563",0.121533462759491,0.952039182958368,1,"24h_vs_0h"
"ENSMUSG00000019539",0.0837935957056644,0.952055923064231,1,"24h_vs_0h"
"ENSMUSG00000041431",-0.0915812486331475,0.952426448191578,1,"24h_vs_0h"
"ENSMUSG00000028134",-0.066115988240071,0.952766943945795,1,"24h_vs_0h"
"ENSMUSG00000020964",0.0054893776907825,0.953965803916447,1,"24h_vs_0h"
"ENSMUSG00000029076",-0.0598203824349497,0.954269100862335,1,"24h_vs_0h"
"ENSMUSG00000027963",-0.0361317306234454,0.954431713697182,1,"24h_vs_0h"
"ENSMUSG00000026154",0.0394379560118807,0.954450258203037,1,"24h_vs_0h"
"ENSMUSG00000028016",-0.0431132757561876,0.954899121444955,1,"24h_vs_0h"
"ENSMUSG00000053453",-0.0714943495809877,0.95602368967266,1,"24h_vs_0h"
"ENSMUSG00000031818",-0.212192906487747,0.956185133409816,1,"24h_vs_0h"
"ENSMUSG00000037321",-0.0499454557691124,0.956394888651455,1,"24h_vs_0h"
"ENSMUSG00000024480",0.0463578768668818,0.956880577341886,1,"24h_vs_0h"
"ENSMUSG00000005899",0.0288446255182961,0.957099986138071,1,"24h_vs_0h"
"ENSMUSG00000041319",-0.0393197881646081,0.95728299264772,1,"24h_vs_0h"
"ENSMUSG00000034744",0.0386977761478065,0.957745225170195,1,"24h_vs_0h"
"ENSMUSG00000019923",0.0322095890172314,0.958907406123854,1,"24h_vs_0h"
"ENSMUSG00000024018",-0.0538007592966245,0.961394743862227,1,"24h_vs_0h"
"ENSMUSG00000001829",0.0049060719230809,0.961761889995168,1,"24h_vs_0h"
"ENSMUSG00000021190",0.0760836375483862,0.961897455218968,1,"24h_vs_0h"
"ENSMUSG00000039952",-0.0114644815807488,0.961986982514589,1,"24h_vs_0h"
"ENSMUSG00000023852",0.0232567915626092,0.962246600693543,1,"24h_vs_0h"
"ENSMUSG00000051391",0.407529265621822,0.962426057866161,1,"24h_vs_0h"
"ENSMUSG00000038612",-0.0336756541027796,0.962593892995602,1,"24h_vs_0h"
"ENSMUSG00000037905",0.0561164501491156,0.962696803239271,1,"24h_vs_0h"
"ENSMUSG00000065979",0.03918549182848,0.962865425330657,1,"24h_vs_0h"
"ENSMUSG00000021917",2.71365675802063,0.96340853294784,1,"24h_vs_0h"
"ENSMUSG00000034311",-0.00234945138770115,0.963933771461671,1,"24h_vs_0h"
"ENSMUSG00000020843",-0.00474409578159651,0.964105389531392,1,"24h_vs_0h"
"ENSMUSG00000036503",-0.00337802805310616,0.964508969362388,1,"24h_vs_0h"
"ENSMUSG00000024044",0.0363602735097359,0.966207167022658,1,"24h_vs_0h"
"ENSMUSG00000021076",0.0466348507912215,0.966234549015376,1,"24h_vs_0h"
"ENSMUSG00000022477",-0.128825735939976,0.966687023271686,1,"24h_vs_0h"
"ENSMUSG00000028556",-0.0411671758460948,0.966875055056429,1,"24h_vs_0h"
"ENSMUSG00000042198",-0.0327860576841594,0.967022384378851,1,"24h_vs_0h"
"ENSMUSG00000034707",0.00224569554055165,0.967457980289547,1,"24h_vs_0h"
"ENSMUSG00000040112",-0.00328647982656349,0.96753395511198,1,"24h_vs_0h"
"ENSMUSG00000024370",0.00404090943412072,0.969015157231373,1,"24h_vs_0h"
"ENSMUSG00000048578",0.0018514468842632,0.969129728221885,1,"24h_vs_0h"
"ENSMUSG00000075704",-0.0256212018333173,0.969677813507159,1,"24h_vs_0h"
"ENSMUSG00000034189",-0.0364210962591898,0.969864383088416,1,"24h_vs_0h"
"ENSMUSG00000107283",0.00457647339623435,0.97014475068086,1,"24h_vs_0h"
"ENSMUSG00000027951",0.040342646288611,0.970471419900839,1,"24h_vs_0h"
"ENSMUSG00000020946",0.0376496460672868,0.970684704788046,1,"24h_vs_0h"
"ENSMUSG00000056501",0.0441924794915742,0.970813049869871,1,"24h_vs_0h"
"ENSMUSG00000035666",-0.032747731516146,0.971578066064687,1,"24h_vs_0h"
"ENSMUSG00000000826",-0.0525229939457574,0.972175045567885,1,"24h_vs_0h"
"ENSMUSG00000022771",-0.0229190298081079,0.972289462494531,1,"24h_vs_0h"
"ENSMUSG00000033228",-0.0225777633001663,0.972289533249868,1,"24h_vs_0h"
"ENSMUSG00000035674",-0.0688018028717536,0.972373184255424,1,"24h_vs_0h"
"ENSMUSG00000053110",-0.027820024175103,0.972390983016278,1,"24h_vs_0h"
"ENSMUSG00000009555",-0.0206470654415902,0.972560718702122,1,"24h_vs_0h"
"ENSMUSG00000031393",-0.0222414941559137,0.972758234521221,1,"24h_vs_0h"
"ENSMUSG00000014402",0.0248192926967548,0.972984010526463,1,"24h_vs_0h"
"ENSMUSG00000020150",-0.0314851003423087,0.973212627126217,1,"24h_vs_0h"
"ENSMUSG00000005873",0.00506765908534845,0.973283901214723,1,"24h_vs_0h"
"ENSMUSG00000032194",-0.0171762258912374,0.973678517570171,1,"24h_vs_0h"
"ENSMUSG00000023088",0.0297933130923269,0.973819481778939,1,"24h_vs_0h"
"ENSMUSG00000028688",-0.0259994634353049,0.974483314288044,1,"24h_vs_0h"
"ENSMUSG00000042010",0.0309558998970338,0.974668900316613,1,"24h_vs_0h"
"ENSMUSG00000022905",-0.0336984576172092,0.975232791790974,1,"24h_vs_0h"
"ENSMUSG00000018196",-0.0245517204653858,0.975362234776341,1,"24h_vs_0h"
"ENSMUSG00000031683",-0.0402515621209041,0.976406752132225,1,"24h_vs_0h"
"ENSMUSG00000027820",-0.00158415531742406,0.977619712878145,1,"24h_vs_0h"
"ENSMUSG00000046711",-0.0396652897936818,0.978167863340924,1,"24h_vs_0h"
"ENSMUSG00000033411",-0.0241709434667428,0.978413453690927,1,"24h_vs_0h"
"ENSMUSG00000026879",-0.000944524636114608,0.978661702244456,1,"24h_vs_0h"
"ENSMUSG00000034243",0.0058361743135471,0.978672966439355,1,"24h_vs_0h"
"ENSMUSG00000010406",-0.0269800400499456,0.978735932238024,1,"24h_vs_0h"
"ENSMUSG00000021967",-0.0375970446392166,0.978766800504504,1,"24h_vs_0h"
"ENSMUSG00000064127",0.0257600774894868,0.97905709514654,1,"24h_vs_0h"
"ENSMUSG00000004934",0.0108883765788441,0.979618166455085,1,"24h_vs_0h"
"ENSMUSG00000022325",-0.0170336690509707,0.980801994952287,1,"24h_vs_0h"
"ENSMUSG00000049401",0.00222155137791802,0.9829456824274,1,"24h_vs_0h"
"ENSMUSG00000062949",-0.0154649317176343,0.984002711100203,1,"24h_vs_0h"
"ENSMUSG00000066442",0.0144223273019861,0.984173475953306,1,"24h_vs_0h"
"ENSMUSG00000032264",-0.0015700316396412,0.984294865910311,1,"24h_vs_0h"
"ENSMUSG00000030816",0.0170080050234702,0.98598304062524,1,"24h_vs_0h"
"ENSMUSG00000073643",-0.020434777904736,0.986761279893203,1,"24h_vs_0h"
"ENSMUSG00000078853",-0.00477368341818263,0.986811766258533,1,"24h_vs_0h"
"ENSMUSG00000045410",-0.0177256771254442,0.986896738309677,1,"24h_vs_0h"
"ENSMUSG00000052605",-0.0127707073098016,0.987036493862095,1,"24h_vs_0h"
"ENSMUSG00000027884",-0.0178257229867214,0.98733848092618,1,"24h_vs_0h"
"ENSMUSG00000029551",-0.0182404894560229,0.987357784453907,1,"24h_vs_0h"
"ENSMUSG00000027630",-0.016200974306102,0.987386391643997,1,"24h_vs_0h"
"ENSMUSG00000028010",0.00244405186264629,0.988441496043965,1,"24h_vs_0h"
"ENSMUSG00000074218",-0.0179458446053431,0.989123578350941,1,"24h_vs_0h"
"ENSMUSG00000079487",0.0123499842947297,0.989193334148654,1,"24h_vs_0h"
"ENSMUSG00000036893",0.00723839199324061,0.989384128417628,1,"24h_vs_0h"
"ENSMUSG00000016194",0.00818039643688451,0.989645455040247,1,"24h_vs_0h"
"ENSMUSG00000022748",0.0137742911551086,0.99035094448562,1,"24h_vs_0h"
"ENSMUSG00000021549",-1.06465816574329,0.990504357146357,1,"24h_vs_0h"
"ENSMUSG00000027428",0.0122406571578182,0.991469297811452,1,"24h_vs_0h"
"ENSMUSG00000024098",-0.00597106084980936,0.992087771163717,1,"24h_vs_0h"
"ENSMUSG00000023963",0.0122024054089493,0.992239438362571,1,"24h_vs_0h"
"ENSMUSG00000042348",0.00505152611950521,0.992365195201804,1,"24h_vs_0h"
"ENSMUSG00000030282",0.0289571283199273,0.992419860741098,1,"24h_vs_0h"
"ENSMUSG00000016487",0.011628449397417,0.992590592182373,1,"24h_vs_0h"
"ENSMUSG00000028271",0.00716735332603946,0.993826985607191,1,"24h_vs_0h"
"ENSMUSG00000023460",-0.0122044028768968,0.99474188831636,1,"24h_vs_0h"
"ENSMUSG00000031988",0.00516034416812161,0.994890277265513,1,"24h_vs_0h"
"ENSMUSG00000060090",0.0036440705497256,0.995026692181352,1,"24h_vs_0h"
"ENSMUSG00000024539",-0.00516238317505824,0.995757989043852,1,"24h_vs_0h"
"ENSMUSG00000027411",-0.00415122383224542,0.995876626301421,1,"24h_vs_0h"
"ENSMUSG00000024537",-0.00547853144153265,0.996184622721144,1,"24h_vs_0h"
"ENSMUSG00000051768",-0.00346957474189225,0.996240793592087,1,"24h_vs_0h"
"ENSMUSG00000035473",-0.0051667346803832,0.996358190331203,1,"24h_vs_0h"
"ENSMUSG00000000959",0.000396355532544135,0.996439234274102,1,"24h_vs_0h"
"ENSMUSG00000024691",0.00266455115716724,0.99649814146818,1,"24h_vs_0h"
"ENSMUSG00000022246",0.976212601182453,0.996869087458044,1,"24h_vs_0h"
"ENSMUSG00000001942",0.00262583610257039,0.996944698609165,1,"24h_vs_0h"
"ENSMUSG00000043411",-0.00662160017703428,0.997061406082571,1,"24h_vs_0h"
"ENSMUSG00000027519",0.00644629864568458,0.997104819687687,1,"24h_vs_0h"
"ENSMUSG00000028044",-0.00356937713959482,0.997342688413053,1,"24h_vs_0h"
"ENSMUSG00000025872",-0.00315146610694939,0.997421000424362,1,"24h_vs_0h"
"ENSMUSG00000035632",-0.00220958310288211,0.997743033529968,1,"24h_vs_0h"
"ENSMUSG00000022177",-0.518509300055648,0.998183923282402,1,"24h_vs_0h"
"ENSMUSG00000056851",0.0384651639064479,0.998480018899278,1,"24h_vs_0h"
"ENSMUSG00000022816",0.00189826328551135,0.998489560865548,1,"24h_vs_0h"
"ENSMUSG00000008140",0.00148122090295288,0.99873565101896,1,"24h_vs_0h"
"ENSMUSG00000045624",0.0049486560526546,0.998741091053592,1,"24h_vs_0h"
"ENSMUSG00000034931",-0.00052665023329368,0.999102419979873,1,"24h_vs_0h"
"ENSMUSG00000022338",-0.00303584439697602,0.999854262743919,1,"24h_vs_0h"
"ENSMUSG00000058600",0.0409536847282226,0.999893506495834,1,"24h_vs_0h"
"ENSMUSG00000013663",0.061353159046682,1,1,"24h_vs_0h"
"ENSMUSG00000064345",0,1,1,"24h_vs_0h"
"ENSMUSG00000039656",0,1,1,"24h_vs_0h"
"ENSMUSG00000002307",0,1,1,"24h_vs_0h"
"ENSMUSG00000024339",0,1,1,"24h_vs_0h"
"ENSMUSG00000053877",0,1,1,"24h_vs_0h"
"ENSMUSG00000052293",0,1,1,"24h_vs_0h"
"ENSMUSG00000026600",0,1,1,"24h_vs_0h"
"ENSMUSG00000022587",0,1,1,"24h_vs_0h"
"ENSMUSG00000026280",0,1,1,"24h_vs_0h"
"ENSMUSG00000032737",0,1,1,"24h_vs_0h"
"ENSMUSG00000014850",0,1,1,"24h_vs_0h"
"ENSMUSG00000014602",0,1,1,"24h_vs_0h"
"ENSMUSG00000032410",0,1,1,"24h_vs_0h"
"ENSMUSG00000055013",0,1,1,"24h_vs_0h"
"ENSMUSG00000026434",0,1,1,"24h_vs_0h"
"ENSMUSG00000051590",0,1,1,"24h_vs_0h"
"ENSMUSG00000018740",0,1,1,"24h_vs_0h"
"ENSMUSG00000026202",0,1,1,"24h_vs_0h"
"ENSMUSG00000032666",0,1,1,"24h_vs_0h"
"ENSMUSG00000039382",0,1,1,"24h_vs_0h"
"ENSMUSG00000047539",0,1,1,"24h_vs_0h"
"ENSMUSG00000039128",0,1,1,"24h_vs_0h"
"ENSMUSG00000038696",0,1,1,"24h_vs_0h"
"ENSMUSG00000041355",0,1,1,"24h_vs_0h"
"ENSMUSG00000022995",0,1,1,"24h_vs_0h"
"ENSMUSG00000027763",0,1,1,"24h_vs_0h"
"ENSMUSG00000037395",0,1,1,"24h_vs_0h"
"ENSMUSG00000001420",0,1,1,"24h_vs_0h"
"ENSMUSG00000026470",0,1,1,"24h_vs_0h"
"ENSMUSG00000026558",0,1,1,"24h_vs_0h"
"ENSMUSG00000028080",0,1,1,"24h_vs_0h"
"ENSMUSG00000026857",0,1,1,"24h_vs_0h"
"ENSMUSG00000026773",0,1,1,"24h_vs_0h"
"ENSMUSG00000037174",0,1,1,"24h_vs_0h"
"ENSMUSG00000038975",0,1,1,"24h_vs_0h"
"ENSMUSG00000037400",0,1,1,"24h_vs_0h"
"ENSMUSG00000040351",0,1,1,"24h_vs_0h"
"ENSMUSG00000005057",0,1,1,"24h_vs_0h"
"ENSMUSG00000062127",0,1,1,"24h_vs_0h"
"ENSMUSG00000029291",0,1,1,"24h_vs_0h"
"ENSMUSG00000025437",0,1,1,"24h_vs_0h"
"ENSMUSG00000070733",0,1,1,"24h_vs_0h"
"ENSMUSG00000039456",0,1,1,"24h_vs_0h"
"ENSMUSG00000029594",0,1,1,"24h_vs_0h"
"ENSMUSG00000026872",0,1,1,"24h_vs_0h"
"ENSMUSG00000029166",0,1,1,"24h_vs_0h"
"ENSMUSG00000078435",0,1,1,"24h_vs_0h"
"ENSMUSG00000033788",0,1,1,"24h_vs_0h"
"ENSMUSG00000004270",0,1,1,"24h_vs_0h"
"ENSMUSG00000034023",0,1,1,"24h_vs_0h"
"ENSMUSG00000035236",0,1,1,"24h_vs_0h"
"ENSMUSG00000029569",0,1,1,"24h_vs_0h"
"ENSMUSG00000001909",0,1,1,"24h_vs_0h"
"ENSMUSG00000004947",0,1,1,"24h_vs_0h"
"ENSMUSG00000023262",0,1,1,"24h_vs_0h"
"ENSMUSG00000026307",0,1,1,"24h_vs_0h"
"ENSMUSG00000025878",0,1,1,"24h_vs_0h"
"ENSMUSG00000026604",0,1,1,"24h_vs_0h"
"ENSMUSG00000030750",0,1,1,"24h_vs_0h"
"ENSMUSG00000031532",0,1,1,"24h_vs_0h"
"ENSMUSG00000039286",0,1,1,"24h_vs_0h"
"ENSMUSG00000027742",0,1,1,"24h_vs_0h"
"ENSMUSG00000043279",0,1,1,"24h_vs_0h"
"ENSMUSG00000034951",0,1,1,"24h_vs_0h"
"ENSMUSG00000048039",0,1,1,"24h_vs_0h"
"ENSMUSG00000020536",0,1,1,"24h_vs_0h"
"ENSMUSG00000034485",0,1,1,"24h_vs_0h"
"ENSMUSG00000054277",0,1,1,"24h_vs_0h"
"ENSMUSG00000055041",0,1,1,"24h_vs_0h"
"ENSMUSG00000022150",0,1,1,"24h_vs_0h"
"ENSMUSG00000038034",0,1,1,"24h_vs_0h"
"ENSMUSG00000062604",0,1,1,"24h_vs_0h"
"ENSMUSG00000021900",0,1,1,"24h_vs_0h"
"ENSMUSG00000017176",0,1,1,"24h_vs_0h"
"ENSMUSG00000050891",0,1,1,"24h_vs_0h"
"ENSMUSG00000020258",0,1,1,"24h_vs_0h"
"ENSMUSG00000055762",0,1,1,"24h_vs_0h"
"ENSMUSG00000021592",0,1,1,"24h_vs_0h"
"ENSMUSG00000024807",0,1,1,"24h_vs_0h"
"ENSMUSG00000023994",0,1,1,"24h_vs_0h"
"ENSMUSG00000021952",0,1,1,"24h_vs_0h"
"ENSMUSG00000032423",0,1,1,"24h_vs_0h"
"ENSMUSG00000022146",0,1,1,"24h_vs_0h"
"ENSMUSG00000079043",0,1,1,"24h_vs_0h"
"ENSMUSG00000030763",0,1,1,"24h_vs_0h"
"ENSMUSG00000035585",0,1,1,"24h_vs_0h"
"ENSMUSG00000034342",0,1,1,"24h_vs_0h"
"ENSMUSG00000051793",0,1,1,"24h_vs_0h"
"ENSMUSG00000049553",0,1,1,"24h_vs_0h"
"ENSMUSG00000060860",0,1,1,"24h_vs_0h"
"ENSMUSG00000042289",0,1,1,"24h_vs_0h"
"ENSMUSG00000002968",0,1,1,"24h_vs_0h"
"ENSMUSG00000015149",0,1,1,"24h_vs_0h"
"ENSMUSG00000004565",0,1,1,"24h_vs_0h"
"ENSMUSG00000087687",0,1,1,"24h_vs_0h"
"ENSMUSG00000055670",0,1,1,"24h_vs_0h"
"ENSMUSG00000041720",0,1,1,"24h_vs_0h"
"ENSMUSG00000003992",0,1,1,"24h_vs_0h"
"ENSMUSG00000030649",0,1,1,"24h_vs_0h"
"ENSMUSG00000024236",0,1,1,"24h_vs_0h"
"ENSMUSG00000061313",0,1,1,"24h_vs_0h"
"ENSMUSG00000031959",0,1,1,"24h_vs_0h"
"ENSMUSG00000030465",0,1,1,"24h_vs_0h"
"ENSMUSG00000031858",0,1,1,"24h_vs_0h"
"ENSMUSG00000040111",0,1,1,"24h_vs_0h"
"ENSMUSG00000031669",0,1,1,"24h_vs_0h"
"ENSMUSG00000034312",0,1,1,"24h_vs_0h"
"ENSMUSG00000001472",0,1,1,"24h_vs_0h"
"ENSMUSG00000038697",0,1,1,"24h_vs_0h"
"ENSMUSG00000035208",0,1,1,"24h_vs_0h"
"ENSMUSG00000032193",0,1,1,"24h_vs_0h"
"ENSMUSG00000032254",0,1,1,"24h_vs_0h"
"ENSMUSG00000003308",0,1,1,"24h_vs_0h"
"ENSMUSG00000032348",0,1,1,"24h_vs_0h"
"ENSMUSG00000032497",0,1,1,"24h_vs_0h"
"ENSMUSG00000033392",0,1,1,"24h_vs_0h"
"ENSMUSG00000059263",0,1,1,"24h_vs_0h"
"ENSMUSG00000057193",0,1,1,"24h_vs_0h"
"ENSMUSG00000018068",0,1,1,"24h_vs_0h"
"ENSMUSG00000039914",0,1,1,"24h_vs_0h"
"ENSMUSG00000019857",0,1,1,"24h_vs_0h"
"ENSMUSG00000059436",0,1,1,"24h_vs_0h"
"ENSMUSG00000032705",0,1,1,"24h_vs_0h"
"ENSMUSG00000019873",0,1,1,"24h_vs_0h"
"ENSMUSG00000059791",0,1,1,"24h_vs_0h"
"ENSMUSG00000021286",0,1,1,"24h_vs_0h"
"ENSMUSG00000021598",0,1,1,"24h_vs_0h"
"ENSMUSG00000052180",0,1,1,"24h_vs_0h"
"ENSMUSG00000021156",0,1,1,"24h_vs_0h"
"ENSMUSG00000020974",0,1,1,"24h_vs_0h"
"ENSMUSG00000021068",0,1,1,"24h_vs_0h"
"ENSMUSG00000071647",0,1,1,"24h_vs_0h"
"ENSMUSG00000021733",0,1,1,"24h_vs_0h"
"ENSMUSG00000074886",0,1,1,"24h_vs_0h"
"ENSMUSG00000023923",0,1,1,"24h_vs_0h"
"ENSMUSG00000069089",0,1,1,"24h_vs_0h"
"ENSMUSG00000015176",0,1,1,"24h_vs_0h"
"ENSMUSG00000021629",0,1,1,"24h_vs_0h"
"ENSMUSG00000024068",0,1,1,"24h_vs_0h"
"ENSMUSG00000022000",0,1,1,"24h_vs_0h"
"ENSMUSG00000022100",0,1,1,"24h_vs_0h"
"ENSMUSG00000018334",0,1,1,"24h_vs_0h"
"ENSMUSG00000021840",0,1,1,"24h_vs_0h"
"ENSMUSG00000039007",0,1,1,"24h_vs_0h"
"ENSMUSG00000059586",0,1,1,"24h_vs_0h"
"ENSMUSG00000037204",0,1,1,"24h_vs_0h"
"ENSMUSG00000018830",0,1,1,"24h_vs_0h"
"ENSMUSG00000033020",0,1,1,"24h_vs_0h"
"ENSMUSG00000052369",0,1,1,"24h_vs_0h"
"ENSMUSG00000022404",0,1,1,"24h_vs_0h"
"ENSMUSG00000022671",0,1,1,"24h_vs_0h"
"ENSMUSG00000023018",0,1,1,"24h_vs_0h"
"ENSMUSG00000022436",0,1,1,"24h_vs_0h"
"ENSMUSG00000033088",0,1,1,"24h_vs_0h"
"ENSMUSG00000031093",0,1,1,"24h_vs_0h"
"ENSMUSG00000041215",0,1,1,"24h_vs_0h"
"ENSMUSG00000045975",0,1,1,"24h_vs_0h"
"ENSMUSG00000049076",0,1,1,"24h_vs_0h"
"ENSMUSG00000033918",0,1,1,"24h_vs_0h"
"ENSMUSG00000069729",0,1,1,"24h_vs_0h"
"ENSMUSG00000012017",0,1,1,"24h_vs_0h"
"ENSMUSG00000038160",0,1,1,"24h_vs_0h"
"ENSMUSG00000037013",0,1,1,"24h_vs_0h"
"ENSMUSG00000024259",0,1,1,"24h_vs_0h"
"ENSMUSG00000036103",0,1,1,"24h_vs_0h"
"ENSMUSG00000036775",0,1,1,"24h_vs_0h"
"ENSMUSG00000058624",0,1,1,"24h_vs_0h"
"ENSMUSG00000002625",0,1,1,"24h_vs_0h"
"ENSMUSG00000056612",0,1,1,"24h_vs_0h"
"ENSMUSG00000025225",0,1,1,"24h_vs_0h"
"ENSMUSG00000024927",0,1,1,"24h_vs_0h"
"ENSMUSG00000034108",0,1,1,"24h_vs_0h"
"ENSMUSG00000024926",0,1,1,"24h_vs_0h"
"ENSMUSG00000024516",0,1,1,"24h_vs_0h"
"ENSMUSG00000057561",0,1,1,"24h_vs_0h"
"ENSMUSG00000013465",0,1,1,"24h_vs_0h"
"ENSMUSG00000050953",0,1,1,"24h_vs_0h"
"ENSMUSG00000066151",0,1,1,"24h_vs_0h"
"ENSMUSG00000038957",0,1,1,"24h_vs_0h"
"ENSMUSG00000000440",0,1,1,"24h_vs_0h"
"ENSMUSG00000020226",0,1,1,"24h_vs_0h"
"ENSMUSG00000022035",0,1,1,"24h_vs_0h"
"ENSMUSG00000032834",0,1,1,"24h_vs_0h"
"ENSMUSG00000015143",0,1,1,"24h_vs_0h"
"ENSMUSG00000034889",0,1,1,"24h_vs_0h"
"ENSMUSG00000060681",0,1,1,"24h_vs_0h"
"ENSMUSG00000034621",0,1,1,"24h_vs_0h"
"ENSMUSG00000042446",0,1,1,"24h_vs_0h"
"ENSMUSG00000057637",0,1,1,"24h_vs_0h"
"ENSMUSG00000033326",0,1,1,"24h_vs_0h"
"ENSMUSG00000044700",0,1,1,"24h_vs_0h"
"ENSMUSG00000025583",0,1,1,"24h_vs_0h"
"ENSMUSG00000025531",0,1,1,"24h_vs_0h"
"ENSMUSG00000031153",0,1,1,"24h_vs_0h"
"ENSMUSG00000039069",0,1,1,"24h_vs_0h"
"ENSMUSG00000027282",0,1,1,"24h_vs_0h"
"ENSMUSG00000033792",0,1,1,"24h_vs_0h"
"ENSMUSG00000051675",0,1,1,"24h_vs_0h"
"ENSMUSG00000007659",0,1,1,"24h_vs_0h"
"ENSMUSG00000036646",0,1,1,"24h_vs_0h"
"ENSMUSG00000026643",0,1,1,"24h_vs_0h"
"ENSMUSG00000049999",0,1,1,"24h_vs_0h"
"ENSMUSG00000000876",0,1,1,"24h_vs_0h"
"ENSMUSG00000025781",0,1,1,"24h_vs_0h"
"ENSMUSG00000040174",0,1,1,"24h_vs_0h"
"ENSMUSG00000031171",0,1,1,"24h_vs_0h"
"ENSMUSG00000070972",0,1,1,"24h_vs_0h"
"ENSMUSG00000002550",0,1,1,"24h_vs_0h"
"ENSMUSG00000028212",0,1,1,"24h_vs_0h"
"ENSMUSG00000040738",0,1,1,"24h_vs_0h"
"ENSMUSG00000027384",0,1,1,"24h_vs_0h"
"ENSMUSG00000039476",0,1,1,"24h_vs_0h"
"ENSMUSG00000033526",0,1,1,"24h_vs_0h"
"ENSMUSG00000027580",0,1,1,"24h_vs_0h"
"ENSMUSG00000026739",0,1,1,"24h_vs_0h"
"ENSMUSG00000043241",0,1,1,"24h_vs_0h"
"ENSMUSG00000070953",0,1,1,"24h_vs_0h"
"ENSMUSG00000026730",0,1,1,"24h_vs_0h"
"ENSMUSG00000005233",0,1,1,"24h_vs_0h"
"ENSMUSG00000074576",0,1,1,"24h_vs_0h"
"ENSMUSG00000063019",0,1,1,"24h_vs_0h"
"ENSMUSG00000000320",0,1,1,"24h_vs_0h"
"ENSMUSG00000014767",0,1,1,"24h_vs_0h"
"ENSMUSG00000024429",0,1,1,"24h_vs_0h"
"ENSMUSG00000036391",0,1,1,"24h_vs_0h"
"ENSMUSG00000031200",0,1,1,"24h_vs_0h"
"ENSMUSG00000036398",0,1,1,"24h_vs_0h"
"ENSMUSG00000033769",0,1,1,"24h_vs_0h"
"ENSMUSG00000061759",0,1,1,"24h_vs_0h"
"ENSMUSG00000024790",0,1,1,"24h_vs_0h"
"ENSMUSG00000062115",0,1,1,"24h_vs_0h"
"ENSMUSG00000037316",0,1,1,"24h_vs_0h"
"ENSMUSG00000049128",0,1,1,"24h_vs_0h"
"ENSMUSG00000030284",0,1,1,"24h_vs_0h"
"ENSMUSG00000038545",0,1,1,"24h_vs_0h"
"ENSMUSG00000003423",0,1,1,"24h_vs_0h"
"ENSMUSG00000062070",0,1,1,"24h_vs_0h"
"ENSMUSG00000020774",0,1,1,"24h_vs_0h"
"ENSMUSG00000038954",0,1,1,"24h_vs_0h"
"ENSMUSG00000024201",0,1,1,"24h_vs_0h"
"ENSMUSG00000018395",0,1,1,"24h_vs_0h"
"ENSMUSG00000020364",0,1,1,"24h_vs_0h"
"ENSMUSG00000047694",0,1,1,"24h_vs_0h"
"ENSMUSG00000073016",0,1,1,"24h_vs_0h"
"ENSMUSG00000028277",0,1,1,"24h_vs_0h"
"ENSMUSG00000029030",0,1,1,"24h_vs_0h"
"ENSMUSG00000021643",0,1,1,"24h_vs_0h"
"ENSMUSG00000028796",0,1,1,"24h_vs_0h"
"ENSMUSG00000023026",0,1,1,"24h_vs_0h"
"ENSMUSG00000048874",0,1,1,"24h_vs_0h"
"ENSMUSG00000021279",0,1,1,"24h_vs_0h"
"ENSMUSG00000028402",0,1,1,"24h_vs_0h"
"ENSMUSG00000025078",0,1,1,"24h_vs_0h"
"ENSMUSG00000000708",0,1,1,"24h_vs_0h"
"ENSMUSG00000034653",0,1,1,"24h_vs_0h"
"ENSMUSG00000038095",0,1,1,"24h_vs_0h"
"ENSMUSG00000039357",0,1,1,"24h_vs_0h"
"ENSMUSG00000038039",0,1,1,"24h_vs_0h"
"ENSMUSG00000031592",0,1,1,"24h_vs_0h"
"ENSMUSG00000079470",0,1,1,"24h_vs_0h"
"ENSMUSG00000024066",0,1,1,"24h_vs_0h"
"ENSMUSG00000022125",0,1,1,"24h_vs_0h"
"ENSMUSG00000062397",0,1,1,"24h_vs_0h"
"ENSMUSG00000017291",0,1,1,"24h_vs_0h"
"ENSMUSG00000028099",0,1,1,"24h_vs_0h"
"ENSMUSG00000032232",0,1,1,"24h_vs_0h"
"ENSMUSG00000027714",0,1,1,"24h_vs_0h"
"ENSMUSG00000021188",0,1,1,"24h_vs_0h"
"ENSMUSG00000030232",0,1,1,"24h_vs_0h"
"ENSMUSG00000019087",0,1,1,"24h_vs_0h"
"ENSMUSG00000059970",0,1,1,"24h_vs_0h"
"ENSMUSG00000001105",0,1,1,"24h_vs_0h"
"ENSMUSG00000058835",0,1,1,"24h_vs_0h"
"ENSMUSG00000037652",0,1,1,"24h_vs_0h"
"ENSMUSG00000075486",0,1,1,"24h_vs_0h"
"ENSMUSG00000025262",0,1,1,"24h_vs_0h"
"ENSMUSG00000024795",0,1,1,"24h_vs_0h"
"ENSMUSG00000069171",0,1,1,"24h_vs_0h"
"ENSMUSG00000024055",0,1,1,"24h_vs_0h"
"ENSMUSG00000030516",0,1,1,"24h_vs_0h"
"ENSMUSG00000034218",0,1,1,"24h_vs_0h"
"ENSMUSG00000020268",0,1,1,"24h_vs_0h"
"ENSMUSG00000037343",0,1,1,"24h_vs_0h"
"ENSMUSG00000030059",0,1,1,"24h_vs_0h"
"ENSMUSG00000034602",0,1,1,"24h_vs_0h"
"ENSMUSG00000026064",0,1,1,"24h_vs_0h"
"ENSMUSG00000028068",0,1,1,"24h_vs_0h"
"ENSMUSG00000049382",0,1,1,"24h_vs_0h"
"ENSMUSG00000031765",0,1,1,"24h_vs_0h"
"ENSMUSG00000026113",0,1,1,"24h_vs_0h"
"ENSMUSG00000035900",0,1,1,"24h_vs_0h"
"ENSMUSG00000090247",0,1,1,"24h_vs_0h"
"ENSMUSG00000022010",0,1,1,"24h_vs_0h"
"ENSMUSG00000024830",0,1,1,"24h_vs_0h"
"ENSMUSG00000033373",0,1,1,"24h_vs_0h"
"ENSMUSG00000062210",0,1,1,"24h_vs_0h"
"ENSMUSG00000025466",0,1,1,"24h_vs_0h"
"ENSMUSG00000031851",0,1,1,"24h_vs_0h"
"ENSMUSG00000024277",0,1,1,"24h_vs_0h"
"ENSMUSG00000045752",0,1,1,"24h_vs_0h"
"ENSMUSG00000027601",0,1,1,"24h_vs_0h"
"ENSMUSG00000026289",0,1,1,"24h_vs_0h"
"ENSMUSG00000071451",0,1,1,"24h_vs_0h"
"ENSMUSG00000039763",0,1,1,"24h_vs_0h"
"ENSMUSG00000034317",0,1,1,"24h_vs_0h"
"ENSMUSG00000029276",0,1,1,"24h_vs_0h"
"ENSMUSG00000036980",0,1,1,"24h_vs_0h"
"ENSMUSG00000032349",0,1,1,"24h_vs_0h"
"ENSMUSG00000029571",0,1,1,"24h_vs_0h"
"ENSMUSG00000041890",0,1,1,"24h_vs_0h"
"ENSMUSG00000019854",0,1,1,"24h_vs_0h"
"ENSMUSG00000002205",0,1,1,"24h_vs_0h"
"ENSMUSG00000020400",0,1,1,"24h_vs_0h"
"ENSMUSG00000074457",0,1,1,"24h_vs_0h"
"ENSMUSG00000047714",0,1,1,"24h_vs_0h"
"ENSMUSG00000032386",0,1,1,"24h_vs_0h"
"ENSMUSG00000001663",0,1,1,"24h_vs_0h"
"ENSMUSG00000027937",0,1,1,"24h_vs_0h"
"ENSMUSG00000035203",0,1,1,"24h_vs_0h"
"ENSMUSG00000003812",0,1,1,"24h_vs_0h"
"ENSMUSG00000029470",0,1,1,"24h_vs_0h"
"ENSMUSG00000005069",0,1,1,"24h_vs_0h"
"ENSMUSG00000030254",0,1,1,"24h_vs_0h"
"ENSMUSG00000036845",0,1,1,"24h_vs_0h"
"ENSMUSG00000006732",0,1,1,"24h_vs_0h"
"ENSMUSG00000106864",0,1,1,"24h_vs_0h"
"ENSMUSG00000071649",0,1,1,"24h_vs_0h"
"ENSMUSG00000074037",0,1,1,"24h_vs_0h"
"ENSMUSG00000036873",0,1,1,"24h_vs_0h"
"ENSMUSG00000020794",0,1,1,"24h_vs_0h"
"ENSMUSG00000029863",0,1,1,"24h_vs_0h"
"ENSMUSG00000038205",0,1,1,"24h_vs_0h"
"ENSMUSG00000026240",0,1,1,"24h_vs_0h"
"ENSMUSG00000025421",0,1,1,"24h_vs_0h"
"ENSMUSG00000054434",0,1,1,"24h_vs_0h"
"ENSMUSG00000038172",0,1,1,"24h_vs_0h"
"ENSMUSG00000041625",0,1,1,"24h_vs_0h"
"ENSMUSG00000024792",0,1,1,"24h_vs_0h"
"ENSMUSG00000063063",0,1,1,"24h_vs_0h"
"ENSMUSG00000012422",0,1,1,"24h_vs_0h"
"ENSMUSG00000022558",0,1,1,"24h_vs_0h"
"ENSMUSG00000024515",0,1,1,"24h_vs_0h"
"ENSMUSG00000025066",0,1,1,"24h_vs_0h"
"ENSMUSG00000027506",0,1,1,"24h_vs_0h"
"ENSMUSG00000068922",0,1,1,"24h_vs_0h"
"ENSMUSG00000022119",0,1,1,"24h_vs_0h"
"ENSMUSG00000027357",0,1,1,"24h_vs_0h"
"ENSMUSG00000032648",0,1,1,"24h_vs_0h"
"ENSMUSG00000030888",0,1,1,"24h_vs_0h"
"ENSMUSG00000078776",0,1,1,"24h_vs_0h"
"ENSMUSG00000021139",0,1,1,"24h_vs_0h"
"ENSMUSG00000052337",0,1,1,"24h_vs_0h"
"ENSMUSG00000002428",0,1,1,"24h_vs_0h"
"ENSMUSG00000035623",0,1,1,"24h_vs_0h"
"ENSMUSG00000047735",0,1,1,"24h_vs_0h"
"ENSMUSG00000032332",0,1,1,"24h_vs_0h"
"ENSMUSG00000017288",0,1,1,"24h_vs_0h"
"ENSMUSG00000029478",0,1,1,"24h_vs_0h"
"ENSMUSG00000026970",0,1,1,"24h_vs_0h"
"ENSMUSG00000056234",0,1,1,"24h_vs_0h"
"ENSMUSG00000038774",0,1,1,"24h_vs_0h"
"ENSMUSG00000041977",0,1,1,"24h_vs_0h"
"ENSMUSG00000023106",0,1,1,"24h_vs_0h"
"ENSMUSG00000056917",0,1,1,"24h_vs_0h"
"ENSMUSG00000021243",0,1,1,"24h_vs_0h"
"ENSMUSG00000029106",0,1,1,"24h_vs_0h"
"ENSMUSG00000056938",0,1,1,"24h_vs_0h"
"ENSMUSG00000004221",0,1,1,"24h_vs_0h"
"ENSMUSG00000059890",0,1,1,"24h_vs_0h"
"ENSMUSG00000007656",0,1,1,"24h_vs_0h"
"ENSMUSG00000032215",0,1,1,"24h_vs_0h"
"ENSMUSG00000052033",0,1,1,"24h_vs_0h"
"ENSMUSG00000071550",0,1,1,"24h_vs_0h"
"ENSMUSG00000033237",0,1,1,"24h_vs_0h"
"ENSMUSG00000004561",0,1,1,"24h_vs_0h"
"ENSMUSG00000072889",0,1,1,"24h_vs_0h"
"ENSMUSG00000002963",0,1,1,"24h_vs_0h"
"ENSMUSG00000029761",0,1,1,"24h_vs_0h"
"ENSMUSG00000026924",0,1,1,"24h_vs_0h"
"ENSMUSG00000014907",0,1,1,"24h_vs_0h"
"ENSMUSG00000035597",0,1,1,"24h_vs_0h"
"ENSMUSG00000019792",0,1,1,"24h_vs_0h"
"ENSMUSG00000001419",0,1,1,"24h_vs_0h"
"ENSMUSG00000034893",0,1,1,"24h_vs_0h"
"ENSMUSG00000037679",0,1,1,"24h_vs_0h"
"ENSMUSG00000040265",0,1,1,"24h_vs_0h"
"ENSMUSG00000062510",0,1,1,"24h_vs_0h"
"ENSMUSG00000022377",0,1,1,"24h_vs_0h"
"ENSMUSG00000019984",0,1,1,"24h_vs_0h"
"ENSMUSG00000037366",0,1,1,"24h_vs_0h"
"ENSMUSG00000048279",0,1,1,"24h_vs_0h"
"ENSMUSG00000005442",0,1,1,"24h_vs_0h"
"ENSMUSG00000013833",0,1,1,"24h_vs_0h"
"ENSMUSG00000030706",0,1,1,"24h_vs_0h"
"ENSMUSG00000026014",0,1,1,"24h_vs_0h"
"ENSMUSG00000024122",0,1,1,"24h_vs_0h"
"ENSMUSG00000024921",0,1,1,"24h_vs_0h"
"ENSMUSG00000022678",0,1,1,"24h_vs_0h"
"ENSMUSG00000025173",0,1,1,"24h_vs_0h"
"ENSMUSG00000013858",0,1,1,"24h_vs_0h"
"ENSMUSG00000028007",0,1,1,"24h_vs_0h"
"ENSMUSG00000036636",0,1,1,"24h_vs_0h"
"ENSMUSG00000027981",0,1,1,"24h_vs_0h"
"ENSMUSG00000038080",0,1,1,"24h_vs_0h"
"ENSMUSG00000025316",0,1,1,"24h_vs_0h"
"ENSMUSG00000002222",0,1,1,"24h_vs_0h"
"ENSMUSG00000033880",0,1,1,"24h_vs_0h"
"ENSMUSG00000026127",0,1,1,"24h_vs_0h"
"ENSMUSG00000056342",0,1,1,"24h_vs_0h"
"ENSMUSG00000027522",0,1,1,"24h_vs_0h"
"ENSMUSG00000041870",0,1,1,"24h_vs_0h"
"ENSMUSG00000044864",0,1,1,"24h_vs_0h"
"ENSMUSG00000089917",0,1,1,"24h_vs_0h"
"ENSMUSG00000039795",0,1,1,"24h_vs_0h"
"ENSMUSG00000090523",0,1,1,"24h_vs_0h"
"ENSMUSG00000020937",0,1,1,"24h_vs_0h"
"ENSMUSG00000033991",0,1,1,"24h_vs_0h"
"ENSMUSG00000022390",0,1,1,"24h_vs_0h"
"ENSMUSG00000037112",0,1,1,"24h_vs_0h"
"ENSMUSG00000059495",0,1,1,"24h_vs_0h"
"ENSMUSG00000024924",0,1,1,"24h_vs_0h"
"ENSMUSG00000032078",0,1,1,"24h_vs_0h"
"ENSMUSG00000035247",0,1,1,"24h_vs_0h"
"ENSMUSG00000031557",0,1,1,"24h_vs_0h"
"ENSMUSG00000022992",0,1,1,"24h_vs_0h"
"ENSMUSG00000006763",0,1,1,"24h_vs_0h"
"ENSMUSG00000036167",0,1,1,"24h_vs_0h"
"ENSMUSG00000029397",0,1,1,"24h_vs_0h"
"ENSMUSG00000031753",0,1,1,"24h_vs_0h"
"ENSMUSG00000048000",0,1,1,"24h_vs_0h"
"ENSMUSG00000018727",0,1,1,"24h_vs_0h"
"ENSMUSG00000035021",0,1,1,"24h_vs_0h"
"ENSMUSG00000042632",0,1,1,"24h_vs_0h"
"ENSMUSG00000031010",0,1,1,"24h_vs_0h"
"ENSMUSG00000026586",0,1,1,"24h_vs_0h"
"ENSMUSG00000063558",0,1,1,"24h_vs_0h"
"ENSMUSG00000006050",0,1,1,"24h_vs_0h"
"ENSMUSG00000032468",0,1,1,"24h_vs_0h"
"ENSMUSG00000039828",0,1,1,"24h_vs_0h"
"ENSMUSG00000025348",0,1,1,"24h_vs_0h"
"ENSMUSG00000000568",0,1,1,"24h_vs_0h"
"ENSMUSG00000071551",0,1,1,"24h_vs_0h"
"ENSMUSG00000032400",0,1,1,"24h_vs_0h"
"ENSMUSG00000024909",0,1,1,"24h_vs_0h"
"ENSMUSG00000029629",0,1,1,"24h_vs_0h"
"ENSMUSG00000038170",0,1,1,"24h_vs_0h"
"ENSMUSG00000001418",0,1,1,"24h_vs_0h"
"ENSMUSG00000050860",0,1,1,"24h_vs_0h"
"ENSMUSG00000021756",0,1,1,"24h_vs_0h"
"ENSMUSG00000061353",0,1,1,"24h_vs_0h"
"ENSMUSG00000059552",0,1,1,"24h_vs_0h"
"ENSMUSG00000046311",0,1,1,"24h_vs_0h"
"ENSMUSG00000018566",0,1,1,"24h_vs_0h"
"ENSMUSG00000094018",0,1,1,"24h_vs_0h"
"ENSMUSG00000023156",0,1,1,"24h_vs_0h"
"ENSMUSG00000021711",0,1,1,"24h_vs_0h"
"ENSMUSG00000094429",0,1,1,"24h_vs_0h"
"ENSMUSG00000024963",0,1,1,"24h_vs_0h"
"ENSMUSG00000056899",0,1,1,"24h_vs_0h"
"ENSMUSG00000034533",0,1,1,"24h_vs_0h"
"ENSMUSG00000030739",0,1,1,"24h_vs_0h"
"ENSMUSG00000033075",0,1,1,"24h_vs_0h"
"ENSMUSG00000000420",0,1,1,"24h_vs_0h"
"ENSMUSG00000026946",0,1,1,"24h_vs_0h"
"ENSMUSG00000026664",0,1,1,"24h_vs_0h"
"ENSMUSG00000032316",0,1,1,"24h_vs_0h"
"ENSMUSG00000020817",0,1,1,"24h_vs_0h"
"ENSMUSG00000032757",0,1,1,"24h_vs_0h"
"ENSMUSG00000007038",0,1,1,"24h_vs_0h"
"ENSMUSG00000068566",0,1,1,"24h_vs_0h"
"ENSMUSG00000024851",0,1,1,"24h_vs_0h"
"ENSMUSG00000022809",0,1,1,"24h_vs_0h"
"ENSMUSG00000020694",0,1,1,"24h_vs_0h"
"ENSMUSG00000024423",0,1,1,"24h_vs_0h"
"ENSMUSG00000039989",0,1,1,"24h_vs_0h"
"ENSMUSG00000024146",0,1,1,"24h_vs_0h"
"ENSMUSG00000040356",0,1,1,"24h_vs_0h"
"ENSMUSG00000047281",0,1,1,"24h_vs_0h"
"ENSMUSG00000027109",0,1,1,"24h_vs_0h"
"ENSMUSG00000021124",0,1,1,"24h_vs_0h"
"ENSMUSG00000021288",0,1,1,"24h_vs_0h"
"ENSMUSG00000036023",0,1,1,"24h_vs_0h"
"ENSMUSG00000032582",0,1,1,"24h_vs_0h"
"ENSMUSG00000055371",0,1,1,"24h_vs_0h"
"ENSMUSG00000047804",0,1,1,"24h_vs_0h"
"ENSMUSG00000029344",0,1,1,"24h_vs_0h"
"ENSMUSG00000021258",0,1,1,"24h_vs_0h"
"ENSMUSG00000035011",0,1,1,"24h_vs_0h"
"ENSMUSG00000052102",0,1,1,"24h_vs_0h"
"ENSMUSG00000053617",0,1,1,"24h_vs_0h"
"ENSMUSG00000034994",0,1,1,"24h_vs_0h"
"ENSMUSG00000026000",0,1,1,"24h_vs_0h"
"ENSMUSG00000017697",0,1,1,"24h_vs_0h"
"ENSMUSG00000031233",0,1,1,"24h_vs_0h"
"ENSMUSG00000020029",0,1,1,"24h_vs_0h"
"ENSMUSG00000098387",0,1,1,"24h_vs_0h"
"ENSMUSG00000053985",0,1,1,"24h_vs_0h"
"ENSMUSG00000066861",0,1,1,"24h_vs_0h"
"ENSMUSG00000074743",0,1,1,"24h_vs_0h"
"ENSMUSG00000028024",0,1,1,"24h_vs_0h"
"ENSMUSG00000024369",0,1,1,"24h_vs_0h"
"ENSMUSG00000030218",0,1,1,"24h_vs_0h"
"ENSMUSG00000052131",0,1,1,"24h_vs_0h"
"ENSMUSG00000052397",0,1,1,"24h_vs_0h"
"ENSMUSG00000041417",0,1,1,"24h_vs_0h"
"ENSMUSG00000020346",0,1,1,"24h_vs_0h"
"ENSMUSG00000021948",0,1,1,"24h_vs_0h"
"ENSMUSG00000032218",0,1,1,"24h_vs_0h"
"ENSMUSG00000019988",0,1,1,"24h_vs_0h"
"ENSMUSG00000004768",0,1,1,"24h_vs_0h"
"ENSMUSG00000034789",0,1,1,"24h_vs_0h"
"ENSMUSG00000037706",0,1,1,"24h_vs_0h"
"ENSMUSG00000061130",0,1,1,"24h_vs_0h"
"ENSMUSG00000032085",0,1,1,"24h_vs_0h"
"ENSMUSG00000026942",0,1,1,"24h_vs_0h"
"ENSMUSG00000030342",0,1,1,"24h_vs_0h"
"ENSMUSG00000015243",0,1,1,"24h_vs_0h"
"ENSMUSG00000028494",0,1,1,"24h_vs_0h"
"ENSMUSG00000056220",0,1,1,"24h_vs_0h"
"ENSMUSG00000029135",0,1,1,"24h_vs_0h"
"ENSMUSG00000056758",0,1,1,"24h_vs_0h"
"ENSMUSG00000056216",0,1,1,"24h_vs_0h"
"ENSMUSG00000000957",0,1,1,"24h_vs_0h"
"ENSMUSG00000030057",0,1,1,"24h_vs_0h"
"ENSMUSG00000028426",0,1,1,"24h_vs_0h"
"ENSMUSG00000027500",0,1,1,"24h_vs_0h"
"ENSMUSG00000061032",0,1,1,"24h_vs_0h"
"ENSMUSG00000019478",0,1,1,"24h_vs_0h"
"ENSMUSG00000062248",0,1,1,"24h_vs_0h"
"ENSMUSG00000031231",0,1,1,"24h_vs_0h"
"ENSMUSG00000005360",0,1,1,"24h_vs_0h"
"ENSMUSG00000001120",0,1,1,"24h_vs_0h"
"ENSMUSG00000034205",0,1,1,"24h_vs_0h"
"ENSMUSG00000026176",0,1,1,"24h_vs_0h"
"ENSMUSG00000028464",0,1,1,"24h_vs_0h"
"ENSMUSG00000039849",0,1,1,"24h_vs_0h"
"ENSMUSG00000034748",0,1,1,"24h_vs_0h"
"ENSMUSG00000013822",0,1,1,"24h_vs_0h"
"ENSMUSG00000031950",0,1,1,"24h_vs_0h"
"ENSMUSG00000036943",0,1,1,"24h_vs_0h"
"ENSMUSG00000051853",0,1,1,"24h_vs_0h"
"ENSMUSG00000036894",0,1,1,"24h_vs_0h"
"ENSMUSG00000002728",0,1,1,"24h_vs_0h"
"ENSMUSG00000030082",0,1,1,"24h_vs_0h"
"ENSMUSG00000049354",0,1,1,"24h_vs_0h"
"ENSMUSG00000071359",0,1,1,"24h_vs_0h"
"ENSMUSG00000004771",0,1,1,"24h_vs_0h"
"ENSMUSG00000009630",0,1,1,"24h_vs_0h"
"ENSMUSG00000035783",0,1,1,"24h_vs_0h"
"ENSMUSG00000054364",0,1,1,"24h_vs_0h"
"ENSMUSG00000029838",0,1,1,"24h_vs_0h"
"ENSMUSG00000042644",0,1,1,"24h_vs_0h"
"ENSMUSG00000031168",0,1,1,"24h_vs_0h"
"ENSMUSG00000057672",0,1,1,"24h_vs_0h"
"ENSMUSG00000020733",0,1,1,"24h_vs_0h"
"ENSMUSG00000020091",0,1,1,"24h_vs_0h"
"ENSMUSG00000000127",0,1,1,"24h_vs_0h"
"ENSMUSG00000030403",0,1,1,"24h_vs_0h"
"ENSMUSG00000003184",0,1,1,"24h_vs_0h"
"ENSMUSG00000038894",0,1,1,"24h_vs_0h"
"ENSMUSG00000027996",0,1,1,"24h_vs_0h"
"ENSMUSG00000029642",0,1,1,"24h_vs_0h"
"ENSMUSG00000020844",0,1,1,"24h_vs_0h"
"ENSMUSG00000021540",0,1,1,"24h_vs_0h"
"ENSMUSG00000028886",0,1,1,"24h_vs_0h"
"ENSMUSG00000049691",0,1,1,"24h_vs_0h"
"ENSMUSG00000020038",0,1,1,"24h_vs_0h"
"ENSMUSG00000030560",0,1,1,"24h_vs_0h"
"ENSMUSG00000029591",0,1,1,"24h_vs_0h"
"ENSMUSG00000022098",0,1,1,"24h_vs_0h"
"ENSMUSG00000029428",0,1,1,"24h_vs_0h"
"ENSMUSG00000020330",0,1,1,"24h_vs_0h"
"ENSMUSG00000078317",0,1,1,"24h_vs_0h"
"ENSMUSG00000068196",0,1,1,"24h_vs_0h"
"ENSMUSG00000021264",0,1,1,"24h_vs_0h"
"ENSMUSG00000029661",0,1,1,"24h_vs_0h"
"ENSMUSG00000021670",0,1,1,"24h_vs_0h"
"ENSMUSG00000020122",0,1,1,"24h_vs_0h"
"ENSMUSG00000020857",0,1,1,"24h_vs_0h"
"ENSMUSG00000001552",0,1,1,"24h_vs_0h"
"ENSMUSG00000020755",0,1,1,"24h_vs_0h"
"ENSMUSG00000023885",0,1,1,"24h_vs_0h"
"ENSMUSG00000039480",0,1,1,"24h_vs_0h"
"ENSMUSG00000070697",0,1,1,"24h_vs_0h"
"ENSMUSG00000027575",0,1,1,"24h_vs_0h"
"ENSMUSG00000020232",0,1,1,"24h_vs_0h"
"ENSMUSG00000030867",0,1,1,"24h_vs_0h"
"ENSMUSG00000022263",0,1,1,"24h_vs_0h"
"ENSMUSG00000055069",0,1,1,"24h_vs_0h"
"ENSMUSG00000050310",0,1,1,"24h_vs_0h"
"ENSMUSG00000020962",0,1,1,"24h_vs_0h"
"ENSMUSG00000028189",0,1,1,"24h_vs_0h"
"ENSMUSG00000031629",0,1,1,"24h_vs_0h"
"ENSMUSG00000050373",0,1,1,"24h_vs_0h"
"ENSMUSG00000051169",0,1,1,"24h_vs_0h"
"ENSMUSG00000074476",0,1,1,"24h_vs_0h"
"ENSMUSG00000038886",0,1,1,"24h_vs_0h"
"ENSMUSG00000034765",0,1,1,"24h_vs_0h"
"ENSMUSG00000031007",0,1,1,"24h_vs_0h"
"ENSMUSG00000031812",0,1,1,"24h_vs_0h"
"ENSMUSG00000028863",0,1,1,"24h_vs_0h"
"ENSMUSG00000000295",0,1,1,"24h_vs_0h"
"ENSMUSG00000005312",0,1,1,"24h_vs_0h"
"ENSMUSG00000028868",0,1,1,"24h_vs_0h"
"ENSMUSG00000040188",0,1,1,"24h_vs_0h"
"ENSMUSG00000031979",0,1,1,"24h_vs_0h"
"ENSMUSG00000024525",0,1,1,"24h_vs_0h"
"ENSMUSG00000029816",0,1,1,"24h_vs_0h"
"ENSMUSG00000033417",0,1,1,"24h_vs_0h"
"ENSMUSG00000025402",0,1,1,"24h_vs_0h"
"ENSMUSG00000046201",0,1,1,"24h_vs_0h"
"ENSMUSG00000020605",0,1,1,"24h_vs_0h"
"ENSMUSG00000039050",0,1,1,"24h_vs_0h"
"ENSMUSG00000041278",0,1,1,"24h_vs_0h"
"ENSMUSG00000009905",0,1,1,"24h_vs_0h"
"ENSMUSG00000024965",0,1,1,"24h_vs_0h"
"ENSMUSG00000066357",0,1,1,"24h_vs_0h"
"ENSMUSG00000006906",0,1,1,"24h_vs_0h"
"ENSMUSG00000019977",0,1,1,"24h_vs_0h"
"ENSMUSG00000017299",0,1,1,"24h_vs_0h"
"ENSMUSG00000059208",0,1,1,"24h_vs_0h"
"ENSMUSG00000026687",0,1,1,"24h_vs_0h"
"ENSMUSG00000002658",0,1,1,"24h_vs_0h"
"ENSMUSG00000024785",0,1,1,"24h_vs_0h"
"ENSMUSG00000004748",0,1,1,"24h_vs_0h"
"ENSMUSG00000046079",0,1,1,"24h_vs_0h"
"ENSMUSG00000043702",0,1,1,"24h_vs_0h"
"ENSMUSG00000109901",0,1,1,"24h_vs_0h"
"ENSMUSG00000037058",0,1,1,"24h_vs_0h"
"ENSMUSG00000004069",0,1,1,"24h_vs_0h"
"ENSMUSG00000035683",0,1,1,"24h_vs_0h"
"ENSMUSG00000037570",0,1,1,"24h_vs_0h"
"ENSMUSG00000020677",0,1,1,"24h_vs_0h"
"ENSMUSG00000041303",0,1,1,"24h_vs_0h"
"ENSMUSG00000026393",0,1,1,"24h_vs_0h"
"ENSMUSG00000031808",0,1,1,"24h_vs_0h"
"ENSMUSG00000036188",0,1,1,"24h_vs_0h"
"ENSMUSG00000028587",0,1,1,"24h_vs_0h"
"ENSMUSG00000030315",0,1,1,"24h_vs_0h"
"ENSMUSG00000018846",0,1,1,"24h_vs_0h"
"ENSMUSG00000039449",0,1,1,"24h_vs_0h"
"ENSMUSG00000049504",0,1,1,"24h_vs_0h"
"ENSMUSG00000028678",0,1,1,"24h_vs_0h"
"ENSMUSG00000030872",0,1,1,"24h_vs_0h"
"ENSMUSG00000016253",0,1,1,"24h_vs_0h"
"ENSMUSG00000033706",0,1,1,"24h_vs_0h"
"ENSMUSG00000065990",0,1,1,"24h_vs_0h"
"ENSMUSG00000010080",0,1,1,"24h_vs_0h"
"ENSMUSG00000051984",0,1,1,"24h_vs_0h"
"ENSMUSG00000028982",0,1,1,"24h_vs_0h"
"ENSMUSG00000028948",0,1,1,"24h_vs_0h"
"ENSMUSG00000034449",0,1,1,"24h_vs_0h"
"ENSMUSG00000042229",0,1,1,"24h_vs_0h"
"ENSMUSG00000012076",0,1,1,"24h_vs_0h"
"ENSMUSG00000038838",0,1,1,"24h_vs_0h"
"ENSMUSG00000035890",0,1,1,"24h_vs_0h"
"ENSMUSG00000026965",0,1,1,"24h_vs_0h"
"ENSMUSG00000026617",0,1,1,"24h_vs_0h"
"ENSMUSG00000046861",0,1,1,"24h_vs_0h"
"ENSMUSG00000047434",0,1,1,"24h_vs_0h"
"ENSMUSG00000039994",0,1,1,"24h_vs_0h"
"ENSMUSG00000031916",0,1,1,"24h_vs_0h"
"ENSMUSG00000016831",0,1,1,"24h_vs_0h"
"ENSMUSG00000034216",0,1,1,"24h_vs_0h"
"ENSMUSG00000018442",0,1,1,"24h_vs_0h"
"ENSMUSG00000026042",0,1,1,"24h_vs_0h"
"ENSMUSG00000021569",0,1,1,"24h_vs_0h"
"ENSMUSG00000031722",0,1,1,"24h_vs_0h"
"ENSMUSG00000033161",0,1,1,"24h_vs_0h"
"ENSMUSG00000029624",0,1,1,"24h_vs_0h"
"ENSMUSG00000053841",0,1,1,"24h_vs_0h"
"ENSMUSG00000028854",0,1,1,"24h_vs_0h"
"ENSMUSG00000042015",0,1,1,"24h_vs_0h"
"ENSMUSG00000014349",0,1,1,"24h_vs_0h"
"ENSMUSG00000002524",0,1,1,"24h_vs_0h"
"ENSMUSG00000024816",0,1,1,"24h_vs_0h"
"ENSMUSG00000022443",0,1,1,"24h_vs_0h"
"ENSMUSG00000040771",0,1,1,"24h_vs_0h"
"ENSMUSG00000020412",0,1,1,"24h_vs_0h"
"ENSMUSG00000022365",0,1,1,"24h_vs_0h"
"ENSMUSG00000020628",0,1,1,"24h_vs_0h"
"ENSMUSG00000024002",0,1,1,"24h_vs_0h"
"ENSMUSG00000048078",0,1,1,"24h_vs_0h"
"ENSMUSG00000027641",0,1,1,"24h_vs_0h"
"ENSMUSG00000026816",0,1,1,"24h_vs_0h"
"ENSMUSG00000040472",0,1,1,"24h_vs_0h"
"ENSMUSG00000025151",0,1,1,"24h_vs_0h"
"ENSMUSG00000078937",0,1,1,"24h_vs_0h"
"ENSMUSG00000029111",0,1,1,"24h_vs_0h"
"ENSMUSG00000022538",0,1,1,"24h_vs_0h"
"ENSMUSG00000022299",0,1,1,"24h_vs_0h"
"ENSMUSG00000030319",0,1,1,"24h_vs_0h"
"ENSMUSG00000067995",0,1,1,"24h_vs_0h"
"ENSMUSG00000033021",0,1,1,"24h_vs_0h"
"ENSMUSG00000021751",0,1,1,"24h_vs_0h"
"ENSMUSG00000017747",0,1,1,"24h_vs_0h"
"ENSMUSG00000066880",0,1,1,"24h_vs_0h"
"ENSMUSG00000040010",0,1,1,"24h_vs_0h"
"ENSMUSG00000041685",0,1,1,"24h_vs_0h"
"ENSMUSG00000029439",0,1,1,"24h_vs_0h"
"ENSMUSG00000023074",0,1,1,"24h_vs_0h"
"ENSMUSG00000029198",0,1,1,"24h_vs_0h"
"ENSMUSG00000030386",0,1,1,"24h_vs_0h"
"ENSMUSG00000036473",0,1,1,"24h_vs_0h"
"ENSMUSG00000028145",0,1,1,"24h_vs_0h"
"ENSMUSG00000073678",0,1,1,"24h_vs_0h"
"ENSMUSG00000021548",0,1,1,"24h_vs_0h"
"ENSMUSG00000018501",0,1,1,"24h_vs_0h"
"ENSMUSG00000024797",0,1,1,"24h_vs_0h"
"ENSMUSG00000006517",0,1,1,"24h_vs_0h"
"ENSMUSG00000021065",0,1,1,"24h_vs_0h"
"ENSMUSG00000020770",0,1,1,"24h_vs_0h"
"ENSMUSG00000031918",0,1,1,"24h_vs_0h"
"ENSMUSG00000053746",0,1,1,"24h_vs_0h"
"ENSMUSG00000031601",0,1,1,"24h_vs_0h"
"ENSMUSG00000030801",0,1,1,"24h_vs_0h"
"ENSMUSG00000032038",0,1,1,"24h_vs_0h"
"ENSMUSG00000041132",0,1,1,"24h_vs_0h"
"ENSMUSG00000030677",0,1,1,"24h_vs_0h"
"ENSMUSG00000050705",0,1,1,"24h_vs_0h"
"ENSMUSG00000027078",0,1,1,"24h_vs_0h"
"ENSMUSG00000027828",0,1,1,"24h_vs_0h"
"ENSMUSG00000054150",0,1,1,"24h_vs_0h"
"ENSMUSG00000029213",0,1,1,"24h_vs_0h"
"ENSMUSG00000062373",0,1,1,"24h_vs_0h"
"ENSMUSG00000046985",0,1,1,"24h_vs_0h"
"ENSMUSG00000042700",0,1,1,"24h_vs_0h"
"ENSMUSG00000032733",0,1,1,"24h_vs_0h"
"ENSMUSG00000003849",0,1,1,"24h_vs_0h"
"ENSMUSG00000035686",0,1,1,"24h_vs_0h"
"ENSMUSG00000018167",0,1,1,"24h_vs_0h"
"ENSMUSG00000006390",0,1,1,"24h_vs_0h"
"ENSMUSG00000029918",0,1,1,"24h_vs_0h"
"ENSMUSG00000005907",0,1,1,"24h_vs_0h"
"ENSMUSG00000012705",0,1,1,"24h_vs_0h"
"ENSMUSG00000007812",0,1,1,"24h_vs_0h"
"ENSMUSG00000023960",0,1,1,"24h_vs_0h"
"ENSMUSG00000020120",0,1,1,"24h_vs_0h"
"ENSMUSG00000079317",0,1,1,"24h_vs_0h"
"ENSMUSG00000035181",0,1,1,"24h_vs_0h"
"ENSMUSG00000020519",0,1,1,"24h_vs_0h"
"ENSMUSG00000020176",0,1,1,"24h_vs_0h"
"ENSMUSG00000020527",0,1,1,"24h_vs_0h"
"ENSMUSG00000010554",0,1,1,"24h_vs_0h"
"ENSMUSG00000034297",0,1,1,"24h_vs_0h"
"ENSMUSG00000035441",0,1,1,"24h_vs_0h"
"ENSMUSG00000005804",0,1,1,"24h_vs_0h"
"ENSMUSG00000022533",0,1,1,"24h_vs_0h"
"ENSMUSG00000053801",0,1,1,"24h_vs_0h"
"ENSMUSG00000090841",0,1,1,"24h_vs_0h"
"ENSMUSG00000031077",0,1,1,"24h_vs_0h"
"ENSMUSG00000024940",0,1,1,"24h_vs_0h"
"ENSMUSG00000041187",0,1,1,"24h_vs_0h"
"ENSMUSG00000024049",0,1,1,"24h_vs_0h"
"ENSMUSG00000053289",0,1,1,"24h_vs_0h"
"ENSMUSG00000074305",0,1,1,"24h_vs_0h"
"ENSMUSG00000034290",0,1,1,"24h_vs_0h"
"ENSMUSG00000042302",0,1,1,"24h_vs_0h"
"ENSMUSG00000034543",0,1,1,"24h_vs_0h"
"ENSMUSG00000031015",0,1,1,"24h_vs_0h"
"ENSMUSG00000044857",0,1,1,"24h_vs_0h"
"ENSMUSG00000019989",0,1,1,"24h_vs_0h"
"ENSMUSG00000029599",0,1,1,"24h_vs_0h"
"ENSMUSG00000021916",0,1,1,"24h_vs_0h"
"ENSMUSG00000038582",0,1,1,"24h_vs_0h"
"ENSMUSG00000001150",0,1,1,"24h_vs_0h"
"ENSMUSG00000040520",0,1,1,"24h_vs_0h"
"ENSMUSG00000026806",0,1,1,"24h_vs_0h"
"ENSMUSG00000007817",0,1,1,"24h_vs_0h"
"ENSMUSG00000000976",0,1,1,"24h_vs_0h"
"ENSMUSG00000036435",0,1,1,"24h_vs_0h"
"ENSMUSG00000004891",0,1,1,"24h_vs_0h"
"ENSMUSG00000021497",0,1,1,"24h_vs_0h"
"ENSMUSG00000029173",0,1,1,"24h_vs_0h"
"ENSMUSG00000014778",0,1,1,"24h_vs_0h"
"ENSMUSG00000022300",0,1,1,"24h_vs_0h"
"ENSMUSG00000026867",0,1,1,"24h_vs_0h"
"ENSMUSG00000035161",0,1,1,"24h_vs_0h"
"ENSMUSG00000051378",0,1,1,"24h_vs_0h"
"ENSMUSG00000074030",0,1,1,"24h_vs_0h"
"ENSMUSG00000025266",0,1,1,"24h_vs_0h"
"ENSMUSG00000033210",0,1,1,"24h_vs_0h"
"ENSMUSG00000090145",0,1,1,"24h_vs_0h"
"ENSMUSG00000017713",0,1,1,"24h_vs_0h"
"ENSMUSG00000025764",0,1,1,"24h_vs_0h"
"ENSMUSG00000038773",0,1,1,"24h_vs_0h"
"ENSMUSG00000027454",0,1,1,"24h_vs_0h"
"ENSMUSG00000025785",0,1,1,"24h_vs_0h"
"ENSMUSG00000036241",0,1,1,"24h_vs_0h"
"ENSMUSG00000032353",0,1,1,"24h_vs_0h"
"ENSMUSG00000023094",0,1,1,"24h_vs_0h"
"ENSMUSG00000063253",0,1,1,"24h_vs_0h"
"ENSMUSG00000058672",0,1,1,"24h_vs_0h"
"ENSMUSG00000061119",0,1,1,"24h_vs_0h"
"ENSMUSG00000111997",0,1,1,"24h_vs_0h"
"ENSMUSG00000021639",0,1,1,"24h_vs_0h"
"ENSMUSG00000048327",0,1,1,"24h_vs_0h"
"ENSMUSG00000036879",0,1,1,"24h_vs_0h"
"ENSMUSG00000038671",0,1,1,"24h_vs_0h"
"ENSMUSG00000040396",0,1,1,"24h_vs_0h"
"ENSMUSG00000066621",0,1,1,"24h_vs_0h"
"ENSMUSG00000041734",0,1,1,"24h_vs_0h"
"ENSMUSG00000007476",0,1,1,"24h_vs_0h"
"ENSMUSG00000046934",0,1,1,"24h_vs_0h"
"ENSMUSG00000029434",0,1,1,"24h_vs_0h"
"ENSMUSG00000063704",0,1,1,"24h_vs_0h"
"ENSMUSG00000056665",0,1,1,"24h_vs_0h"
"ENSMUSG00000071660",0,1,1,"24h_vs_0h"
"ENSMUSG00000030521",0,1,1,"24h_vs_0h"
"ENSMUSG00000055194",0,1,1,"24h_vs_0h"
"ENSMUSG00000029326",0,1,1,"24h_vs_0h"
"ENSMUSG00000024286",0,1,1,"24h_vs_0h"
"ENSMUSG00000049109",0,1,1,"24h_vs_0h"
"ENSMUSG00000038497",0,1,1,"24h_vs_0h"
"ENSMUSG00000028437",0,1,1,"24h_vs_0h"
"ENSMUSG00000030726",0,1,1,"24h_vs_0h"
"ENSMUSG00000032475",0,1,1,"24h_vs_0h"
"ENSMUSG00000031729",0,1,1,"24h_vs_0h"
"ENSMUSG00000034958",0,1,1,"24h_vs_0h"
"ENSMUSG00000020409",0,1,1,"24h_vs_0h"
"ENSMUSG00000051220",0,1,1,"24h_vs_0h"
"ENSMUSG00000017670",0,1,1,"24h_vs_0h"
"ENSMUSG00000027784",0,1,1,"24h_vs_0h"
"ENSMUSG00000038344",0,1,1,"24h_vs_0h"
"ENSMUSG00000032867",0,1,1,"24h_vs_0h"
"ENSMUSG00000020375",0,1,1,"24h_vs_0h"
"ENSMUSG00000047648",0,1,1,"24h_vs_0h"
"ENSMUSG00000019774",0,1,1,"24h_vs_0h"
"ENSMUSG00000050565",0,1,1,"24h_vs_0h"
"ENSMUSG00000038861",0,1,1,"24h_vs_0h"
"ENSMUSG00000047888",0,1,1,"24h_vs_0h"
"ENSMUSG00000035125",0,1,1,"24h_vs_0h"
"ENSMUSG00000034064",0,1,1,"24h_vs_0h"
"ENSMUSG00000030515",0,1,1,"24h_vs_0h"
"ENSMUSG00000042211",0,1,1,"24h_vs_0h"
"ENSMUSG00000055675",0,1,1,"24h_vs_0h"
"ENSMUSG00000036975",0,1,1,"24h_vs_0h"
"ENSMUSG00000025139",0,1,1,"24h_vs_0h"
"ENSMUSG00000062421",0,1,1,"24h_vs_0h"
"ENSMUSG00000062691",0,1,1,"24h_vs_0h"
"ENSMUSG00000026553",0,1,1,"24h_vs_0h"
"ENSMUSG00000002846",0,1,1,"24h_vs_0h"
"ENSMUSG00000047379",0,1,1,"24h_vs_0h"
"ENSMUSG00000021610",0,1,1,"24h_vs_0h"
"ENSMUSG00000021180",0,1,1,"24h_vs_0h"
"ENSMUSG00000030330",0,1,1,"24h_vs_0h"
"ENSMUSG00000006931",0,1,1,"24h_vs_0h"
"ENSMUSG00000027628",0,1,1,"24h_vs_0h"
"ENSMUSG00000027080",0,1,1,"24h_vs_0h"
"ENSMUSG00000021361",0,1,1,"24h_vs_0h"
"ENSMUSG00000022554",0,1,1,"24h_vs_0h"
"ENSMUSG00000029414",0,1,1,"24h_vs_0h"
"ENSMUSG00000024072",0,1,1,"24h_vs_0h"
"ENSMUSG00000046562",0,1,1,"24h_vs_0h"
"ENSMUSG00000039414",0,1,1,"24h_vs_0h"
"ENSMUSG00000039704",0,1,1,"24h_vs_0h"
"ENSMUSG00000020166",0,1,1,"24h_vs_0h"
"ENSMUSG00000051518",0,1,1,"24h_vs_0h"
"ENSMUSG00000034087",0,1,1,"24h_vs_0h"
"ENSMUSG00000042364",0,1,1,"24h_vs_0h"
"ENSMUSG00000024579",0,1,1,"24h_vs_0h"
"ENSMUSG00000041747",0,1,1,"24h_vs_0h"
"ENSMUSG00000037216",0,1,1,"24h_vs_0h"
"ENSMUSG00000103529",0,1,1,"24h_vs_0h"
"ENSMUSG00000032498",0,1,1,"24h_vs_0h"
"ENSMUSG00000033126",0,1,1,"24h_vs_0h"
"ENSMUSG00000058440",0,1,1,"24h_vs_0h"
"ENSMUSG00000038949",0,1,1,"24h_vs_0h"
"ENSMUSG00000029536",0,1,1,"24h_vs_0h"
"ENSMUSG00000037376",0,1,1,"24h_vs_0h"
"ENSMUSG00000050552",0,1,1,"24h_vs_0h"
"ENSMUSG00000024943",0,1,1,"24h_vs_0h"
"ENSMUSG00000039108",0,1,1,"24h_vs_0h"
"ENSMUSG00000011306",0,1,1,"24h_vs_0h"
"ENSMUSG00000029505",0,1,1,"24h_vs_0h"
"ENSMUSG00000071652",0,1,1,"24h_vs_0h"
"ENSMUSG00000049792",0,1,1,"24h_vs_0h"
"ENSMUSG00000039824",0,1,1,"24h_vs_0h"
"ENSMUSG00000022034",0,1,1,"24h_vs_0h"
"ENSMUSG00000032491",0,1,1,"24h_vs_0h"
"ENSMUSG00000036766",0,1,1,"24h_vs_0h"
"ENSMUSG00000032551",0,1,1,"24h_vs_0h"
"ENSMUSG00000043866",0,1,1,"24h_vs_0h"
"ENSMUSG00000029561",0,1,1,"24h_vs_0h"
"ENSMUSG00000043155",0,1,1,"24h_vs_0h"
"ENSMUSG00000003234",0,1,1,"24h_vs_0h"
"ENSMUSG00000037262",0,1,1,"24h_vs_0h"
"ENSMUSG00000039187",0,1,1,"24h_vs_0h"
"ENSMUSG00000047656",0,1,1,"24h_vs_0h"
"ENSMUSG00000040760",0,1,1,"24h_vs_0h"
"ENSMUSG00000031536",0,1,1,"24h_vs_0h"
"ENSMUSG00000054226",0,1,1,"24h_vs_0h"
"ENSMUSG00000031556",0,1,1,"24h_vs_0h"
"ENSMUSG00000066278",0,1,1,"24h_vs_0h"
"ENSMUSG00000048832",0,1,1,"24h_vs_0h"
"ENSMUSG00000025786",0,1,1,"24h_vs_0h"
"ENSMUSG00000039018",0,1,1,"24h_vs_0h"
"ENSMUSG00000015971",0,1,1,"24h_vs_0h"
"ENSMUSG00000019715",0,1,1,"24h_vs_0h"
"ENSMUSG00000041895",0,1,1,"24h_vs_0h"
"ENSMUSG00000021650",0,1,1,"24h_vs_0h"
"ENSMUSG00000036693",0,1,1,"24h_vs_0h"
"ENSMUSG00000033355",0,1,1,"24h_vs_0h"
"ENSMUSG00000042729",0,1,1,"24h_vs_0h"
"ENSMUSG00000006585",0,1,1,"24h_vs_0h"
"ENSMUSG00000024143",0,1,1,"24h_vs_0h"
"ENSMUSG00000032387",0,1,1,"24h_vs_0h"
"ENSMUSG00000024391",0,1,1,"24h_vs_0h"
"ENSMUSG00000031935",0,1,1,"24h_vs_0h"
"ENSMUSG00000032615",0,1,1,"24h_vs_0h"
"ENSMUSG00000025575",0,1,1,"24h_vs_0h"
"ENSMUSG00000025921",0,1,1,"24h_vs_0h"
"ENSMUSG00000075000",0,1,1,"24h_vs_0h"
"ENSMUSG00000035575",0,1,1,"24h_vs_0h"
"ENSMUSG00000025241",0,1,1,"24h_vs_0h"
"ENSMUSG00000034075",0,1,1,"24h_vs_0h"
"ENSMUSG00000042363",0,1,1,"24h_vs_0h"
"ENSMUSG00000033430",0,1,1,"24h_vs_0h"
"ENSMUSG00000027602",0,1,1,"24h_vs_0h"
"ENSMUSG00000033940",0,1,1,"24h_vs_0h"
"ENSMUSG00000026155",0,1,1,"24h_vs_0h"
"ENSMUSG00000015341",0,1,1,"24h_vs_0h"
"ENSMUSG00000032397",0,1,1,"24h_vs_0h"
"ENSMUSG00000006191",0,1,1,"24h_vs_0h"
"ENSMUSG00000024271",0,1,1,"24h_vs_0h"
"ENSMUSG00000004637",0,1,1,"24h_vs_0h"
"ENSMUSG00000026915",0,1,1,"24h_vs_0h"
"ENSMUSG00000021400",0,1,1,"24h_vs_0h"
"ENSMUSG00000040025",0,1,1,"24h_vs_0h"
"ENSMUSG00000030243",0,1,1,"24h_vs_0h"
"ENSMUSG00000050796",0,1,1,"24h_vs_0h"
"ENSMUSG00000034663",0,1,1,"24h_vs_0h"
"ENSMUSG00000027166",0,1,1,"24h_vs_0h"
"ENSMUSG00000029422",0,1,1,"24h_vs_0h"
"ENSMUSG00000025439",0,1,1,"24h_vs_0h"
"ENSMUSG00000066149",0,1,1,"24h_vs_0h"
"ENSMUSG00000032456",0,1,1,"24h_vs_0h"
"ENSMUSG00000031703",0,1,1,"24h_vs_0h"
"ENSMUSG00000002326",0,1,1,"24h_vs_0h"
"ENSMUSG00000027787",0,1,1,"24h_vs_0h"
"ENSMUSG00000060429",0,1,1,"24h_vs_0h"
"ENSMUSG00000002763",0,1,1,"24h_vs_0h"
"ENSMUSG00000027079",0,1,1,"24h_vs_0h"
"ENSMUSG00000031546",0,1,1,"24h_vs_0h"
"ENSMUSG00000026112",0,1,1,"24h_vs_0h"
"ENSMUSG00000000441",0,1,1,"24h_vs_0h"
"ENSMUSG00000034880",0,1,1,"24h_vs_0h"
"ENSMUSG00000019791",0,1,1,"24h_vs_0h"
"ENSMUSG00000020116",0,1,1,"24h_vs_0h"
"ENSMUSG00000053916",0,1,1,"24h_vs_0h"
"ENSMUSG00000002416",0,1,1,"24h_vs_0h"
"ENSMUSG00000026688",0,1,1,"24h_vs_0h"
"ENSMUSG00000024982",0,1,1,"24h_vs_0h"
"ENSMUSG00000001383",0,1,1,"24h_vs_0h"
"ENSMUSG00000041921",0,1,1,"24h_vs_0h"
"ENSMUSG00000022663",0,1,1,"24h_vs_0h"
"ENSMUSG00000024791",0,1,1,"24h_vs_0h"
"ENSMUSG00000053119",0,1,1,"24h_vs_0h"
"ENSMUSG00000030291",0,1,1,"24h_vs_0h"
"ENSMUSG00000028549",0,1,1,"24h_vs_0h"
"ENSMUSG00000038622",0,1,1,"24h_vs_0h"
"ENSMUSG00000020803",0,1,1,"24h_vs_0h"
"ENSMUSG00000028295",0,1,1,"24h_vs_0h"
"ENSMUSG00000027285",0,1,1,"24h_vs_0h"
"ENSMUSG00000004996",0,1,1,"24h_vs_0h"
"ENSMUSG00000029048",0,1,1,"24h_vs_0h"
"ENSMUSG00000025492",0,1,1,"24h_vs_0h"
"ENSMUSG00000030423",0,1,1,"24h_vs_0h"
"ENSMUSG00000017837",0,1,1,"24h_vs_0h"
"ENSMUSG00000030245",0,1,1,"24h_vs_0h"
"ENSMUSG00000030304",0,1,1,"24h_vs_0h"
"ENSMUSG00000031604",0,1,1,"24h_vs_0h"
"ENSMUSG00000015757",0,1,1,"24h_vs_0h"
"ENSMUSG00000046949",0,1,1,"24h_vs_0h"
"ENSMUSG00000073435",0,1,1,"24h_vs_0h"
"ENSMUSG00000030983",0,1,1,"24h_vs_0h"
"ENSMUSG00000003135",0,1,1,"24h_vs_0h"
"ENSMUSG00000030471",0,1,1,"24h_vs_0h"
"ENSMUSG00000030588",0,1,1,"24h_vs_0h"
"ENSMUSG00000027424",0,1,1,"24h_vs_0h"
"ENSMUSG00000030871",0,1,1,"24h_vs_0h"
"ENSMUSG00000032002",0,1,1,"24h_vs_0h"
"ENSMUSG00000022668",0,1,1,"24h_vs_0h"
"ENSMUSG00000029038",0,1,1,"24h_vs_0h"
"ENSMUSG00000027635",0,1,1,"24h_vs_0h"
"ENSMUSG00000032431",0,1,1,"24h_vs_0h"
"ENSMUSG00000001305",0,1,1,"24h_vs_0h"
"ENSMUSG00000024528",0,1,1,"24h_vs_0h"
"ENSMUSG00000020883",0,1,1,"24h_vs_0h"
"ENSMUSG00000039043",0,1,1,"24h_vs_0h"
"ENSMUSG00000034442",0,1,1,"24h_vs_0h"
"ENSMUSG00000016409",0,1,1,"24h_vs_0h"
"ENSMUSG00000022339",0,1,1,"24h_vs_0h"
"ENSMUSG00000025169",0,1,1,"24h_vs_0h"
"ENSMUSG00000028821",0,1,1,"24h_vs_0h"
"ENSMUSG00000006095",0,1,1,"24h_vs_0h"
"ENSMUSG00000011096",0,1,1,"24h_vs_0h"
"ENSMUSG00000028261",0,1,1,"24h_vs_0h"
"ENSMUSG00000031843",0,1,1,"24h_vs_0h"
"ENSMUSG00000039637",0,1,1,"24h_vs_0h"
"ENSMUSG00000020280",0,1,1,"24h_vs_0h"
"ENSMUSG00000005951",0,1,1,"24h_vs_0h"
"ENSMUSG00000062591",0,1,1,"24h_vs_0h"
"ENSMUSG00000026035",0,1,1,"24h_vs_0h"
"ENSMUSG00000063130",0,1,1,"24h_vs_0h"
"ENSMUSG00000002661",0,1,1,"24h_vs_0h"
"ENSMUSG00000020778",0,1,1,"24h_vs_0h"
"ENSMUSG00000024258",0,1,1,"24h_vs_0h"
"ENSMUSG00000006392",0,1,1,"24h_vs_0h"
"ENSMUSG00000032673",0,1,1,"24h_vs_0h"
"ENSMUSG00000041718",0,1,1,"24h_vs_0h"
"ENSMUSG00000010358",0,1,1,"24h_vs_0h"
"ENSMUSG00000014177",0,1,1,"24h_vs_0h"
"ENSMUSG00000007721",0,1,1,"24h_vs_0h"
"ENSMUSG00000026283",0,1,1,"24h_vs_0h"
"ENSMUSG00000020224",0,1,1,"24h_vs_0h"
"ENSMUSG00000002329",0,1,1,"24h_vs_0h"
"ENSMUSG00000020246",0,1,1,"24h_vs_0h"
"ENSMUSG00000003444",0,1,1,"24h_vs_0h"
"ENSMUSG00000020706",0,1,1,"24h_vs_0h"
"ENSMUSG00000022853",0,1,1,"24h_vs_0h"
"ENSMUSG00000003546",0,1,1,"24h_vs_0h"
"ENSMUSG00000032329",0,1,1,"24h_vs_0h"
"ENSMUSG00000066456",0,1,1,"24h_vs_0h"
"ENSMUSG00000020521",0,1,1,"24h_vs_0h"
"ENSMUSG00000005204",0,1,1,"24h_vs_0h"
"ENSMUSG00000023980",0,1,1,"24h_vs_0h"
"ENSMUSG00000024487",0,1,1,"24h_vs_0h"
"ENSMUSG00000027167",0,1,1,"24h_vs_0h"
"ENSMUSG00000023908",0,1,1,"24h_vs_0h"
"ENSMUSG00000056204",0,1,1,"24h_vs_0h"
"ENSMUSG00000004096",0,1,1,"24h_vs_0h"
"ENSMUSG00000019139",0,1,1,"24h_vs_0h"
"ENSMUSG00000009640",0,1,1,"24h_vs_0h"
"ENSMUSG00000031143",0,1,1,"24h_vs_0h"
"ENSMUSG00000070699",0,1,1,"24h_vs_0h"
"ENSMUSG00000033917",0,1,1,"24h_vs_0h"
"ENSMUSG00000025340",0,1,1,"24h_vs_0h"
"ENSMUSG00000015013",0,1,1,"24h_vs_0h"
"ENSMUSG00000025578",0,1,1,"24h_vs_0h"
"ENSMUSG00000021192",0,1,1,"24h_vs_0h"
"ENSMUSG00000028557",0,1,1,"24h_vs_0h"
"ENSMUSG00000021224",0,1,1,"24h_vs_0h"
"ENSMUSG00000004105",0,1,1,"24h_vs_0h"
"ENSMUSG00000029621",0,1,1,"24h_vs_0h"
"ENSMUSG00000006205",0,1,1,"24h_vs_0h"
"ENSMUSG00000051316",0,1,1,"24h_vs_0h"
"ENSMUSG00000059288",0,1,1,"24h_vs_0h"
"ENSMUSG00000038025",0,1,1,"24h_vs_0h"
"ENSMUSG00000007107",0,1,1,"24h_vs_0h"
"ENSMUSG00000019433",0,1,1,"24h_vs_0h"
"ENSMUSG00000021025",0,1,1,"24h_vs_0h"
"ENSMUSG00000039131",0,1,1,"24h_vs_0h"
"ENSMUSG00000017561",0,1,1,"24h_vs_0h"
"ENSMUSG00000057666",0,1,1,"24h_vs_0h"
"ENSMUSG00000032557",3.52493795060754,5.85256591130807e-24,2.57571425756668e-20,"24h_vs_4h"
"ENSMUSG00000022607",3.68766656485328,8.73557026273105e-12,1.92226223631397e-08,"24h_vs_4h"
"ENSMUSG00000029545",-0.409654190770592,2.0805083535563e-10,2.93755674363294e-07,"24h_vs_4h"
"ENSMUSG00000030605",-0.771427255724191,2.73176099467063e-10,2.93755674363294e-07,"24h_vs_4h"
"ENSMUSG00000061838",-0.434219775588009,3.33737416908991e-10,2.93755674363294e-07,"24h_vs_4h"
"ENSMUSG00000035284",0.323867654024106,7.16890685510292e-10,5.25839317821799e-07,"24h_vs_4h"
"ENSMUSG00000058997",-0.415712865158028,4.41654548335924e-09,2.77674523889486e-06,"24h_vs_4h"
"ENSMUSG00000029456",-0.653502104701921,9.75484021578285e-09,4.68651675830519e-06,"24h_vs_4h"
"ENSMUSG00000020917",0.624543126896413,9.98349462735754e-09,4.68651675830519e-06,"24h_vs_4h"
"ENSMUSG00000025153",0.962276751517933,1.09057886160359e-08,4.68651675830519e-06,"24h_vs_4h"
"ENSMUSG00000026003",-0.505684917785899,1.17136297071932e-08,4.68651675830519e-06,"24h_vs_4h"
"ENSMUSG00000015656",0.341746835890881,1.36502381476816e-08,5.00622484066224e-06,"24h_vs_4h"
"ENSMUSG00000025465",-0.519566538553359,1.62184255184973e-08,5.49056082360821e-06,"24h_vs_4h"
"ENSMUSG00000019055",0.424055295162447,2.07001322166525e-08,6.17521839467299e-06,"24h_vs_4h"
"ENSMUSG00000032418",0.991454780921387,2.10470974596898e-08,6.17521839467299e-06,"24h_vs_4h"
"ENSMUSG00000026193",-0.940016254665888,2.24698755074839e-08,6.1806201317773e-06,"24h_vs_4h"
"ENSMUSG00000023832",0.509287049610698,2.81851952096851e-08,7.29664965398966e-06,"24h_vs_4h"
"ENSMUSG00000028577",0.605242793170728,3.12598508469903e-08,7.3732922015539e-06,"24h_vs_4h"
"ENSMUSG00000026880",-0.797272162720041,3.18319817835774e-08,7.3732922015539e-06,"24h_vs_4h"
"ENSMUSG00000024507",0.626138448586644,3.54373060373756e-08,7.79797919352449e-06,"24h_vs_4h"
"ENSMUSG00000003809",-0.522573397283292,3.88052244451254e-08,8.13246632299985e-06,"24h_vs_4h"
"ENSMUSG00000040618",-0.395905009185896,4.14049353991772e-08,8.25399534071266e-06,"24h_vs_4h"
"ENSMUSG00000054808",0.477173349901459,4.37075889177529e-08,8.25399534071266e-06,"24h_vs_4h"
"ENSMUSG00000022193",0.667890335200241,4.5011562866872e-08,8.25399534071266e-06,"24h_vs_4h"
"ENSMUSG00000027406",-0.401598149307983,5.18275827270738e-08,9.12372766327406e-06,"24h_vs_4h"
"ENSMUSG00000042524",-0.562457090706314,6.2345225754555e-08,1.05531284056076e-05,"24h_vs_4h"
"ENSMUSG00000017221",0.373019898247044,9.00777521396172e-08,1.46826735987576e-05,"24h_vs_4h"
"ENSMUSG00000005413",0.722018368950273,1.02147597306764e-07,1.60554134195381e-05,"24h_vs_4h"
"ENSMUSG00000025982",0.370009233164623,1.19566511215248e-07,1.76924154230548e-05,"24h_vs_4h"
"ENSMUSG00000028603",0.510410609375953,1.2060269545368e-07,1.76924154230548e-05,"24h_vs_4h"
"ENSMUSG00000020936",0.583339575491514,1.28453649416789e-07,1.77963459221837e-05,"24h_vs_4h"
"ENSMUSG00000030695",0.758494070138511,1.29398561579159e-07,1.77963459221837e-05,"24h_vs_4h"
"ENSMUSG00000039063",-0.608470444751941,1.69503350623488e-07,2.26055832149688e-05,"24h_vs_4h"
"ENSMUSG00000012428",-0.77633332923179,1.91367735907534e-07,2.47708648743841e-05,"24h_vs_4h"
"ENSMUSG00000028452",0.481624690239006,2.06001284643335e-07,2.56082423422224e-05,"24h_vs_4h"
"ENSMUSG00000024747",0.650495808363576,2.09474374987504e-07,2.56082423422224e-05,"24h_vs_4h"
"ENSMUSG00000028034",0.269471612563486,2.3689310780328e-07,2.68652400811131e-05,"24h_vs_4h"
"ENSMUSG00000031960",0.651350704138331,2.37182358179162e-07,2.68652400811131e-05,"24h_vs_4h"
"ENSMUSG00000001440",0.276751432558182,2.4155253431797e-07,2.68652400811131e-05,"24h_vs_4h"
"ENSMUSG00000026229",0.428690986898655,2.44173961200755e-07,2.68652400811131e-05,"24h_vs_4h"
"ENSMUSG00000007564",0.464389619105454,2.50677191354172e-07,2.69080565646271e-05,"24h_vs_4h"
"ENSMUSG00000020705",0.593748535526895,2.57973502998115e-07,2.70319377784454e-05,"24h_vs_4h"
"ENSMUSG00000030541",-0.424323110399435,2.64329722504121e-07,2.70538397381544e-05,"24h_vs_4h"
"ENSMUSG00000043424",0.663063546903693,2.97045485063533e-07,2.97112995401048e-05,"24h_vs_4h"
"ENSMUSG00000040952",0.368862632660562,3.1067446546852e-07,3.03839627228212e-05,"24h_vs_4h"
"ENSMUSG00000015568",-0.946404408052221,3.19621420041192e-07,3.05794319478541e-05,"24h_vs_4h"
"ENSMUSG00000036138",0.514942876002767,3.42000899061957e-07,3.18548728723255e-05,"24h_vs_4h"
"ENSMUSG00000027566",0.527856298179689,3.47428742983782e-07,3.18548728723255e-05,"24h_vs_4h"
"ENSMUSG00000029446",0.843216119997379,3.60809561012161e-07,3.22101035605683e-05,"24h_vs_4h"
"ENSMUSG00000030751",0.536055926813553,3.65940735748333e-07,3.22101035605683e-05,"24h_vs_4h"
"ENSMUSG00000040532",-0.53308824441217,3.79899210528336e-07,3.23899089094381e-05,"24h_vs_4h"
"ENSMUSG00000025156",0.441304308348645,3.82702854644577e-07,3.23899089094381e-05,"24h_vs_4h"
"ENSMUSG00000074656",0.475351972699471,4.01728032542544e-07,3.28640312870511e-05,"24h_vs_4h"
"ENSMUSG00000056973",-0.919232987863225,4.05895080284526e-07,3.28640312870511e-05,"24h_vs_4h"
"ENSMUSG00000022797",0.414136997661572,4.1469960673711e-07,3.28640312870511e-05,"24h_vs_4h"
"ENSMUSG00000021178",0.370773467165524,4.18174449460318e-07,3.28640312870511e-05,"24h_vs_4h"
"ENSMUSG00000027810",0.430233321344538,4.42457138814451e-07,3.41623485600421e-05,"24h_vs_4h"
"ENSMUSG00000020290",0.542821705544171,5.17310192501086e-07,3.92531406413324e-05,"24h_vs_4h"
"ENSMUSG00000048755",-0.512130301815677,5.56826613171172e-07,4.15354902468869e-05,"24h_vs_4h"
"ENSMUSG00000037601",0.616391834607512,5.7991170974594e-07,4.25365239098647e-05,"24h_vs_4h"
"ENSMUSG00000030861",-0.556354977653463,6.69596539496365e-07,4.83097437757952e-05,"24h_vs_4h"
"ENSMUSG00000028382",-0.266045742721534,7.39640546138926e-07,5.25025490896357e-05,"24h_vs_4h"
"ENSMUSG00000029752",0.66256352089875,8.16014786911796e-07,5.70044615428383e-05,"24h_vs_4h"
"ENSMUSG00000020078",0.715171510000037,8.39070501460869e-07,5.76992074520201e-05,"24h_vs_4h"
"ENSMUSG00000036880",-0.423205154771345,8.69841252120285e-07,5.85625986936646e-05,"24h_vs_4h"
"ENSMUSG00000028811",0.555030299774142,8.78239380545754e-07,5.85625986936646e-05,"24h_vs_4h"
"ENSMUSG00000028902",0.250759469735502,9.06550751303111e-07,5.90801103127939e-05,"24h_vs_4h"
"ENSMUSG00000067274",0.210764717420652,9.12848784655757e-07,5.90801103127939e-05,"24h_vs_4h"
"ENSMUSG00000021193",-0.320267948844702,9.96004155046935e-07,6.32092541013668e-05,"24h_vs_4h"
"ENSMUSG00000025503",0.599412300700322,1.00537327586814e-06,6.32092541013668e-05,"24h_vs_4h"
"ENSMUSG00000028013",-0.338301434556833,1.05227986626682e-06,6.52265308653559e-05,"24h_vs_4h"
"ENSMUSG00000027193",0.462591572846247,1.09829320486532e-06,6.71331721473928e-05,"24h_vs_4h"
"ENSMUSG00000030630",0.577099932003264,1.1336041084303e-06,6.74864185549515e-05,"24h_vs_4h"
"ENSMUSG00000002010",-0.47413505781234,1.13474096184195e-06,6.74864185549515e-05,"24h_vs_4h"
"ENSMUSG00000059743",0.741695810237971,1.15898276111525e-06,6.80091084222431e-05,"24h_vs_4h"
"ENSMUSG00000032047",-0.391480413996568,1.38657603705658e-06,7.93156396703343e-05,"24h_vs_4h"
"ENSMUSG00000020097",-0.285395579709331,1.38770830597949e-06,7.93156396703343e-05,"24h_vs_4h"
"ENSMUSG00000024892",-0.277532658067692,1.42612608518096e-06,7.9689524931533e-05,"24h_vs_4h"
"ENSMUSG00000018286",0.446308812494099,1.43046409215885e-06,7.9689524931533e-05,"24h_vs_4h"
"ENSMUSG00000030662",0.516818601835919,1.50458602256613e-06,8.27710385664194e-05,"24h_vs_4h"
"ENSMUSG00000028837",0.59840717863333,1.53537918472438e-06,8.34222690366912e-05,"24h_vs_4h"
"ENSMUSG00000005779",0.518997255165793,1.61596390991866e-06,8.54554254508845e-05,"24h_vs_4h"
"ENSMUSG00000025190",0.777210698363803,1.62017075202961e-06,8.54554254508845e-05,"24h_vs_4h"
"ENSMUSG00000020741",0.465207846106651,1.64844558024001e-06,8.54554254508845e-05,"24h_vs_4h"
"ENSMUSG00000001119",-0.415832530293923,1.65046833976941e-06,8.54554254508845e-05,"24h_vs_4h"
"ENSMUSG00000022186",-0.300885918361189,1.697918538767e-06,8.68899940594602e-05,"24h_vs_4h"
"ENSMUSG00000036752",-0.320366579855339,1.78541964729775e-06,9.03176076753722e-05,"24h_vs_4h"
"ENSMUSG00000021270",0.45044954592516,1.82340841403278e-06,9.11911412517987e-05,"24h_vs_4h"
"ENSMUSG00000031453",-0.790706810279275,1.8475827075716e-06,9.13619269216025e-05,"24h_vs_4h"
"ENSMUSG00000031278",0.447447650915787,1.93238053110041e-06,9.449340797081e-05,"24h_vs_4h"
"ENSMUSG00000024665",3.3158404905065,1.98590012998699e-06,9.5381513427555e-05,"24h_vs_4h"
"ENSMUSG00000051223",0.363034651005588,1.99388757903546e-06,9.5381513427555e-05,"24h_vs_4h"
"ENSMUSG00000025645",-0.387170479692156,2.08066049576967e-06,9.84622241062617e-05,"24h_vs_4h"
"ENSMUSG00000025613",0.408906681465748,2.11551848775687e-06,9.90467751555107e-05,"24h_vs_4h"
"ENSMUSG00000020869",0.391518987661062,2.13837778336401e-06,9.9063164469316e-05,"24h_vs_4h"
"ENSMUSG00000025326",3.6173531371947,2.41833206761483e-06,0.000110401223646741,"24h_vs_4h"
"ENSMUSG00000031400",0.560666487824093,2.45499157637034e-06,0.000110401223646741,"24h_vs_4h"
"ENSMUSG00000005469",0.602106826148461,2.46654147048844e-06,0.000110401223646741,"24h_vs_4h"
"ENSMUSG00000068856",0.290739576516152,2.4834631086179e-06,0.000110401223646741,"24h_vs_4h"
"ENSMUSG00000022812",3.42685961466843,2.56881341761863e-06,0.000111027368455477,"24h_vs_4h"
"ENSMUSG00000006717",-0.520585155799086,2.56892298440786e-06,0.000111027368455477,"24h_vs_4h"
"ENSMUSG00000021238",-0.4231566868451,2.57323144341257e-06,0.000111027368455477,"24h_vs_4h"
"ENSMUSG00000023944",0.300191988898135,2.67426770951051e-06,0.000113209455871006,"24h_vs_4h"
"ENSMUSG00000028179",0.668475437503027,2.67525185425691e-06,0.000113209455871006,"24h_vs_4h"
"ENSMUSG00000060376",-0.344361524549445,2.70704248219429e-06,0.000113463752039401,"24h_vs_4h"
"ENSMUSG00000031781",0.755856986427283,2.87459596475303e-06,0.000119349970196963,"24h_vs_4h"
"ENSMUSG00000060073",0.601293252101726,2.93424924151203e-06,0.000120688139363499,"24h_vs_4h"
"ENSMUSG00000033813",0.524137890688202,3.05780515909938e-06,0.000123625419370897,"24h_vs_4h"
"ENSMUSG00000040322",-0.321557809987315,3.08210618196443e-06,0.000123625419370897,"24h_vs_4h"
"ENSMUSG00000028961",0.536981992400765,3.0899332267209e-06,0.000123625419370897,"24h_vs_4h"
"ENSMUSG00000029823",0.386537692694116,3.16773285491618e-06,0.000125337804409595,"24h_vs_4h"
"ENSMUSG00000021957",0.445844104523172,3.18969190953751e-06,0.000125337804409595,"24h_vs_4h"
"ENSMUSG00000031969",-0.471881821076085,3.38642179126598e-06,0.000131890639852757,"24h_vs_4h"
"ENSMUSG00000040249",-0.319912688299478,3.58358385865031e-06,0.000138345197911579,"24h_vs_4h"
"ENSMUSG00000024529",-0.847712957573723,3.72658931083382e-06,0.000142614952669388,"24h_vs_4h"
"ENSMUSG00000033105",0.253908494723905,3.79865776126257e-06,0.000144119765580315,"24h_vs_4h"
"ENSMUSG00000037364",0.294035844417234,3.85648812507147e-06,0.000145063284089227,"24h_vs_4h"
"ENSMUSG00000031731",0.599999213891003,3.94370282732148e-06,0.000147086746974931,"24h_vs_4h"
"ENSMUSG00000033047",0.542778353114322,3.98506694664453e-06,0.000147380501110778,"24h_vs_4h"
"ENSMUSG00000020572",0.632815444971435,4.19927425080804e-06,0.000154008383148385,"24h_vs_4h"
"ENSMUSG00000028127",0.85510211394454,4.28807458544697e-06,0.000155965423558282,"24h_vs_4h"
"ENSMUSG00000029407",0.409382835537308,4.70210526396298e-06,0.000169622666120501,"24h_vs_4h"
"ENSMUSG00000024966",0.563223187810415,4.75017681274096e-06,0.000169963643519292,"24h_vs_4h"
"ENSMUSG00000020321",0.73660170670108,4.84898240098593e-06,0.000172099770538218,"24h_vs_4h"
"ENSMUSG00000040043",0.63180051739586,4.94906245491669e-06,0.000174246590912707,"24h_vs_4h"
"ENSMUSG00000020612",0.258421016915506,5.01513408001248e-06,0.000175171468937579,"24h_vs_4h"
"ENSMUSG00000029455",-0.281773879421422,5.13802314825799e-06,0.000177170903139359,"24h_vs_4h"
"ENSMUSG00000009090",0.515448913096098,5.21869123797345e-06,0.000177170903139359,"24h_vs_4h"
"ENSMUSG00000005981",-0.240276885157328,5.22273492251542e-06,0.000177170903139359,"24h_vs_4h"
"ENSMUSG00000025006",0.727726895565329,5.23340545515034e-06,0.000177170903139359,"24h_vs_4h"
"ENSMUSG00000071644",0.480557110615294,5.2907042827968e-06,0.000177743431668616,"24h_vs_4h"
"ENSMUSG00000032096",0.373744990173822,5.71858655734593e-06,0.000189364249013355,"24h_vs_4h"
"ENSMUSG00000028763",-0.513624022873397,5.72266419422317e-06,0.000189364249013355,"24h_vs_4h"
"ENSMUSG00000025260",-0.372955410932075,6.07811013945211e-06,0.000199625094953199,"24h_vs_4h"
"ENSMUSG00000000740",0.375503878288676,6.14413024845015e-06,0.000200298646099475,"24h_vs_4h"
"ENSMUSG00000030224",0.571771696645037,6.2574707316807e-06,0.000202493593309756,"24h_vs_4h"
"ENSMUSG00000020114",0.485275150526501,6.33258888991596e-06,0.000203428640178979,"24h_vs_4h"
"ENSMUSG00000010755",1.81106667208333,6.66983047709314e-06,0.000212709593693383,"24h_vs_4h"
"ENSMUSG00000024067",0.390882130129576,6.92781101832688e-06,0.000219347455335659,"24h_vs_4h"
"ENSMUSG00000028149",0.612148341984053,7.04580536360523e-06,0.000221489924323047,"24h_vs_4h"
"ENSMUSG00000026134",0.375946349451144,7.18770069689616e-06,0.000224348019624397,"24h_vs_4h"
"ENSMUSG00000056999",0.563481191329409,7.49293792604421e-06,0.000232228308538877,"24h_vs_4h"
"ENSMUSG00000020532",0.45409313857656,7.72183355502608e-06,0.000237648877452236,"24h_vs_4h"
"ENSMUSG00000027170",0.506961109680557,7.85741450784784e-06,0.0002401422308961,"24h_vs_4h"
"ENSMUSG00000024360",0.460235055261116,8.16484688529779e-06,0.000247817180291004,"24h_vs_4h"
"ENSMUSG00000030417",0.470149470074187,8.57760222784651e-06,0.000258561831539401,"24h_vs_4h"
"ENSMUSG00000017428",0.404454649751251,9.07190801457617e-06,0.000271601817497617,"24h_vs_4h"
"ENSMUSG00000000168",-0.311872297145428,9.37066269379016e-06,0.000278650584563314,"24h_vs_4h"
"ENSMUSG00000001891",0.560782030480073,9.62369897798733e-06,0.000284254357061223,"24h_vs_4h"
"ENSMUSG00000028158",-0.526625775675157,9.77713758904553e-06,0.000286861216862596,"24h_vs_4h"
"ENSMUSG00000040731",0.544637190617877,1.04159335490436e-05,0.000301656104665849,"24h_vs_4h"
"ENSMUSG00000071866",0.336738839430872,1.04289617901471e-05,0.000301656104665849,"24h_vs_4h"
"ENSMUSG00000026509",0.363143936283404,1.0487022043598e-05,0.000301656104665849,"24h_vs_4h"
"ENSMUSG00000007029",0.413223264544261,1.05900422534358e-05,0.00030264140232059,"24h_vs_4h"
"ENSMUSG00000055436",0.300683302914496,1.10829780811083e-05,0.000314685074419081,"24h_vs_4h"
"ENSMUSG00000005397",-0.444397472192946,1.17169800595709e-05,0.000330554033603662,"24h_vs_4h"
"ENSMUSG00000026159",3.67629240616946,1.25490750585599e-05,0.000350550043354061,"24h_vs_4h"
"ENSMUSG00000027809",-0.377357985805457,1.25926228099765e-05,0.000350550043354061,"24h_vs_4h"
"ENSMUSG00000021806",-0.686249598962384,1.26647254926825e-05,0.000350550043354061,"24h_vs_4h"
"ENSMUSG00000029722",3.23245172283279,1.27993222581603e-05,0.000352061357863522,"24h_vs_4h"
"ENSMUSG00000024949",0.208215584338106,1.30292940000703e-05,0.000355285891025102,"24h_vs_4h"
"ENSMUSG00000004610",-0.25935824686993,1.30780082585927e-05,0.000355285891025102,"24h_vs_4h"
"ENSMUSG00000022336",0.349089634437522,1.31765571585356e-05,0.00035550738358166,"24h_vs_4h"
"ENSMUSG00000021823",0.321808950538959,1.3247718906474e-05,0.00035550738358166,"24h_vs_4h"
"ENSMUSG00000022403",0.456129727284097,1.33496061475976e-05,0.000356070403973195,"24h_vs_4h"
"ENSMUSG00000023019",0.589944228942077,1.45810739425114e-05,0.000383905276910343,"24h_vs_4h"
"ENSMUSG00000024687",0.712393788750333,1.46459471780243e-05,0.000383905276910343,"24h_vs_4h"
"ENSMUSG00000037022",-0.73618137194336,1.465487082957e-05,0.000383905276910343,"24h_vs_4h"
"ENSMUSG00000035150",0.3344454184009,1.50796817529177e-05,0.000391313044105572,"24h_vs_4h"
"ENSMUSG00000029623",0.524616477241576,1.51154777318671e-05,0.000391313044105572,"24h_vs_4h"
"ENSMUSG00000071711",-0.342179525858882,1.52050415656908e-05,0.000391329753980148,"24h_vs_4h"
"ENSMUSG00000062908",-0.328152378314954,1.57703616945807e-05,0.000403519545452615,"24h_vs_4h"
"ENSMUSG00000052738",-0.323154942106093,1.62126790657626e-05,0.000410681386127327,"24h_vs_4h"
"ENSMUSG00000030738",0.327041796968736,1.62368918850613e-05,0.000410681386127327,"24h_vs_4h"
"ENSMUSG00000041650",-0.327380266347376,1.72718122965155e-05,0.000434361405239798,"24h_vs_4h"
"ENSMUSG00000000594",-0.50378471988045,1.74826094468035e-05,0.000437164569178308,"24h_vs_4h"
"ENSMUSG00000039703",0.481588728284532,1.75903380182293e-05,0.00043737331987699,"24h_vs_4h"
"ENSMUSG00000039428",2.9297336471143,1.76944368174451e-05,0.00043748997996391,"24h_vs_4h"
"ENSMUSG00000028419",3.00613050812799,1.80609398511549e-05,0.000444056962485657,"24h_vs_4h"
"ENSMUSG00000020152",0.302493947839316,1.85944775868138e-05,0.000452515352260436,"24h_vs_4h"
"ENSMUSG00000027782",0.462704462864824,1.86631609882602e-05,0.000452515352260436,"24h_vs_4h"
"ENSMUSG00000003808",0.268408733135587,1.87134274281753e-05,0.000452515352260436,"24h_vs_4h"
"ENSMUSG00000041763",0.84760424914279,1.91600741269758e-05,0.000460784077774976,"24h_vs_4h"
"ENSMUSG00000020349",0.594591835415791,1.93272506560828e-05,0.000461143689770487,"24h_vs_4h"
"ENSMUSG00000037416",2.61492408907854,1.93845904584277e-05,0.000461143689770487,"24h_vs_4h"
"ENSMUSG00000049517",0.271053486157403,2.0544053215716e-05,0.000486098807539603,"24h_vs_4h"
"ENSMUSG00000056076",0.359287196587534,2.0838093488967e-05,0.000488572612937819,"24h_vs_4h"
"ENSMUSG00000053898",-0.503332199853531,2.08706319546262e-05,0.000488572612937819,"24h_vs_4h"
"ENSMUSG00000073838",-0.273464299181001,2.10080953816656e-05,0.0004891885067445,"24h_vs_4h"
"ENSMUSG00000022253",-0.481770255164076,2.1221389606957e-05,0.000491554398211673,"24h_vs_4h"
"ENSMUSG00000030884",-0.345978836876021,2.14176544809952e-05,0.000493503127596124,"24h_vs_4h"
"ENSMUSG00000026043",-0.720089371860155,2.15965336923553e-05,0.000495033045729456,"24h_vs_4h"
"ENSMUSG00000026473",0.479495364985969,2.21724581713914e-05,0.0005056009762295,"24h_vs_4h"
"ENSMUSG00000022752",-0.280586895163754,2.28884853644087e-05,0.000519238268498776,"24h_vs_4h"
"ENSMUSG00000029209",2.98659433973942,2.32441609239831e-05,0.000522169706677992,"24h_vs_4h"
"ENSMUSG00000062929",0.700383740330075,2.32550017061773e-05,0.000522169706677992,"24h_vs_4h"
"ENSMUSG00000043445",0.437112418887263,2.3746481068446e-05,0.000530132747939892,"24h_vs_4h"
"ENSMUSG00000037361",0.508847344769666,2.38505530770503e-05,0.000530132747939892,"24h_vs_4h"
"ENSMUSG00000038900",0.214711010337361,2.43404925257083e-05,0.000538304058319809,"24h_vs_4h"
"ENSMUSG00000025980",-0.21948582977268,2.49411139085716e-05,0.000548829211558117,"24h_vs_4h"
"ENSMUSG00000032301",0.388348874797149,2.56668941952836e-05,0.000561990056484792,"24h_vs_4h"
"ENSMUSG00000046841",-0.248784818183978,2.58396645182877e-05,0.000562972096757348,"24h_vs_4h"
"ENSMUSG00000002957",0.237789975164098,2.65340261917701e-05,0.000575252459458031,"24h_vs_4h"
"ENSMUSG00000068749",0.495031516698564,2.66658428148953e-05,0.000575276344256637,"24h_vs_4h"
"ENSMUSG00000073422",-0.572737283653229,2.72196973921944e-05,0.000584360430356329,"24h_vs_4h"
"ENSMUSG00000028409",0.341959355841556,2.76572544395686e-05,0.00059087173198321,"24h_vs_4h"
"ENSMUSG00000019978",0.251640060132516,2.80349133177607e-05,0.000595186730022733,"24h_vs_4h"
"ENSMUSG00000048076",0.522103568273273,2.81297068495179e-05,0.000595186730022733,"24h_vs_4h"
"ENSMUSG00000064120",-0.421346011061271,2.83526928298411e-05,0.000597034455235076,"24h_vs_4h"
"ENSMUSG00000025403",-0.220973382688804,2.9108835232477e-05,0.000610038018372054,"24h_vs_4h"
"ENSMUSG00000021282",0.78318120687025,2.98746652920418e-05,0.000623120388389933,"24h_vs_4h"
"ENSMUSG00000037710",-0.349828668318899,3.03192292376424e-05,0.000629410037145585,"24h_vs_4h"
"ENSMUSG00000031696",0.480030571826909,3.04886296153976e-05,0.000629955206278708,"24h_vs_4h"
"ENSMUSG00000048758",0.385911604139121,3.18227081011828e-05,0.000653135298861603,"24h_vs_4h"
"ENSMUSG00000063229",0.571383867378238,3.20606815084145e-05,0.000653135298861603,"24h_vs_4h"
"ENSMUSG00000025950",0.513657889172631,3.21242781377808e-05,0.000653135298861603,"24h_vs_4h"
"ENSMUSG00000028495",0.348344845394656,3.22041263015151e-05,0.000653135298861603,"24h_vs_4h"
"ENSMUSG00000021024",0.64415921352365,3.27619358403889e-05,0.000661400365291521,"24h_vs_4h"
"ENSMUSG00000001416",0.300976016086224,3.52160086787423e-05,0.000704841153113184,"24h_vs_4h"
"ENSMUSG00000064302",2.84036566454669,3.53452768436751e-05,0.000704841153113184,"24h_vs_4h"
"ENSMUSG00000020361",0.450627020008312,3.53942046893919e-05,0.000704841153113184,"24h_vs_4h"
"ENSMUSG00000074698",0.330329634183791,3.59684745534674e-05,0.000713050704999144,"24h_vs_4h"
"ENSMUSG00000063273",0.395735401059721,3.63009666424e-05,0.000716415041225124,"24h_vs_4h"
"ENSMUSG00000021235",-0.516511260995252,3.75869176967926e-05,0.000738482253498144,"24h_vs_4h"
"ENSMUSG00000027342",0.233291608417446,3.90209617423383e-05,0.000762460850981496,"24h_vs_4h"
"ENSMUSG00000021737",0.446053256444422,3.915386328603e-05,0.000762460850981496,"24h_vs_4h"
"ENSMUSG00000030846",0.327471482511744,3.93944252161613e-05,0.000763765926767955,"24h_vs_4h"
"ENSMUSG00000020664",-0.2948075532023,4.09498079352578e-05,0.000789327653242625,"24h_vs_4h"
"ENSMUSG00000025212",-0.319408249075881,4.10715820478439e-05,0.000789327653242625,"24h_vs_4h"
"ENSMUSG00000016619",0.532715225714199,4.13704227078816e-05,0.00079161404494516,"24h_vs_4h"
"ENSMUSG00000029447",0.274038135934454,4.22404724828347e-05,0.000804763287432708,"24h_vs_4h"
"ENSMUSG00000031029",0.275467187571216,4.27997841918234e-05,0.000810580277621839,"24h_vs_4h"
"ENSMUSG00000037851",0.437349305176099,4.29141569383977e-05,0.000810580277621839,"24h_vs_4h"
"ENSMUSG00000029598",-0.30001612332379,4.40911495940565e-05,0.000828753776582334,"24h_vs_4h"
"ENSMUSG00000031948",0.353528924715437,4.42529283110312e-05,0.000828753776582334,"24h_vs_4h"
"ENSMUSG00000029405",0.301608268692835,4.46456285911064e-05,0.000831177741815244,"24h_vs_4h"
"ENSMUSG00000019494",0.442970450767813,4.47600828925728e-05,0.000831177741815244,"24h_vs_4h"
"ENSMUSG00000024085",-0.405807713920812,4.56156619679955e-05,0.000843506421517429,"24h_vs_4h"
"ENSMUSG00000023004",-0.239359000655035,4.80870179723213e-05,0.000881527457995053,"24h_vs_4h"
"ENSMUSG00000016664",0.421865720139497,4.82032696926183e-05,0.000881527457995053,"24h_vs_4h"
"ENSMUSG00000030591",0.577967597402239,4.82726919738259e-05,0.000881527457995053,"24h_vs_4h"
"ENSMUSG00000001924",0.349976731312953,4.92861757759245e-05,0.000896315948718362,"24h_vs_4h"
"ENSMUSG00000044986",-0.346825451499484,4.96174590355076e-05,0.000898627313643081,"24h_vs_4h"
"ENSMUSG00000034729",-0.41705041485849,5.00957118510559e-05,0.000903570605969249,"24h_vs_4h"
"ENSMUSG00000037071",1.26647818072037,5.08331393662258e-05,0.000912860778364765,"24h_vs_4h"
"ENSMUSG00000024151",-0.20072598886879,5.10256195132316e-05,0.000912860778364765,"24h_vs_4h"
"ENSMUSG00000027429",0.361086531561011,5.23141522117719e-05,0.000931680718985803,"24h_vs_4h"
"ENSMUSG00000022841",0.311149620961665,5.25570957674065e-05,0.000931680718985803,"24h_vs_4h"
"ENSMUSG00000024942",0.391948408666003,5.28072811744481e-05,0.000931680718985803,"24h_vs_4h"
"ENSMUSG00000031730",-0.294877188223513,5.29243762205069e-05,0.000931680718985803,"24h_vs_4h"
"ENSMUSG00000068039",0.234538777257537,5.40031971801956e-05,0.000946884744183429,"24h_vs_4h"
"ENSMUSG00000034024",0.342025272391023,5.44825039080657e-05,0.000951498014680147,"24h_vs_4h"
"ENSMUSG00000028932",0.240261732868031,5.53606927716023e-05,0.000959626669309399,"24h_vs_4h"
"ENSMUSG00000031483",-0.328320317521197,5.53840431730487e-05,0.000959626669309399,"24h_vs_4h"
"ENSMUSG00000002718",0.470097283467176,5.57811514258142e-05,0.000962717048725522,"24h_vs_4h"
"ENSMUSG00000030744",0.199230194183041,5.63711869640337e-05,0.000969099975893407,"24h_vs_4h"
"ENSMUSG00000021585",1.11107358977849,5.69734895938701e-05,0.000975643298453783,"24h_vs_4h"
"ENSMUSG00000026879",0.191467488762747,5.72388178698269e-05,0.000976387742035303,"24h_vs_4h"
"ENSMUSG00000031245",0.494858150515782,6.03028980191625e-05,0.0010246836068816,"24h_vs_4h"
"ENSMUSG00000041168",-0.275009142538678,6.09215599858528e-05,0.00103121455960668,"24h_vs_4h"
"ENSMUSG00000006169",0.433179129670929,6.16796639754058e-05,0.00104004674772322,"24h_vs_4h"
"ENSMUSG00000029171",0.475060238124666,6.19400143900293e-05,0.00104045039439129,"24h_vs_4h"
"ENSMUSG00000003813",0.613270457830016,6.43003469128924e-05,0.00107599173674388,"24h_vs_4h"
"ENSMUSG00000000278",0.278794619413535,6.60785301749637e-05,0.00109874058123114,"24h_vs_4h"
"ENSMUSG00000027099",-0.235024325362868,6.61591124804028e-05,0.00109874058123114,"24h_vs_4h"
"ENSMUSG00000037475",0.332648554121828,6.66955881499916e-05,0.00109937999369556,"24h_vs_4h"
"ENSMUSG00000028809",0.313954359454883,6.66972184314281e-05,0.00109937999369556,"24h_vs_4h"
"ENSMUSG00000024132",-0.353060294101212,6.71878480028431e-05,0.00110333477261385,"24h_vs_4h"
"ENSMUSG00000036503",-0.404629416164571,6.83201434872559e-05,0.00111775818396808,"24h_vs_4h"
"ENSMUSG00000006998",0.281078133754033,6.88650426791364e-05,0.00112250019566992,"24h_vs_4h"
"ENSMUSG00000021929",0.495632504045822,7.26628599615731e-05,0.00118003412063056,"24h_vs_4h"
"ENSMUSG00000021731",-0.406377077164269,7.45190358888401e-05,0.00120245118964225,"24h_vs_4h"
"ENSMUSG00000028851",0.424375877309661,7.45896784304326e-05,0.00120245118964225,"24h_vs_4h"
"ENSMUSG00000029147",0.514312123379479,7.57847749788746e-05,0.00121725837475192,"24h_vs_4h"
"ENSMUSG00000020914",0.257108006920571,7.71813782823164e-05,0.00123446934827793,"24h_vs_4h"
"ENSMUSG00000024181",-0.460073646584277,7.77428176029127e-05,0.00123446934827793,"24h_vs_4h"
"ENSMUSG00000019143",-0.362783839604781,7.78718228049117e-05,0.00123446934827793,"24h_vs_4h"
"ENSMUSG00000028484",0.261681851399938,7.79782955740208e-05,0.00123446934827793,"24h_vs_4h"
"ENSMUSG00000029998",-0.372699307151553,7.99214049940224e-05,0.00126069571103474,"24h_vs_4h"
"ENSMUSG00000028223",-0.404707637739879,8.23515393661327e-05,0.00128780565193941,"24h_vs_4h"
"ENSMUSG00000036278",-0.413020603781717,8.24868379690971e-05,0.00128780565193941,"24h_vs_4h"
"ENSMUSG00000026281",-0.342066646423159,8.25178809013665e-05,0.00128780565193941,"24h_vs_4h"
"ENSMUSG00000042073",0.360893088716214,8.40789163865911e-05,0.0013038388987919,"24h_vs_4h"
"ENSMUSG00000029759",-0.266455702895072,8.4137752160168e-05,0.0013038388987919,"24h_vs_4h"
"ENSMUSG00000025037",-0.262660787786441,8.53347622280336e-05,0.00131774838093184,"24h_vs_4h"
"ENSMUSG00000075296",0.766117299665019,8.82351082039861e-05,0.00135762859323413,"24h_vs_4h"
"ENSMUSG00000055681",0.395103267076479,8.87055599235346e-05,0.00135762859323413,"24h_vs_4h"
"ENSMUSG00000024640",0.506246771853988,8.88427709273868e-05,0.00135762859323413,"24h_vs_4h"
"ENSMUSG00000031503",-0.450265972518945,8.97988549925631e-05,0.00136749052187637,"24h_vs_4h"
"ENSMUSG00000029911",-0.288816584927996,9.05321938603238e-05,0.00137390408682512,"24h_vs_4h"
"ENSMUSG00000032407",0.275972769203197,9.09575584219343e-05,0.00137561585778328,"24h_vs_4h"
"ENSMUSG00000030007",0.355150771998247,9.27872593254349e-05,0.00139848194620287,"24h_vs_4h"
"ENSMUSG00000025366",0.254245897653337,9.58546551378707e-05,0.00143978272102993,"24h_vs_4h"
"ENSMUSG00000053907",0.433651236281886,9.62618286257931e-05,0.00144098063871468,"24h_vs_4h"
"ENSMUSG00000021748",-0.250746431500115,9.77208817633922e-05,0.00145786305301929,"24h_vs_4h"
"ENSMUSG00000025410",0.341111684969,9.83981441076352e-05,0.00146239463302609,"24h_vs_4h"
"ENSMUSG00000010911",0.499649865785752,9.8689208363724e-05,0.00146239463302609,"24h_vs_4h"
"ENSMUSG00000053398",0.349961327844017,9.96884593088737e-05,0.00146963169756209,"24h_vs_4h"
"ENSMUSG00000028672",-0.390906052199018,0.000100057197782533,0.00146963169756209,"24h_vs_4h"
"ENSMUSG00000025525",-0.294607893054454,0.000100179393153517,0.00146963169756209,"24h_vs_4h"
"ENSMUSG00000068739",0.437910740140438,0.000100710794233006,0.00147251895488192,"24h_vs_4h"
"ENSMUSG00000037242",0.346713493969396,0.000101220709503783,0.00147507398187467,"24h_vs_4h"
"ENSMUSG00000071054",0.319103565531677,0.000104901756318758,0.00152138094886859,"24h_vs_4h"
"ENSMUSG00000026781",2.86517966117277,0.000105152906058997,0.00152138094886859,"24h_vs_4h"
"ENSMUSG00000047454",3.61423452811382,0.000105435398637791,0.00152138094886859,"24h_vs_4h"
"ENSMUSG00000020777",0.329960443274139,0.000106144501528694,0.00152660768375093,"24h_vs_4h"
"ENSMUSG00000029776",-0.352004547148134,0.000106982860050078,0.00153365331296546,"24h_vs_4h"
"ENSMUSG00000032563",-0.366278729081582,0.000108675807210725,0.00154867460133842,"24h_vs_4h"
"ENSMUSG00000026520",-0.256742257422111,0.0001087344812119,0.00154867460133842,"24h_vs_4h"
"ENSMUSG00000004530",0.280822355146142,0.000111394218288518,0.00157694661461683,"24h_vs_4h"
"ENSMUSG00000025287",-0.290160707216558,0.000111962892143353,0.00157694661461683,"24h_vs_4h"
"ENSMUSG00000003131",0.441760455695601,0.00011203171939599,0.00157694661461683,"24h_vs_4h"
"ENSMUSG00000026887",-0.408039198046179,0.00011247031363045,0.00157694661461683,"24h_vs_4h"
"ENSMUSG00000086784",-0.397333609808648,0.000112765310126082,0.00157694661461683,"24h_vs_4h"
"ENSMUSG00000032050",0.490901675218467,0.000113121471594668,0.00157694661461683,"24h_vs_4h"
"ENSMUSG00000032527",-0.31236917679459,0.000113227705116773,0.00157694661461683,"24h_vs_4h"
"ENSMUSG00000060126",0.612051728365376,0.000114646651170602,0.00159167164606253,"24h_vs_4h"
"ENSMUSG00000020986",0.455408143171773,0.000118062730164922,0.00163394363350888,"24h_vs_4h"
"ENSMUSG00000006024",0.257149602767509,0.000118935726271006,0.00164086561541911,"24h_vs_4h"
"ENSMUSG00000069744",0.40203686370149,0.000120017518813811,0.00164505660379342,"24h_vs_4h"
"ENSMUSG00000043733",0.387272835801202,0.000120180807636155,0.00164505660379342,"24h_vs_4h"
"ENSMUSG00000001052",0.3130835413826,0.000120360878532488,0.00164505660379342,"24h_vs_4h"
"ENSMUSG00000027618",-0.320849187243155,0.000123258643534983,0.00167944671887759,"24h_vs_4h"
"ENSMUSG00000024991",0.386961668010144,0.000125129411291887,0.00169967450338147,"24h_vs_4h"
"ENSMUSG00000039682",-0.179881291521209,0.000128261332764494,0.00172853772221169,"24h_vs_4h"
"ENSMUSG00000047187",0.204447133604479,0.0001284294469051,0.00172853772221169,"24h_vs_4h"
"ENSMUSG00000005161",0.415582695325323,0.000128432591493575,0.00172853772221169,"24h_vs_4h"
"ENSMUSG00000021102",-0.312612418082438,0.000132023805355168,0.00177145355904907,"24h_vs_4h"
"ENSMUSG00000008435",-0.331045099529987,0.000138171413721657,0.00184830514221584,"24h_vs_4h"
"ENSMUSG00000066306",-0.205393475074768,0.000140417012016848,0.0018722301785032,"24h_vs_4h"
"ENSMUSG00000040521",-0.24174720373729,0.000140810767799264,0.0018722301785032,"24h_vs_4h"
"ENSMUSG00000029247",0.212117174510869,0.000141627602188104,0.00187741890731881,"24h_vs_4h"
"ENSMUSG00000032115",-0.200499140497179,0.000146120170175104,0.00193115576258448,"24h_vs_4h"
"ENSMUSG00000021417",-0.218231055030724,0.000149662722328499,0.00197205281726864,"24h_vs_4h"
"ENSMUSG00000001983",-0.322305016045881,0.000151081849986168,0.00198480961728098,"24h_vs_4h"
"ENSMUSG00000036256",-2.88966193882109,0.000152931375909612,0.00199880188227462,"24h_vs_4h"
"ENSMUSG00000068747",2.93787964719923,0.000153055267967859,0.00199880188227462,"24h_vs_4h"
"ENSMUSG00000064254",-0.395043907611846,0.000154443832569851,0.00201096836431927,"24h_vs_4h"
"ENSMUSG00000020988",-0.490968829482977,0.000156952156023274,0.00203378490236272,"24h_vs_4h"
"ENSMUSG00000029094",0.401051459942348,0.000157292590728376,0.00203378490236272,"24h_vs_4h"
"ENSMUSG00000025911",-0.321452600548824,0.000157582515724991,0.00203378490236272,"24h_vs_4h"
"ENSMUSG00000078652",0.334914453349143,0.000160585572980858,0.00206648276809578,"24h_vs_4h"
"ENSMUSG00000042390",0.351623929728273,0.000163413490591223,0.00209444498652153,"24h_vs_4h"
"ENSMUSG00000035202",-0.223190509204084,0.000164170680649996,0.00209444498652153,"24h_vs_4h"
"ENSMUSG00000027455",0.491716414450099,0.000164508924848326,0.00209444498652153,"24h_vs_4h"
"ENSMUSG00000025290",0.350421633083883,0.000164662114368655,0.00209444498652153,"24h_vs_4h"
"ENSMUSG00000055531",0.340201293182758,0.000165758744835186,0.00210231768305375,"24h_vs_4h"
"ENSMUSG00000021218",0.514219770115115,0.000166634116776429,0.00210734697681915,"24h_vs_4h"
"ENSMUSG00000029777",0.389248263134988,0.000169462515660881,0.00213697573473793,"24h_vs_4h"
"ENSMUSG00000062580",0.637795371651873,0.000172021148795633,0.00216304307385595,"24h_vs_4h"
"ENSMUSG00000024287",0.503162915677983,0.000178993088189196,0.00224429795191069,"24h_vs_4h"
"ENSMUSG00000014769",0.496903083655301,0.000180876569468703,0.00226147097224932,"24h_vs_4h"
"ENSMUSG00000018509",-0.419650992904913,0.000182862385206601,0.00227982254191006,"24h_vs_4h"
"ENSMUSG00000033059",0.455262324402135,0.000183885064137424,0.00228609651770848,"24h_vs_4h"
"ENSMUSG00000026827",-0.286501442125306,0.000187530685767867,0.00232485224806868,"24h_vs_4h"
"ENSMUSG00000031502",-0.503932172078805,0.000188096719833188,0.00232531928085916,"24h_vs_4h"
"ENSMUSG00000063235",-0.425564718881184,0.000192526420743517,0.00236778972892064,"24h_vs_4h"
"ENSMUSG00000059119",0.468330974234206,0.000192608207896748,0.00236778972892064,"24h_vs_4h"
"ENSMUSG00000032399",0.223015095049561,0.000194326564394217,0.00238225963760153,"24h_vs_4h"
"ENSMUSG00000044533",0.255755278116222,0.000199162889678214,0.00243476632631616,"24h_vs_4h"
"ENSMUSG00000020256",-0.275147190754812,0.000200702047840887,0.00244678590733447,"24h_vs_4h"
"ENSMUSG00000020949",0.503052672101358,0.000201351756303094,0.00244792563395004,"24h_vs_4h"
"ENSMUSG00000030246",0.537799510357956,0.000216697567232279,0.00262723414156821,"24h_vs_4h"
"ENSMUSG00000030704",0.302601837548998,0.00022004841148778,0.00266053038175198,"24h_vs_4h"
"ENSMUSG00000030127",0.342464382990446,0.000222854760804553,0.00267633312545539,"24h_vs_4h"
"ENSMUSG00000036707",3.02473014846775,0.000223239772656152,0.00267633312545539,"24h_vs_4h"
"ENSMUSG00000029028",0.507801197769599,0.00022346948521728,0.00267633312545539,"24h_vs_4h"
"ENSMUSG00000068921",-0.2899741858174,0.000223787909604086,0.00267633312545539,"24h_vs_4h"
"ENSMUSG00000028383",-0.201493576207056,0.000230857122044961,0.00275339347999966,"24h_vs_4h"
"ENSMUSG00000025428",-0.260479297421824,0.00023282218221653,0.00276932547009446,"24h_vs_4h"
"ENSMUSG00000041697",-0.667075594614396,0.000235020704396674,0.00278142780758347,"24h_vs_4h"
"ENSMUSG00000024772",0.533844507304064,0.000235103645630777,0.00278142780758347,"24h_vs_4h"
"ENSMUSG00000040269",-0.335454049709075,0.00023982356339987,0.00282850255218683,"24h_vs_4h"
"ENSMUSG00000006333",0.382708094631763,0.000240368087825011,0.00282850255218683,"24h_vs_4h"
"ENSMUSG00000061479",0.319735926095184,0.00024137634524789,0.00283279278782924,"24h_vs_4h"
"ENSMUSG00000023456",0.363028570365664,0.000245004382078132,0.0028677241636326,"24h_vs_4h"
"ENSMUSG00000020720",0.289889500123461,0.000246829457732279,0.00287661326986136,"24h_vs_4h"
"ENSMUSG00000002900",-0.248238443790111,0.000247071078393,0.00287661326986136,"24h_vs_4h"
"ENSMUSG00000010608",0.397426080332899,0.000248503088751942,0.00288565196199815,"24h_vs_4h"
"ENSMUSG00000022407",0.359372407434336,0.000249588970820485,0.00289063436994988,"24h_vs_4h"
"ENSMUSG00000025607",0.325077857303476,0.000251098222542133,0.00290048104306543,"24h_vs_4h"
"ENSMUSG00000024359",-0.24743477376682,0.000253638857146038,0.00292215866570606,"24h_vs_4h"
"ENSMUSG00000038845",-0.289060131463899,0.00025745859705607,0.00295546504442026,"24h_vs_4h"
"ENSMUSG00000042699",0.192898927628256,0.000258446677259829,0.00295546504442026,"24h_vs_4h"
"ENSMUSG00000047213",0.339466741242838,0.000258544431288753,0.00295546504442026,"24h_vs_4h"
"ENSMUSG00000028140",-0.361551717621087,0.000266491706541768,0.00303114506083776,"24h_vs_4h"
"ENSMUSG00000021116",0.370499468794339,0.000266542408212728,0.00303114506083776,"24h_vs_4h"
"ENSMUSG00000022814",-0.280056984310981,0.0002681101119059,0.00304111495489141,"24h_vs_4h"
"ENSMUSG00000031375",-1.67602014144036,0.000268999585543988,0.00304336034956065,"24h_vs_4h"
"ENSMUSG00000041426",-0.270035172058243,0.000271409439088974,0.00306275113187327,"24h_vs_4h"
"ENSMUSG00000026356",0.350648907736684,0.000275692049126284,0.00310312201586899,"24h_vs_4h"
"ENSMUSG00000030357",0.560835653339154,0.000285007957122053,0.00319554533655091,"24h_vs_4h"
"ENSMUSG00000021474",-0.326480482495594,0.000285355445867873,0.00319554533655091,"24h_vs_4h"
"ENSMUSG00000022722",-2.95921138468539,0.000287067389561798,0.00320655731335399,"24h_vs_4h"
"ENSMUSG00000025134",0.188800864909819,0.000296484526664891,0.00330336304266376,"24h_vs_4h"
"ENSMUSG00000004789",-0.272523849907589,0.00029910805214357,0.00332417812495922,"24h_vs_4h"
"ENSMUSG00000010914",-0.29819981431249,0.00030419266314506,0.00337217105919751,"24h_vs_4h"
"ENSMUSG00000024588",-0.292031623845229,0.000305043628917448,0.00337310806750173,"24h_vs_4h"
"ENSMUSG00000028639",0.592315576623349,0.000306811721201185,0.00338415635339953,"24h_vs_4h"
"ENSMUSG00000022234",0.316686790668008,0.000312421476452955,0.00343670600023213,"24h_vs_4h"
"ENSMUSG00000018848",0.255055374146217,0.000313137720084772,0.00343670600023213,"24h_vs_4h"
"ENSMUSG00000006304",0.435645991177307,0.000314187213946161,0.00343964658850013,"24h_vs_4h"
"ENSMUSG00000028798",0.26457402807495,0.000315275140797994,0.00344299229442177,"24h_vs_4h"
"ENSMUSG00000011752",0.349912038777248,0.00031699440718196,0.00345319897526684,"24h_vs_4h"
"ENSMUSG00000019303",3.20544914650709,0.000320160511652462,0.00346334807871897,"24h_vs_4h"
"ENSMUSG00000009614",-0.452293530488696,0.000320180002568539,0.00346334807871897,"24h_vs_4h"
"ENSMUSG00000020464",-0.291956608333869,0.00032028690480314,0.00346334807871897,"24h_vs_4h"
"ENSMUSG00000007833",3.03267074519384,0.000325619662779557,0.00351238268601184,"24h_vs_4h"
"ENSMUSG00000026753",0.376732080506457,0.000326539090108457,0.00351368835102034,"24h_vs_4h"
"ENSMUSG00000027935",3.06122661758268,0.000334018454912045,0.00358540297577539,"24h_vs_4h"
"ENSMUSG00000068220",0.562326088042006,0.000338086020853879,0.00362023498242803,"24h_vs_4h"
"ENSMUSG00000026260",-0.294865010146147,0.000343861794162276,0.00365901777954361,"24h_vs_4h"
"ENSMUSG00000025393",-0.2824098447701,0.000344075788849303,0.00365901777954361,"24h_vs_4h"
"ENSMUSG00000024587",0.371312590494302,0.00034420208151126,0.00365901777954361,"24h_vs_4h"
"ENSMUSG00000025917",0.361501893084114,0.000347270700643685,0.0036827430205611,"24h_vs_4h"
"ENSMUSG00000026662",0.371887839748815,0.00034874629421537,0.00368950105971597,"24h_vs_4h"
"ENSMUSG00000028945",0.462721208110739,0.00035038483210199,0.00369794639347927,"24h_vs_4h"
"ENSMUSG00000028330",0.306255143400509,0.000352615110737185,0.00371258158457979,"24h_vs_4h"
"ENSMUSG00000025132",0.296049638004526,0.00035560188676661,0.00373509284883019,"24h_vs_4h"
"ENSMUSG00000042079",-0.2942571869945,0.000359381380645941,0.00376580346719711,"24h_vs_4h"
"ENSMUSG00000024231",0.608812985326768,0.000360810227498512,0.00377179527605926,"24h_vs_4h"
"ENSMUSG00000079426",0.299251929949452,0.000366621904058056,0.00382346682407466,"24h_vs_4h"
"ENSMUSG00000008668",0.34508382108249,0.000369136148967483,0.00384058674138509,"24h_vs_4h"
"ENSMUSG00000004665",-0.616404980452561,0.000374870498172819,0.00389104967560985,"24h_vs_4h"
"ENSMUSG00000021460",-0.414384290678012,0.000375776127302246,0.00389127232060514,"24h_vs_4h"
"ENSMUSG00000074781",0.518345861317609,0.000378470923889146,0.00390997778412238,"24h_vs_4h"
"ENSMUSG00000033845",-0.305697709796149,0.00038718543948429,0.00399063962334979,"24h_vs_4h"
"ENSMUSG00000039220",0.409315059945918,0.000388419537110441,0.00399400556734358,"24h_vs_4h"
"ENSMUSG00000028568",0.79805644460744,0.00039330888062185,0.00403005413805113,"24h_vs_4h"
"ENSMUSG00000030934",-0.219421502762465,0.000394469055588255,0.00403005413805113,"24h_vs_4h"
"ENSMUSG00000019326",-0.258678119810753,0.00039467242297206,0.00403005413805113,"24h_vs_4h"
"ENSMUSG00000002102",0.217284513029888,0.000396067110547391,0.00403114489745878,"24h_vs_4h"
"ENSMUSG00000003923",-0.311970071827478,0.000396611165780425,0.00403114489745878,"24h_vs_4h"
"ENSMUSG00000024228",3.22512601623528,0.00041050837022125,0.00416278188328047,"24h_vs_4h"
"ENSMUSG00000024870",0.156456534816584,0.000412496220371256,0.00417332382954919,"24h_vs_4h"
"ENSMUSG00000097239",2.90144097949804,0.000422893969127884,0.0042591216254489,"24h_vs_4h"
"ENSMUSG00000070394",-0.331289071720164,0.000423490316333066,0.0042591216254489,"24h_vs_4h"
"ENSMUSG00000020079",-0.244399970184695,0.00042387986183745,0.0042591216254489,"24h_vs_4h"
"ENSMUSG00000041879",0.503279418889029,0.00042657562127216,0.00427631127816643,"24h_vs_4h"
"ENSMUSG00000001175",0.505096902886951,0.000427533961007323,0.00427631127816643,"24h_vs_4h"
"ENSMUSG00000028601",-0.451400565271307,0.000430001132312235,0.00428228450482524,"24h_vs_4h"
"ENSMUSG00000028656",0.378632777235858,0.000430077198621394,0.00428228450482524,"24h_vs_4h"
"ENSMUSG00000025364",0.317610265114475,0.000435040078914809,0.00432192186750355,"24h_vs_4h"
"ENSMUSG00000009470",0.192744746654249,0.000441793268409042,0.00437912651862205,"24h_vs_4h"
"ENSMUSG00000019802",-0.275241842286526,0.000447504711754772,0.00441915890592479,"24h_vs_4h"
"ENSMUSG00000062997",0.286095613054126,0.000447840234501808,0.00441915890592479,"24h_vs_4h"
"ENSMUSG00000015016",-0.208532883549456,0.000448928748150371,0.00441998975527916,"24h_vs_4h"
"ENSMUSG00000002289",-2.70827556697927,0.000451629053142925,0.00443535943878921,"24h_vs_4h"
"ENSMUSG00000024493",0.397717919992235,0.000452571100291901,0.00443535943878921,"24h_vs_4h"
"ENSMUSG00000030265",-0.311997793360963,0.000453513235050022,0.00443535943878921,"24h_vs_4h"
"ENSMUSG00000025810",-0.371411953897116,0.00045929398977995,0.00448193536368417,"24h_vs_4h"
"ENSMUSG00000024527",-0.263957123431116,0.000468790955303045,0.00456448892541748,"24h_vs_4h"
"ENSMUSG00000004040",-0.328712488830124,0.000469997801848885,0.00456613758484976,"24h_vs_4h"
"ENSMUSG00000027332",-0.367365316025388,0.000473535638413563,0.004590375208498,"24h_vs_4h"
"ENSMUSG00000032294",0.466593977149131,0.00047492738647427,0.00459335144637899,"24h_vs_4h"
"ENSMUSG00000022820",-0.44280137543721,0.000476907906799988,0.00459335144637899,"24h_vs_4h"
"ENSMUSG00000024844",0.228521375536616,0.000476973781185003,0.00459335144637899,"24h_vs_4h"
"ENSMUSG00000027184",0.361402177115117,0.000480040282430766,0.00461278882746245,"24h_vs_4h"
"ENSMUSG00000022216",0.591474054788044,0.000482495781252665,0.00462628307906967,"24h_vs_4h"
"ENSMUSG00000032051",0.321779671229859,0.000490652946794728,0.00469426873661651,"24h_vs_4h"
"ENSMUSG00000034807",-0.213303847466783,0.000492863531873553,0.00470518959604231,"24h_vs_4h"
"ENSMUSG00000005873",0.6560652821179,0.000495712270901033,0.00471350001657612,"24h_vs_4h"
"ENSMUSG00000042410",0.292166864204326,0.000495876052641387,0.00471350001657612,"24h_vs_4h"
"ENSMUSG00000016554",0.211926911776974,0.000499041996631023,0.00473337031718347,"24h_vs_4h"
"ENSMUSG00000021546",0.217392687829143,0.000511051290318336,0.00483685317998063,"24h_vs_4h"
"ENSMUSG00000034566",-0.265676652556149,0.000512330344020676,0.00483855331337982,"24h_vs_4h"
"ENSMUSG00000028861",-0.355555419267851,0.000519274800056323,0.00488937641408611,"24h_vs_4h"
"ENSMUSG00000028393",0.630390180359491,0.000519933688205476,0.00488937641408611,"24h_vs_4h"
"ENSMUSG00000031985",0.220107851227439,0.00052442172030949,0.00492106607906624,"24h_vs_4h"
"ENSMUSG00000022807",0.358773780446601,0.000526944668299102,0.0049332016155361,"24h_vs_4h"
"ENSMUSG00000008976",0.341312821154702,0.00052795681911327,0.0049332016155361,"24h_vs_4h"
"ENSMUSG00000029169",0.146775724155706,0.000540049312692591,0.00503550217194935,"24h_vs_4h"
"ENSMUSG00000018293",0.239684572936035,0.000550725745462884,0.00512419451539567,"24h_vs_4h"
"ENSMUSG00000022708",-0.34399457681295,0.0005519064732189,0.00512434681146916,"24h_vs_4h"
"ENSMUSG00000020649",2.72655670941457,0.000559583796369579,0.00518469113225793,"24h_vs_4h"
"ENSMUSG00000020250",0.480269001834312,0.000561646481385011,0.0051911918924962,"24h_vs_4h"
"ENSMUSG00000018574",-0.191694376859893,0.000562644520045601,0.0051911918924962,"24h_vs_4h"
"ENSMUSG00000035754",3.5640041474448,0.000575622542920402,0.00529982178115625,"24h_vs_4h"
"ENSMUSG00000031167",0.2572849721262,0.000587327095572661,0.00539629759418639,"24h_vs_4h"
"ENSMUSG00000019373",0.32203137118632,0.000593119541001114,0.00543682743913673,"24h_vs_4h"
"ENSMUSG00000021577",-0.206623907231297,0.000594209042995857,0.00543682743913673,"24h_vs_4h"
"ENSMUSG00000026245",0.433456373433319,0.000608051636693727,0.00552201112805094,"24h_vs_4h"
"ENSMUSG00000024077",0.297651829239435,0.000608759468558772,0.00552201112805094,"24h_vs_4h"
"ENSMUSG00000033793",-0.155592096034933,0.000608908267046761,0.00552201112805094,"24h_vs_4h"
"ENSMUSG00000026234",0.20372421051195,0.0006098742759658,0.00552201112805094,"24h_vs_4h"
"ENSMUSG00000031388",0.421333011990288,0.000610174876855922,0.00552201112805094,"24h_vs_4h"
"ENSMUSG00000030826",-0.220497832230105,0.000611047357273531,0.00552201112805094,"24h_vs_4h"
"ENSMUSG00000034708",-0.363613411515626,0.000618158783543167,0.00557482952125713,"24h_vs_4h"
"ENSMUSG00000060992",0.481275537859272,0.000620574653108936,0.00558517187798042,"24h_vs_4h"
"ENSMUSG00000001642",0.300896668987143,0.000626107440825716,0.00562346703484485,"24h_vs_4h"
"ENSMUSG00000063316",0.358356934719872,0.000627427209015597,0.00562384347632921,"24h_vs_4h"
"ENSMUSG00000049401",-0.438407640282055,0.000630742339690606,0.00564206714832999,"24h_vs_4h"
"ENSMUSG00000022312",0.234248736700998,0.000634917635284841,0.00566789556366853,"24h_vs_4h"
"ENSMUSG00000025027",0.414621939063899,0.000644382872164484,0.00574074700484999,"24h_vs_4h"
"ENSMUSG00000041841",0.465571109063909,0.000659649235514769,0.00586488138484949,"24h_vs_4h"
"ENSMUSG00000023089",-0.275356071835535,0.00066516184574239,0.00590197032885536,"24h_vs_4h"
"ENSMUSG00000019868",0.255056014140223,0.000671325613691278,0.00594467610836079,"24h_vs_4h"
"ENSMUSG00000003161",0.420680104004731,0.00067490667762257,0.00596438612091753,"24h_vs_4h"
"ENSMUSG00000003660",0.174825332563547,0.000682559616418469,0.0060199296029212,"24h_vs_4h"
"ENSMUSG00000010517",3.27815877824048,0.000685250733810596,0.00603157695900087,"24h_vs_4h"
"ENSMUSG00000061780",-3.44930920179771,0.000693318173104424,0.0060904057481688,"24h_vs_4h"
"ENSMUSG00000026926",-0.236150837301693,0.000708931250973172,0.00620618132527589,"24h_vs_4h"
"ENSMUSG00000038965",0.302875095240811,0.000709318156467569,0.00620618132527589,"24h_vs_4h"
"ENSMUSG00000045316",-0.278057182013697,0.000711684109736473,0.00621037596299923,"24h_vs_4h"
"ENSMUSG00000000738",-0.356310113675772,0.000712810770513397,0.00621037596299923,"24h_vs_4h"
"ENSMUSG00000022391",0.185735392325004,0.000714030955982188,0.00621037596299923,"24h_vs_4h"
"ENSMUSG00000026496",0.18355814536897,0.00072019409541637,0.00624593098239245,"24h_vs_4h"
"ENSMUSG00000028745",0.344464291047586,0.000720957268587904,0.00624593098239245,"24h_vs_4h"
"ENSMUSG00000022241",0.345794238683556,0.000722489862790127,0.0062469113676608,"24h_vs_4h"
"ENSMUSG00000018882",-0.23660169123287,0.000735863018425177,0.0063500649884102,"24h_vs_4h"
"ENSMUSG00000029465",0.425242145826587,0.000739114794226843,0.00636564424538617,"24h_vs_4h"
"ENSMUSG00000020241",-0.432058690619172,0.00074436061982642,0.00638597208491479,"24h_vs_4h"
"ENSMUSG00000028737",-0.140924994663141,0.000744377114192522,0.00638597208491479,"24h_vs_4h"
"ENSMUSG00000000340",-0.263734268665324,0.000760812291498594,0.00651427022351228,"24h_vs_4h"
"ENSMUSG00000031641",-0.228249267342999,0.000764628429883758,0.006534232465861,"24h_vs_4h"
"ENSMUSG00000109324",0.50934302533285,0.000775242411192714,0.00658976772633108,"24h_vs_4h"
"ENSMUSG00000018765",-0.304779560116973,0.000775292070562236,0.00658976772633108,"24h_vs_4h"
"ENSMUSG00000028081",0.186055791501555,0.000775619105257782,0.00658976772633108,"24h_vs_4h"
"ENSMUSG00000053565",0.396768045042084,0.000786798625880195,0.0066687454973458,"24h_vs_4h"
"ENSMUSG00000033335",0.231003422728509,0.000787945389370556,0.0066687454973458,"24h_vs_4h"
"ENSMUSG00000022710",0.160891020357102,0.000797304945111733,0.00673500779930276,"24h_vs_4h"
"ENSMUSG00000058558",0.207173861662017,0.000802528551043901,0.00676614588724944,"24h_vs_4h"
"ENSMUSG00000022285",0.240646611610121,0.000805887096912833,0.0067814705803315,"24h_vs_4h"
"ENSMUSG00000032883",0.221033993268733,0.000811098072502145,0.00679961545732946,"24h_vs_4h"
"ENSMUSG00000022401",-0.337440221308022,0.000811133404930235,0.00679961545732946,"24h_vs_4h"
"ENSMUSG00000002129",0.223961702820002,0.000815965423851788,0.00682246897239869,"24h_vs_4h"
"ENSMUSG00000025745",-0.261652166799578,0.000816960042820747,0.00682246897239869,"24h_vs_4h"
"ENSMUSG00000029221",-0.391962345273132,0.000824690670046079,0.00687398416453181,"24h_vs_4h"
"ENSMUSG00000020850",0.175160915842117,0.000826521101654594,0.00687621808767839,"24h_vs_4h"
"ENSMUSG00000060279",0.46674195660275,0.000855932286054007,0.00710732023537188,"24h_vs_4h"
"ENSMUSG00000021832",0.264141553006155,0.000857529435351617,0.00710732023537188,"24h_vs_4h"
"ENSMUSG00000035772",-0.206254375600306,0.000864454621689984,0.00715124960537147,"24h_vs_4h"
"ENSMUSG00000001100",-0.17270740127357,0.000878631851370785,0.0072548945176038,"24h_vs_4h"
"ENSMUSG00000005973",-0.468927082317187,0.00089645744242187,0.00738821948333081,"24h_vs_4h"
"ENSMUSG00000047126",0.196642331838728,0.000933528132873333,0.00767935946313185,"24h_vs_4h"
"ENSMUSG00000005732",0.464554100675326,0.000948481286482394,0.00778780996606159,"24h_vs_4h"
"ENSMUSG00000025228",0.259144544832139,0.000955742431342865,0.00783281646245801,"24h_vs_4h"
"ENSMUSG00000019846",-0.489796426321174,0.000968273174722917,0.00791920173644543,"24h_vs_4h"
"ENSMUSG00000046756",-0.313829220843886,0.000969881785036149,0.00791920173644543,"24h_vs_4h"
"ENSMUSG00000022052",0.291671405389529,0.000982488489811413,0.00800728119196301,"24h_vs_4h"
"ENSMUSG00000007670",0.295367725280443,0.00099649447932149,0.00810641812106077,"24h_vs_4h"
"ENSMUSG00000002227",0.472688817778895,0.00101307500794942,0.00822609429886605,"24h_vs_4h"
"ENSMUSG00000025862",0.267774044627455,0.00102079586383665,0.00827352227761532,"24h_vs_4h"
"ENSMUSG00000071646",0.234048358324177,0.00102876913628688,0.0083228179573503,"24h_vs_4h"
"ENSMUSG00000005615",-0.368380335174844,0.00103911119302429,0.0083910612119264,"24h_vs_4h"
"ENSMUSG00000020849",0.385944132357622,0.0010454380615889,0.00841805944027804,"24h_vs_4h"
"ENSMUSG00000006678",0.374569937619771,0.00104656425371201,0.00841805944027804,"24h_vs_4h"
"ENSMUSG00000074129",0.205731450316051,0.00104932639293976,0.00841805944027804,"24h_vs_4h"
"ENSMUSG00000052144",0.408060744302464,0.00105010557434961,0.00841805944027804,"24h_vs_4h"
"ENSMUSG00000028470",-0.227929080907071,0.00106024988967987,0.00848392684451114,"24h_vs_4h"
"ENSMUSG00000031672",-0.181141965606201,0.001066694420724,0.00852000389402238,"24h_vs_4h"
"ENSMUSG00000028847",3.2845535216189,0.00108821951637078,0.00867618494845618,"24h_vs_4h"
"ENSMUSG00000030603",0.195162046491131,0.00109217236978592,0.0086919540676814,"24h_vs_4h"
"ENSMUSG00000031533",-0.281515563862914,0.00111885264574572,0.00888821388795473,"24h_vs_4h"
"ENSMUSG00000027469",1.96864369401239,0.00112617203891061,0.00893023989773981,"24h_vs_4h"
"ENSMUSG00000005683",-0.222467128612763,0.0011522871832213,0.00910901916754659,"24h_vs_4h"
"ENSMUSG00000018326",0.395049586330941,0.00115431597622614,0.00910901916754659,"24h_vs_4h"
"ENSMUSG00000035637",0.312159812064511,0.0011549267656194,0.00910901916754659,"24h_vs_4h"
"ENSMUSG00000014226",0.34738198098373,0.00115969426583123,0.00912816865022026,"24h_vs_4h"
"ENSMUSG00000025395",0.288511055444534,0.00116150294117777,0.00912816865022026,"24h_vs_4h"
"ENSMUSG00000022295",0.276035213872142,0.00116509263432409,0.00914005825964406,"24h_vs_4h"
"ENSMUSG00000021131",0.189530620458072,0.00117517131605209,0.00918772133352204,"24h_vs_4h"
"ENSMUSG00000027804",0.304632434373726,0.00117534358345215,0.00918772133352204,"24h_vs_4h"
"ENSMUSG00000025487",0.327912468605689,0.00118165664267669,0.00922069305748246,"24h_vs_4h"
"ENSMUSG00000032030",0.327963244164696,0.00118531168728486,0.00923284378007201,"24h_vs_4h"
"ENSMUSG00000042605",0.546739035488308,0.00120543105593965,0.00937297186782758,"24h_vs_4h"
"ENSMUSG00000025198",-0.321129498365686,0.0012077075216944,0.00937411076362799,"24h_vs_4h"
"ENSMUSG00000070730",-0.275647699511136,0.00121292449137728,0.00939802937773134,"24h_vs_4h"
"ENSMUSG00000003429",0.17646079544707,0.00122338236845323,0.00946240035775511,"24h_vs_4h"
"ENSMUSG00000030058",0.180506814528353,0.00123672682911922,0.00954618341612503,"24h_vs_4h"
"ENSMUSG00000027479",0.289490019307898,0.00123855276769084,0.00954618341612503,"24h_vs_4h"
"ENSMUSG00000029203",0.54262671829229,0.00124298553860457,0.00956360027167605,"24h_vs_4h"
"ENSMUSG00000093904",0.424829504256202,0.001248921169366,0.00959249924324564,"24h_vs_4h"
"ENSMUSG00000020456",-0.208813146106671,0.00125541917264757,0.00962560937076998,"24h_vs_4h"
"ENSMUSG00000091228",0.243351701591582,0.0012602270472187,0.00964566823445131,"24h_vs_4h"
"ENSMUSG00000060802",-0.475922596964683,0.00127226745006483,0.00972091848565159,"24h_vs_4h"
"ENSMUSG00000022698",0.377968801510999,0.00127454153228188,0.00972141643600098,"24h_vs_4h"
"ENSMUSG00000012848",0.200923868046765,0.00128018692641814,0.00974758246222532,"24h_vs_4h"
"ENSMUSG00000047675",0.173121720313915,0.00128937935611424,0.00980061925087874,"24h_vs_4h"
"ENSMUSG00000050017",0.380173225891834,0.00130621273258913,0.00991044155132345,"24h_vs_4h"
"ENSMUSG00000024091",0.34367878408295,0.00130899681191018,0.00991044155132345,"24h_vs_4h"
"ENSMUSG00000031782",-0.345279923320614,0.00131058327263582,0.00991044155132345,"24h_vs_4h"
"ENSMUSG00000023104",-0.2001867574348,0.00132123737700291,0.0099738691186789,"24h_vs_4h"
"ENSMUSG00000006818",-0.339516412656362,0.00133261732262266,0.0100425493781889,"24h_vs_4h"
"ENSMUSG00000004937",0.282933872969437,0.00135032724772903,0.0101586157559923,"24h_vs_4h"
"ENSMUSG00000024436",-0.231428572120976,0.00135430334734157,0.0101711416922359,"24h_vs_4h"
"ENSMUSG00000073987",-0.233813994582491,0.00137691510399293,0.0103224181564984,"24h_vs_4h"
"ENSMUSG00000018428",0.282673693486508,0.00138048041051281,0.0103224181564984,"24h_vs_4h"
"ENSMUSG00000020994",0.231272833889609,0.00138500884269777,0.0103224181564984,"24h_vs_4h"
"ENSMUSG00000007739",0.176158879824904,0.00138559760634623,0.0103224181564984,"24h_vs_4h"
"ENSMUSG00000078920",-2.74770521854841,0.00138617339933892,0.0103224181564984,"24h_vs_4h"
"ENSMUSG00000033581",-0.154435657375508,0.00139089553179124,0.0103400865463062,"24h_vs_4h"
"ENSMUSG00000021713",0.377328609690579,0.00139860061153485,0.010379833543617,"24h_vs_4h"
"ENSMUSG00000028085",-0.392242347031981,0.00140755951946604,0.0104224318826319,"24h_vs_4h"
"ENSMUSG00000061353",-3.43196806353826,0.00140965043705354,0.0104224318826319,"24h_vs_4h"
"ENSMUSG00000012535",3.25101109342627,0.00141177713474357,0.0104224318826319,"24h_vs_4h"
"ENSMUSG00000020380",-0.17549904953189,0.00141646922698149,0.0104224318826319,"24h_vs_4h"
"ENSMUSG00000020064",1.86708883826426,0.00141759369402605,0.0104224318826319,"24h_vs_4h"
"ENSMUSG00000033752",2.30011565696048,0.00141854957911759,0.0104224318826319,"24h_vs_4h"
"ENSMUSG00000020935",-0.17515438375035,0.00142178659116623,0.0104288046462043,"24h_vs_4h"
"ENSMUSG00000040990",3.11258388307838,0.00142727412787811,0.0104516363340958,"24h_vs_4h"
"ENSMUSG00000031812",-2.80942456059426,0.00143470972983694,0.0104886337558345,"24h_vs_4h"
"ENSMUSG00000034893",-2.35820335290762,0.0014374347242217,0.0104886884327462,"24h_vs_4h"
"ENSMUSG00000116165",2.10456151167132,0.00144264264071514,0.0104886884327462,"24h_vs_4h"
"ENSMUSG00000036632",-0.173006505848935,0.00144517847537441,0.0104886884327462,"24h_vs_4h"
"ENSMUSG00000055675",-2.33116019187533,0.00144583221580113,0.0104886884327462,"24h_vs_4h"
"ENSMUSG00000016255",-0.616762347486382,0.00144663346482094,0.0104886884327462,"24h_vs_4h"
"ENSMUSG00000031353",0.365417921639139,0.00145774874687746,0.0105518951233679,"24h_vs_4h"
"ENSMUSG00000040850",1.63047300788296,0.00146060498449659,0.0105552094199827,"24h_vs_4h"
"ENSMUSG00000062203",0.321078199860629,0.00147586382233277,0.0106479945607976,"24h_vs_4h"
"ENSMUSG00000024556",-0.197444831562596,0.00148067060215207,0.0106651903765487,"24h_vs_4h"
"ENSMUSG00000030545",3.29743468583304,0.00149101789791509,0.0107221728247129,"24h_vs_4h"
"ENSMUSG00000032643",2.78931610037947,0.00150645512694048,0.0108155122572024,"24h_vs_4h"
"ENSMUSG00000021595",-0.177451100284152,0.00151447729915356,0.0108553983608711,"24h_vs_4h"
"ENSMUSG00000021408",1.842979074174,0.00152330828794504,0.0108948031934322,"24h_vs_4h"
"ENSMUSG00000026869",0.29679548371173,0.00152492587301846,0.0108948031934322,"24h_vs_4h"
"ENSMUSG00000029433",0.374585677334728,0.00153099405190906,0.0109204292098084,"24h_vs_4h"
"ENSMUSG00000002767",-0.328852706683243,0.00153423972184391,0.010921647388617,"24h_vs_4h"
"ENSMUSG00000005103",0.335501574799451,0.0015361280921504,0.010921647388617,"24h_vs_4h"
"ENSMUSG00000024853",0.239473079524714,0.00154136571642243,0.0109365455393935,"24h_vs_4h"
"ENSMUSG00000025232",-0.247013631559469,0.00154319354236841,0.0109365455393935,"24h_vs_4h"
"ENSMUSG00000040112",-0.305423161066514,0.00155834525077641,0.0110261695316189,"24h_vs_4h"
"ENSMUSG00000022568",-0.280941591574436,0.00156096981484265,0.0110270114849478,"24h_vs_4h"
"ENSMUSG00000034101",-0.214484778167844,0.00157482398142379,0.0111070518305226,"24h_vs_4h"
"ENSMUSG00000078812",0.32170754285001,0.00159707135442895,0.0112459376493469,"24h_vs_4h"
"ENSMUSG00000070319",0.324939159227945,0.00160303847045086,0.0112699238154221,"24h_vs_4h"
"ENSMUSG00000034120",0.464186083988348,0.00161418228384623,0.0113301694277628,"24h_vs_4h"
"ENSMUSG00000001794",0.447219838534497,0.00161770729076641,0.0113368308704824,"24h_vs_4h"
"ENSMUSG00000053819",-0.271036291562261,0.00162543534876374,0.0113728791254518,"24h_vs_4h"
"ENSMUSG00000079435",0.284490255441654,0.00164442701395775,0.0114874972832192,"24h_vs_4h"
"ENSMUSG00000038286",-0.201932059683742,0.00166104649827699,0.0115852070347338,"24h_vs_4h"
"ENSMUSG00000035530",0.425223506366152,0.00167904039413165,0.0116921784407807,"24h_vs_4h"
"ENSMUSG00000066037",0.197764572943452,0.0016837968908491,0.0117067774354295,"24h_vs_4h"
"ENSMUSG00000026511",0.28228441710985,0.00168746323463969,0.0117137629268916,"24h_vs_4h"
"ENSMUSG00000015961",0.478441270111016,0.00169882120911863,0.0117740348682379,"24h_vs_4h"
"ENSMUSG00000004846",-0.135862130546165,0.0017223920301304,0.0119080221220077,"24h_vs_4h"
"ENSMUSG00000068614",-0.551240480218642,0.00172356511968164,0.0119080221220077,"24h_vs_4h"
"ENSMUSG00000027247",0.320320222499276,0.00172900473271526,0.0119268806092161,"24h_vs_4h"
"ENSMUSG00000078453",0.401657610890073,0.00174272192062321,0.0119866356787665,"24h_vs_4h"
"ENSMUSG00000068882",0.221415876092703,0.00174327691322854,0.0119866356787665,"24h_vs_4h"
"ENSMUSG00000026478",-0.163432224955393,0.0017458380981798,0.0119866356787665,"24h_vs_4h"
"ENSMUSG00000051495",2.51039397628283,0.0017532676869155,0.0120180651972512,"24h_vs_4h"
"ENSMUSG00000030612",-0.210175270748376,0.00175587728285219,0.0120180651972512,"24h_vs_4h"
"ENSMUSG00000036202",0.38694414960467,0.0017644109814528,0.0120577216294624,"24h_vs_4h"
"ENSMUSG00000061983",0.222890136863359,0.001773531646019,0.0121012601149296,"24h_vs_4h"
"ENSMUSG00000037523",0.236425887771379,0.00177831407856993,0.012115108761279,"24h_vs_4h"
"ENSMUSG00000078515",2.81733273671578,0.0017976615284693,0.0122175716311171,"24h_vs_4h"
"ENSMUSG00000028820",0.158792802218112,0.00179890625243441,0.0122175716311171,"24h_vs_4h"
"ENSMUSG00000055065",0.177662340999344,0.00180959543504593,0.0122712319100727,"24h_vs_4h"
"ENSMUSG00000030681",0.236418928105156,0.00181968857727931,0.0123023637509236,"24h_vs_4h"
"ENSMUSG00000005370",-0.206487695870905,0.00181977705109094,0.0123023637509236,"24h_vs_4h"
"ENSMUSG00000018042",-0.199544444907271,0.00185902144128645,0.0125483947286836,"24h_vs_4h"
"ENSMUSG00000020459",-0.433869646495591,0.00186368153652475,0.0125605856695948,"24h_vs_4h"
"ENSMUSG00000028029",0.310918647775036,0.00188525655275856,0.0126585406763656,"24h_vs_4h"
"ENSMUSG00000004264",-0.230194853296855,0.00188550762275893,0.0126585406763656,"24h_vs_4h"
"ENSMUSG00000018446",-0.417158558908007,0.00188684450890611,0.0126585406763656,"24h_vs_4h"
"ENSMUSG00000028138",0.386119744609754,0.0018947614965072,0.0126923064629044,"24h_vs_4h"
"ENSMUSG00000050708",-0.251266730090343,0.00190179479347386,0.0127200590973837,"24h_vs_4h"
"ENSMUSG00000028766",0.406767449144141,0.00192905694462441,0.0128828218714598,"24h_vs_4h"
"ENSMUSG00000027709",-0.151724597112381,0.00193455569577028,0.0128999691167955,"24h_vs_4h"
"ENSMUSG00000002949",-0.167698208831023,0.00194704926842788,0.0129636366571121,"24h_vs_4h"
"ENSMUSG00000062006",0.188116126154497,0.00195297918736769,0.0129784142065356,"24h_vs_4h"
"ENSMUSG00000022451",0.272905407847322,0.00195516669369077,0.0129784142065356,"24h_vs_4h"
"ENSMUSG00000048612",-0.273699958650429,0.00196800122821592,0.0130398299589665,"24h_vs_4h"
"ENSMUSG00000058655",0.561669865809812,0.00197034467682634,0.0130398299589665,"24h_vs_4h"
"ENSMUSG00000032263",-0.281276817616433,0.0019792395504559,0.0130790289212559,"24h_vs_4h"
"ENSMUSG00000034707",-0.201823507637375,0.001986359336752,0.013106397962587,"24h_vs_4h"
"ENSMUSG00000027680",-0.174446913781956,0.00199183142676665,0.0131228295047904,"24h_vs_4h"
"ENSMUSG00000031360",0.340877232320967,0.00199680594084656,0.0131359386332821,"24h_vs_4h"
"ENSMUSG00000040549",0.218793380151258,0.00201093351993918,0.0132091319720184,"24h_vs_4h"
"ENSMUSG00000022247",0.218465467439305,0.00202028479863259,0.013242218086318,"24h_vs_4h"
"ENSMUSG00000024095",-0.159422038942068,0.0020219883103853,0.013242218086318,"24h_vs_4h"
"ENSMUSG00000035948",-0.224218367988257,0.00206159860113697,0.0134645946006725,"24h_vs_4h"
"ENSMUSG00000027108",0.282429712459301,0.0020620624314595,0.0134645946006725,"24h_vs_4h"
"ENSMUSG00000030754",0.273349603638582,0.00208066659991382,0.0135659462314381,"24h_vs_4h"
"ENSMUSG00000026385",0.371071829975342,0.0020843737664485,0.0135700132339347,"24h_vs_4h"
"ENSMUSG00000020571",-0.191691225213212,0.00210469941708689,0.0136821006419489,"24h_vs_4h"
"ENSMUSG00000020629",0.349110544814,0.00211188435126729,0.0137085590411907,"24h_vs_4h"
"ENSMUSG00000001755",-0.284540879501755,0.00211847304085948,0.0137310748937004,"24h_vs_4h"
"ENSMUSG00000027222",3.99882610843804,0.00212462824066491,0.0137320392726219,"24h_vs_4h"
"ENSMUSG00000052833",0.330614747267557,0.00212486224600216,0.0137320392726219,"24h_vs_4h"
"ENSMUSG00000021266",0.269356371946003,0.00214151360134743,0.0138193568321555,"24h_vs_4h"
"ENSMUSG00000024740",0.196047194890692,0.0021524126093444,0.0138663955878731,"24h_vs_4h"
"ENSMUSG00000015363",-0.38730631490203,0.00215510442674511,0.0138663955878731,"24h_vs_4h"
"ENSMUSG00000017781",0.612362042009597,0.00215973258623172,0.013875887754753,"24h_vs_4h"
"ENSMUSG00000023015",2.5074756578332,0.00217152976159806,0.0139144577136491,"24h_vs_4h"
"ENSMUSG00000009575",0.258141199316068,0.00217205917956758,0.0139144577136491,"24h_vs_4h"
"ENSMUSG00000027597",0.299497316520291,0.00218488283766579,0.0139762636171034,"24h_vs_4h"
"ENSMUSG00000033938",-0.291606286936055,0.0021883137182383,0.0139778935761492,"24h_vs_4h"
"ENSMUSG00000015357",-0.116632076511586,0.00219414950523717,0.0139948579312301,"24h_vs_4h"
"ENSMUSG00000017776",0.455323687804633,0.00223222169519069,0.0142170878155344,"24h_vs_4h"
"ENSMUSG00000052926",2.15660466248791,0.00223903047299309,0.0142398455370558,"24h_vs_4h"
"ENSMUSG00000015291",0.442705078319463,0.00225455738006423,0.0142981208959847,"24h_vs_4h"
"ENSMUSG00000002831",0.337753590594776,0.0022546911842339,0.0142981208959847,"24h_vs_4h"
"ENSMUSG00000031754",0.166585298771771,0.002282094975744,0.0144510791197833,"24h_vs_4h"
"ENSMUSG00000021591",0.654871976806096,0.00229509334911686,0.0145125083756656,"24h_vs_4h"
"ENSMUSG00000028800",0.129206928404521,0.0023052823102365,0.0145560221626267,"24h_vs_4h"
"ENSMUSG00000026341",0.233773265319254,0.00232643147985252,0.014668517110073,"24h_vs_4h"
"ENSMUSG00000004207",-0.206383730005442,0.00234213207629693,0.0147463852185734,"24h_vs_4h"
"ENSMUSG00000028180",0.330152981118008,0.00234737572475368,0.0147582865209156,"24h_vs_4h"
"ENSMUSG00000032320",-0.271465589642755,0.00235216484268671,0.0147673002463113,"24h_vs_4h"
"ENSMUSG00000001016",0.308757778421608,0.00241963657725319,0.0151692600804719,"24h_vs_4h"
"ENSMUSG00000017478",4.01394444942604,0.00243330082495638,0.015233224652394,"24h_vs_4h"
"ENSMUSG00000060636",0.24234753486591,0.00243707696215819,0.0152351927705372,"24h_vs_4h"
"ENSMUSG00000045594",-0.305767466308215,0.00246640076020147,0.0153966379370874,"24h_vs_4h"
"ENSMUSG00000035936",-0.225789177720294,0.00248284838823397,0.015477359428637,"24h_vs_4h"
"ENSMUSG00000021707",-0.32200792770676,0.00248973381187175,0.0154983288628678,"24h_vs_4h"
"ENSMUSG00000028691",0.300949128599871,0.00249544123607919,0.0155119164971533,"24h_vs_4h"
"ENSMUSG00000063904",0.294467764231513,0.00254654389499774,0.0158072491987095,"24h_vs_4h"
"ENSMUSG00000030536",0.242147135865764,0.00255030831097125,0.0158083195444852,"24h_vs_4h"
"ENSMUSG00000061787",0.347376249777358,0.00255453733211544,0.0158122627266386,"24h_vs_4h"
"ENSMUSG00000001380",0.372977427700992,0.00256580333194037,0.0158296825564031,"24h_vs_4h"
"ENSMUSG00000032458",0.204369182665783,0.00256627758260553,0.0158296825564031,"24h_vs_4h"
"ENSMUSG00000020477",-0.316087726511,0.00256814209163186,0.0158296825564031,"24h_vs_4h"
"ENSMUSG00000070493",0.292112911579046,0.00259568159763547,0.0159770555401311,"24h_vs_4h"
"ENSMUSG00000032058",0.430145028943045,0.00263909898777293,0.0162216126329451,"24h_vs_4h"
"ENSMUSG00000039067",0.241150978449898,0.00264542176148195,0.0162377980087616,"24h_vs_4h"
"ENSMUSG00000005299",-0.170543894525697,0.00269925284271828,0.0165451417281381,"24h_vs_4h"
"ENSMUSG00000032601",0.365545370233086,0.00273123824987304,0.0167179131261352,"24h_vs_4h"
"ENSMUSG00000066148",0.150685556394421,0.00275978509828646,0.016869186413276,"24h_vs_4h"
"ENSMUSG00000005610",0.158481375099193,0.00277392348945444,0.0169172353339554,"24h_vs_4h"
"ENSMUSG00000014355",2.2405217074257,0.00277533376757914,0.0169172353339554,"24h_vs_4h"
"ENSMUSG00000026922",0.223492771221636,0.00278537035599777,0.0169549307562188,"24h_vs_4h"
"ENSMUSG00000021939",0.338512210474601,0.00280791680181318,0.01706856608395,"24h_vs_4h"
"ENSMUSG00000024782",-0.219716007957388,0.00283924994835176,0.0172352262382015,"24h_vs_4h"
"ENSMUSG00000027018",0.401727103209165,0.00286508385376382,0.0173360392866994,"24h_vs_4h"
"ENSMUSG00000027708",2.71698549810778,0.00286701824068221,0.0173360392866994,"24h_vs_4h"
"ENSMUSG00000026421",0.240830107630931,0.00286767475590028,0.0173360392866994,"24h_vs_4h"
"ENSMUSG00000042029",0.984209252577152,0.00294038000657053,0.0177511830026295,"24h_vs_4h"
"ENSMUSG00000031299",-0.24394870795118,0.00298644585715559,0.0179919293469869,"24h_vs_4h"
"ENSMUSG00000000628",0.156816583607238,0.00298843452684558,0.0179919293469869,"24h_vs_4h"
"ENSMUSG00000019864",-0.212635781579298,0.00299478059931506,0.0180055046688328,"24h_vs_4h"
"ENSMUSG00000031068",0.291443041867442,0.00300409632984985,0.0180297336782709,"24h_vs_4h"
"ENSMUSG00000044147",0.437562559895671,0.00300700398087954,0.0180297336782709,"24h_vs_4h"
"ENSMUSG00000031357",0.359609141612445,0.00306672086820094,0.0183443498355747,"24h_vs_4h"
"ENSMUSG00000007097",0.222054610446733,0.00306781219699682,0.0183443498355747,"24h_vs_4h"
"ENSMUSG00000019054",0.281071611091328,0.00309770988397775,0.0184979934862769,"24h_vs_4h"
"ENSMUSG00000026750",0.456955672255177,0.00310815063402065,0.01853519097605,"24h_vs_4h"
"ENSMUSG00000029426",-0.34702982093707,0.00311357417132633,0.0185424085629326,"24h_vs_4h"
"ENSMUSG00000024767",0.238184340853511,0.00312169369748688,0.0185656404900537,"24h_vs_4h"
"ENSMUSG00000003099",2.95878339570871,0.0031576034134008,0.018753863188093,"24h_vs_4h"
"ENSMUSG00000034892",0.247675926746656,0.00317640997347015,0.0188233808650854,"24h_vs_4h"
"ENSMUSG00000087260",0.547179255188933,0.00317786230010417,0.0188233808650854,"24h_vs_4h"
"ENSMUSG00000031333",-0.20965745843656,0.0031980090557738,0.0189172551807265,"24h_vs_4h"
"ENSMUSG00000002379",-0.402512936287486,0.00322706245997935,0.019063492464925,"24h_vs_4h"
"ENSMUSG00000039361",0.268844287653128,0.003243167235435,0.0191257051109894,"24h_vs_4h"
"ENSMUSG00000019082",-0.280510373753824,0.00324628532558716,0.0191257051109894,"24h_vs_4h"
"ENSMUSG00000024120",-0.163714750510685,0.00325543936435577,0.0191539955114034,"24h_vs_4h"
"ENSMUSG00000020863",0.259230684359199,0.0032603112141985,0.0191570489368326,"24h_vs_4h"
"ENSMUSG00000035152",0.224948676050918,0.00327154558305197,0.0191974294813489,"24h_vs_4h"
"ENSMUSG00000040675",-0.168785752604613,0.00328553273749134,0.0192538343244999,"24h_vs_4h"
"ENSMUSG00000053604",0.391758524764203,0.00329748417728757,0.0192981753513864,"24h_vs_4h"
"ENSMUSG00000029098",0.529142822963802,0.00332722266761662,0.019446357184835,"24h_vs_4h"
"ENSMUSG00000045983",0.222229548281806,0.00337243899950337,0.0196844881124859,"24h_vs_4h"
"ENSMUSG00000030770",0.328155406793826,0.00342330686552394,0.0199549318081733,"24h_vs_4h"
"ENSMUSG00000009863",-0.234203840998738,0.0034419493294749,0.0200370621680146,"24h_vs_4h"
"ENSMUSG00000002660",-0.209282682890294,0.00346316263094446,0.0201339217157022,"24h_vs_4h"
"ENSMUSG00000018965",0.262387325896455,0.00353587492853646,0.0205295324017005,"24h_vs_4h"
"ENSMUSG00000026192",0.196921219538034,0.00354407927600143,0.0205500565134154,"24h_vs_4h"
"ENSMUSG00000021496",-0.251509662695067,0.0035503096270825,0.020559095616829,"24h_vs_4h"
"ENSMUSG00000023249",-0.310726279377633,0.00356655545209969,0.0206195281799339,"24h_vs_4h"
"ENSMUSG00000037712",0.214418500375849,0.0035701159902544,0.0206195281799339,"24h_vs_4h"
"ENSMUSG00000057278",0.205938010709176,0.00358841477121875,0.0206959396314845,"24h_vs_4h"
"ENSMUSG00000038717",-0.361733737223105,0.00359275116529293,0.0206959396314845,"24h_vs_4h"
"ENSMUSG00000001506",-3.11952143317189,0.00360107115739088,0.0207167505407546,"24h_vs_4h"
"ENSMUSG00000001441",0.235513985046044,0.00361194246080213,0.0207521654960707,"24h_vs_4h"
"ENSMUSG00000032271",-2.02023013936037,0.00363156918867486,0.020812666959321,"24h_vs_4h"
"ENSMUSG00000020476",0.259073342749208,0.00363193097585969,0.020812666959321,"24h_vs_4h"
"ENSMUSG00000030795",0.398686218930621,0.00364871065465137,0.0208816327582844,"24h_vs_4h"
"ENSMUSG00000024614",0.440110030678245,0.00366326531089135,0.0209377021210816,"24h_vs_4h"
"ENSMUSG00000042520",0.21855175552092,0.00367457427829495,0.0209750990905007,"24h_vs_4h"
"ENSMUSG00000028609",0.330714343710593,0.00368063382762513,0.0209824734137023,"24h_vs_4h"
"ENSMUSG00000019975",-0.520901840287415,0.0037158742694096,0.0211535918718782,"24h_vs_4h"
"ENSMUSG00000027531",0.252113306274364,0.00372026360118922,0.0211535918718782,"24h_vs_4h"
"ENSMUSG00000000787",0.134087324699934,0.00373653464432035,0.0212186954447147,"24h_vs_4h"
"ENSMUSG00000067873",0.220590848971241,0.00377603310664175,0.0214153630184669,"24h_vs_4h"
"ENSMUSG00000030671",0.220032096950952,0.00383732798426505,0.0217184339168515,"24h_vs_4h"
"ENSMUSG00000028102",2.57207318960115,0.00384100540322569,0.0217184339168515,"24h_vs_4h"
"ENSMUSG00000055817",2.67755190037536,0.00384691718592281,0.0217184339168515,"24h_vs_4h"
"ENSMUSG00000024038",-0.218748209698205,0.00384921119180736,0.0217184339168515,"24h_vs_4h"
"ENSMUSG00000022770",0.64383668201701,0.00388825645090097,0.0219106487073178,"24h_vs_4h"
"ENSMUSG00000061315",0.271091396164291,0.0039856671686169,0.0224308455359118,"24h_vs_4h"
"ENSMUSG00000025246",2.79229694240236,0.00399565087219917,0.0224566686730537,"24h_vs_4h"
"ENSMUSG00000030970",-0.330380751391417,0.00400139728170254,0.0224566686730537,"24h_vs_4h"
"ENSMUSG00000032171",0.355577156446184,0.00400556348746811,0.0224566686730537,"24h_vs_4h"
"ENSMUSG00000027668",-1.71995907075975,0.00403268155403062,0.0225799383197058,"24h_vs_4h"
"ENSMUSG00000057863",0.183973942589461,0.00406174848333369,0.0227137929798622,"24h_vs_4h"
"ENSMUSG00000032479",0.287383357963119,0.00407545467672508,0.0227615178074455,"24h_vs_4h"
"ENSMUSG00000028559",0.214009878108829,0.00416019736596683,0.0232053594519899,"24h_vs_4h"
"ENSMUSG00000020877",2.74214489849519,0.00418065697699682,0.0232899637414722,"24h_vs_4h"
"ENSMUSG00000025369",0.146487655816141,0.00424937358425394,0.023642848475729,"24h_vs_4h"
"ENSMUSG00000022453",-0.249690382988529,0.00428424390451732,0.0238067644239656,"24h_vs_4h"
"ENSMUSG00000008450",0.227693414873173,0.0042967873925879,0.023846357269583,"24h_vs_4h"
"ENSMUSG00000020514",-0.280347606566735,0.00431317688700249,0.0238846707328293,"24h_vs_4h"
"ENSMUSG00000040225",1.55643105711472,0.00431454515623707,0.0238846707328293,"24h_vs_4h"
"ENSMUSG00000015733",0.25788806160509,0.00435142193055768,0.0240299693589176,"24h_vs_4h"
"ENSMUSG00000028832",0.488141271791608,0.00435703392022512,0.0240299693589176,"24h_vs_4h"
"ENSMUSG00000014077",0.346666480913093,0.004357172358195,0.0240299693589176,"24h_vs_4h"
"ENSMUSG00000038510",0.26220009846309,0.00437926178568596,0.0241215658558247,"24h_vs_4h"
"ENSMUSG00000056305",0.251716885906518,0.00438716295943256,0.0241348802305784,"24h_vs_4h"
"ENSMUSG00000030619",0.266639968413067,0.00448877506811153,0.0246630450371521,"24h_vs_4h"
"ENSMUSG00000031095",0.551039773022985,0.00453040933730772,0.0248511704638133,"24h_vs_4h"
"ENSMUSG00000019849",0.261222872461214,0.00453430808508114,0.0248511704638133,"24h_vs_4h"
"ENSMUSG00000002107",-0.281042295580182,0.00458176524267115,0.025080035861935,"24h_vs_4h"
"ENSMUSG00000031521",-0.237978433258878,0.00462940079510177,0.0253083652863602,"24h_vs_4h"
"ENSMUSG00000032097",0.11838881024412,0.00463497896405506,0.0253083652863602,"24h_vs_4h"
"ENSMUSG00000027651",0.245598809920448,0.00473619329165277,0.0258289797726937,"24h_vs_4h"
"ENSMUSG00000027533",0.299156807347082,0.00475842647180836,0.0258563562935799,"24h_vs_4h"
"ENSMUSG00000052605",-2.55423266282463,0.00475861859875103,0.0258563562935799,"24h_vs_4h"
"ENSMUSG00000021666",-0.343683358094726,0.00476034595751657,0.0258563562935799,"24h_vs_4h"
"ENSMUSG00000025651",-0.207760156156152,0.00476471369100051,0.0258563562935799,"24h_vs_4h"
"ENSMUSG00000041891",-0.232097438251319,0.00478306114422223,0.0259239557829089,"24h_vs_4h"
"ENSMUSG00000024026",0.406001136502738,0.00481202727363585,0.0260388043808171,"24h_vs_4h"
"ENSMUSG00000031862",-0.155926070972853,0.00481608424584984,0.0260388043808171,"24h_vs_4h"
"ENSMUSG00000037772",-0.344876084577248,0.00491822418052097,0.0265584105748132,"24h_vs_4h"
"ENSMUSG00000018379",0.258191143873681,0.0049630952527111,0.0267678703519382,"24h_vs_4h"
"ENSMUSG00000038366",0.370388422090553,0.00497915793767255,0.0268216329053817,"24h_vs_4h"
"ENSMUSG00000089847",-0.352296835151769,0.00499971478371977,0.0268668437868955,"24h_vs_4h"
"ENSMUSG00000026037",2.29006365304883,0.00499976029572083,0.0268668437868955,"24h_vs_4h"
"ENSMUSG00000003528",-0.16805639768172,0.00506127558569335,0.0271642364056542,"24h_vs_4h"
"ENSMUSG00000021646",-0.33370308845322,0.00508199100989757,0.0272421954135922,"24h_vs_4h"
"ENSMUSG00000020547",2.09818333389292,0.00513150104184874,0.0274741314904821,"24h_vs_4h"
"ENSMUSG00000024045",0.246008026078776,0.00515104401205869,0.0275452547959542,"24h_vs_4h"
"ENSMUSG00000039263",2.46658258690185,0.00517019725661201,0.0276141239397445,"24h_vs_4h"
"ENSMUSG00000002147",2.1501448218337,0.00518022330516636,0.0276341366861056,"24h_vs_4h"
"ENSMUSG00000022889",-0.169770235813733,0.00520980671391989,0.0277583042953528,"24h_vs_4h"
"ENSMUSG00000033970",-0.214864944228598,0.00524359077728931,0.0279045260107017,"24h_vs_4h"
"ENSMUSG00000022962",0.246291824283308,0.00525528134226264,0.0279329627865917,"24h_vs_4h"
"ENSMUSG00000025358",0.271068262477446,0.005302067122139,0.0281476446375558,"24h_vs_4h"
"ENSMUSG00000025724",0.398169840744796,0.00530906741417045,0.0281508502286315,"24h_vs_4h"
"ENSMUSG00000020843",-0.336876503970636,0.00532866510426006,0.0282207642886264,"24h_vs_4h"
"ENSMUSG00000022711",2.10454018232727,0.00535376294147574,0.0283196042132629,"24h_vs_4h"
"ENSMUSG00000042650",2.19414720862027,0.00537355426320814,0.0283897175074693,"24h_vs_4h"
"ENSMUSG00000036504",0.264951520716586,0.00538110733517661,0.0283897175074693,"24h_vs_4h"
"ENSMUSG00000010095",0.171186803427055,0.00538636994290772,0.0283897175074693,"24h_vs_4h"
"ENSMUSG00000022244",0.177320919935951,0.00540154142496759,0.0284356265685196,"24h_vs_4h"
"ENSMUSG00000061461",0.29714302628792,0.00545915437030118,0.0287045858825514,"24h_vs_4h"
"ENSMUSG00000018861",-0.36549991403777,0.00547744603513983,0.0287663961821604,"24h_vs_4h"
"ENSMUSG00000053931",-0.39624942994087,0.00553868030606154,0.0290343844961853,"24h_vs_4h"
"ENSMUSG00000064080",-2.55916775647266,0.00554166847916283,0.0290343844961853,"24h_vs_4h"
"ENSMUSG00000063870",0.0839419067537577,0.00558704126222236,0.0292372991617605,"24h_vs_4h"
"ENSMUSG00000001473",-0.174419411025518,0.00561153494109964,0.0293306000899994,"24h_vs_4h"
"ENSMUSG00000021376",2.29241844121092,0.00562368985570212,0.0293592634103737,"24h_vs_4h"
"ENSMUSG00000061613",0.172822928682489,0.00573542907043421,0.0298926494635257,"24h_vs_4h"
"ENSMUSG00000025757",-0.388795526298011,0.00573944303491917,0.0298926494635257,"24h_vs_4h"
"ENSMUSG00000073411",-0.282191899398686,0.00576347952135505,0.0299607206647779,"24h_vs_4h"
"ENSMUSG00000061136",0.191178000540209,0.00576612824427786,0.0299607206647779,"24h_vs_4h"
"ENSMUSG00000025059",0.333088403705652,0.00582051357628915,0.0302076418033591,"24h_vs_4h"
"ENSMUSG00000028136",0.195031245504737,0.00589147351175068,0.0305398997941281,"24h_vs_4h"
"ENSMUSG00000025024",0.403816510124138,0.00593848331453689,0.0307473706673845,"24h_vs_4h"
"ENSMUSG00000022053",-0.263116344623679,0.00599309939088949,0.0309936902694532,"24h_vs_4h"
"ENSMUSG00000001751",-0.147280971845134,0.00601712147071704,0.031081398582894,"24h_vs_4h"
"ENSMUSG00000028567",0.219092991623842,0.00603170085660709,0.0311201822625179,"24h_vs_4h"
"ENSMUSG00000023723",-0.163672556653356,0.00612208351764352,0.0315495193924463,"24h_vs_4h"
"ENSMUSG00000039509",-0.13984784663899,0.00614581859338768,0.0316347925491219,"24h_vs_4h"
"ENSMUSG00000033157",-0.268165241427358,0.00616441868254019,0.0316934656797423,"24h_vs_4h"
"ENSMUSG00000027014",1.94887496899864,0.00620106401420157,0.0318446706260223,"24h_vs_4h"
"ENSMUSG00000020358",0.240897853909537,0.00623576262190931,0.0319605456715631,"24h_vs_4h"
"ENSMUSG00000021868",-0.230905664742068,0.00623815240442461,0.0319605456715631,"24h_vs_4h"
"ENSMUSG00000042787",-0.227648664251696,0.00625515979844016,0.0320104165964362,"24h_vs_4h"
"ENSMUSG00000028969",-0.342671039867941,0.00636371244245281,0.0325281050629905,"24h_vs_4h"
"ENSMUSG00000032637",0.329043111785808,0.00640878040779143,0.0327204670240024,"24h_vs_4h"
"ENSMUSG00000034424",-0.280365689015085,0.00646542269949333,0.0329714082276595,"24h_vs_4h"
"ENSMUSG00000027620",0.165690022638199,0.00656019870725049,0.0333840221526944,"24h_vs_4h"
"ENSMUSG00000021686",0.272042388002301,0.00656150401319715,0.0333840221526944,"24h_vs_4h"
"ENSMUSG00000016757",0.309045634699277,0.00660266095143604,0.0335546314633603,"24h_vs_4h"
"ENSMUSG00000011884",2.01361406141253,0.00663185962239424,0.0336641455572746,"24h_vs_4h"
"ENSMUSG00000025140",-0.375839564802408,0.00665353372200508,0.0337352556573092,"24h_vs_4h"
"ENSMUSG00000020899",0.254024496408601,0.00668259579907513,0.0338436180802413,"24h_vs_4h"
"ENSMUSG00000002870",0.0892868625824157,0.00673113929424276,0.0340502804988073,"24h_vs_4h"
"ENSMUSG00000027195",0.127485321350619,0.00678112598255668,0.03426376056169,"24h_vs_4h"
"ENSMUSG00000022354",-0.195453362330195,0.00679857797360939,0.0343125477773565,"24h_vs_4h"
"ENSMUSG00000062078",0.160725120371303,0.00687978270648454,0.0346484882986951,"24h_vs_4h"
"ENSMUSG00000023110",0.350809747076404,0.00688294102260793,0.0346484882986951,"24h_vs_4h"
"ENSMUSG00000030659",-2.31884924511022,0.00688875875059263,0.0346484882986951,"24h_vs_4h"
"ENSMUSG00000018189",0.210504625005395,0.00691732916227379,0.0347170107864185,"24h_vs_4h"
"ENSMUSG00000050043",0.243101543973548,0.00692213978346134,0.0347170107864185,"24h_vs_4h"
"ENSMUSG00000021665",-0.254819584466606,0.00692604759610895,0.0347170107864185,"24h_vs_4h"
"ENSMUSG00000025809",-0.143503533625768,0.00704143646091534,0.0352165765634116,"24h_vs_4h"
"ENSMUSG00000056629",0.263075102996943,0.00704258313447153,0.0352165765634116,"24h_vs_4h"
"ENSMUSG00000025762",1.68662847923562,0.00704971687170317,0.0352165765634116,"24h_vs_4h"
"ENSMUSG00000019470",-0.180423335858901,0.00710185653422406,0.0354368147473017,"24h_vs_4h"
"ENSMUSG00000041453",0.239662716820387,0.00712465514244796,0.0355103140225521,"24h_vs_4h"
"ENSMUSG00000028648",-0.236701162893034,0.00714431629315316,0.0355680271562976,"24h_vs_4h"
"ENSMUSG00000028910",-0.193168017318673,0.00716219937773451,0.0356167677530052,"24h_vs_4h"
"ENSMUSG00000034432",0.2251942275097,0.00732026586485607,0.0363617269426993,"24h_vs_4h"
"ENSMUSG00000000838",-0.165423769292417,0.00737023477664236,0.0365306625122821,"24h_vs_4h"
"ENSMUSG00000030062",-0.154167736978557,0.00737087668959476,0.0365306625122821,"24h_vs_4h"
"ENSMUSG00000021413",0.164453241458439,0.00740771453275131,0.0366719366238903,"24h_vs_4h"
"ENSMUSG00000018593",-0.39537958169652,0.00742780749566488,0.0367300907735069,"24h_vs_4h"
"ENSMUSG00000042010",-2.95951568712563,0.00744314690146254,0.0367646346951028,"24h_vs_4h"
"ENSMUSG00000026029",2.32680423568016,0.00747514698357069,0.0368813025501061,"24h_vs_4h"
"ENSMUSG00000022792",-0.219979382194417,0.00751420251252022,0.037032480691603,"24h_vs_4h"
"ENSMUSG00000024594",0.201748500036793,0.00752758842445932,0.0370420551973315,"24h_vs_4h"
"ENSMUSG00000005534",-1.1653561807055,0.00753297873247255,0.0370420551973315,"24h_vs_4h"
"ENSMUSG00000022706",-0.32555712507628,0.00755902857982409,0.0371286660488904,"24h_vs_4h"
"ENSMUSG00000035960",0.190717330180323,0.00759490852634756,0.0372633137396384,"24h_vs_4h"
"ENSMUSG00000026568",0.205613529050375,0.00765095976004593,0.0374965188240113,"24h_vs_4h"
"ENSMUSG00000026914",0.164971578339348,0.00767967740323869,0.0375953951631295,"24h_vs_4h"
"ENSMUSG00000004849",2.56797094050429,0.00772836357258087,0.0377916978699205,"24h_vs_4h"
"ENSMUSG00000007850",0.139362157365614,0.00776052169952865,0.0379068324080195,"24h_vs_4h"
"ENSMUSG00000030061",0.313654168843446,0.00777897788066505,0.0379548577082116,"24h_vs_4h"
"ENSMUSG00000030316",-0.396346604863872,0.00784675378824976,0.0382431488616691,"24h_vs_4h"
"ENSMUSG00000039952",-0.72388403677261,0.00786313215355544,0.03828058031836,"24h_vs_4h"
"ENSMUSG00000024941",0.276574263458087,0.00811881309245527,0.0394816535026471,"24h_vs_4h"
"ENSMUSG00000032249",0.282129420070063,0.00820995940053113,0.039825033578417,"24h_vs_4h"
"ENSMUSG00000037236",0.152402329742568,0.00821566827680776,0.039825033578417,"24h_vs_4h"
"ENSMUSG00000038507",2.46844308319188,0.00821657134496765,0.039825033578417,"24h_vs_4h"
"ENSMUSG00000025234",2.58499392109002,0.00825019092795732,0.0399439937007042,"24h_vs_4h"
"ENSMUSG00000061607",0.202814368300981,0.0083521576787232,0.0403932373011657,"24h_vs_4h"
"ENSMUSG00000021000",2.23780354969855,0.00839214845419687,0.0405310286051247,"24h_vs_4h"
"ENSMUSG00000026150",3.03212856484303,0.00840527005782135,0.0405310286051247,"24h_vs_4h"
"ENSMUSG00000021094",-0.22264112401222,0.0084082774634126,0.0405310286051247,"24h_vs_4h"
"ENSMUSG00000046139",2.05932104108706,0.00842219590369088,0.0405537025953431,"24h_vs_4h"
"ENSMUSG00000066232",0.538866570542506,0.00843194210590402,0.0405562592438072,"24h_vs_4h"
"ENSMUSG00000029191",-0.153664165136078,0.00846140779569644,0.0406535542673144,"24h_vs_4h"
"ENSMUSG00000031848",-0.184810279791382,0.00849820484872197,0.0406862382339327,"24h_vs_4h"
"ENSMUSG00000024955",2.11543293446963,0.00849913115285726,0.0406862382339327,"24h_vs_4h"
"ENSMUSG00000066036",0.548651778564476,0.00850162135743446,0.0406862382339327,"24h_vs_4h"
"ENSMUSG00000041959",-0.381814463499648,0.00850518954219906,0.0406862382339327,"24h_vs_4h"
"ENSMUSG00000029718",-1.6592220155782,0.0085299140888268,0.0407221053962904,"24h_vs_4h"
"ENSMUSG00000028964",0.244845247765912,0.00853119317777319,0.0407221053962904,"24h_vs_4h"
"ENSMUSG00000055932",1.92299323479028,0.00854240136184666,0.0407314283786426,"24h_vs_4h"
"ENSMUSG00000055053",0.250340164052336,0.00861999834168908,0.0410569401534347,"24h_vs_4h"
"ENSMUSG00000038069",0.18723546721569,0.00863182450182504,0.0410688212243589,"24h_vs_4h"
"ENSMUSG00000027710",-0.154420645405793,0.00865694823715025,0.0411438760169527,"24h_vs_4h"
"ENSMUSG00000022110",-0.173005977499756,0.00870863272171303,0.0413407404284439,"24h_vs_4h"
"ENSMUSG00000025508",0.185659194466062,0.00872491631285113,0.0413407404284439,"24h_vs_4h"
"ENSMUSG00000031146",2.48034013340797,0.00872655029721072,0.0413407404284439,"24h_vs_4h"
"ENSMUSG00000022769",-0.312559743004492,0.0087881075340091,0.0415875927496495,"24h_vs_4h"
"ENSMUSG00000025001",0.0970167758680347,0.00889423768210306,0.0419955037193067,"24h_vs_4h"
"ENSMUSG00000000088",-0.199476732794935,0.00889625174662229,0.0419955037193067,"24h_vs_4h"
"ENSMUSG00000061559",0.242201928706177,0.0089029322813254,0.0419955037193067,"24h_vs_4h"
"ENSMUSG00000020089",0.393167857632076,0.00897987588748683,0.0422891554266259,"24h_vs_4h"
"ENSMUSG00000001289",0.396585150851873,0.00898440361824476,0.0422891554266259,"24h_vs_4h"
"ENSMUSG00000020814",1.92770595646947,0.00919369461632866,0.0432280448786992,"24h_vs_4h"
"ENSMUSG00000115338",0.196478019059004,0.00930684790764591,0.0437133806206507,"24h_vs_4h"
"ENSMUSG00000056310",-0.216806741732015,0.00941308314828806,0.044165222745859,"24h_vs_4h"
"ENSMUSG00000018362",0.193292721446046,0.00942787145449999,0.0441874997563945,"24h_vs_4h"
"ENSMUSG00000029427",0.394817829050577,0.00947326872764967,0.0443530379472194,"24h_vs_4h"
"ENSMUSG00000024812",2.26248725508677,0.00954349824015524,0.0446343631827027,"24h_vs_4h"
"ENSMUSG00000040562",0.186452266063888,0.00956849679382096,0.0447037732373737,"24h_vs_4h"
"ENSMUSG00000020198",0.162431672944901,0.00963800948695894,0.0449807844667087,"24h_vs_4h"
"ENSMUSG00000029840",0.448690430871942,0.0096612202462822,0.0450413456608982,"24h_vs_4h"
"ENSMUSG00000042487",2.42573257322503,0.00970907133820233,0.0452165322321994,"24h_vs_4h"
"ENSMUSG00000015027",-2.2458327243778,0.00972811886991657,0.0452573479349924,"24h_vs_4h"
"ENSMUSG00000019471",0.28762897224264,0.00988758170101085,0.0459506304816777,"24h_vs_4h"
"ENSMUSG00000032126",0.387576513059663,0.00991446803094343,0.0460269765866899,"24h_vs_4h"
"ENSMUSG00000029311",-0.369254923141547,0.00996484224396731,0.0462120871609063,"24h_vs_4h"
"ENSMUSG00000065979",2.43595513957404,0.00998870683471537,0.0462739987153498,"24h_vs_4h"
"ENSMUSG00000008892",-0.15443295433613,0.010004172728897,0.0462969129125927,"24h_vs_4h"
"ENSMUSG00000031078",0.227687000870809,0.0100430639329525,0.0464280718160964,"24h_vs_4h"
"ENSMUSG00000016194",1.81861235215403,0.0101814578839821,0.0470184639532058,"24h_vs_4h"
"ENSMUSG00000034903",1.42795317544776,0.0102392050013731,0.0472355777893533,"24h_vs_4h"
"ENSMUSG00000027746",0.281410997619506,0.0103136651987398,0.047529257109585,"24h_vs_4h"
"ENSMUSG00000039367",0.334116584375973,0.0104257240346477,0.0479954094942307,"24h_vs_4h"
"ENSMUSG00000029575",-0.201885619131883,0.0105873586842742,0.0486885742627906,"24h_vs_4h"
"ENSMUSG00000021520",-0.364871246625103,0.0107001462963759,0.0491558912842903,"24h_vs_4h"
"ENSMUSG00000021242",-0.350088425187984,0.0107405031727883,0.0492898378138074,"24h_vs_4h"
"ENSMUSG00000047879",0.326729763531795,0.0108381137757278,0.0496859778406022,"24h_vs_4h"
"ENSMUSG00000037286",0.198728360611785,0.0108582636619621,0.0497265539815768,"24h_vs_4h"
"ENSMUSG00000058704",0.324635986708852,0.0108754075806517,0.0497532939318587,"24h_vs_4h"
"ENSMUSG00000030286",-0.238067801599556,0.0109083212236792,0.049852047461487,"24h_vs_4h"
"ENSMUSG00000035851",0.29178946690751,0.0110726863246027,0.0505435318126044,"24h_vs_4h"
"ENSMUSG00000059714",-0.249628782641665,0.0110825967278262,0.0505435318126044,"24h_vs_4h"
"ENSMUSG00000039168",0.412976941978489,0.0111544393893229,0.0507702781532734,"24h_vs_4h"
"ENSMUSG00000027206",0.233337914574104,0.0111553871788719,0.0507702781532734,"24h_vs_4h"
"ENSMUSG00000005142",-0.262006157989568,0.0112543025782623,0.0511675471559218,"24h_vs_4h"
"ENSMUSG00000018585",0.310037238248789,0.0113724726648352,0.0516514470566974,"24h_vs_4h"
"ENSMUSG00000040028",0.0878004861968833,0.0114656578227387,0.0520209897710033,"24h_vs_4h"
"ENSMUSG00000021938",0.168392371049819,0.0115270454608682,0.0522456509508557,"24h_vs_4h"
"ENSMUSG00000028953",-0.166342678791157,0.0116025898458103,0.0525339484685298,"24h_vs_4h"
"ENSMUSG00000038936",-0.238927280072364,0.0116481191124006,0.0526445148239847,"24h_vs_4h"
"ENSMUSG00000024661",-0.201013793162076,0.011650933296651,0.0526445148239847,"24h_vs_4h"
"ENSMUSG00000063358",0.216475008663338,0.0117141478187564,0.0528285898710825,"24h_vs_4h"
"ENSMUSG00000025041",0.515371188800994,0.0117156790988813,0.0528285898710825,"24h_vs_4h"
"ENSMUSG00000026219",0.205585098643592,0.0117570333868644,0.0529608023905734,"24h_vs_4h"
"ENSMUSG00000024835",0.24251413534769,0.0118801801750011,0.0534469618403821,"24h_vs_4h"
"ENSMUSG00000020954",2.53987504135331,0.011889246907915,0.0534469618403821,"24h_vs_4h"
"ENSMUSG00000024082",-0.302832839511563,0.0119624537427647,0.0537211825733747,"24h_vs_4h"
"ENSMUSG00000028416",2.68820279301564,0.0120800612781465,0.0541940363762721,"24h_vs_4h"
"ENSMUSG00000052911",-0.297369980695979,0.0121511210870467,0.0544573155846158,"24h_vs_4h"
"ENSMUSG00000040681",0.300181732347724,0.0123123550054021,0.0551150167711404,"24h_vs_4h"
"ENSMUSG00000030611",-0.32243808832796,0.0123229212685304,0.0551150167711404,"24h_vs_4h"
"ENSMUSG00000063445",-0.297079126126228,0.0125938309746593,0.0562694925070816,"24h_vs_4h"
"ENSMUSG00000003235",2.1933371674221,0.0126710263644511,0.0565569848173926,"24h_vs_4h"
"ENSMUSG00000002741",3.10933606618491,0.0127700954255016,0.0569414285386347,"24h_vs_4h"
"ENSMUSG00000026623",0.363493241300802,0.0128071321042016,0.0570487736746873,"24h_vs_4h"
"ENSMUSG00000066839",-0.14812243688176,0.0128266793961175,0.057078074845615,"24h_vs_4h"
"ENSMUSG00000030216",0.25840536956462,0.0128412086163225,0.057085009212561,"24h_vs_4h"
"ENSMUSG00000052962",-0.303085929843085,0.0129937076698791,0.0577046492988273,"24h_vs_4h"
"ENSMUSG00000003355",-2.67188575661142,0.013013820796801,0.05773571101484,"24h_vs_4h"
"ENSMUSG00000025372",1.54618741584732,0.0130488618945923,0.0578328712971809,"24h_vs_4h"
"ENSMUSG00000028156",0.387448719399739,0.0130776619367028,0.0579022034038523,"24h_vs_4h"
"ENSMUSG00000020745",0.232845656818068,0.0131327376043272,0.0580876162780342,"24h_vs_4h"
"ENSMUSG00000057363",-0.340646970224437,0.0132936121282805,0.0587401475668296,"24h_vs_4h"
"ENSMUSG00000028229",0.271941084236847,0.013339110327248,0.0588820707625061,"24h_vs_4h"
"ENSMUSG00000002372",0.274352695147485,0.0134861034058926,0.059444242302549,"24h_vs_4h"
"ENSMUSG00000031634",0.241524143073431,0.0134934783140755,0.059444242302549,"24h_vs_4h"
"ENSMUSG00000024978",2.80180682840631,0.0136361463417469,0.0600126800500279,"24h_vs_4h"
"ENSMUSG00000029484",-0.298644869118288,0.0137246867617016,0.0603151000716109,"24h_vs_4h"
"ENSMUSG00000038991",-0.123609635010336,0.0137322722726094,0.0603151000716109,"24h_vs_4h"
"ENSMUSG00000052146",0.312434714791436,0.0137876437811358,0.0604979265012748,"24h_vs_4h"
"ENSMUSG00000070780",2.11329817660587,0.01381482210258,0.0605568048540382,"24h_vs_4h"
"ENSMUSG00000033953",2.75791929549101,0.0138669363012362,0.060724762847503,"24h_vs_4h"
"ENSMUSG00000031207",0.203317470344185,0.0138820976242221,0.0607307272805183,"24h_vs_4h"
"ENSMUSG00000001017",0.317804944562706,0.0140622960237173,0.0612779160466729,"24h_vs_4h"
"ENSMUSG00000021018",3.57984360492235,0.014074880172907,0.0612779160466729,"24h_vs_4h"
"ENSMUSG00000035297",0.157299452226663,0.0140783650553267,0.0612779160466729,"24h_vs_4h"
"ENSMUSG00000015806",0.196984859967216,0.0140784158791454,0.0612779160466729,"24h_vs_4h"
"ENSMUSG00000015889",0.275626693547931,0.0140809900276924,0.0612779160466729,"24h_vs_4h"
"ENSMUSG00000037742",0.150405323501225,0.0140907182547678,0.0612779160466729,"24h_vs_4h"
"ENSMUSG00000038429",0.218110468282415,0.0141870993691978,0.0616361543177093,"24h_vs_4h"
"ENSMUSG00000028478",0.21632275701328,0.0142721015350338,0.0619442986742443,"24h_vs_4h"
"ENSMUSG00000029227",0.197613322248884,0.0144084349502383,0.0624744061241368,"24h_vs_4h"
"ENSMUSG00000008540",-0.24991867408098,0.0145902569267751,0.0630975780599616,"24h_vs_4h"
"ENSMUSG00000032459",-0.139688960284676,0.0146219489650525,0.0630975780599616,"24h_vs_4h"
"ENSMUSG00000029414",-1.77674879507485,0.0146440868325488,0.0630975780599616,"24h_vs_4h"
"ENSMUSG00000028261",-2.36708398695574,0.0146549741899582,0.0630975780599616,"24h_vs_4h"
"ENSMUSG00000029763",1.47405603417381,0.0146703154623171,0.0630975780599616,"24h_vs_4h"
"ENSMUSG00000068196",-1.90053544109501,0.0146821837787514,0.0630975780599616,"24h_vs_4h"
"ENSMUSG00000021096",1.67087194295883,0.0146834375479977,0.0630975780599616,"24h_vs_4h"
"ENSMUSG00000006058",1.99282031961459,0.0146971658353946,0.0630975780599616,"24h_vs_4h"
"ENSMUSG00000041921",-1.80088119906426,0.0146989324010497,0.0630975780599616,"24h_vs_4h"
"ENSMUSG00000020608",1.35652456338844,0.0147016011660961,0.0630975780599616,"24h_vs_4h"
"ENSMUSG00000000759",1.85371195853117,0.0147260925136756,0.0630975780599616,"24h_vs_4h"
"ENSMUSG00000034203",0.60824988812703,0.0147261035275112,0.0630975780599616,"24h_vs_4h"
"ENSMUSG00000063694",0.234795278302492,0.014738539024231,0.0630975780599616,"24h_vs_4h"
"ENSMUSG00000003031",1.42030748346919,0.0147721780861922,0.0631249320799072,"24h_vs_4h"
"ENSMUSG00000022808",1.56508183104093,0.0147762550676244,0.0631249320799072,"24h_vs_4h"
"ENSMUSG00000002326",-1.31650611379254,0.0147961515790002,0.0631249320799072,"24h_vs_4h"
"ENSMUSG00000027201",0.212043233294054,0.0148090783649321,0.0631249320799072,"24h_vs_4h"
"ENSMUSG00000029287",1.42049370177572,0.0148228324341216,0.0631249320799072,"24h_vs_4h"
"ENSMUSG00000042590",1.55681193699364,0.0148432200406685,0.0631249320799072,"24h_vs_4h"
"ENSMUSG00000036932",-0.176872991011791,0.0148467421309099,0.0631249320799072,"24h_vs_4h"
"ENSMUSG00000039246",1.86099222757113,0.0148614204051624,0.0631249320799072,"24h_vs_4h"
"ENSMUSG00000032456",-2.19430263364103,0.0148833433407642,0.0631249320799072,"24h_vs_4h"
"ENSMUSG00000070284",1.48987331292557,0.0148883616221185,0.0631249320799072,"24h_vs_4h"
"ENSMUSG00000027599",-0.22480017496521,0.0150672449881997,0.0638218914273984,"24h_vs_4h"
"ENSMUSG00000021794",-0.0992463038976297,0.0151366294537885,0.0640541406020417,"24h_vs_4h"
"ENSMUSG00000052299",1.69412605807372,0.0151640305985993,0.0641084521272196,"24h_vs_4h"
"ENSMUSG00000034667",1.88078351564651,0.0152221348121047,0.0642923371478626,"24h_vs_4h"
"ENSMUSG00000024644",0.218589874089002,0.0152902920907812,0.0644918790824864,"24h_vs_4h"
"ENSMUSG00000039318",2.26578313423279,0.0153118918777673,0.0644918790824864,"24h_vs_4h"
"ENSMUSG00000029202",0.133893354753525,0.0153195360977923,0.0644918790824864,"24h_vs_4h"
"ENSMUSG00000046324",0.183215824182355,0.0153279948921338,0.0644918790824864,"24h_vs_4h"
"ENSMUSG00000029730",-0.109805381562602,0.0153681484832227,0.064551283301927,"24h_vs_4h"
"ENSMUSG00000063171",0.321395692831441,0.0153714485117972,0.064551283301927,"24h_vs_4h"
"ENSMUSG00000006289",1.85435452709855,0.0153956344662235,0.0645912176223543,"24h_vs_4h"
"ENSMUSG00000034160",-0.180042146904832,0.0154123244525005,0.0645996570623378,"24h_vs_4h"
"ENSMUSG00000031921",1.94887841511767,0.0155434168612259,0.064963461561707,"24h_vs_4h"
"ENSMUSG00000020483",0.25006067603691,0.0155468665566324,0.064963461561707,"24h_vs_4h"
"ENSMUSG00000029014",1.361418280827,0.015550836845769,0.064963461561707,"24h_vs_4h"
"ENSMUSG00000024646",-0.153426437320196,0.0155581659818312,0.064963461561707,"24h_vs_4h"
"ENSMUSG00000000001",-0.234875431344243,0.015630954688411,0.0651939175068802,"24h_vs_4h"
"ENSMUSG00000005198",-0.16649763258064,0.0156447948814972,0.0651939175068802,"24h_vs_4h"
"ENSMUSG00000036257",-0.269598218570277,0.0156577984105368,0.0651939175068802,"24h_vs_4h"
"ENSMUSG00000026837",-1.89763362376755,0.0156786848814176,0.0652191797382978,"24h_vs_4h"
"ENSMUSG00000030546",0.167893123147152,0.0157758392553339,0.065506321994818,"24h_vs_4h"
"ENSMUSG00000027715",2.91959633891967,0.0157774826890495,0.065506321994818,"24h_vs_4h"
"ENSMUSG00000046573",-0.264134816299169,0.0158072355314767,0.0655679958284911,"24h_vs_4h"
"ENSMUSG00000109865",-0.284672656991695,0.0160060979141316,0.0663303549153421,"24h_vs_4h"
"ENSMUSG00000024370",0.277099638535073,0.016072058283509,0.0665410428087704,"24h_vs_4h"
"ENSMUSG00000027823",0.17367498385287,0.0161621481708602,0.066851141071387,"24h_vs_4h"
"ENSMUSG00000040688",-0.289537075146633,0.0161797451158004,0.0668610875630402,"24h_vs_4h"
"ENSMUSG00000031996",-0.320336652023606,0.0162619311086016,0.0671376724286639,"24h_vs_4h"
"ENSMUSG00000031657",2.09806659295838,0.01627784385507,0.0671403850104623,"24h_vs_4h"
"ENSMUSG00000032959",0.254842463987792,0.0163387657578641,0.067295539075276,"24h_vs_4h"
"ENSMUSG00000026626",1.77885038853503,0.0163460420975846,0.067295539075276,"24h_vs_4h"
"ENSMUSG00000031119",2.08005596869148,0.0163762916409422,0.0672985525752058,"24h_vs_4h"
"ENSMUSG00000037070",0.16122397621789,0.0163773573751523,0.0672985525752058,"24h_vs_4h"
"ENSMUSG00000020257",0.30609591410936,0.0165244405919182,0.06783961104947,"24h_vs_4h"
"ENSMUSG00000031004",0.169750390267431,0.0166243108037089,0.0681860129050538,"24h_vs_4h"
"ENSMUSG00000034189",-2.55042839553766,0.0166808393255405,0.0683541656161117,"24h_vs_4h"
"ENSMUSG00000022789",0.294401246306638,0.0167048954925205,0.0683599053956856,"24h_vs_4h"
"ENSMUSG00000052997",0.200724948821552,0.0167133056591133,0.0683599053956856,"24h_vs_4h"
"ENSMUSG00000024164",-1.3963018046239,0.0167534985487716,0.0684606751282672,"24h_vs_4h"
"ENSMUSG00000024937",2.7871233388591,0.0168692893036621,0.06886989074714,"24h_vs_4h"
"ENSMUSG00000026864",-0.132435137400023,0.0169704305929891,0.0691844996144874,"24h_vs_4h"
"ENSMUSG00000024639",-0.156441479978596,0.0169777913164386,0.0691844996144874,"24h_vs_4h"
"ENSMUSG00000037958",1.2720119841363,0.0170482537262381,0.0694073678530749,"24h_vs_4h"
"ENSMUSG00000023272",-0.338615664871686,0.0170725909677141,0.069442211505462,"24h_vs_4h"
"ENSMUSG00000032116",0.402228223530862,0.0171124097480842,0.0695399033253173,"24h_vs_4h"
"ENSMUSG00000028247",-0.230552644824101,0.0172148009626482,0.0698739320305214,"24h_vs_4h"
"ENSMUSG00000029622",0.152418844420367,0.0172263613390402,0.0698739320305214,"24h_vs_4h"
"ENSMUSG00000037815",-0.165324097821202,0.0173023670279016,0.0701176033976011,"24h_vs_4h"
"ENSMUSG00000028107",-0.148853928591155,0.0173942784115865,0.0703647006916478,"24h_vs_4h"
"ENSMUSG00000057236",0.188982304550034,0.0173953179623978,0.0703647006916478,"24h_vs_4h"
"ENSMUSG00000029141",2.70656910436265,0.0174316337794918,0.0704468505634007,"24h_vs_4h"
"ENSMUSG00000004455",0.320081704162536,0.0174514442285446,0.0704622073851602,"24h_vs_4h"
"ENSMUSG00000028433",2.8009313414216,0.017581423762611,0.0709219486519257,"24h_vs_4h"
"ENSMUSG00000021809",-1.79337953600643,0.0177384209353016,0.071489734923317,"24h_vs_4h"
"ENSMUSG00000031584",0.131479805364325,0.017866285728663,0.0719391797729605,"24h_vs_4h"
"ENSMUSG00000021843",0.22005195374776,0.0180080613256903,0.0724437640716297,"24h_vs_4h"
"ENSMUSG00000074088",0.14385010920665,0.0180971864959469,0.0727358153138467,"24h_vs_4h"
"ENSMUSG00000014313",-0.212189270511878,0.0181593773301654,0.0729191784945785,"24h_vs_4h"
"ENSMUSG00000007080",-2.03153475843176,0.018199857528768,0.0730151075516024,"24h_vs_4h"
"ENSMUSG00000025047",-0.162565181029574,0.0182238287516818,0.0730446906522327,"24h_vs_4h"
"ENSMUSG00000030512",0.120717887322868,0.01840664851025,0.0737103367548776,"24h_vs_4h"
"ENSMUSG00000027706",-0.230316092274442,0.0184305107643276,0.0737387980670961,"24h_vs_4h"
"ENSMUSG00000019883",0.247154219426037,0.0184736183218469,0.0738441364527234,"24h_vs_4h"
"ENSMUSG00000030122",0.402205492378151,0.0185429161001673,0.0740538781822472,"24h_vs_4h"
"ENSMUSG00000033128",0.245113243274837,0.018572220836231,0.074103666274028,"24h_vs_4h"
"ENSMUSG00000038372",0.32207821194477,0.0187140361993711,0.0746018780012974,"24h_vs_4h"
"ENSMUSG00000024908",1.30346503514794,0.018774050567069,0.0747733905390685,"24h_vs_4h"
"ENSMUSG00000001525",-0.161082888159903,0.018812802542522,0.0748599855240862,"24h_vs_4h"
"ENSMUSG00000038387",0.249434018680052,0.0188697668423286,0.075018829153648,"24h_vs_4h"
"ENSMUSG00000003123",-0.165286818408152,0.0189911258982364,0.0754331634279228,"24h_vs_4h"
"ENSMUSG00000001285",0.236399380431237,0.0190274520609604,0.0755093025430898,"24h_vs_4h"
"ENSMUSG00000032231",-0.204684692512132,0.0191960316485252,0.0761096714280717,"24h_vs_4h"
"ENSMUSG00000028048",-0.170272976498165,0.0193601282424279,0.0766912010755402,"24h_vs_4h"
"ENSMUSG00000025825",-0.201378596840303,0.0193915263488289,0.076746499515464,"24h_vs_4h"
"ENSMUSG00000053768",-0.225218573602596,0.0197631382188397,0.0781469643316382,"24h_vs_4h"
"ENSMUSG00000003731",0.236933587869192,0.0199584518117965,0.0788484258740723,"24h_vs_4h"
"ENSMUSG00000022565",-0.181540666921034,0.0199817211803343,0.0788695559772659,"24h_vs_4h"
"ENSMUSG00000001829",0.261434475334724,0.0200663824229324,0.079132750038822,"24h_vs_4h"
"ENSMUSG00000027642",-0.19652683845322,0.0202364392872821,0.0797319331274202,"24h_vs_4h"
"ENSMUSG00000024073",1.60967866598606,0.0202558631319548,0.0797370783933212,"24h_vs_4h"
"ENSMUSG00000015120",0.349409918128014,0.0203106147020507,0.0798811575547142,"24h_vs_4h"
"ENSMUSG00000015932",0.168672769002374,0.0204401679789168,0.0803189100671543,"24h_vs_4h"
"ENSMUSG00000025200",2.59230879982134,0.0204696204598014,0.0803628899585958,"24h_vs_4h"
"ENSMUSG00000024454",1.8959937266177,0.0206283297093362,0.0808971759780835,"24h_vs_4h"
"ENSMUSG00000003299",-0.27659041975522,0.0206424741248325,0.0808971759780835,"24h_vs_4h"
"ENSMUSG00000026701",0.208292517914579,0.0208864398953009,0.0817804466007289,"24h_vs_4h"
"ENSMUSG00000003464",1.83263668025619,0.0210632478816781,0.0823408682665374,"24h_vs_4h"
"ENSMUSG00000027613",0.174843714127533,0.0210669887907569,0.0823408682665374,"24h_vs_4h"
"ENSMUSG00000028973",-0.267375768206342,0.0211760676859669,0.0826937656485716,"24h_vs_4h"
"ENSMUSG00000020544",-0.33796221032302,0.0212640168186901,0.0829635975346233,"24h_vs_4h"
"ENSMUSG00000018893",0.439318322166155,0.0213737447217007,0.0833178481135559,"24h_vs_4h"
"ENSMUSG00000052681",-0.257145549383416,0.021452246964103,0.0835498574239092,"24h_vs_4h"
"ENSMUSG00000014633",-0.316550970983826,0.021546712272102,0.0838435726874632,"24h_vs_4h"
"ENSMUSG00000090877",0.198815503343894,0.0216170142647849,0.0840428266601754,"24h_vs_4h"
"ENSMUSG00000032966",0.225785359317328,0.0216490615550835,0.0840931331896933,"24h_vs_4h"
"ENSMUSG00000026181",2.05780049365253,0.0217278347258912,0.0843246919123874,"24h_vs_4h"
"ENSMUSG00000022136",-0.110866862938053,0.0219020228068553,0.0849258170686962,"24h_vs_4h"
"ENSMUSG00000044792",1.85321568565592,0.0219856261116397,0.0851749476384915,"24h_vs_4h"
"ENSMUSG00000032412",0.371770957071544,0.0221462710337439,0.0857218459274468,"24h_vs_4h"
"ENSMUSG00000032253",0.241310366584109,0.0221946231237448,0.0858335117465736,"24h_vs_4h"
"ENSMUSG00000068290",1.79275750451185,0.0222607498486579,0.0860136611799328,"24h_vs_4h"
"ENSMUSG00000060679",-0.163338613571366,0.0226778214665772,0.0875483265564967,"24h_vs_4h"
"ENSMUSG00000025580",-0.0918492835996574,0.022819791097302,0.0880191942324506,"24h_vs_4h"
"ENSMUSG00000079104",0.208007886782489,0.0229380908514619,0.0883007342051653,"24h_vs_4h"
"ENSMUSG00000057322",0.264847677930923,0.0229422951975104,0.0883007342051653,"24h_vs_4h"
"ENSMUSG00000005667",0.237761503539314,0.0229529743082729,0.0883007342051653,"24h_vs_4h"
"ENSMUSG00000022620",-0.298801853503129,0.0230433719161129,0.0885127821705449,"24h_vs_4h"
"ENSMUSG00000039768",-0.193897777372946,0.0230483181930117,0.0885127821705449,"24h_vs_4h"
"ENSMUSG00000032553",-0.201027665565448,0.0233211432098225,0.0894824335365552,"24h_vs_4h"
"ENSMUSG00000015165",0.130653115145453,0.0234730277381384,0.0899867552922885,"24h_vs_4h"
"ENSMUSG00000002455",-0.112473099314119,0.0235116872755823,0.0900565149693973,"24h_vs_4h"
"ENSMUSG00000028032",0.126384930179714,0.0235328993253064,0.0900593825484116,"24h_vs_4h"
"ENSMUSG00000025374",2.0651346374671,0.0235725452993571,0.0901327296806869,"24h_vs_4h"
"ENSMUSG00000076435",-0.0960520753971217,0.0239688971619809,0.0915258889218696,"24h_vs_4h"
"ENSMUSG00000032187",0.144916397635701,0.0239784935075927,0.0915258889218696,"24h_vs_4h"
"ENSMUSG00000047459",0.287919275012584,0.0243569632511364,0.0928899439066303,"24h_vs_4h"
"ENSMUSG00000018322",-0.185292123903238,0.0244583674885935,0.0931959093656278,"24h_vs_4h"
"ENSMUSG00000022707",0.316777008768305,0.0245588774705127,0.0934979409582407,"24h_vs_4h"
"ENSMUSG00000019179",-0.127834083803549,0.024676654832483,0.0938651321674655,"24h_vs_4h"
"ENSMUSG00000054766",0.253138973488621,0.0248687948896035,0.0944399492284524,"24h_vs_4h"
"ENSMUSG00000029486",-0.177400371150366,0.0248706887425077,0.0944399492284524,"24h_vs_4h"
"ENSMUSG00000027176",0.138021172559785,0.0249868490556467,0.0947992437016389,"24h_vs_4h"
"ENSMUSG00000063334",-2.54614403334362,0.0250463375446976,0.0949430934833887,"24h_vs_4h"
"ENSMUSG00000061474",-0.200324372746277,0.0250736790627982,0.0949649410975688,"24h_vs_4h"
"ENSMUSG00000068823",0.137048833267588,0.0251587244914797,0.0952051130584713,"24h_vs_4h"
"ENSMUSG00000018669",-0.257733593609085,0.0251835848900319,0.0952173170971052,"24h_vs_4h"
"ENSMUSG00000036199",0.212845638840847,0.0252067263730111,0.0952230066674865,"24h_vs_4h"
"ENSMUSG00000027433",0.142714513206858,0.025361640205008,0.0957003088595987,"24h_vs_4h"
"ENSMUSG00000026670",1.96798508394467,0.0253897951947951,0.0957003088595987,"24h_vs_4h"
"ENSMUSG00000029390",2.41696809529605,0.0254026311492622,0.0957003088595987,"24h_vs_4h"
"ENSMUSG00000026361",1.21512810499256,0.025420054773204,0.0957003088595987,"24h_vs_4h"
"ENSMUSG00000027649",0.211587683956665,0.0255902046370528,0.096258538980914,"24h_vs_4h"
"ENSMUSG00000056201",0.190070459685547,0.0256445589813236,0.0963045487621887,"24h_vs_4h"
"ENSMUSG00000018433",-2.12033382568722,0.0256462011245819,0.0963045487621887,"24h_vs_4h"
"ENSMUSG00000029826",0.448174060903384,0.0258433721538699,0.0969622172627292,"24h_vs_4h"
"ENSMUSG00000006494",-0.248545393709925,0.0260028768833585,0.0974775648753499,"24h_vs_4h"
"ENSMUSG00000029119",-0.15957408779979,0.0260740569629372,0.0976612125054354,"24h_vs_4h"
"ENSMUSG00000021072",0.271385406005393,0.0261781650825556,0.0979677759594618,"24h_vs_4h"
"ENSMUSG00000054079",-1.77198114074775,0.0263971983993212,0.0987035430377336,"24h_vs_4h"
"ENSMUSG00000016921",0.209646299416185,0.0265740387298045,0.0992804282256956,"24h_vs_4h"
"ENSMUSG00000037370",-1.55592507883643,0.0266522243040404,0.0994880739288226,"24h_vs_4h"
"ENSMUSG00000022437",-0.152204692305869,0.0266787983944502,0.0995028743508266,"24h_vs_4h"
"ENSMUSG00000005470",2.28356413623439,0.026912699105037,0.100290252973131,"24h_vs_4h"
"ENSMUSG00000016495",0.346373083579241,0.0269532481059462,0.100356383176201,"24h_vs_4h"
"ENSMUSG00000030647",-0.212177335418708,0.027047270986686,0.100621335259852,"24h_vs_4h"
"ENSMUSG00000028641",-0.246611897905304,0.0270816324226729,0.100664074571101,"24h_vs_4h"
"ENSMUSG00000020153",-0.200480861836638,0.0271632315304318,0.100882178873781,"24h_vs_4h"
"ENSMUSG00000116933",-0.202393468630508,0.0273234679657547,0.101364267145282,"24h_vs_4h"
"ENSMUSG00000021773",-0.167728967897663,0.0273476805659053,0.101364267145282,"24h_vs_4h"
"ENSMUSG00000005514",-0.100764142895446,0.0273959271872754,0.101364267145282,"24h_vs_4h"
"ENSMUSG00000015671",0.235625147087063,0.0274014088444847,0.101364267145282,"24h_vs_4h"
"ENSMUSG00000062515",0.225450278187658,0.0274081976602784,0.101364267145282,"24h_vs_4h"
"ENSMUSG00000025940",-3.15299325533169,0.0274696341753348,0.101506179685683,"24h_vs_4h"
"ENSMUSG00000091625",0.166992852299735,0.0276520177626089,0.102081126667257,"24h_vs_4h"
"ENSMUSG00000066551",0.184863360613537,0.0276716164767185,0.102081126667257,"24h_vs_4h"
"ENSMUSG00000020708",0.110279077168975,0.0277355910369783,0.102231437314691,"24h_vs_4h"
"ENSMUSG00000020180",-0.144041061233057,0.0278914539793786,0.102646457879879,"24h_vs_4h"
"ENSMUSG00000039253",1.7931327270507,0.027894833816027,0.102646457879879,"24h_vs_4h"
"ENSMUSG00000020189",0.157703656217379,0.028203621288923,0.10369602112995,"24h_vs_4h"
"ENSMUSG00000031403",0.140075444059434,0.0284081490600679,0.104360821380099,"24h_vs_4h"
"ENSMUSG00000028207",-0.160976351534099,0.0285495653288876,0.10479285822555,"24h_vs_4h"
"ENSMUSG00000005625",2.32434994905066,0.0286298848865149,0.104993241763831,"24h_vs_4h"
"ENSMUSG00000019998",2.04412860707438,0.0286518707926292,0.104993241763831,"24h_vs_4h"
"ENSMUSG00000056737",-0.31922712275464,0.028772592806025,0.105347904275637,"24h_vs_4h"
"ENSMUSG00000045427",-0.191624835801846,0.0288567050255903,0.105568045567434,"24h_vs_4h"
"ENSMUSG00000034211",-0.196976144958779,0.0293131079472975,0.107148661192738,"24h_vs_4h"
"ENSMUSG00000020085",-0.165252997021415,0.0293913920814239,0.107345656888254,"24h_vs_4h"
"ENSMUSG00000042032",0.436378409594987,0.0294252703798334,0.107380277729392,"24h_vs_4h"
"ENSMUSG00000002064",-0.184117381725134,0.0297071039925498,0.108318943389571,"24h_vs_4h"
"ENSMUSG00000048126",-0.146497399741644,0.0297908352369192,0.108534326057683,"24h_vs_4h"
"ENSMUSG00000027185",-0.182906657141636,0.0298837844279467,0.108777153189145,"24h_vs_4h"
"ENSMUSG00000004070",0.140368949584609,0.0299213784049837,0.108777153189145,"24h_vs_4h"
"ENSMUSG00000067288",0.234683624406621,0.0299316365626119,0.108777153189145,"24h_vs_4h"
"ENSMUSG00000014956",0.36841128143416,0.029973744017639,0.108840303153159,"24h_vs_4h"
"ENSMUSG00000022255",0.221545603961683,0.0300103826373415,0.108883506996653,"24h_vs_4h"
"ENSMUSG00000020738",-0.91500622884454,0.0301415206765443,0.109258996920586,"24h_vs_4h"
"ENSMUSG00000013629",-0.14830218045525,0.0301674107220885,0.109258996920586,"24h_vs_4h"
"ENSMUSG00000032437",0.307817003845635,0.0301883527051653,0.109258996920586,"24h_vs_4h"
"ENSMUSG00000094724",2.04224966266351,0.0303107028855536,0.109577114735105,"24h_vs_4h"
"ENSMUSG00000007880",2.04521892831571,0.0303260453868116,0.109577114735105,"24h_vs_4h"
"ENSMUSG00000020841",-0.139612729479705,0.030491178837261,0.110083411044123,"24h_vs_4h"
"ENSMUSG00000020570",3.01374485465643,0.0305491854139956,0.110202430333602,"24h_vs_4h"
"ENSMUSG00000057388",-0.258279327504201,0.0307384295371797,0.110794290248262,"24h_vs_4h"
"ENSMUSG00000049038",-0.232227800949605,0.0307886286768152,0.110884414735404,"24h_vs_4h"
"ENSMUSG00000020238",-0.131949844601444,0.0309057235693155,0.111215118093669,"24h_vs_4h"
"ENSMUSG00000014606",-0.185951418153795,0.0310884106469976,0.111696778331014,"24h_vs_4h"
"ENSMUSG00000026784",1.53007160315046,0.0310903325279465,0.111696778331014,"24h_vs_4h"
"ENSMUSG00000029507",-0.231754767751973,0.0311393325250312,0.111781568060899,"24h_vs_4h"
"ENSMUSG00000033751",-0.170353301146264,0.0314346347024009,0.112708030421713,"24h_vs_4h"
"ENSMUSG00000052459",-0.0751520909654211,0.0314486392542293,0.112708030421713,"24h_vs_4h"
"ENSMUSG00000024742",-0.0914006128691582,0.0315062591710374,0.112788796741802,"24h_vs_4h"
"ENSMUSG00000021079",-0.168827671081036,0.0315224312638983,0.112788796741802,"24h_vs_4h"
"ENSMUSG00000039640",-0.129924385297155,0.0318487533682219,0.113756843400335,"24h_vs_4h"
"ENSMUSG00000020315",0.0898313622270308,0.0318593696573356,0.113756843400335,"24h_vs_4h"
"ENSMUSG00000057181",1.88618549965436,0.0318922008614889,0.113756843400335,"24h_vs_4h"
"ENSMUSG00000033400",1.71065703146941,0.031896374632132,0.113756843400335,"24h_vs_4h"
"ENSMUSG00000038446",-0.181447779445207,0.032004866196983,0.114051349095483,"24h_vs_4h"
"ENSMUSG00000078656",0.315777429106024,0.032197372306229,0.11464452711951,"24h_vs_4h"
"ENSMUSG00000037935",0.172008879587214,0.0322518097348103,0.114745525176152,"24h_vs_4h"
"ENSMUSG00000021906",-0.237448524738724,0.0324687370400792,0.115423999768488,"24h_vs_4h"
"ENSMUSG00000007655",0.263298003977884,0.0324992411034494,0.115439192975207,"24h_vs_4h"
"ENSMUSG00000004980",0.144286472773054,0.0325358836041092,0.115476148178778,"24h_vs_4h"
"ENSMUSG00000055322",0.346877946246398,0.032582820954612,0.115549552797137,"24h_vs_4h"
"ENSMUSG00000021583",-0.180697024391019,0.0331441123686789,0.117386074792745,"24h_vs_4h"
"ENSMUSG00000025545",-0.170003096543859,0.0331540311218773,0.117386074792745,"24h_vs_4h"
"ENSMUSG00000022636",1.74622023455402,0.0332189873300517,0.117435180812259,"24h_vs_4h"
"ENSMUSG00000057113",0.311037223628738,0.0332212679189417,0.117435180812259,"24h_vs_4h"
"ENSMUSG00000024603",2.26068687582596,0.0334588870864002,0.118180226378208,"24h_vs_4h"
"ENSMUSG00000003033",1.92175750674791,0.0339241821951788,0.119727606929416,"24h_vs_4h"
"ENSMUSG00000001918",0.589270595508605,0.0340074109983814,0.119925172919773,"24h_vs_4h"
"ENSMUSG00000025224",0.416357874376519,0.0341962183676812,0.120412125051177,"24h_vs_4h"
"ENSMUSG00000024974",0.0757408145937148,0.0342002172946991,0.120412125051177,"24h_vs_4h"
"ENSMUSG00000029201",0.104549415075681,0.0344390974273673,0.121156249222897,"24h_vs_4h"
"ENSMUSG00000006378",-0.132461903706275,0.0346678280495136,0.121843332332278,"24h_vs_4h"
"ENSMUSG00000031379",1.75182139655956,0.0346897740087126,0.121843332332278,"24h_vs_4h"
"ENSMUSG00000071253",-0.334854497510857,0.0347553073223215,0.121967044194351,"24h_vs_4h"
"ENSMUSG00000026848",-0.207818140901985,0.0347804227366304,0.121967044194351,"24h_vs_4h"
"ENSMUSG00000041319",1.67336112953816,0.0348392764699814,0.122076159032156,"24h_vs_4h"
"ENSMUSG00000032306",2.01698338904903,0.0350241781416223,0.122626418457661,"24h_vs_4h"
"ENSMUSG00000063457",0.271509044463457,0.0353765059332921,0.123761528308759,"24h_vs_4h"
"ENSMUSG00000005034",0.29021414605619,0.035644300756402,0.124591201382491,"24h_vs_4h"
"ENSMUSG00000037321",-2.07131928703102,0.035670282604394,0.124591201382491,"24h_vs_4h"
"ENSMUSG00000078923",0.249031206282581,0.0357412009154244,0.124678559072921,"24h_vs_4h"
"ENSMUSG00000037197",0.125216539768999,0.0357519521813284,0.124678559072921,"24h_vs_4h"
"ENSMUSG00000020458",1.327329460139,0.0358948617022469,0.12507781975581,"24h_vs_4h"
"ENSMUSG00000003316",-0.0901792561132062,0.0360420067676082,0.125491196031838,"24h_vs_4h"
"ENSMUSG00000017760",-0.0941884974733078,0.0362798319713032,0.126219399609253,"24h_vs_4h"
"ENSMUSG00000036777",0.595543655473769,0.0363129296999954,0.126234757985529,"24h_vs_4h"
"ENSMUSG00000027374",-0.161661465685782,0.0364250801405308,0.126524686423422,"24h_vs_4h"
"ENSMUSG00000019432",0.121142334133296,0.03650680913164,0.126708570180085,"24h_vs_4h"
"ENSMUSG00000027248",-0.127780920143433,0.0367086014670132,0.127229199507309,"24h_vs_4h"
"ENSMUSG00000055239",1.82032550026852,0.0367146292602324,0.127229199507309,"24h_vs_4h"
"ENSMUSG00000055044",0.225277527542527,0.0367992897890427,0.127422245760485,"24h_vs_4h"
"ENSMUSG00000027002",1.71039909818408,0.0368697858007682,0.127565980588979,"24h_vs_4h"
"ENSMUSG00000000751",-0.150609316329525,0.0370524573787336,0.128097301589793,"24h_vs_4h"
"ENSMUSG00000014301",-0.131369639908982,0.0372501851385499,0.128679799681914,"24h_vs_4h"
"ENSMUSG00000003662",2.09927905554995,0.0373552724628749,0.128880563783109,"24h_vs_4h"
"ENSMUSG00000024197",0.197132390995858,0.0373668710264139,0.128880563783109,"24h_vs_4h"
"ENSMUSG00000019863",-0.137923982258776,0.0375202542136053,0.129308252775315,"24h_vs_4h"
"ENSMUSG00000064090",1.50445007442788,0.0376847758829204,0.129743293670033,"24h_vs_4h"
"ENSMUSG00000007050",0.171022436327636,0.0377054470811115,0.129743293670033,"24h_vs_4h"
"ENSMUSG00000033228",1.45371246670071,0.0379191796876675,0.130321204242768,"24h_vs_4h"
"ENSMUSG00000028955",0.270281729389822,0.0379326204578472,0.130321204242768,"24h_vs_4h"
"ENSMUSG00000025937",0.191418861245907,0.0380639861151821,0.130670517077158,"24h_vs_4h"
"ENSMUSG00000027423",0.173202154736927,0.0381266301802193,0.1307835537203,"24h_vs_4h"
"ENSMUSG00000031161",1.44364642733823,0.0385153804131612,0.132014166042307,"24h_vs_4h"
"ENSMUSG00000031799",0.227279354098521,0.0386355423601297,0.132322974262203,"24h_vs_4h"
"ENSMUSG00000020277",0.225679632540469,0.0387811791289175,0.132718483162026,"24h_vs_4h"
"ENSMUSG00000057098",-1.33167646519659,0.0388162222335462,0.132735193511917,"24h_vs_4h"
"ENSMUSG00000069539",1.55877763697991,0.0389259980276931,0.132904875736847,"24h_vs_4h"
"ENSMUSG00000058135",0.245938319630532,0.0389262405873202,0.132904875736847,"24h_vs_4h"
"ENSMUSG00000024645",-0.31205800442984,0.0391250434761403,0.133480090184879,"24h_vs_4h"
"ENSMUSG00000058325",1.37131071550665,0.039471283495181,0.1345570245254,"24h_vs_4h"
"ENSMUSG00000028059",0.146126066409174,0.0395169955858809,0.134599897162043,"24h_vs_4h"
"ENSMUSG00000028455",-0.172622630655113,0.0395450277279076,0.134599897162043,"24h_vs_4h"
"ENSMUSG00000025271",0.233220579997919,0.0397452882350245,0.135176981083727,"24h_vs_4h"
"ENSMUSG00000024829",-0.126155900246435,0.0399490581065849,0.135765100175351,"24h_vs_4h"
"ENSMUSG00000003360",0.136282498850981,0.0400384847647782,0.135964021180393,"24h_vs_4h"
"ENSMUSG00000028249",-2.08880376559251,0.0404333562765788,0.137199075538337,"24h_vs_4h"
"ENSMUSG00000030890",-0.125719654897409,0.0406540503000403,0.137728524831498,"24h_vs_4h"
"ENSMUSG00000042055",1.50778202384665,0.0406738403268408,0.137728524831498,"24h_vs_4h"
"ENSMUSG00000027405",0.0942790900497705,0.0406922573750493,0.137728524831498,"24h_vs_4h"
"ENSMUSG00000041632",-0.149809807667559,0.040714567326921,0.137728524831498,"24h_vs_4h"
"ENSMUSG00000039745",1.59552331048129,0.0408196432944666,0.137977918693508,"24h_vs_4h"
"ENSMUSG00000020311",-1.86976015062852,0.0409133789138823,0.138188626707595,"24h_vs_4h"
"ENSMUSG00000040713",-2.99769063302725,0.0410767339609759,0.138633977118294,"24h_vs_4h"
"ENSMUSG00000032604",0.139780587280118,0.0413295848282375,0.139380461937987,"24h_vs_4h"
"ENSMUSG00000038252",0.123687298568896,0.0415527781369242,0.140025862619145,"24h_vs_4h"
"ENSMUSG00000061665",1.66189903614345,0.041586967065122,0.140033850079267,"24h_vs_4h"
"ENSMUSG00000027349",-0.108355635110499,0.0419133285190816,0.141024892058469,"24h_vs_4h"
"ENSMUSG00000028673",-0.15929985584539,0.0424681996577542,0.142782694189287,"24h_vs_4h"
"ENSMUSG00000029328",0.11714989420787,0.0425270282802683,0.142798172049404,"24h_vs_4h"
"ENSMUSG00000028161",0.195627516889203,0.0425376967863596,0.142798172049404,"24h_vs_4h"
"ENSMUSG00000092305",-2.6948026499213,0.042593321357827,0.142823801011869,"24h_vs_4h"
"ENSMUSG00000022571",0.330101207987003,0.0426102364754791,0.142823801011869,"24h_vs_4h"
"ENSMUSG00000021578",-0.374882768759758,0.0428937414891474,0.143664654713651,"24h_vs_4h"
"ENSMUSG00000038612",1.55707095590354,0.0433214917919774,0.144934560036752,"24h_vs_4h"
"ENSMUSG00000027304",1.44271808511051,0.0433387596019918,0.144934560036752,"24h_vs_4h"
"ENSMUSG00000006442",0.151796337950511,0.0435217236061468,0.145435919203229,"24h_vs_4h"
"ENSMUSG00000059796",-0.111061484800238,0.0438135242753731,0.146299939556841,"24h_vs_4h"
"ENSMUSG00000062981",-1.9729239355936,0.0440123562980959,0.146852448876361,"24h_vs_4h"
"ENSMUSG00000054455",0.158765790394853,0.0441025442004443,0.147041891686481,"24h_vs_4h"
"ENSMUSG00000021044",-1.76974717829433,0.0442048438356063,0.147271398728617,"24h_vs_4h"
"ENSMUSG00000020766",-0.157237630014013,0.0444221709266872,0.147883490354274,"24h_vs_4h"
"ENSMUSG00000021786",-2.20675800402459,0.044477042961952,0.147954244955065,"24h_vs_4h"
"ENSMUSG00000028273",0.159871145020169,0.0446839967733407,0.148530415256399,"24h_vs_4h"
"ENSMUSG00000043207",0.36870167908215,0.0447521441727747,0.14864466905991,"24h_vs_4h"
"ENSMUSG00000050732",2.41630098587459,0.0447895323722447,0.148656660611048,"24h_vs_4h"
"ENSMUSG00000044221",0.109190216121856,0.0452223642599613,0.149788203741322,"24h_vs_4h"
"ENSMUSG00000038690",0.139976264164574,0.0452226680334703,0.149788203741322,"24h_vs_4h"
"ENSMUSG00000029131",1.92367558230893,0.0452428121763457,0.149788203741322,"24h_vs_4h"
"ENSMUSG00000029616",0.159987436416394,0.0452991932522504,0.149788203741322,"24h_vs_4h"
"ENSMUSG00000034066",1.71422888765168,0.0453006360326515,0.149788203741322,"24h_vs_4h"
"ENSMUSG00000031490",2.42274653827434,0.0454962017317548,0.150236928356163,"24h_vs_4h"
"ENSMUSG00000046909",-1.19307770229617,0.0455046183819052,0.150236928356163,"24h_vs_4h"
"ENSMUSG00000030079",-0.10064477151116,0.045642766381039,0.150580071096666,"24h_vs_4h"
"ENSMUSG00000043962",0.221029125781417,0.0456784620302253,0.150584952355821,"24h_vs_4h"
"ENSMUSG00000045438",-1.93908034746022,0.0458465906308852,0.151026081861172,"24h_vs_4h"
"ENSMUSG00000028688",1.73789366849559,0.045963683714521,0.151298557986243,"24h_vs_4h"
"ENSMUSG00000044018",-2.80655358571743,0.0462553228999057,0.15205752235112,"24h_vs_4h"
"ENSMUSG00000053460",1.77519451259641,0.046263354334958,0.15205752235112,"24h_vs_4h"
"ENSMUSG00000025823",-0.123192022190519,0.0464952776570434,0.152705758931827,"24h_vs_4h"
"ENSMUSG00000025903",0.23473600163371,0.0465901916172729,0.152903380542594,"24h_vs_4h"
"ENSMUSG00000042870",1.37407010844274,0.046770536187112,0.153268007063143,"24h_vs_4h"
"ENSMUSG00000018707",0.103706206531985,0.0467709460317659,0.153268007063143,"24h_vs_4h"
"ENSMUSG00000030802",-1.2441153684459,0.0473352587696934,0.154984500590625,"24h_vs_4h"
"ENSMUSG00000015747",0.217776338369983,0.0473651791171075,0.154984500590625,"24h_vs_4h"
"ENSMUSG00000028879",0.245118560966912,0.0476407837276367,0.15568105462378,"24h_vs_4h"
"ENSMUSG00000024847",0.247245247465028,0.0476854005585719,0.15568105462378,"24h_vs_4h"
"ENSMUSG00000031708",0.145887446176019,0.0477177436571693,0.15568105462378,"24h_vs_4h"
"ENSMUSG00000062328",0.149251134622357,0.0477195507129015,0.15568105462378,"24h_vs_4h"
"ENSMUSG00000033565",1.75953562839978,0.0478957902520214,0.15614027622159,"24h_vs_4h"
"ENSMUSG00000023025",0.134282084372387,0.0479657530586505,0.156141485759209,"24h_vs_4h"
"ENSMUSG00000021171",0.155992362746495,0.0479671185517952,0.156141485759209,"24h_vs_4h"
"ENSMUSG00000024601",0.161051393035031,0.0480402186331534,0.156263859722475,"24h_vs_4h"
"ENSMUSG00000026727",0.194379818517476,0.0482269521688063,0.156755403615152,"24h_vs_4h"
"ENSMUSG00000029610",0.133087093024319,0.0482714312009269,0.156784183553712,"24h_vs_4h"
"ENSMUSG00000002984",-0.139766284030991,0.0483736544925726,0.157000334381867,"24h_vs_4h"
"ENSMUSG00000027889",1.83452517869804,0.0485564183879289,0.157477374594897,"24h_vs_4h"
"ENSMUSG00000025868",-2.71861158117346,0.0486614649433893,0.157559716358142,"24h_vs_4h"
"ENSMUSG00000016427",3.05239372590793,0.0486734393628564,0.157559716358142,"24h_vs_4h"
"ENSMUSG00000074207",0.200760677263979,0.0486984874874749,0.157559716358142,"24h_vs_4h"
"ENSMUSG00000030942",1.93979197550668,0.0487250111255242,0.157559716358142,"24h_vs_4h"
"ENSMUSG00000028607",-0.110336605883063,0.0488422080986973,0.157822729693368,"24h_vs_4h"
"ENSMUSG00000029366",1.47218837173704,0.0489492546980273,0.158052582484239,"24h_vs_4h"
"ENSMUSG00000001750",-0.143887442353911,0.0492031372806035,0.158755870360657,"24h_vs_4h"
"ENSMUSG00000014294",-0.220451345661505,0.0492843494117757,0.158901407883681,"24h_vs_4h"
"ENSMUSG00000058355",0.143589659643798,0.0497899830533999,0.160360399975196,"24h_vs_4h"
"ENSMUSG00000022194",0.238347654705723,0.0498453647303471,0.160360399975196,"24h_vs_4h"
"ENSMUSG00000020671",0.180893129593137,0.0498461774974026,0.160360399975196,"24h_vs_4h"
"ENSMUSG00000026103",-2.09657598788316,0.0499207570124925,0.160483017978071,"24h_vs_4h"
"ENSMUSG00000028049",0.281126701199494,0.0501410824985723,0.161073652610377,"24h_vs_4h"
"ENSMUSG00000027287",0.216100402619755,0.0504715476244127,0.162016981105062,"24h_vs_4h"
"ENSMUSG00000019804",0.159008979341117,0.0505167684731482,0.162043949016272,"24h_vs_4h"
"ENSMUSG00000026036",0.150909000360514,0.0505974745658063,0.16218462167816,"24h_vs_4h"
"ENSMUSG00000029614",0.088735759097986,0.0507052485175605,0.162411789465636,"24h_vs_4h"
"ENSMUSG00000030435",0.109203071388126,0.0509228217862361,0.162990064495437,"24h_vs_4h"
"ENSMUSG00000046707",0.294451966260826,0.0510743695666127,0.163356323010656,"24h_vs_4h"
"ENSMUSG00000041297",1.3573028223423,0.0511467116357351,0.163468901894604,"24h_vs_4h"
"ENSMUSG00000021932",1.69011947314089,0.0512301348121422,0.163616707770855,"24h_vs_4h"
"ENSMUSG00000004788",2.04908282613227,0.0513898689719548,0.164007841439865,"24h_vs_4h"
"ENSMUSG00000025240",0.132201439870482,0.0515102050470076,0.164272762617305,"24h_vs_4h"
"ENSMUSG00000074582",0.357794799504912,0.0520379013187345,0.165835484217053,"24h_vs_4h"
"ENSMUSG00000028042",1.14047855650248,0.0521797739414297,0.166167283007404,"24h_vs_4h"
"ENSMUSG00000022205",0.14728392892556,0.0522410931981618,0.166242264038402,"24h_vs_4h"
"ENSMUSG00000032370",-0.193824217791107,0.0523122476207449,0.166348411689956,"24h_vs_4h"
"ENSMUSG00000037373",-0.113545424207199,0.0524178059088215,0.166563728378862,"24h_vs_4h"
"ENSMUSG00000077450",0.109228921216463,0.0524609820504091,0.166580650796429,"24h_vs_4h"
"ENSMUSG00000038462",-0.144015633652504,0.0525271285950418,0.16667043471289,"24h_vs_4h"
"ENSMUSG00000031924",-0.185340226835965,0.0526120943254839,0.166771158282804,"24h_vs_4h"
"ENSMUSG00000014554",-0.235839562046966,0.0526346600442661,0.166771158282804,"24h_vs_4h"
"ENSMUSG00000038422",-0.158078633812185,0.0529177252252229,0.167547377864473,"24h_vs_4h"
"ENSMUSG00000028692",0.130231097439999,0.0529557833695709,0.167547377864473,"24h_vs_4h"
"ENSMUSG00000032590",1.80483973238657,0.0532268665321453,0.16828408017814,"24h_vs_4h"
"ENSMUSG00000029625",2.00972868026842,0.0537051184812433,0.16967424726199,"24h_vs_4h"
"ENSMUSG00000061455",1.6723820642978,0.0537743443291107,0.169771082777917,"24h_vs_4h"
"ENSMUSG00000015943",0.277522382533942,0.0540196398801536,0.170366338720914,"24h_vs_4h"
"ENSMUSG00000022536",-0.153985959164334,0.0540403110325826,0.170366338720914,"24h_vs_4h"
"ENSMUSG00000047963",2.0109017117594,0.054186783942195,0.170600381150365,"24h_vs_4h"
"ENSMUSG00000060519",-0.261342576285706,0.0541920774479004,0.170600381150365,"24h_vs_4h"
"ENSMUSG00000019173",0.211387826717928,0.0544535824072442,0.171301083755741,"24h_vs_4h"
"ENSMUSG00000020048",-0.0708918565712047,0.0545122734299525,0.171363225260872,"24h_vs_4h"
"ENSMUSG00000071072",0.176991080802235,0.0546746449338661,0.17171744870786,"24h_vs_4h"
"ENSMUSG00000020366",1.37097018950002,0.0547029909312473,0.17171744870786,"24h_vs_4h"
"ENSMUSG00000078974",-0.272788115350021,0.0547937773668527,0.171879839053114,"24h_vs_4h"
"ENSMUSG00000030045",-0.126227794918695,0.0551157942052283,0.172738502031485,"24h_vs_4h"
"ENSMUSG00000017715",-1.75171362037902,0.0551570865436244,0.172738502031485,"24h_vs_4h"
"ENSMUSG00000001666",0.198683306881559,0.0552063810925774,0.172738502031485,"24h_vs_4h"
"ENSMUSG00000004897",0.291463697763167,0.0552245108744147,0.172738502031485,"24h_vs_4h"
"ENSMUSG00000022370",-0.125977747916771,0.0553731251882423,0.173080343716942,"24h_vs_4h"
"ENSMUSG00000028975",1.52907097440223,0.0554400574003562,0.173166566798416,"24h_vs_4h"
"ENSMUSG00000023977",1.43905454158647,0.0558186914761732,0.174225575309673,"24h_vs_4h"
"ENSMUSG00000021048",0.121953624646697,0.056119966019167,0.175041793373745,"24h_vs_4h"
"ENSMUSG00000022108",-1.17324152044949,0.0562144411213337,0.175212291342061,"24h_vs_4h"
"ENSMUSG00000020075",-0.10525686705283,0.0563530258457414,0.175519934003615,"24h_vs_4h"
"ENSMUSG00000051695",0.126998258322871,0.0565050741887387,0.17586904632577,"24h_vs_4h"
"ENSMUSG00000029345",1.46756067944251,0.0566688751779258,0.176254218839612,"24h_vs_4h"
"ENSMUSG00000022974",1.54159400771758,0.0568297554319503,0.176629769531083,"24h_vs_4h"
"ENSMUSG00000022200",0.293978861256157,0.0569853853543198,0.176988483376402,"24h_vs_4h"
"ENSMUSG00000024712",-2.29951222875854,0.0572858820365168,0.17779630948005,"24h_vs_4h"
"ENSMUSG00000028792",-0.0892168946265173,0.0574434185086463,0.178159608778402,"24h_vs_4h"
"ENSMUSG00000027067",0.0981208690570732,0.0578109230709806,0.179173149602384,"24h_vs_4h"
"ENSMUSG00000031201",1.67174014551179,0.0580241166722548,0.179707345161572,"24h_vs_4h"
"ENSMUSG00000031865",0.199924400197908,0.0580851688246209,0.179769921235694,"24h_vs_4h"
"ENSMUSG00000023175",0.162394129550119,0.0585547715203147,0.181095958862196,"24h_vs_4h"
"ENSMUSG00000041084",2.64181545502268,0.0590911563504466,0.182626530265671,"24h_vs_4h"
"ENSMUSG00000022185",0.120419760485987,0.0592375474905726,0.182746012145622,"24h_vs_4h"
"ENSMUSG00000067194",0.21567722624744,0.0592405020312129,0.182746012145622,"24h_vs_4h"
"ENSMUSG00000030697",1.95776673259589,0.0592543874873445,0.182746012145622,"24h_vs_4h"
"ENSMUSG00000002748",0.0932075101029142,0.059487177700408,0.183335482534661,"24h_vs_4h"
"ENSMUSG00000020219",0.151357472772112,0.0595751546104657,0.183478135367851,"24h_vs_4h"
"ENSMUSG00000002332",-0.128516109366572,0.0597781659820467,0.183974621319572,"24h_vs_4h"
"ENSMUSG00000023830",0.117467464435698,0.0598495871639102,0.184065711466365,"24h_vs_4h"
"ENSMUSG00000025381",-0.132221225814398,0.0601696638760045,0.184920873406631,"24h_vs_4h"
"ENSMUSG00000034932",1.53241948530281,0.0602840199334863,0.185143036795027,"24h_vs_4h"
"ENSMUSG00000025509",-1.64228821136796,0.0603612640854733,0.185250992496631,"24h_vs_4h"
"ENSMUSG00000002346",-0.276442338250334,0.0606409282174482,0.185979599362362,"24h_vs_4h"
"ENSMUSG00000046718",-0.425475569714067,0.0607956492251417,0.186315738477442,"24h_vs_4h"
"ENSMUSG00000000561",1.1225121920548,0.0608352002254223,0.186315738477442,"24h_vs_4h"
"ENSMUSG00000029462",-0.207495752582069,0.0609458510574764,0.186498691689021,"24h_vs_4h"
"ENSMUSG00000044155",0.166252852782019,0.0609796903750286,0.186498691689021,"24h_vs_4h"
"ENSMUSG00000024012",-0.13995634876472,0.0614539476851032,0.187714022792906,"24h_vs_4h"
"ENSMUSG00000060904",0.255075652588058,0.0614623737433716,0.187714022792906,"24h_vs_4h"
"ENSMUSG00000032309",1.58857993838721,0.0615805460902674,0.187944509946787,"24h_vs_4h"
"ENSMUSG00000024878",1.53996643072522,0.0623325067939523,0.190107666250994,"24h_vs_4h"
"ENSMUSG00000037331",0.190867710613631,0.0624086973773459,0.190208225178462,"24h_vs_4h"
"ENSMUSG00000031256",-0.0989898803033213,0.0624742046556239,0.190276107051488,"24h_vs_4h"
"ENSMUSG00000051329",-0.185261570470196,0.0628447923938023,0.191272428302299,"24h_vs_4h"
"ENSMUSG00000028410",0.16081555186387,0.0629431831434314,0.191439494826705,"24h_vs_4h"
"ENSMUSG00000032508",-1.22774702413777,0.0632429052082274,0.192218249876663,"24h_vs_4h"
"ENSMUSG00000016510",-2.34982798340179,0.0634534877537729,0.192725189513012,"24h_vs_4h"
"ENSMUSG00000056131",1.25452846747554,0.0635616815550472,0.192920662430181,"24h_vs_4h"
"ENSMUSG00000040018",2.79199806619084,0.0638028923286383,0.193494205058479,"24h_vs_4h"
"ENSMUSG00000023118",-0.138693367924031,0.0638385789013659,0.193494205058479,"24h_vs_4h"
"ENSMUSG00000024048",0.205975063157435,0.0639424452078416,0.193675637549698,"24h_vs_4h"
"ENSMUSG00000054717",0.166994388554109,0.0639929876904466,0.19369541872466,"24h_vs_4h"
"ENSMUSG00000033732",0.21654448336124,0.0640865832647516,0.193845397215238,"24h_vs_4h"
"ENSMUSG00000027306",1.86135422683833,0.0643547679182292,0.194435696521948,"24h_vs_4h"
"ENSMUSG00000021114",-0.177273716791102,0.0643700999392134,0.194435696521948,"24h_vs_4h"
"ENSMUSG00000056666",1.73829204948652,0.0644702095560394,0.194604521437675,"24h_vs_4h"
"ENSMUSG00000037296",1.93455844176859,0.0650696858384229,0.196279429317957,"24h_vs_4h"
"ENSMUSG00000014867",0.29192086811182,0.0653781375402293,0.197038350391649,"24h_vs_4h"
"ENSMUSG00000040034",1.89524839242145,0.0655284384175253,0.197038350391649,"24h_vs_4h"
"ENSMUSG00000042396",-1.58306826392973,0.0655289629624031,0.197038350391649,"24h_vs_4h"
"ENSMUSG00000026960",-1.52159852617273,0.0655447412257607,0.197038350391649,"24h_vs_4h"
"ENSMUSG00000059273",1.56716582826709,0.0655451363266016,0.197038350391649,"24h_vs_4h"
"ENSMUSG00000032435",0.186909774942979,0.065676445912196,0.197237886915557,"24h_vs_4h"
"ENSMUSG00000025474",1.64020609033408,0.0657395524746937,0.197237886915557,"24h_vs_4h"
"ENSMUSG00000032788",0.309819132246009,0.0657459623051858,0.197237886915557,"24h_vs_4h"
"ENSMUSG00000010376",-2.72855527895057,0.065823705214586,0.197336598535009,"24h_vs_4h"
"ENSMUSG00000021715",2.08320074013364,0.0660877495932399,0.197988896977538,"24h_vs_4h"
"ENSMUSG00000031060",0.142130662769198,0.0661344613261538,0.197988896977538,"24h_vs_4h"
"ENSMUSG00000038733",1.52347820311477,0.0661762480013538,0.197988896977538,"24h_vs_4h"
"ENSMUSG00000000555",1.81666321083985,0.0662603153377015,0.198105738995397,"24h_vs_4h"
"ENSMUSG00000046330",0.15447622817684,0.0666910958417985,0.19925832505075,"24h_vs_4h"
"ENSMUSG00000031320",0.0899426043752278,0.0669977077955384,0.200038610588985,"24h_vs_4h"
"ENSMUSG00000000686",-0.244177804617358,0.0672465957499401,0.200637188649539,"24h_vs_4h"
"ENSMUSG00000044030",-2.14527092240192,0.0672893638824629,0.200637188649539,"24h_vs_4h"
"ENSMUSG00000039756",-1.27565136945785,0.0673545100123741,0.200695462805998,"24h_vs_4h"
"ENSMUSG00000020386",1.77925129043287,0.0674775389930618,0.200926014281776,"24h_vs_4h"
"ENSMUSG00000020719",0.129966180913939,0.0675248842461767,0.2009310450084,"24h_vs_4h"
"ENSMUSG00000031386",0.0670202547315029,0.0679889226394961,0.202175167930015,"24h_vs_4h"
"ENSMUSG00000022800",1.43385382585586,0.0681173191105651,0.20242020351492,"24h_vs_4h"
"ENSMUSG00000020211",0.121878222884966,0.068265613612878,0.202723998320024,"24h_vs_4h"
"ENSMUSG00000032040",0.22196316961637,0.0685552064626433,0.202784057078975,"24h_vs_4h"
"ENSMUSG00000024392",1.66801012854743,0.0685960584471648,0.202784057078975,"24h_vs_4h"
"ENSMUSG00000041733",-0.170644219685791,0.068932562225551,0.202784057078975,"24h_vs_4h"
"ENSMUSG00000013593",-0.113072548160115,0.0689770356847533,0.202784057078975,"24h_vs_4h"
"ENSMUSG00000030847",1.65291761229093,0.0690278390516557,0.202784057078975,"24h_vs_4h"
"ENSMUSG00000034021",-0.061254586529671,0.0693165864787963,0.202784057078975,"24h_vs_4h"
"ENSMUSG00000021494",-0.157862478255332,0.0693208037157255,0.202784057078975,"24h_vs_4h"
"ENSMUSG00000033735",0.148835222569016,0.069553727593903,0.202784057078975,"24h_vs_4h"
"ENSMUSG00000032264",-0.1530613326895,0.0697802669738817,0.202784057078975,"24h_vs_4h"
"ENSMUSG00000004032",0.177378248446697,0.0701724793456442,0.202784057078975,"24h_vs_4h"
"ENSMUSG00000012519",1.18503885525057,0.0701784410097538,0.202784057078975,"24h_vs_4h"
"ENSMUSG00000053801",-1.64097243231942,0.0701800171228284,0.202784057078975,"24h_vs_4h"
"ENSMUSG00000024339",-1.50091734639176,0.0701835104611687,0.202784057078975,"24h_vs_4h"
"ENSMUSG00000021756",-0.962291280925879,0.0701842410240779,0.202784057078975,"24h_vs_4h"
"ENSMUSG00000032350",1.03870731266433,0.0701924268125109,0.202784057078975,"24h_vs_4h"
"ENSMUSG00000039678",1.04218898227893,0.0702104575436174,0.202784057078975,"24h_vs_4h"
"ENSMUSG00000039159",1.49164125481951,0.0702193138118573,0.202784057078975,"24h_vs_4h"
"ENSMUSG00000038025",-0.991838957836741,0.0702373349011582,0.202784057078975,"24h_vs_4h"
"ENSMUSG00000041939",1.19165069232966,0.0702467549484732,0.202784057078975,"24h_vs_4h"
"ENSMUSG00000056493",0.998108639121789,0.0702488386855523,0.202784057078975,"24h_vs_4h"
"ENSMUSG00000006356",1.13135764791137,0.0702524750443932,0.202784057078975,"24h_vs_4h"
"ENSMUSG00000031601",-1.31882874004819,0.0702623805855396,0.202784057078975,"24h_vs_4h"
"ENSMUSG00000024563",1.05471166051805,0.0702627244367726,0.202784057078975,"24h_vs_4h"
"ENSMUSG00000062646",1.04043200524037,0.0702645885315666,0.202784057078975,"24h_vs_4h"
"ENSMUSG00000057230",0.874214257940714,0.0703105493965707,0.202784057078975,"24h_vs_4h"
"ENSMUSG00000022828",0.860602829656351,0.0703118463091639,0.202784057078975,"24h_vs_4h"
"ENSMUSG00000040658",0.949269847601315,0.0703531740281273,0.202784057078975,"24h_vs_4h"
"ENSMUSG00000029246",1.07247747578136,0.070355146770232,0.202784057078975,"24h_vs_4h"
"ENSMUSG00000038489",1.53149630154442,0.0703569351372925,0.202784057078975,"24h_vs_4h"
"ENSMUSG00000029684",1.25541605487516,0.0703621562830078,0.202784057078975,"24h_vs_4h"
"ENSMUSG00000031821",1.22073537405787,0.0703933193505254,0.202784057078975,"24h_vs_4h"
"ENSMUSG00000058240",1.22827873318137,0.0704276180513858,0.202784057078975,"24h_vs_4h"
"ENSMUSG00000057789",1.13461405182281,0.0704425550990229,0.202784057078975,"24h_vs_4h"
"ENSMUSG00000024583",0.154462970601578,0.0704469757035934,0.202784057078975,"24h_vs_4h"
"ENSMUSG00000021115",0.205069562004702,0.0704674967001654,0.202784057078975,"24h_vs_4h"
"ENSMUSG00000024423",-1.04585287649481,0.0704819100842592,0.202784057078975,"24h_vs_4h"
"ENSMUSG00000031157",1.44365629209874,0.0705103886127738,0.202784057078975,"24h_vs_4h"
"ENSMUSG00000018547",1.03861872829992,0.0705115675479991,0.202784057078975,"24h_vs_4h"
"ENSMUSG00000029920",0.984580004678222,0.0705408942478248,0.202784057078975,"24h_vs_4h"
"ENSMUSG00000041308",0.226212632409723,0.0706161518515944,0.202784057078975,"24h_vs_4h"
"ENSMUSG00000019989",-1.0274159203947,0.070651845287818,0.202784057078975,"24h_vs_4h"
"ENSMUSG00000036990",0.958124180038677,0.0706799658066603,0.202784057078975,"24h_vs_4h"
"ENSMUSG00000028990",1.14948506004457,0.070686516386332,0.202784057078975,"24h_vs_4h"
"ENSMUSG00000061119",-1.0330852278889,0.0707914754704663,0.202784057078975,"24h_vs_4h"
"ENSMUSG00000026600",-1.17789481109134,0.070792787483215,0.202784057078975,"24h_vs_4h"
"ENSMUSG00000051177",0.854300443585487,0.0708019034283922,0.202784057078975,"24h_vs_4h"
"ENSMUSG00000022031",0.955637481741107,0.0708198896670239,0.202784057078975,"24h_vs_4h"
"ENSMUSG00000023008",0.849394402482169,0.07083329600779,0.202784057078975,"24h_vs_4h"
"ENSMUSG00000025178",0.968400783628496,0.0708518532895362,0.202784057078975,"24h_vs_4h"
"ENSMUSG00000018442",-1.4106495329048,0.0708782424181392,0.202784057078975,"24h_vs_4h"
"ENSMUSG00000023010",1.96567467089231,0.0708809822400616,0.202784057078975,"24h_vs_4h"
"ENSMUSG00000032512",1.32331621469243,0.0708817605147684,0.202784057078975,"24h_vs_4h"
"ENSMUSG00000053841",-1.12918265467353,0.0709127616412632,0.202784057078975,"24h_vs_4h"
"ENSMUSG00000037275",0.905557005269831,0.0709260830430504,0.202784057078975,"24h_vs_4h"
"ENSMUSG00000006736",0.885595624491831,0.0709401899102224,0.202784057078975,"24h_vs_4h"
"ENSMUSG00000022680",0.268684717730654,0.0710109208657816,0.202784057078975,"24h_vs_4h"
"ENSMUSG00000031007",-1.05016580283404,0.0710160782703057,0.202784057078975,"24h_vs_4h"
"ENSMUSG00000046311",-0.525001833214819,0.0710347265345147,0.202784057078975,"24h_vs_4h"
"ENSMUSG00000022779",0.849005380696116,0.07103839055807,0.202784057078975,"24h_vs_4h"
"ENSMUSG00000024491",-1.92245694633708,0.0710504467202407,0.202784057078975,"24h_vs_4h"
"ENSMUSG00000056204",-1.19527078877105,0.0711408402682634,0.20281038326541,"24h_vs_4h"
"ENSMUSG00000030314",0.833786984155548,0.0711518363466922,0.20281038326541,"24h_vs_4h"
"ENSMUSG00000026872",-0.907127905479875,0.0711984321561166,0.202811844607812,"24h_vs_4h"
"ENSMUSG00000031229",0.086170790099164,0.0714017016709909,0.203186865470854,"24h_vs_4h"
"ENSMUSG00000030614",1.01688875394696,0.0714224223775076,0.203186865470854,"24h_vs_4h"
"ENSMUSG00000018909",1.13236278388464,0.0714854044323005,0.203234667252296,"24h_vs_4h"
"ENSMUSG00000061518",-0.15930309375246,0.0715537663891408,0.203297692626603,"24h_vs_4h"
"ENSMUSG00000023885",-1.19769895951707,0.0716529630149285,0.203448187244323,"24h_vs_4h"
"ENSMUSG00000042997",2.70938312283817,0.0717113771364953,0.203482766458876,"24h_vs_4h"
"ENSMUSG00000037411",0.905609637694138,0.0718042362742013,0.20354285868223,"24h_vs_4h"
"ENSMUSG00000051989",-0.311714070485053,0.0718466018014132,0.20354285868223,"24h_vs_4h"
"ENSMUSG00000030138",-2.27772707486046,0.0719346694728762,0.20354285868223,"24h_vs_4h"
"ENSMUSG00000018583",0.108485942074886,0.0719586894780375,0.20354285868223,"24h_vs_4h"
"ENSMUSG00000090150",1.23367240160898,0.0719638009792205,0.20354285868223,"24h_vs_4h"
"ENSMUSG00000026463",0.697203522956514,0.0720176470123358,0.20356433172851,"24h_vs_4h"
"ENSMUSG00000061950",0.703910440578849,0.0721119043814191,0.203699930155729,"24h_vs_4h"
"ENSMUSG00000037499",-0.216584025143696,0.0721997551108959,0.20381726891793,"24h_vs_4h"
"ENSMUSG00000057177",0.756329235115004,0.0723266251386551,0.204044536689244,"24h_vs_4h"
"ENSMUSG00000022947",1.0627941465252,0.072424566930752,0.204189954556207,"24h_vs_4h"
"ENSMUSG00000027881",0.176765218043172,0.0724755668737537,0.204202925615487,"24h_vs_4h"
"ENSMUSG00000057134",1.1430739065104,0.0726248126380126,0.204492514664039,"24h_vs_4h"
"ENSMUSG00000032299",0.821967611720893,0.072908630872598,0.205160412065412,"24h_vs_4h"
"ENSMUSG00000032280",1.00279170096494,0.0729791765175765,0.205227703420993,"24h_vs_4h"
"ENSMUSG00000037993",-0.23152169470492,0.0730474672686046,0.205288571806596,"24h_vs_4h"
"ENSMUSG00000027944",1.31947001339135,0.0731668646024806,0.205492897967784,"24h_vs_4h"
"ENSMUSG00000020430",-0.89372228725809,0.07323250929178,0.205546092725206,"24h_vs_4h"
"ENSMUSG00000024997",-0.0713493845837831,0.0733558170092746,0.20576096281569,"24h_vs_4h"
"ENSMUSG00000025995",0.763474894498952,0.0734035613377631,0.20576374104936,"24h_vs_4h"
"ENSMUSG00000063800",1.77816567634515,0.0735036930700785,0.205913273839221,"24h_vs_4h"
"ENSMUSG00000020422",-1.46588759237429,0.0737198523634228,0.206387449269354,"24h_vs_4h"
"ENSMUSG00000028412",1.9377112696184,0.0739537031946665,0.206678973355857,"24h_vs_4h"
"ENSMUSG00000061778",1.75836429977573,0.0740016101677523,0.206678973355857,"24h_vs_4h"
"ENSMUSG00000000581",-1.27083518300561,0.0740183532622139,0.206678973355857,"24h_vs_4h"
"ENSMUSG00000062867",-0.152932106628072,0.0740579709209267,0.206678973355857,"24h_vs_4h"
"ENSMUSG00000037740",-0.178167992979418,0.0740587914069955,0.206678973355857,"24h_vs_4h"
"ENSMUSG00000023963",2.36596803934104,0.0742310811984684,0.206981817084229,"24h_vs_4h"
"ENSMUSG00000030652",-0.179633972881351,0.0742613699559187,0.206981817084229,"24h_vs_4h"
"ENSMUSG00000027999",0.249531999759807,0.074492117033967,0.207493548776259,"24h_vs_4h"
"ENSMUSG00000020594",1.4833530254295,0.0746354416378873,0.207761276817421,"24h_vs_4h"
"ENSMUSG00000029672",-2.40528048878909,0.0747316698264923,0.207897647854863,"24h_vs_4h"
"ENSMUSG00000008373",0.0965515853365773,0.0749313855714657,0.208088985641098,"24h_vs_4h"
"ENSMUSG00000035198",-0.117305691949333,0.0749631404266864,0.208088985641098,"24h_vs_4h"
"ENSMUSG00000063550",-0.0795065707851315,0.0749818821932216,0.208088985641098,"24h_vs_4h"
"ENSMUSG00000028016",1.43342183982361,0.0749895776475304,0.208088985641098,"24h_vs_4h"
"ENSMUSG00000039234",0.270709331616743,0.0755046237956833,0.209358677666902,"24h_vs_4h"
"ENSMUSG00000023932",0.122195015330636,0.0755422813303885,0.209358677666902,"24h_vs_4h"
"ENSMUSG00000045948",-0.208202723949281,0.0757017724330467,0.209668659835015,"24h_vs_4h"
"ENSMUSG00000021279",-0.582225108526512,0.0757526619365596,0.209677651058364,"24h_vs_4h"
"ENSMUSG00000034187",0.0819992316587914,0.0764051842174217,0.211350858416639,"24h_vs_4h"
"ENSMUSG00000003873",2.4786147735599,0.0764667301054162,0.211388240699709,"24h_vs_4h"
"ENSMUSG00000054309",-0.179338755377586,0.0772335232827298,0.213373971103135,"24h_vs_4h"
"ENSMUSG00000038417",0.598253858063824,0.077531726333276,0.214009739851191,"24h_vs_4h"
"ENSMUSG00000015337",1.58247908338769,0.0775609032180528,0.214009739851191,"24h_vs_4h"
"ENSMUSG00000023044",0.167791237044042,0.0780958263074465,0.215350709009444,"24h_vs_4h"
"ENSMUSG00000032580",1.3418006045084,0.0782229294589611,0.215366056957576,"24h_vs_4h"
"ENSMUSG00000051149",0.15626981253321,0.078244710229811,0.215366056957576,"24h_vs_4h"
"ENSMUSG00000033272",-0.201550509259832,0.0782481992899713,0.215366056957576,"24h_vs_4h"
"ENSMUSG00000025626",1.01614171876615,0.0783816682248188,0.215581052252202,"24h_vs_4h"
"ENSMUSG00000008690",1.43270977254657,0.0784242819031526,0.215581052252202,"24h_vs_4h"
"ENSMUSG00000028980",-0.212741208012524,0.0784990410304924,0.215651859909611,"24h_vs_4h"
"ENSMUSG00000028622",-0.0895681832113482,0.0785514343895994,0.215661174515675,"24h_vs_4h"
"ENSMUSG00000023088",1.68186683477257,0.0789526842468967,0.216627657961716,"24h_vs_4h"
"ENSMUSG00000003437",0.921682175134325,0.0790406931815912,0.216734012892326,"24h_vs_4h"
"ENSMUSG00000000538",1.64782498149903,0.0792364142112357,0.217135404074501,"24h_vs_4h"
"ENSMUSG00000021039",0.113823840620238,0.0801625298925847,0.219536586221074,"24h_vs_4h"
"ENSMUSG00000017721",-1.7083112592043,0.0808065523811836,0.221162709595516,"24h_vs_4h"
"ENSMUSG00000020687",1.53932704690171,0.0811569008827303,0.221983543060843,"24h_vs_4h"
"ENSMUSG00000034781",0.114360314607591,0.081579111957743,0.222999796103122,"24h_vs_4h"
"ENSMUSG00000072235",1.96375168493508,0.0818262121359187,0.223481311434209,"24h_vs_4h"
"ENSMUSG00000042426",1.14086879618128,0.0818568220931483,0.223481311434209,"24h_vs_4h"
"ENSMUSG00000036678",-0.207024488263887,0.0820942658482108,0.22399061624177,"24h_vs_4h"
"ENSMUSG00000026083",0.400585858695383,0.0823685319540676,0.224599695867318,"24h_vs_4h"
"ENSMUSG00000004880",0.166399480369716,0.0824514867198765,0.224686683005682,"24h_vs_4h"
"ENSMUSG00000001228",-0.131734772973623,0.0825897651609623,0.224924230490962,"24h_vs_4h"
"ENSMUSG00000022400",0.198507733202916,0.0828598481936044,0.225520217625265,"24h_vs_4h"
"ENSMUSG00000022139",2.3362180043511,0.0832935942119027,0.226560635430521,"24h_vs_4h"
"ENSMUSG00000074513",0.124440415137734,0.0834230111198248,0.226732478269743,"24h_vs_4h"
"ENSMUSG00000041912",-0.22439547380765,0.0834598079520525,0.226732478269743,"24h_vs_4h"
"ENSMUSG00000063410",0.900371877496593,0.0835773500806872,0.226911732082113,"24h_vs_4h"
"ENSMUSG00000052488",0.10896370410541,0.0840070977907758,0.227937877544516,"24h_vs_4h"
"ENSMUSG00000019943",-0.155945308929429,0.0842730613270404,0.228374769728421,"24h_vs_4h"
"ENSMUSG00000005410",-0.0679448213334517,0.0842740580261926,0.228374769728421,"24h_vs_4h"
"ENSMUSG00000027879",0.0824207546166527,0.0843237902314666,0.228374769728421,"24h_vs_4h"
"ENSMUSG00000070372",0.132521030127343,0.0848625427227487,0.229692527996812,"24h_vs_4h"
"ENSMUSG00000006740",0.458307085768773,0.0849247734765727,0.229711821656552,"24h_vs_4h"
"ENSMUSG00000054733",1.46988399621896,0.0849740617261682,0.229711821656552,"24h_vs_4h"
"ENSMUSG00000057497",0.143407112263972,0.0850408853884516,0.229751342292557,"24h_vs_4h"
"ENSMUSG00000079523",-3.43049474037683,0.0852715927055957,0.230233300305108,"24h_vs_4h"
"ENSMUSG00000049439",1.03949367096128,0.0854553057752156,0.230587860647899,"24h_vs_4h"
"ENSMUSG00000056050",-0.139551955264302,0.0857730942586729,0.231233859487458,"24h_vs_4h"
"ENSMUSG00000017774",-0.0688850562013599,0.0857997938066392,0.231233859487458,"24h_vs_4h"
"ENSMUSG00000024725",0.215257162604427,0.0859887141035409,0.231601181621593,"24h_vs_4h"
"ENSMUSG00000002997",0.114986875205883,0.0861698021742248,0.231946972090987,"24h_vs_4h"
"ENSMUSG00000042613",-1.39125430630539,0.0869318854328353,0.233855273710213,"24h_vs_4h"
"ENSMUSG00000040725",-0.0696093313133233,0.0870773292300571,0.23410343673884,"24h_vs_4h"
"ENSMUSG00000027447",-1.44438366776103,0.0874038898623598,0.234802554281743,"24h_vs_4h"
"ENSMUSG00000078348",1.8478034234161,0.0875015466839122,0.234802554281743,"24h_vs_4h"
"ENSMUSG00000028646",1.32631480764586,0.0875229806501808,0.234802554281743,"24h_vs_4h"
"ENSMUSG00000025362",-0.145652612820619,0.0875507819987141,0.234802554281743,"24h_vs_4h"
"ENSMUSG00000061981",-0.226379934395364,0.0879438459862854,0.235713073194666,"24h_vs_4h"
"ENSMUSG00000021811",0.241395832111447,0.0881488683930115,0.236118788677811,"24h_vs_4h"
"ENSMUSG00000032185",1.76673553494058,0.0882105808511807,0.236140368811464,"24h_vs_4h"
"ENSMUSG00000040945",0.173830597772049,0.0884363114773647,0.236600733624244,"24h_vs_4h"
"ENSMUSG00000025130",-0.0829614294882255,0.0885397191145329,0.23661582918473,"24h_vs_4h"
"ENSMUSG00000009563",-0.147617454910449,0.088549482087537,0.23661582918473,"24h_vs_4h"
"ENSMUSG00000020069",-0.146388802482878,0.0887914311514546,0.237118378942689,"24h_vs_4h"
"ENSMUSG00000039427",1.98770245644564,0.0891840880096276,0.238022541740674,"24h_vs_4h"
"ENSMUSG00000003779",-0.153940352809268,0.0893432023948731,0.238302687115052,"24h_vs_4h"
"ENSMUSG00000024817",-0.117792284861995,0.0896521144560639,0.238981802375007,"24h_vs_4h"
"ENSMUSG00000024387",0.134737604380224,0.0898311476492876,0.23931409249668,"24h_vs_4h"
"ENSMUSG00000026860",0.9666301108421,0.0901171939500741,0.239930895689217,"24h_vs_4h"
"ENSMUSG00000008575",1.48192044730526,0.0903504939164912,0.240406604429551,"24h_vs_4h"
"ENSMUSG00000028465",0.0898512413069454,0.0904578300963083,0.240546773567283,"24h_vs_4h"
"ENSMUSG00000043572",-2.40773753630295,0.0906615052983466,0.240942804841802,"24h_vs_4h"
"ENSMUSG00000031575",1.92070096149051,0.0909008796918177,0.241433175331135,"24h_vs_4h"
"ENSMUSG00000000339",-0.104877379753109,0.0912396039112275,0.242186668765568,"24h_vs_4h"
"ENSMUSG00000040462",-1.62730337284044,0.0920795595693676,0.244268922040257,"24h_vs_4h"
"ENSMUSG00000017765",1.62042880649399,0.092331746612798,0.244790371592123,"24h_vs_4h"
"ENSMUSG00000036550",0.249781147468397,0.0924261637603416,0.24489316478583,"24h_vs_4h"
"ENSMUSG00000049090",-0.118824394869243,0.0924859230117825,0.244904059671995,"24h_vs_4h"
"ENSMUSG00000031691",0.168842764973377,0.0927038383649204,0.245333489262787,"24h_vs_4h"
"ENSMUSG00000027187",-0.111693118204393,0.0929896773871908,0.245942049387636,"24h_vs_4h"
"ENSMUSG00000038024",1.29319440997161,0.093640182418927,0.247513779474893,"24h_vs_4h"
"ENSMUSG00000063450",1.00080410986362,0.0943241033144346,0.249171895970484,"24h_vs_4h"
"ENSMUSG00000024413",-2.83585939500722,0.0943945245395765,0.249208339831239,"24h_vs_4h"
"ENSMUSG00000030824",-0.113059320027155,0.0949152589199631,0.250432886394939,"24h_vs_4h"
"ENSMUSG00000051671",-2.23830267511118,0.0949898737421545,0.250464450893284,"24h_vs_4h"
"ENSMUSG00000019210",-0.095799794304444,0.0950410436245817,0.250464450893284,"24h_vs_4h"
"ENSMUSG00000001056",0.128347023817287,0.0954396363469193,0.251364356411007,"24h_vs_4h"
"ENSMUSG00000033083",2.07873697938935,0.0956357030726608,0.251590392317789,"24h_vs_4h"
"ENSMUSG00000032469",1.67094170543534,0.0957163793243845,0.251590392317789,"24h_vs_4h"
"ENSMUSG00000022945",-0.136210186941252,0.0957187093782323,0.251590392317789,"24h_vs_4h"
"ENSMUSG00000037353",-0.0999469248222731,0.0957541256833211,0.251590392317789,"24h_vs_4h"
"ENSMUSG00000030615",0.219402793871868,0.0958450277349705,0.251678977960385,"24h_vs_4h"
"ENSMUSG00000037531",-0.161722617943408,0.0960497336387938,0.251932811014348,"24h_vs_4h"
"ENSMUSG00000033216",-1.67444520616381,0.0960561819772951,0.251932811014348,"24h_vs_4h"
"ENSMUSG00000026618",-0.121372751872819,0.0962101790593237,0.252186419321074,"24h_vs_4h"
"ENSMUSG00000028480",-1.94657175806089,0.0964459392612062,0.252653915886053,"24h_vs_4h"
"ENSMUSG00000042719",1.97693621345237,0.0965854651329881,0.252861498425928,"24h_vs_4h"
"ENSMUSG00000027968",0.0809159275868545,0.0966400909685096,0.252861498425928,"24h_vs_4h"
"ENSMUSG00000027523",0.094471742199584,0.0968659652055802,0.253301909013523,"24h_vs_4h"
"ENSMUSG00000020922",1.08790852966641,0.0971774829345503,0.25396561899938,"24h_vs_4h"
"ENSMUSG00000029535",1.58813636494431,0.0977312025591802,0.25518568685399,"24h_vs_4h"
"ENSMUSG00000032602",-0.121064531681224,0.0977602972133212,0.25518568685399,"24h_vs_4h"
"ENSMUSG00000061232",-0.215126089376469,0.0978645765537301,0.255306462011243,"24h_vs_4h"
"ENSMUSG00000005506",-0.108974438069669,0.097976363581342,0.255354359350458,"24h_vs_4h"
"ENSMUSG00000022983",-0.199288561363833,0.0979989804460176,0.255354359350458,"24h_vs_4h"
"ENSMUSG00000026878",0.0659233413329297,0.0980892471374272,0.255438329379774,"24h_vs_4h"
"ENSMUSG00000090053",0.18850342020998,0.0981522236401229,0.255451174595021,"24h_vs_4h"
"ENSMUSG00000032803",0.163007911342593,0.0983163276275371,0.255727043669498,"24h_vs_4h"
"ENSMUSG00000073639",-0.100186438995806,0.0989018488631163,0.257034036991371,"24h_vs_4h"
"ENSMUSG00000074797",0.263823566333439,0.0989356188737521,0.257034036991371,"24h_vs_4h"
"ENSMUSG00000027679",-0.109400731432018,0.0990538226583483,0.257189305911145,"24h_vs_4h"
"ENSMUSG00000007891",-0.0862016796681644,0.0993919087391294,0.257914970731668,"24h_vs_4h"
"ENSMUSG00000002059",-0.183714645358211,0.0995091480469177,0.258067036272531,"24h_vs_4h"
"ENSMUSG00000036499",0.156503441026,0.0995994668231219,0.258149148108692,"24h_vs_4h"
"ENSMUSG00000022858",0.107557444669865,0.100834731359624,0.261196970402417,"24h_vs_4h"
"ENSMUSG00000033166",0.269968837223445,0.100985602194231,0.261409004003577,"24h_vs_4h"
"ENSMUSG00000022283",0.0483868702364028,0.101035381915493,0.261409004003577,"24h_vs_4h"
"ENSMUSG00000058587",0.141773917717504,0.101909047089755,0.263514521881324,"24h_vs_4h"
"ENSMUSG00000029017",-0.104212073245094,0.102120404761417,0.263905990226071,"24h_vs_4h"
"ENSMUSG00000017485",0.0802950493619967,0.102564283126354,0.26489754110275,"24h_vs_4h"
"ENSMUSG00000005483",0.163848826562273,0.102625614845558,0.264900487352083,"24h_vs_4h"
"ENSMUSG00000026275",0.188133202242593,0.102932211408748,0.265536144437221,"24h_vs_4h"
"ENSMUSG00000024135",-0.160927904870281,0.103174745251798,0.265907728380933,"24h_vs_4h"
"ENSMUSG00000070544",0.109074431450473,0.103197091587056,0.265907728380933,"24h_vs_4h"
"ENSMUSG00000069565",0.130026982070458,0.103970510374527,0.267743836254123,"24h_vs_4h"
"ENSMUSG00000024902",-0.110086019391932,0.104178374238044,0.268085938679431,"24h_vs_4h"
"ENSMUSG00000059070",0.102731471903716,0.104225185430699,0.268085938679431,"24h_vs_4h"
"ENSMUSG00000044894",-0.155828129184048,0.104321248456612,0.268176293491559,"24h_vs_4h"
"ENSMUSG00000033955",1.013629649296,0.105659195337066,0.271366085423603,"24h_vs_4h"
"ENSMUSG00000029781",-0.151212941101424,0.105685405684175,0.271366085423603,"24h_vs_4h"
"ENSMUSG00000025817",-0.167373776107318,0.105974699354097,0.271899097576301,"24h_vs_4h"
"ENSMUSG00000048170",0.86930211859994,0.106016553383534,0.271899097576301,"24h_vs_4h"
"ENSMUSG00000003617",-0.398662004938465,0.106189129472924,0.272183086086395,"24h_vs_4h"
"ENSMUSG00000048578",-0.0807831832809427,0.106379802039729,0.272388481320128,"24h_vs_4h"
"ENSMUSG00000020580",1.37892820970492,0.106393046896001,0.272388481320128,"24h_vs_4h"
"ENSMUSG00000027933",0.136101493667535,0.107217755949838,0.274340316241416,"24h_vs_4h"
"ENSMUSG00000010025",-0.110368250837308,0.107418286763365,0.274693712984062,"24h_vs_4h"
"ENSMUSG00000048109",0.180271941245678,0.107767749965491,0.275427333099958,"24h_vs_4h"
"ENSMUSG00000028378",1.51178689225055,0.107929083686717,0.275679568952548,"24h_vs_4h"
"ENSMUSG00000025068",0.16379193686647,0.108025347026912,0.275765401546079,"24h_vs_4h"
"ENSMUSG00000067847",-1.67901754436302,0.108107945885138,0.275816272371301,"24h_vs_4h"
"ENSMUSG00000032932",-0.173937101914689,0.109406684265343,0.278968028651086,"24h_vs_4h"
"ENSMUSG00000040565",1.14920525474896,0.109752938357047,0.279556700945337,"24h_vs_4h"
"ENSMUSG00000059734",-0.133299043800609,0.109807378978695,0.279556700945337,"24h_vs_4h"
"ENSMUSG00000063895",0.173030592317435,0.109828115413426,0.279556700945337,"24h_vs_4h"
"ENSMUSG00000007815",0.153549000439693,0.11026151751034,0.280497652348559,"24h_vs_4h"
"ENSMUSG00000027162",0.170365478611121,0.110975066443257,0.282149778981384,"24h_vs_4h"
"ENSMUSG00000022450",-0.129661583700603,0.111288817781603,0.282784114928888,"24h_vs_4h"
"ENSMUSG00000022884",-0.179960097010152,0.111795750363442,0.283908307760824,"24h_vs_4h"
"ENSMUSG00000029910",1.46677790251107,0.111880026916398,0.283958476619994,"24h_vs_4h"
"ENSMUSG00000018171",1.41009196830222,0.112864618199044,0.286128959805853,"24h_vs_4h"
"ENSMUSG00000016481",-1.31846625636665,0.112865229316737,0.286128959805853,"24h_vs_4h"
"ENSMUSG00000029388",0.174807728004442,0.113118772125409,0.286606629892875,"24h_vs_4h"
"ENSMUSG00000036983",-0.153526320347723,0.11352465402708,0.287469506543832,"24h_vs_4h"
"ENSMUSG00000008393",0.330567949859248,0.114112322727474,0.288791450444861,"24h_vs_4h"
"ENSMUSG00000005575",0.233018625581785,0.114216265877788,0.288888382832267,"24h_vs_4h"
"ENSMUSG00000029363",0.108180197203563,0.11490426786171,0.290123182227983,"24h_vs_4h"
"ENSMUSG00000025208",-0.147712624189897,0.114910476656207,0.290123182227983,"24h_vs_4h"
"ENSMUSG00000020661",0.131378970090395,0.114917955342617,0.290123182227983,"24h_vs_4h"
"ENSMUSG00000005566",-0.0369287039656889,0.114968150376188,0.290123182227983,"24h_vs_4h"
"ENSMUSG00000000275",1.30170667431884,0.115133317089124,0.290318746522584,"24h_vs_4h"
"ENSMUSG00000021877",0.352310691457333,0.115177580420003,0.290318746522584,"24h_vs_4h"
"ENSMUSG00000039048",-1.24316681337888,0.115846632313114,0.291838024504875,"24h_vs_4h"
"ENSMUSG00000039221",-1.67404260590933,0.116261521902348,0.292575253997519,"24h_vs_4h"
"ENSMUSG00000004865",0.843006030725238,0.116272237955388,0.292575253997519,"24h_vs_4h"
"ENSMUSG00000003500",-0.938191722876542,0.116585165951961,0.292916986188616,"24h_vs_4h"
"ENSMUSG00000041781",0.223127055291311,0.116595944835118,0.292916986188616,"24h_vs_4h"
"ENSMUSG00000015994",1.31946300042554,0.116607716383198,0.292916986188616,"24h_vs_4h"
"ENSMUSG00000042165",0.154533998791564,0.116864095645764,0.293393545314892,"24h_vs_4h"
"ENSMUSG00000027305",-0.169191831020033,0.11755972869233,0.294906684179401,"24h_vs_4h"
"ENSMUSG00000001445",-0.111344837930808,0.117600824979516,0.294906684179401,"24h_vs_4h"
"ENSMUSG00000054693",-0.151240669551107,0.117751183296988,0.295115579550139,"24h_vs_4h"
"ENSMUSG00000030287",-0.352551996808515,0.118198455492029,0.296067958235869,"24h_vs_4h"
"ENSMUSG00000020744",-0.176114500783967,0.118359676306769,0.296200314946158,"24h_vs_4h"
"ENSMUSG00000024346",1.55953850780778,0.118416609613579,0.296200314946158,"24h_vs_4h"
"ENSMUSG00000022436",-2.25791567779849,0.118453204795555,0.296200314946158,"24h_vs_4h"
"ENSMUSG00000026715",-2.35418390995647,0.118787666382064,0.296867983956538,"24h_vs_4h"
"ENSMUSG00000006010",-0.13087405244076,0.118898283132034,0.296975791182794,"24h_vs_4h"
"ENSMUSG00000020471",1.26305842491846,0.12009258523114,0.299788694045518,"24h_vs_4h"
"ENSMUSG00000030037",-0.258694162067602,0.120713476365792,0.301167805830981,"24h_vs_4h"
"ENSMUSG00000024357",0.184483698903492,0.121282277925378,0.302415470339709,"24h_vs_4h"
"ENSMUSG00000005813",0.0810911349125014,0.121487234869714,0.302754994712124,"24h_vs_4h"
"ENSMUSG00000023861",-0.180252060889281,0.122184476355741,0.304320249259544,"24h_vs_4h"
"ENSMUSG00000028684",0.137678532291243,0.122289714269175,0.304410086254886,"24h_vs_4h"
"ENSMUSG00000058267",-0.142906294001104,0.122419803886949,0.304561648901336,"24h_vs_4h"
"ENSMUSG00000045302",-0.21068984808662,0.122514658490872,0.30462543051883,"24h_vs_4h"
"ENSMUSG00000049940",-0.127354588595267,0.123055675717851,0.30579787060094,"24h_vs_4h"
"ENSMUSG00000021037",0.476664042080969,0.123456065819524,0.306619721033705,"24h_vs_4h"
"ENSMUSG00000016541",0.203703278956539,0.123548175771165,0.306675421076649,"24h_vs_4h"
"ENSMUSG00000024613",-0.0976423784280342,0.124029920961089,0.307697678776637,"24h_vs_4h"
"ENSMUSG00000017686",-0.0858923624098118,0.124909940284925,0.309706280109271,"24h_vs_4h"
"ENSMUSG00000034875",1.09792703387652,0.125366940807465,0.310664361764444,"24h_vs_4h"
"ENSMUSG00000033323",1.50114918643484,0.125839506860233,0.311356115514863,"24h_vs_4h"
"ENSMUSG00000019809",0.954661033452741,0.125847711121165,0.311356115514863,"24h_vs_4h"
"ENSMUSG00000026718",1.44022797624076,0.125858334356042,0.311356115514863,"24h_vs_4h"
"ENSMUSG00000015749",-0.188407734603807,0.126364264756053,0.312378883976422,"24h_vs_4h"
"ENSMUSG00000020903",1.28907602822562,0.126413722418088,0.312378883976422,"24h_vs_4h"
"ENSMUSG00000024308",-0.258275696567956,0.12664304006828,0.31266066808506,"24h_vs_4h"
"ENSMUSG00000033429",-1.97458159580663,0.12666984121692,0.31266066808506,"24h_vs_4h"
"ENSMUSG00000026377",-0.837744611916563,0.12696143204747,0.313204743520693,"24h_vs_4h"
"ENSMUSG00000019822",1.64966305736058,0.127099198239041,0.313368947591046,"24h_vs_4h"
"ENSMUSG00000046785",1.2128217154105,0.127270218000062,0.313614910088618,"24h_vs_4h"
"ENSMUSG00000026853",-0.110018979941199,0.127348715196567,0.313632733956403,"24h_vs_4h"
"ENSMUSG00000039886",-0.161945183008775,0.127559152423212,0.313959204873273,"24h_vs_4h"
"ENSMUSG00000036992",0.769588677130908,0.127623953083,0.313959204873273,"24h_vs_4h"
"ENSMUSG00000079614",-0.106118066052932,0.127828514904943,0.314286756478578,"24h_vs_4h"
"ENSMUSG00000028128",-1.86068237440466,0.128910311787445,0.316628046871675,"24h_vs_4h"
"ENSMUSG00000034088",0.0975195396431658,0.128924667119755,0.316628046871675,"24h_vs_4h"
"ENSMUSG00000008604",1.25747153550542,0.129010343540116,0.316661752325739,"24h_vs_4h"
"ENSMUSG00000059923",0.876304671351829,0.129434312531782,0.317525311846362,"24h_vs_4h"
"ENSMUSG00000078902",-0.653627474160569,0.129802331899897,0.318229322728739,"24h_vs_4h"
"ENSMUSG00000047547",1.94347941067953,0.129935726968889,0.318229322728739,"24h_vs_4h"
"ENSMUSG00000072582",-0.108746116171879,0.129938216983309,0.318229322728739,"24h_vs_4h"
"ENSMUSG00000026917",-0.136320399390112,0.130618618784554,0.319717764889223,"24h_vs_4h"
"ENSMUSG00000068184",-0.112182091671819,0.130734444585434,0.319823396676207,"24h_vs_4h"
"ENSMUSG00000060743",-0.351969772172382,0.13131379682021,0.321015383415528,"24h_vs_4h"
"ENSMUSG00000030868",0.988212680775405,0.131367576807854,0.321015383415528,"24h_vs_4h"
"ENSMUSG00000079553",-0.378697143566214,0.131572446924478,0.321193519061927,"24h_vs_4h"
"ENSMUSG00000015247",-0.144797788567324,0.131586438279631,0.321193519061927,"24h_vs_4h"
"ENSMUSG00000013662",-0.0812366607821176,0.131746431186171,0.321405789163159,"24h_vs_4h"
"ENSMUSG00000021866",0.108327856097556,0.13214460934809,0.322037120839925,"24h_vs_4h"
"ENSMUSG00000028670",-1.00494202368888,0.132151565607113,0.322037120839925,"24h_vs_4h"
"ENSMUSG00000040385",0.109168075931397,0.133179088773423,0.324361466348551,"24h_vs_4h"
"ENSMUSG00000025512",-1.26403613870774,0.134057151134947,0.3263194259651,"24h_vs_4h"
"ENSMUSG00000006262",1.19503173645459,0.13473738181629,0.327793928896348,"24h_vs_4h"
"ENSMUSG00000025035",0.157567538609136,0.135444454387938,0.328941673712789,"24h_vs_4h"
"ENSMUSG00000027087",-0.121207120806233,0.135449446053863,0.328941673712789,"24h_vs_4h"
"ENSMUSG00000046836",1.30709481033472,0.135514975576091,0.328941673712789,"24h_vs_4h"
"ENSMUSG00000028719",0.162446953807518,0.135570096515529,0.328941673712789,"24h_vs_4h"
"ENSMUSG00000036057",1.22983002034956,0.135582866647353,0.328941673712789,"24h_vs_4h"
"ENSMUSG00000030987",0.214677944909386,0.135925846455375,0.32959209380171,"24h_vs_4h"
"ENSMUSG00000001280",-0.237070927467609,0.136546094942991,0.330913746610188,"24h_vs_4h"
"ENSMUSG00000040888",1.44704046071025,0.13670509183041,0.331116735908439,"24h_vs_4h"
"ENSMUSG00000068114",1.47776237333118,0.136962562262892,0.33155788587403,"24h_vs_4h"
"ENSMUSG00000018160",1.0400018674823,0.137128586151101,0.33162819642459,"24h_vs_4h"
"ENSMUSG00000026248",-0.12644717197886,0.137142312540957,0.33162819642459,"24h_vs_4h"
"ENSMUSG00000036270",-0.0755209747327932,0.138053299203629,0.333647759360336,"24h_vs_4h"
"ENSMUSG00000029560",0.799034691258601,0.138569564141471,0.334711663988262,"24h_vs_4h"
"ENSMUSG00000025076",1.24538402817408,0.139333073794278,0.336371287859911,"24h_vs_4h"
"ENSMUSG00000037857",2.87842568362316,0.139538015047603,0.336681361965187,"24h_vs_4h"
"ENSMUSG00000012405",0.105098631076508,0.139920133006034,0.337418359101127,"24h_vs_4h"
"ENSMUSG00000036986",-0.163288874737823,0.140426520601143,0.338454061974606,"24h_vs_4h"
"ENSMUSG00000032127",0.992481088826505,0.141008785648582,0.339671409764319,"24h_vs_4h"
"ENSMUSG00000008136",-1.31192778269478,0.141355973676509,0.34031883728426,"24h_vs_4h"
"ENSMUSG00000008859",1.64510202561215,0.141432209359898,0.34031883728426,"24h_vs_4h"
"ENSMUSG00000017404",0.140836739240854,0.141895765175249,0.34124768444605,"24h_vs_4h"
"ENSMUSG00000036513",1.03726421878497,0.142296391592741,0.342024259639352,"24h_vs_4h"
"ENSMUSG00000024900",-0.166379254284845,0.142688331267003,0.342779118944367,"24h_vs_4h"
"ENSMUSG00000022774",1.43480777930104,0.142926575846712,0.34307901096625,"24h_vs_4h"
"ENSMUSG00000051256",1.1300202861455,0.142969076598978,0.34307901096625,"24h_vs_4h"
"ENSMUSG00000071533",1.19972930671269,0.143071325125927,0.34313727622845,"24h_vs_4h"
"ENSMUSG00000043510",-0.145359197010769,0.143297759698336,0.343493159276893,"24h_vs_4h"
"ENSMUSG00000053317",0.218193154075493,0.143440288045212,0.343647636193238,"24h_vs_4h"
"ENSMUSG00000025036",-0.127605263183831,0.144302852994696,0.34552603701287,"24h_vs_4h"
"ENSMUSG00000047557",-0.191392472092371,0.144833044186941,0.346606975240199,"24h_vs_4h"
"ENSMUSG00000027752",1.29330554612956,0.145179115562763,0.347128886847814,"24h_vs_4h"
"ENSMUSG00000027774",0.0757568779537223,0.145208879956107,0.347128886847814,"24h_vs_4h"
"ENSMUSG00000020739",-0.190179146739904,0.145311925185858,0.347186635582497,"24h_vs_4h"
"ENSMUSG00000026499",0.139859300135249,0.145678273504071,0.347873077423449,"24h_vs_4h"
"ENSMUSG00000025555",-1.15092281476204,0.146428525342999,0.349475021710704,"24h_vs_4h"
"ENSMUSG00000029705",0.1209242064972,0.146529954704672,0.349527550490655,"24h_vs_4h"
"ENSMUSG00000028992",0.147050271430807,0.147033233765677,0.350538061648291,"24h_vs_4h"
"ENSMUSG00000102976",0.650374096038298,0.147123325832211,0.35056294368574,"24h_vs_4h"
"ENSMUSG00000034459",-0.622307179253486,0.147376933629374,0.350977210445279,"24h_vs_4h"
"ENSMUSG00000071074",1.37085408679554,0.14759057028619,0.351059870039731,"24h_vs_4h"
"ENSMUSG00000021910",1.16867617757309,0.14761880836643,0.351059870039731,"24h_vs_4h"
"ENSMUSG00000061273",1.33634194042374,0.147732624555992,0.351059870039731,"24h_vs_4h"
"ENSMUSG00000026491",1.18631854209407,0.147736551201958,0.351059870039731,"24h_vs_4h"
"ENSMUSG00000098274",0.136115618198236,0.147810483795415,0.351059870039731,"24h_vs_4h"
"ENSMUSG00000027215",-1.32515991230703,0.148009686037423,0.351343380933495,"24h_vs_4h"
"ENSMUSG00000006456",-0.0811615497715685,0.148119194229703,0.35138130546935,"24h_vs_4h"
"ENSMUSG00000025371",1.47042464051226,0.14825791446916,0.35138130546935,"24h_vs_4h"
"ENSMUSG00000005881",1.53337444914028,0.148265186152371,0.35138130546935,"24h_vs_4h"
"ENSMUSG00000002812",0.152336946703645,0.148380637926541,0.351465655282405,"24h_vs_4h"
"ENSMUSG00000007039",-1.38219318533924,0.14852623010686,0.351537199184027,"24h_vs_4h"
"ENSMUSG00000028552",0.928910243271595,0.148570595428832,0.351537199184027,"24h_vs_4h"
"ENSMUSG00000028936",-0.135042416196399,0.149526173413432,0.353444519050976,"24h_vs_4h"
"ENSMUSG00000009741",1.22710369365154,0.149537308446471,0.353444519050976,"24h_vs_4h"
"ENSMUSG00000022360",-0.10122718012509,0.149928514885717,0.354178955454666,"24h_vs_4h"
"ENSMUSG00000023277",1.19535265570931,0.150765911159885,0.355793220894946,"24h_vs_4h"
"ENSMUSG00000019659",1.44365241928289,0.150804496365704,0.355793220894946,"24h_vs_4h"
"ENSMUSG00000028651",-0.153908258902671,0.150861458044,0.355793220894946,"24h_vs_4h"
"ENSMUSG00000035863",-1.49279918494404,0.150935229132212,0.355793220894946,"24h_vs_4h"
"ENSMUSG00000048878",0.819672373488572,0.151491977033223,0.356747456352228,"24h_vs_4h"
"ENSMUSG00000044303",-0.134391361168042,0.151539871804273,0.356747456352228,"24h_vs_4h"
"ENSMUSG00000035049",-0.133408858014228,0.151583218218284,0.356747456352228,"24h_vs_4h"
"ENSMUSG00000030102",-0.071832453982811,0.151685573213012,0.356797545542739,"24h_vs_4h"
"ENSMUSG00000043284",-0.134057766394839,0.151923081091936,0.357090380833692,"24h_vs_4h"
"ENSMUSG00000020260",-0.110845786039,0.151972343399569,0.357090380833692,"24h_vs_4h"
"ENSMUSG00000020621",-1.57586315821145,0.152336284387162,0.357754529129082,"24h_vs_4h"
"ENSMUSG00000057440",1.27714474890505,0.152888298829962,0.358859415013686,"24h_vs_4h"
"ENSMUSG00000005374",0.0877787742148968,0.153147227610463,0.359275559015803,"24h_vs_4h"
"ENSMUSG00000042284",0.674641709446131,0.153439277710816,0.359768919129089,"24h_vs_4h"
"ENSMUSG00000049775",-1.24726926397035,0.15371187051771,0.360216156628563,"24h_vs_4h"
"ENSMUSG00000029208",-0.784868561148492,0.154482357970942,0.361829088573771,"24h_vs_4h"
"ENSMUSG00000028345",0.846659718113649,0.154727262084665,0.361906267994032,"24h_vs_4h"
"ENSMUSG00000027907",-0.128321803677863,0.154814289599266,0.361906267994032,"24h_vs_4h"
"ENSMUSG00000001783",0.173723628882346,0.154846733762473,0.361906267994032,"24h_vs_4h"
"ENSMUSG00000026820",-0.0935533616377384,0.154951877130066,0.361906267994032,"24h_vs_4h"
"ENSMUSG00000002395",1.20177389108911,0.154970317647483,0.361906267994032,"24h_vs_4h"
"ENSMUSG00000019577",-0.13715461406203,0.155045640970347,0.361906267994032,"24h_vs_4h"
"ENSMUSG00000018974",0.0955336771277615,0.155090938749544,0.361906267994032,"24h_vs_4h"
"ENSMUSG00000028671",-1.43973576046828,0.155504069936219,0.362678013666826,"24h_vs_4h"
"ENSMUSG00000022201",0.0946514605012894,0.155615833115976,0.362721517825819,"24h_vs_4h"
"ENSMUSG00000024914",1.08696078234731,0.155738840984366,0.362721517825819,"24h_vs_4h"
"ENSMUSG00000029993",-0.167474568716088,0.155769976980413,0.362721517825819,"24h_vs_4h"
"ENSMUSG00000044763",0.860552041147553,0.156802959025778,0.364899706456559,"24h_vs_4h"
"ENSMUSG00000001211",0.254539520542373,0.156871221226042,0.364899706456559,"24h_vs_4h"
"ENSMUSG00000024191",-1.00468701406021,0.157020068588952,0.3649451822214,"24h_vs_4h"
"ENSMUSG00000029836",0.133323595915716,0.157056617843065,0.3649451822214,"24h_vs_4h"
"ENSMUSG00000045763",0.261797603674207,0.157294075320378,0.365304076773077,"24h_vs_4h"
"ENSMUSG00000035227",0.106125231220112,0.157586038552091,0.365789111639109,"24h_vs_4h"
"ENSMUSG00000049858",-1.57702535189631,0.157863360845898,0.366239668467472,"24h_vs_4h"
"ENSMUSG00000040158",-1.64499204660934,0.15815190909194,0.366715780776412,"24h_vs_4h"
"ENSMUSG00000032560",0.0888904781802715,0.158552349100019,0.367234515075051,"24h_vs_4h"
"ENSMUSG00000020248",-1.29511866266968,0.158575673018631,0.367234515075051,"24h_vs_4h"
"ENSMUSG00000027893",-0.0928723489423824,0.158625951637735,0.367234515075051,"24h_vs_4h"
"ENSMUSG00000028759",-0.077887544447151,0.158867503133595,0.367600358197136,"24h_vs_4h"
"ENSMUSG00000025026",0.122742761543456,0.159341341296712,0.368503017891135,"24h_vs_4h"
"ENSMUSG00000006412",0.946991668143159,0.159660680357827,0.36904761252878,"24h_vs_4h"
"ENSMUSG00000025872",1.41759939918796,0.159835663090381,0.369258138194628,"24h_vs_4h"
"ENSMUSG00000019795",0.126257460301716,0.160102181468713,0.369607195639629,"24h_vs_4h"
"ENSMUSG00000032135",0.136506305270842,0.160154719855663,0.369607195639629,"24h_vs_4h"
"ENSMUSG00000004356",-1.71018280846114,0.1604309909962,0.369857156187159,"24h_vs_4h"
"ENSMUSG00000028270",0.273754367189397,0.160431353932183,0.369857156187159,"24h_vs_4h"
"ENSMUSG00000042814",1.32550131598742,0.160515148447506,0.369857156187159,"24h_vs_4h"
"ENSMUSG00000034957",-1.10202607870398,0.160604322636847,0.369868981645611,"24h_vs_4h"
"ENSMUSG00000042626",1.14594145940198,0.160903853335602,0.370364988770913,"24h_vs_4h"
"ENSMUSG00000018196",1.14958269669804,0.161963372543512,0.372608887905906,"24h_vs_4h"
"ENSMUSG00000046879",-0.266470994134419,0.162330201595045,0.373155694278486,"24h_vs_4h"
"ENSMUSG00000107283",-0.176638139345378,0.162370632706953,0.373155694278486,"24h_vs_4h"
"ENSMUSG00000021248",-0.105840088454595,0.163990710301839,0.376682210875988,"24h_vs_4h"
"ENSMUSG00000025351",2.60452965463592,0.164453925785704,0.377549153564362,"24h_vs_4h"
"ENSMUSG00000031586",0.740562950504145,0.164643654497552,0.377787655601526,"24h_vs_4h"
"ENSMUSG00000025534",-0.0950295875144818,0.165057191914004,0.378539187917422,"24h_vs_4h"
"ENSMUSG00000040843",-1.32085697916734,0.165272063967758,0.378834559126094,"24h_vs_4h"
"ENSMUSG00000039671",1.04507849114467,0.165548733520489,0.379171719417644,"24h_vs_4h"
"ENSMUSG00000054611",0.768439189678759,0.165591466648651,0.379171719417644,"24h_vs_4h"
"ENSMUSG00000005354",0.127247246042792,0.166957865463966,0.382101698339528,"24h_vs_4h"
"ENSMUSG00000025958",-1.21977795259189,0.16757820057901,0.383322068995959,"24h_vs_4h"
"ENSMUSG00000037062",0.15076638666093,0.168007228407107,0.384103798555676,"24h_vs_4h"
"ENSMUSG00000040483",1.08102243191824,0.1686311886671,0.385330146066411,"24h_vs_4h"
"ENSMUSG00000029581",0.161680607667265,0.169037487490264,0.386036377869687,"24h_vs_4h"
"ENSMUSG00000036114",1.23538061628552,0.169115686555955,0.386036377869687,"24h_vs_4h"
"ENSMUSG00000028224",-0.151578970760252,0.169238948879945,0.386117477460154,"24h_vs_4h"
"ENSMUSG00000056870",-0.893415487941454,0.169827025994429,0.387258415233929,"24h_vs_4h"
"ENSMUSG00000020831",1.32281723885356,0.169963722269879,0.387369415696394,"24h_vs_4h"
"ENSMUSG00000026305",1.47949410772419,0.170166452628976,0.387630723612899,"24h_vs_4h"
"ENSMUSG00000018932",0.0974191744046458,0.170281161827339,0.387691357062658,"24h_vs_4h"
"ENSMUSG00000079641",-2.29805707677452,0.170380938472795,0.387717947372684,"24h_vs_4h"
"ENSMUSG00000036733",0.804576472160168,0.170830647289009,0.388540402438723,"24h_vs_4h"
"ENSMUSG00000009013",0.128862769572077,0.171113101229028,0.388981796750492,"24h_vs_4h"
"ENSMUSG00000022811",-1.45160121274169,0.171602879205679,0.389893790079604,"24h_vs_4h"
"ENSMUSG00000004100",-0.649053324008854,0.172643116439011,0.392054878972181,"24h_vs_4h"
"ENSMUSG00000031864",-0.104519115768557,0.173700571679755,0.394252818959567,"24h_vs_4h"
"ENSMUSG00000019920",0.124339393287826,0.174272348622229,0.395346704271355,"24h_vs_4h"
"ENSMUSG00000034908",0.79822556007958,0.174763470480576,0.396256586081924,"24h_vs_4h"
"ENSMUSG00000037949",0.107330908877287,0.174988811285581,0.396563212393327,"24h_vs_4h"
"ENSMUSG00000061024",0.131667186749056,0.175837024279862,0.39828036225202,"24h_vs_4h"
"ENSMUSG00000026439",0.688136498017951,0.176135711603148,0.398751680434905,"24h_vs_4h"
"ENSMUSG00000037938",-1.32242747423199,0.176602017541158,0.399515004097965,"24h_vs_4h"
"ENSMUSG00000038467",0.14428360531312,0.176691034165761,0.399515004097965,"24h_vs_4h"
"ENSMUSG00000061758",-0.148770275381189,0.17674521994518,0.399515004097965,"24h_vs_4h"
"ENSMUSG00000019214",0.991484359470832,0.177356369892158,0.400690648816933,"24h_vs_4h"
"ENSMUSG00000019916",1.74537795610673,0.177461111226982,0.400721575428398,"24h_vs_4h"
"ENSMUSG00000041881",-0.124080052412634,0.177991949217874,0.401714137696341,"24h_vs_4h"
"ENSMUSG00000078619",0.170634108607317,0.178390132737667,0.40240644499153,"24h_vs_4h"
"ENSMUSG00000026087",-0.131887009308219,0.178685172103434,0.402863468500132,"24h_vs_4h"
"ENSMUSG00000040940",1.1890624412451,0.178775813219895,0.402863468500132,"24h_vs_4h"
"ENSMUSG00000006134",1.59441387574048,0.179569665917925,0.404445291558234,"24h_vs_4h"
"ENSMUSG00000060923",1.25743515591793,0.180276141781743,0.405645007821601,"24h_vs_4h"
"ENSMUSG00000022314",0.0806481902382039,0.180286670142934,0.405645007821601,"24h_vs_4h"
"ENSMUSG00000025510",1.71291418744574,0.180599973176045,0.405948730635889,"24h_vs_4h"
"ENSMUSG00000024480",1.18345102520742,0.180664500182062,0.405948730635889,"24h_vs_4h"
"ENSMUSG00000028998",-0.213861485461191,0.180698378394844,0.405948730635889,"24h_vs_4h"
"ENSMUSG00000061079",-0.536616666233744,0.181036750702162,0.40650139787766,"24h_vs_4h"
"ENSMUSG00000021033",-0.113368341721035,0.181288382780615,0.406858833563226,"24h_vs_4h"
"ENSMUSG00000019777",0.105605637929752,0.181766000035165,0.407390094870948,"24h_vs_4h"
"ENSMUSG00000024659",-0.134991117715014,0.181774427420001,0.407390094870948,"24h_vs_4h"
"ENSMUSG00000031839",-1.51710625706332,0.181861160243657,0.407390094870948,"24h_vs_4h"
"ENSMUSG00000016382",0.132894228462298,0.181895372965556,0.407390094870948,"24h_vs_4h"
"ENSMUSG00000033039",-0.97918347476368,0.182112460845878,0.407668840377776,"24h_vs_4h"
"ENSMUSG00000070436",-0.0794392738767229,0.182241794334848,0.40775095926165,"24h_vs_4h"
"ENSMUSG00000024759",0.0975772692173749,0.182510203463601,0.408144006830949,"24h_vs_4h"
"ENSMUSG00000022881",-0.0690586632580867,0.182683752766525,0.408324629723452,"24h_vs_4h"
"ENSMUSG00000032194",0.714608985474939,0.182933906557244,0.408676204445904,"24h_vs_4h"
"ENSMUSG00000032042",-0.109448124738709,0.183181982599109,0.409022783063764,"24h_vs_4h"
"ENSMUSG00000027227",0.212812437287006,0.183414762175946,0.409334872381511,"24h_vs_4h"
"ENSMUSG00000056209",0.904010099113659,0.18370394349804,0.409772455821021,"24h_vs_4h"
"ENSMUSG00000046516",0.222476810854857,0.184274680886968,0.410837320457724,"24h_vs_4h"
"ENSMUSG00000050244",0.119282645344516,0.185030957135168,0.412314553089557,"24h_vs_4h"
"ENSMUSG00000034681",-0.0864768118528119,0.185588628330067,0.413347952065094,"24h_vs_4h"
"ENSMUSG00000055447",1.02875713664184,0.185942366879244,0.413926331125723,"24h_vs_4h"
"ENSMUSG00000036644",1.08075255457081,0.186041265408565,0.41393711277204,"24h_vs_4h"
"ENSMUSG00000027639",-0.104528561605125,0.187687606498038,0.417365879346061,"24h_vs_4h"
"ENSMUSG00000025533",1.16361027597078,0.187835434962067,0.417365879346061,"24h_vs_4h"
"ENSMUSG00000003279",-1.92728448645402,0.187866804586355,0.417365879346061,"24h_vs_4h"
"ENSMUSG00000032555",0.958470784403481,0.188206462989983,0.417909507375841,"24h_vs_4h"
"ENSMUSG00000028986",-2.90932841537944,0.188802293734263,0.419021126941246,"24h_vs_4h"
"ENSMUSG00000031988",1.09016042171163,0.188978235813913,0.419200209585198,"24h_vs_4h"
"ENSMUSG00000017548",0.694479303602201,0.189813957076212,0.420504394995409,"24h_vs_4h"
"ENSMUSG00000031715",0.037933273488175,0.189843094732858,0.420504394995409,"24h_vs_4h"
"ENSMUSG00000078452",0.965866709664343,0.189934896706517,0.420504394995409,"24h_vs_4h"
"ENSMUSG00000032330",-1.48439918563249,0.189972067539308,0.420504394995409,"24h_vs_4h"
"ENSMUSG00000027091",0.862217622923289,0.190043908576657,0.420504394995409,"24h_vs_4h"
"ENSMUSG00000066442",-0.980233067770229,0.190423353542736,0.421085394406882,"24h_vs_4h"
"ENSMUSG00000061477",0.0532715248241011,0.190497846004113,0.421085394406882,"24h_vs_4h"
"ENSMUSG00000009535",1.4375674498015,0.190841325951835,0.421632869233949,"24h_vs_4h"
"ENSMUSG00000073643",1.65790457000432,0.191053431883483,0.421889690777326,"24h_vs_4h"
"ENSMUSG00000010205",-0.0948695521187446,0.192703364926414,0.425145540825313,"24h_vs_4h"
"ENSMUSG00000033411",1.19779929246807,0.192721052930357,0.425145540825313,"24h_vs_4h"
"ENSMUSG00000047866",-0.617622081976887,0.193000084943469,0.425547782483071,"24h_vs_4h"
"ENSMUSG00000061360",0.0795194594894255,0.19348319785302,0.42639937593948,"24h_vs_4h"
"ENSMUSG00000031903",1.21449282986416,0.193597086900433,0.426436826550953,"24h_vs_4h"
"ENSMUSG00000039680",-0.117822455561122,0.194567249063666,0.428359411270231,"24h_vs_4h"
"ENSMUSG00000038299",1.12024153899729,0.194959621580854,0.42900864728867,"24h_vs_4h"
"ENSMUSG00000025159",0.134493403600054,0.195503629909942,0.429990742245704,"24h_vs_4h"
"ENSMUSG00000021012",1.29594282547729,0.195800860278581,0.43037577202543,"24h_vs_4h"
"ENSMUSG00000073676",-0.275818847508717,0.195874272067016,0.43037577202543,"24h_vs_4h"
"ENSMUSG00000020022",-0.0952425700091553,0.196138109202374,0.430740428442938,"24h_vs_4h"
"ENSMUSG00000037936",0.166362917566275,0.19627898654826,0.430834822842341,"24h_vs_4h"
"ENSMUSG00000033557",-1.61209617595134,0.196830538233967,0.431830109056675,"24h_vs_4h"
"ENSMUSG00000071415",0.0533032957753967,0.196932239321216,0.431837959767151,"24h_vs_4h"
"ENSMUSG00000041958",1.27348681879366,0.197621541047386,0.432993139777123,"24h_vs_4h"
"ENSMUSG00000021870",-1.20635117570005,0.197655809546067,0.432993139777123,"24h_vs_4h"
"ENSMUSG00000008333",-1.01688054868499,0.198466326469829,0.434552389449611,"24h_vs_4h"
"ENSMUSG00000057130",1.45203409390782,0.19861250475131,0.434656207563657,"24h_vs_4h"
"ENSMUSG00000074643",-1.21280286195909,0.19913569840654,0.435584596763014,"24h_vs_4h"
"ENSMUSG00000022673",0.0572593631508163,0.199488171318231,0.436138818664448,"24h_vs_4h"
"ENSMUSG00000024866",1.3747214359268,0.199703688159271,0.436393213301366,"24h_vs_4h"
"ENSMUSG00000020171",1.04860020253793,0.199846862850154,0.436489351565025,"24h_vs_4h"
"ENSMUSG00000036940",0.636251222163903,0.200481615326289,0.43765852631498,"24h_vs_4h"
"ENSMUSG00000003865",-0.132226125512585,0.200981852329114,0.438533035250585,"24h_vs_4h"
"ENSMUSG00000004460",-0.105112565226747,0.201331975731569,0.439079298907153,"24h_vs_4h"
"ENSMUSG00000010936",0.0932013876109572,0.201633225036254,0.439518486074568,"24h_vs_4h"
"ENSMUSG00000037820",-0.0749256364679134,0.20237050602715,0.440907226250241,"24h_vs_4h"
"ENSMUSG00000073609",-1.31724336212303,0.203412614124379,0.442803314950705,"24h_vs_4h"
"ENSMUSG00000055204",1.01578478983608,0.203489413658651,0.442803314950705,"24h_vs_4h"
"ENSMUSG00000020576",0.179848971187283,0.203542628072092,0.442803314950705,"24h_vs_4h"
"ENSMUSG00000028093",0.0984759784178593,0.203733517846517,0.442999610692946,"24h_vs_4h"
"ENSMUSG00000008475",2.11899832350371,0.204238718207669,0.443878814238001,"24h_vs_4h"
"ENSMUSG00000027963",0.824807021803366,0.204400740337843,0.444011677308414,"24h_vs_4h"
"ENSMUSG00000063052",-0.161712251229499,0.204738117780798,0.444525138802807,"24h_vs_4h"
"ENSMUSG00000071654",-1.49145874748433,0.20513220202952,0.445161154404298,"24h_vs_4h"
"ENSMUSG00000026353",0.152014680490346,0.205233973448747,0.445162502290752,"24h_vs_4h"
"ENSMUSG00000031628",1.2654980253142,0.205876220555268,0.446335589489525,"24h_vs_4h"
"ENSMUSG00000023973",-0.119864618820408,0.20631057992298,0.447057046893666,"24h_vs_4h"
"ENSMUSG00000006589",-0.161941745626699,0.206672389000282,0.447620661412521,"24h_vs_4h"
"ENSMUSG00000090862",0.11259513973496,0.208031593969206,0.450342865252569,"24h_vs_4h"
"ENSMUSG00000027488",-1.38479328287443,0.208731833862803,0.451434872656911,"24h_vs_4h"
"ENSMUSG00000020697",1.07364312094833,0.208849389842602,0.451434872656911,"24h_vs_4h"
"ENSMUSG00000042709",-0.0876058551639183,0.20891031837747,0.451434872656911,"24h_vs_4h"
"ENSMUSG00000024580",1.21082689983261,0.208946338469013,0.451434872656911,"24h_vs_4h"
"ENSMUSG00000032312",0.929680587849905,0.20912527607125,0.451599774283402,"24h_vs_4h"
"ENSMUSG00000041313",1.44449632070881,0.209453326744954,0.45208636145392,"24h_vs_4h"
"ENSMUSG00000020993",1.4042086922454,0.2098407914186,0.452700648545715,"24h_vs_4h"
"ENSMUSG00000004268",-0.609534433982297,0.210129636885176,0.453101681495179,"24h_vs_4h"
"ENSMUSG00000032279",-0.0953188615181162,0.211353891171811,0.455317920491885,"24h_vs_4h"
"ENSMUSG00000029104",0.804341154252505,0.211364351639382,0.455317920491885,"24h_vs_4h"
"ENSMUSG00000028614",0.218119289748756,0.21154318346908,0.455480210590715,"24h_vs_4h"
"ENSMUSG00000042557",0.103156408937039,0.211941191508544,0.4561140263223,"24h_vs_4h"
"ENSMUSG00000037149",0.0824559788521455,0.212133655900036,0.45630509267647,"24h_vs_4h"
"ENSMUSG00000026634",-0.171823980964501,0.212982219518429,0.457906569663218,"24h_vs_4h"
"ENSMUSG00000037725",-1.3504106818149,0.21354951507691,0.458902058522208,"24h_vs_4h"
"ENSMUSG00000021687",1.33694973744831,0.213806603923675,0.459230289833136,"24h_vs_4h"
"ENSMUSG00000026843",0.106256977773544,0.214090175646049,0.459596427040748,"24h_vs_4h"
"ENSMUSG00000029472",0.932604207143672,0.214185928620898,0.459596427040748,"24h_vs_4h"
"ENSMUSG00000021606",-0.212196783892718,0.214389127480044,0.459808260253252,"24h_vs_4h"
"ENSMUSG00000066979",0.0869473332721569,0.215031438552356,0.460961208508972,"24h_vs_4h"
"ENSMUSG00000038374",0.128964204850167,0.216593936474297,0.464084671092201,"24h_vs_4h"
"ENSMUSG00000006005",-0.0558642341860462,0.21741406754913,0.465615236634414,"24h_vs_4h"
"ENSMUSG00000018697",0.759937340545608,0.218392044806693,0.467311371756641,"24h_vs_4h"
"ENSMUSG00000021196",0.0897267259855354,0.218511248636487,0.467311371756641,"24h_vs_4h"
"ENSMUSG00000061286",1.53682611840233,0.218524608742369,0.467311371756641,"24h_vs_4h"
"ENSMUSG00000018796",0.0819500281792713,0.218631966905956,0.46731388361006,"24h_vs_4h"
"ENSMUSG00000034473",1.01204069152183,0.219600203776226,0.46915558098018,"24h_vs_4h"
"ENSMUSG00000063200",0.90316190941612,0.220072389751269,0.469936238377164,"24h_vs_4h"
"ENSMUSG00000046364",0.0949669767828567,0.221841573408641,0.473484366911459,"24h_vs_4h"
"ENSMUSG00000055319",-0.0863788448327441,0.222156202019829,0.473864228633898,"24h_vs_4h"
"ENSMUSG00000038683",1.41466705988675,0.22228657324185,0.473864228633898,"24h_vs_4h"
"ENSMUSG00000024260",-0.982130131347933,0.222442709916214,0.473864228633898,"24h_vs_4h"
"ENSMUSG00000056167",0.907877027370606,0.222450237754518,0.473864228633898,"24h_vs_4h"
"ENSMUSG00000031232",0.944197215522657,0.222700499938005,0.474167827879612,"24h_vs_4h"
"ENSMUSG00000030718",1.24402798678884,0.222951825920572,0.474473397425743,"24h_vs_4h"
"ENSMUSG00000070283",1.05388594701608,0.223578348853592,0.47557675848461,"24h_vs_4h"
"ENSMUSG00000031266",1.46889653759517,0.223791688893338,0.475800590734097,"24h_vs_4h"
"ENSMUSG00000032212",-0.690840971014044,0.224644440122666,0.477382994195971,"24h_vs_4h"
"ENSMUSG00000020680",0.133061950446344,0.225379703005046,0.478492854164395,"24h_vs_4h"
"ENSMUSG00000036323",-0.0885789573814222,0.225384159664347,0.478492854164395,"24h_vs_4h"
"ENSMUSG00000032763",-0.88153316800706,0.225645359083011,0.478816405653004,"24h_vs_4h"
"ENSMUSG00000027630",1.2726825971571,0.225808542479659,0.47893175684481,"24h_vs_4h"
"ENSMUSG00000060935",-0.180196759118857,0.226359839549797,0.47986977546178,"24h_vs_4h"
"ENSMUSG00000042111",1.08875666218838,0.22790137294177,0.48251281071445,"24h_vs_4h"
"ENSMUSG00000029394",0.953381383273953,0.228014853546775,0.48251281071445,"24h_vs_4h"
"ENSMUSG00000014551",0.203509639261526,0.22802972530019,0.48251281071445,"24h_vs_4h"
"ENSMUSG00000010097",-0.0662930386456964,0.228045136624871,0.48251281071445,"24h_vs_4h"
"ENSMUSG00000003037",0.163840983387377,0.228664616818018,0.483591051713647,"24h_vs_4h"
"ENSMUSG00000072946",0.153017860080801,0.229235733784125,0.484566025160391,"24h_vs_4h"
"ENSMUSG00000017778",0.228131673072653,0.229626215367786,0.485158412786186,"24h_vs_4h"
"ENSMUSG00000035376",-1.12390059623774,0.229968426746649,0.485648294679463,"24h_vs_4h"
"ENSMUSG00000029632",0.153654831849721,0.231017756984306,0.487630287044571,"24h_vs_4h"
"ENSMUSG00000009647",0.139048025921717,0.231932318036278,0.489326045866567,"24h_vs_4h"
"ENSMUSG00000024800",0.942234923497274,0.23253063595461,0.490333923416966,"24h_vs_4h"
"ENSMUSG00000038766",1.00982092979479,0.232632863461628,0.490333923416966,"24h_vs_4h"
"ENSMUSG00000022024",0.163550178420692,0.232789597796844,0.490429401581575,"24h_vs_4h"
"ENSMUSG00000024735",0.0628199753299867,0.232977484996591,0.490590388263156,"24h_vs_4h"
"ENSMUSG00000003970",0.0742502214749017,0.233396215869763,0.491237085625455,"24h_vs_4h"
"ENSMUSG00000005899",0.654098476375619,0.233751449238126,0.49174958322036,"24h_vs_4h"
"ENSMUSG00000020264",-1.31259140753332,0.234135011199857,0.49199620591987,"24h_vs_4h"
"ENSMUSG00000046434",0.0518130172567979,0.234244785473576,0.49199620591987,"24h_vs_4h"
"ENSMUSG00000053286",0.709169589874428,0.234246534388021,0.49199620591987,"24h_vs_4h"
"ENSMUSG00000074364",0.0943455886798326,0.234315848127255,0.49199620591987,"24h_vs_4h"
"ENSMUSG00000020964",-0.115768225602412,0.234628472251909,0.49241769498362,"24h_vs_4h"
"ENSMUSG00000041057",1.1442528429582,0.234879037359672,0.49270860029548,"24h_vs_4h"
"ENSMUSG00000020923",0.0923761150106053,0.235809725166787,0.494425250337793,"24h_vs_4h"
"ENSMUSG00000021244",-0.0745742420577145,0.236986939257273,0.496656914129171,"24h_vs_4h"
"ENSMUSG00000027010",-0.0619017419420942,0.237397720597514,0.497221949790734,"24h_vs_4h"
"ENSMUSG00000024393",1.47244016432003,0.23748251271532,0.497221949790734,"24h_vs_4h"
"ENSMUSG00000026918",1.65860986066415,0.238145551382761,0.498166342680226,"24h_vs_4h"
"ENSMUSG00000056228",-0.812657855886034,0.238159960236127,0.498166342680226,"24h_vs_4h"
"ENSMUSG00000025574",-1.26516996169238,0.238698413287999,0.499055447449161,"24h_vs_4h"
"ENSMUSG00000020460",-0.100804358442311,0.239137991438879,0.499737084673555,"24h_vs_4h"
"ENSMUSG00000032849",0.601031369781293,0.239737689686788,0.500530283281279,"24h_vs_4h"
"ENSMUSG00000028066",1.09699333205655,0.239745020939999,0.500530283281279,"24h_vs_4h"
"ENSMUSG00000027163",1.30542674088736,0.24053817082547,0.501901645627459,"24h_vs_4h"
"ENSMUSG00000021374",0.131110123616075,0.240629964161313,0.501901645627459,"24h_vs_4h"
"ENSMUSG00000021693",-1.00032325274692,0.240874005049959,0.501941054621414,"24h_vs_4h"
"ENSMUSG00000027076",-0.110137445672883,0.240876961454312,0.501941054621414,"24h_vs_4h"
"ENSMUSG00000039197",0.133154284894953,0.241051477281182,0.502066990778269,"24h_vs_4h"
"ENSMUSG00000042198",0.951340915630283,0.241238320119053,0.502218470597896,"24h_vs_4h"
"ENSMUSG00000048486",1.17855413670468,0.242009572643544,0.503585876692311,"24h_vs_4h"
"ENSMUSG00000017716",-0.13758349229245,0.242459925065846,0.504284560593001,"24h_vs_4h"
"ENSMUSG00000045193",0.639541684513841,0.242706380639727,0.504342577795106,"24h_vs_4h"
"ENSMUSG00000038644",-0.114659431785611,0.242717014262676,0.504342577795106,"24h_vs_4h"
"ENSMUSG00000017264",1.10324961357834,0.24286778356094,0.504417704318875,"24h_vs_4h"
"ENSMUSG00000028580",1.11554490773172,0.243021068315631,0.504497981913722,"24h_vs_4h"
"ENSMUSG00000032571",1.38604643475559,0.243898342039214,0.506080435320406,"24h_vs_4h"
"ENSMUSG00000021040",-0.436294200456963,0.244908955010313,0.507937941093491,"24h_vs_4h"
"ENSMUSG00000031555",-0.170825132840605,0.245795175846333,0.509535830852432,"24h_vs_4h"
"ENSMUSG00000045973",0.0966888085700042,0.247137993251214,0.512078299575609,"24h_vs_4h"
"ENSMUSG00000001999",0.182169616409404,0.247295139084842,0.512162779817595,"24h_vs_4h"
"ENSMUSG00000034593",-0.979725344543482,0.247704485013844,0.512715366106102,"24h_vs_4h"
"ENSMUSG00000027997",0.934351493131853,0.247794951989929,0.512715366106102,"24h_vs_4h"
"ENSMUSG00000031352",0.125639867673922,0.248696257444582,0.514338453483837,"24h_vs_4h"
"ENSMUSG00000028882",0.172384735367082,0.248986631429508,0.514697118328448,"24h_vs_4h"
"ENSMUSG00000022748",-1.33972933461757,0.250130517379106,0.516818970415701,"24h_vs_4h"
"ENSMUSG00000017210",0.678808790203867,0.250669141770047,0.517688828216788,"24h_vs_4h"
"ENSMUSG00000028134",1.30630775842057,0.252406472371262,0.520791920401874,"24h_vs_4h"
"ENSMUSG00000021660",0.0788991121830485,0.252408354059804,0.520791920401874,"24h_vs_4h"
"ENSMUSG00000069045",-1.96606662212935,0.254287243045966,0.524422753816914,"24h_vs_4h"
"ENSMUSG00000025007",-0.0467576171524264,0.254879752691906,0.525398497235166,"24h_vs_4h"
"ENSMUSG00000028163",1.0658590368024,0.255555014490459,0.526543829013348,"24h_vs_4h"
"ENSMUSG00000079480",1.59737848375972,0.256184999660333,0.527594844878393,"24h_vs_4h"
"ENSMUSG00000020265",1.39219726279535,0.256670940827306,0.528348367905039,"24h_vs_4h"
"ENSMUSG00000003200",0.134533040448638,0.258032453800747,0.530902678437162,"24h_vs_4h"
"ENSMUSG00000034462",1.25398657427588,0.258456241683054,0.531055730737067,"24h_vs_4h"
"ENSMUSG00000015092",1.73228415212809,0.258463525335553,0.531055730737067,"24h_vs_4h"
"ENSMUSG00000026198",0.939283135404249,0.258468842362826,0.531055730737067,"24h_vs_4h"
"ENSMUSG00000006728",-0.137131077236319,0.258831738210521,0.531553187057631,"24h_vs_4h"
"ENSMUSG00000028693",0.0818782724375851,0.259444439643874,0.532534958463729,"24h_vs_4h"
"ENSMUSG00000016534",-0.195304939635484,0.259575426085625,0.532534958463729,"24h_vs_4h"
"ENSMUSG00000073702",0.088093470835485,0.259879021170752,0.532534958463729,"24h_vs_4h"
"ENSMUSG00000028322",-1.49272555638795,0.259926538234682,0.532534958463729,"24h_vs_4h"
"ENSMUSG00000015112",1.46298478746571,0.259936301703759,0.532534958463729,"24h_vs_4h"
"ENSMUSG00000040359",0.603611463529553,0.260035815891514,0.532534958463729,"24h_vs_4h"
"ENSMUSG00000029145",0.603697755562347,0.260354666541418,0.532939947650595,"24h_vs_4h"
"ENSMUSG00000027293",0.0878490841204389,0.260695743082404,0.533390035009605,"24h_vs_4h"
"ENSMUSG00000029501",-0.820967150187347,0.260952962356797,0.533668209726887,"24h_vs_4h"
"ENSMUSG00000015837",0.115077976084848,0.261186447350834,0.533897610214129,"24h_vs_4h"
"ENSMUSG00000079316",-0.701704603411077,0.261386701072278,0.534028272848312,"24h_vs_4h"
"ENSMUSG00000019710",-0.0979091812057327,0.261676503030449,0.534028272848312,"24h_vs_4h"
"ENSMUSG00000025544",0.236761827706406,0.261777582010087,0.534028272848312,"24h_vs_4h"
"ENSMUSG00000027327",1.38577512112307,0.261816821308151,0.534028272848312,"24h_vs_4h"
"ENSMUSG00000118671",-1.22370738024204,0.261857080846775,0.534028272848312,"24h_vs_4h"
"ENSMUSG00000031059",0.0870055974786759,0.262263685208844,0.534609763132989,"24h_vs_4h"
"ENSMUSG00000031827",0.131687754948484,0.262895679001145,0.535649945964834,"24h_vs_4h"
"ENSMUSG00000024054",-0.0484181915266646,0.263359451480905,0.536346573793365,"24h_vs_4h"
"ENSMUSG00000034659",-2.19975189690832,0.263642904422822,0.536675496005939,"24h_vs_4h"
"ENSMUSG00000020023",0.954678543336488,0.26376724231621,0.536680366820916,"24h_vs_4h"
"ENSMUSG00000037487",0.792290955908125,0.264370183343252,0.537658584516475,"24h_vs_4h"
"ENSMUSG00000017188",-1.88744001349313,0.264500653179173,0.537675461728194,"24h_vs_4h"
"ENSMUSG00000001403",-1.1938784479815,0.265088512482252,0.538621672869063,"24h_vs_4h"
"ENSMUSG00000009079",0.0983292331141818,0.265930489631525,0.540083103307957,"24h_vs_4h"
"ENSMUSG00000004895",1.28340914769829,0.266838803846589,0.541677848583413,"24h_vs_4h"
"ENSMUSG00000033624",-0.872077126071925,0.267232920522983,0.542129735518286,"24h_vs_4h"
"ENSMUSG00000024208",-0.100917359936137,0.267307776885863,0.542129735518286,"24h_vs_4h"
"ENSMUSG00000066441",1.31095680691167,0.267928078705899,0.542969923992195,"24h_vs_4h"
"ENSMUSG00000017999",1.2455250893051,0.267968796844137,0.542969923992195,"24h_vs_4h"
"ENSMUSG00000001855",-0.166123933363536,0.268249080846235,0.54328771505029,"24h_vs_4h"
"ENSMUSG00000053453",1.46460785171986,0.268555061820679,0.543657234164125,"24h_vs_4h"
"ENSMUSG00000026500",-0.824416569767816,0.269277656856643,0.544869410494752,"24h_vs_4h"
"ENSMUSG00000056770",-0.913206232360636,0.269627928223374,0.545327441227513,"24h_vs_4h"
"ENSMUSG00000028044",1.20739535079961,0.269835905508249,0.545497390970052,"24h_vs_4h"
"ENSMUSG00000021692",1.21726766588682,0.270419682702869,0.546426548932656,"24h_vs_4h"
"ENSMUSG00000037012",-0.0503525608358864,0.270982384909604,0.547246641258702,"24h_vs_4h"
"ENSMUSG00000027882",0.124696587560589,0.27107422811724,0.547246641258702,"24h_vs_4h"
"ENSMUSG00000090733",-2.25529629946007,0.271430670283385,0.547519009329115,"24h_vs_4h"
"ENSMUSG00000025579",0.111008675245621,0.271530765113208,0.547519009329115,"24h_vs_4h"
"ENSMUSG00000031974",1.01038740542247,0.271582367045094,0.547519009329115,"24h_vs_4h"
"ENSMUSG00000028413",1.01683043188687,0.271866123226613,0.547840113699783,"24h_vs_4h"
"ENSMUSG00000054312",-0.0844127717872567,0.272441339569287,0.548675609271931,"24h_vs_4h"
"ENSMUSG00000025133",0.0770191530388438,0.27253007995193,0.548675609271931,"24h_vs_4h"
"ENSMUSG00000030613",-1.08540719285137,0.272741201273379,0.54874811880114,"24h_vs_4h"
"ENSMUSG00000020457",-0.630314047478173,0.272815470106088,0.54874811880114,"24h_vs_4h"
"ENSMUSG00000018761",0.673821463170189,0.273290386504535,0.549452257198017,"24h_vs_4h"
"ENSMUSG00000009291",2.34377986480304,0.273639674190639,0.549903290462558,"24h_vs_4h"
"ENSMUSG00000058056",0.91074738122316,0.273959824993183,0.55029538557508,"24h_vs_4h"
"ENSMUSG00000022614",-0.725032144740727,0.27460955518383,0.551348837757315,"24h_vs_4h"
"ENSMUSG00000015880",0.0909659372531877,0.276703684116917,0.55530000629209,"24h_vs_4h"
"ENSMUSG00000046671",-0.161013528277202,0.277127409648715,0.555896868670917,"24h_vs_4h"
"ENSMUSG00000028960",0.943241670502832,0.278894482245093,0.559186613376152,"24h_vs_4h"
"ENSMUSG00000078566",-0.93341823023983,0.279291821430598,0.559728281473617,"24h_vs_4h"
"ENSMUSG00000020528",0.767007633350612,0.279574611761598,0.560039993792804,"24h_vs_4h"
"ENSMUSG00000050965",-0.126922129612332,0.279731062064082,0.560098455024579,"24h_vs_4h"
"ENSMUSG00000015647",0.176531112000042,0.2798633398121,0.560108484999114,"24h_vs_4h"
"ENSMUSG00000025278",0.082423200956903,0.280367624063403,0.560862687955927,"24h_vs_4h"
"ENSMUSG00000022751",-0.0788190275358431,0.281123071788597,0.562118418419634,"24h_vs_4h"
"ENSMUSG00000022685",1.13672425728729,0.281435213173538,0.562486999626132,"24h_vs_4h"
"ENSMUSG00000027852",1.16283668849281,0.284074278941163,0.567503813717683,"24h_vs_4h"
"ENSMUSG00000039148",0.164319281478161,0.284253103140216,0.567603406043598,"24h_vs_4h"
"ENSMUSG00000033285",0.546142459545187,0.286051063136309,0.570934570912879,"24h_vs_4h"
"ENSMUSG00000038722",0.0615016161427988,0.286631050689013,0.571832844098978,"24h_vs_4h"
"ENSMUSG00000005609",0.151205221155244,0.287109762797283,0.572319487035728,"24h_vs_4h"
"ENSMUSG00000004056",-0.109549551558658,0.287135066433739,0.572319487035728,"24h_vs_4h"
"ENSMUSG00000041859",-0.0343645942809587,0.287436419144867,0.572660787983957,"24h_vs_4h"
"ENSMUSG00000038633",0.713918818428276,0.288427761573483,0.574375827459229,"24h_vs_4h"
"ENSMUSG00000001507",1.00916312386131,0.289908595642501,0.577023742408243,"24h_vs_4h"
"ENSMUSG00000031402",-0.0485192381572155,0.290019658760971,0.577023742408243,"24h_vs_4h"
"ENSMUSG00000009549",-0.790316724031367,0.290894153007956,0.578502109077278,"24h_vs_4h"
"ENSMUSG00000028937",-0.0742492574764597,0.29113169373161,0.578594354463182,"24h_vs_4h"
"ENSMUSG00000025060",0.548389963049747,0.291203475377403,0.578594354463182,"24h_vs_4h"
"ENSMUSG00000031807",0.101331330922253,0.291640084462418,0.579200366299233,"24h_vs_4h"
"ENSMUSG00000028228",-0.107277749482709,0.292011531534344,0.579676477348962,"24h_vs_4h"
"ENSMUSG00000026032",0.125198789140338,0.292481178197524,0.580218412267125,"24h_vs_4h"
"ENSMUSG00000004929",0.0954811058340184,0.292548206503238,0.580218412267125,"24h_vs_4h"
"ENSMUSG00000025538",-0.120809014734789,0.294769894053085,0.584361398075507,"24h_vs_4h"
"ENSMUSG00000035473",-1.20724481792937,0.295202893221027,0.584956295842296,"24h_vs_4h"
"ENSMUSG00000063888",0.996421150408693,0.295982666794933,0.585994831020353,"24h_vs_4h"
"ENSMUSG00000007036",1.15850250070168,0.29599329910435,0.585994831020353,"24h_vs_4h"
"ENSMUSG00000003072",-0.304491122387837,0.296228309331464,0.586196398097021,"24h_vs_4h"
"ENSMUSG00000030759",0.581309768644079,0.297061103679094,0.587580187546829,"24h_vs_4h"
"ENSMUSG00000027962",-1.47464156283523,0.297870092033701,0.588763190165406,"24h_vs_4h"
"ENSMUSG00000022757",-1.37592777000915,0.29792674948838,0.588763190165406,"24h_vs_4h"
"ENSMUSG00000020952",0.0465179483175007,0.29894117195978,0.590432290109335,"24h_vs_4h"
"ENSMUSG00000035325",0.0724056247345573,0.299039667042424,0.590432290109335,"24h_vs_4h"
"ENSMUSG00000024589",0.584085169239795,0.29951454609235,0.591104716301539,"24h_vs_4h"
"ENSMUSG00000027573",1.03450338471367,0.300605442546385,0.592991731352146,"24h_vs_4h"
"ENSMUSG00000032481",-0.085181395652814,0.301632095583808,0.594585957531494,"24h_vs_4h"
"ENSMUSG00000029148",1.04042941891503,0.3016838089452,0.594585957531494,"24h_vs_4h"
"ENSMUSG00000091780",1.20786237696767,0.302967457240434,0.596848603095413,"24h_vs_4h"
"ENSMUSG00000029467",-0.0474027459740896,0.30473627270526,0.600064579944452,"24h_vs_4h"
"ENSMUSG00000024590",-0.0464901157539366,0.305183139954838,0.600637132647797,"24h_vs_4h"
"ENSMUSG00000040550",1.27385288121508,0.305357968691126,0.600637132647797,"24h_vs_4h"
"ENSMUSG00000068874",-0.125461723081404,0.305436469635485,0.600637132647797,"24h_vs_4h"
"ENSMUSG00000024474",0.0924097901114429,0.305585620577287,0.600662043841286,"24h_vs_4h"
"ENSMUSG00000067713",0.836433440360526,0.305975784933256,0.601160459594312,"24h_vs_4h"
"ENSMUSG00000004233",1.18515824765796,0.306369944467699,0.601461752737051,"24h_vs_4h"
"ENSMUSG00000015790",1.66263342065693,0.306469191379929,0.601461752737051,"24h_vs_4h"
"ENSMUSG00000021824",0.659760050717118,0.306539130058897,0.601461752737051,"24h_vs_4h"
"ENSMUSG00000028333",-0.0811961674171826,0.307164856133523,0.602420914368821,"24h_vs_4h"
"ENSMUSG00000029701",-0.725121548358029,0.307698103945934,0.603055652428463,"24h_vs_4h"
"ENSMUSG00000036676",-0.0757146583129753,0.307762552909413,0.603055652428463,"24h_vs_4h"
"ENSMUSG00000079487",-0.945902213252509,0.308101348096895,0.603450837994853,"24h_vs_4h"
"ENSMUSG00000000399",0.0914651983676222,0.308567974186823,0.604095931670911,"24h_vs_4h"
"ENSMUSG00000007458",0.973627169809944,0.309261813298979,0.605185077958562,"24h_vs_4h"
"ENSMUSG00000028062",0.0622298480910892,0.310467761784524,0.607274942050528,"24h_vs_4h"
"ENSMUSG00000011257",0.10187718778727,0.310853679991803,0.607759682649455,"24h_vs_4h"
"ENSMUSG00000027203",-0.055661741026416,0.311795428558605,0.609171871190632,"24h_vs_4h"
"ENSMUSG00000033629",0.082799028566459,0.311852812041012,0.609171871190632,"24h_vs_4h"
"ENSMUSG00000043716",0.0504528821776127,0.312158116882345,0.60949772511056,"24h_vs_4h"
"ENSMUSG00000023967",-0.0933730328471682,0.312608636646952,0.610106700613408,"24h_vs_4h"
"ENSMUSG00000036327",-1.13380418266833,0.312884730735387,0.610374867006399,"24h_vs_4h"
"ENSMUSG00000032480",0.559642144378145,0.313732704905395,0.611757923920532,"24h_vs_4h"
"ENSMUSG00000068040",-0.640283991378528,0.315052594597593,0.614059552180693,"24h_vs_4h"
"ENSMUSG00000003038",0.219003479393816,0.315378857330889,0.614423351533087,"24h_vs_4h"
"ENSMUSG00000060036",0.0455663903784895,0.316170809139523,0.615693686293382,"24h_vs_4h"
"ENSMUSG00000068329",0.677110083906324,0.316543974357762,0.616147736023225,"24h_vs_4h"
"ENSMUSG00000032518",0.0558509198742421,0.317216437057879,0.617183704461416,"24h_vs_4h"
"ENSMUSG00000070934",0.112305911474021,0.317936618926011,0.61807318557357,"24h_vs_4h"
"ENSMUSG00000039781",1.19105013595999,0.317954485830167,0.61807318557357,"24h_vs_4h"
"ENSMUSG00000022452",-0.0906877337714,0.318667379080712,0.61918549021378,"24h_vs_4h"
"ENSMUSG00000022386",-0.938485718866065,0.319040460585574,0.619636834526527,"24h_vs_4h"
"ENSMUSG00000002103",0.0931056788315061,0.320129521784691,0.621477735057091,"24h_vs_4h"
"ENSMUSG00000038967",-0.736467787166987,0.320423423134621,0.621774023463609,"24h_vs_4h"
"ENSMUSG00000026896",0.640746986865949,0.321676804182398,0.623931077658322,"24h_vs_4h"
"ENSMUSG00000019278",-0.0861272417651584,0.32231650679707,0.624729416028546,"24h_vs_4h"
"ENSMUSG00000037808",0.0772136625147759,0.322372302613231,0.624729416028546,"24h_vs_4h"
"ENSMUSG00000001785",1.0642326743662,0.323029378196757,0.625727241832715,"24h_vs_4h"
"ENSMUSG00000001674",-0.149449942192604,0.323331969889991,0.626037835233546,"24h_vs_4h"
"ENSMUSG00000030879",0.0764550551261962,0.324497073695209,0.628017423629118,"24h_vs_4h"
"ENSMUSG00000050144",-1.34629097448077,0.324950730776158,0.628618974130054,"24h_vs_4h"
"ENSMUSG00000022551",-0.0739051541864271,0.325507620369977,0.629156298445343,"24h_vs_4h"
"ENSMUSG00000029538",0.111478360745082,0.325514403899124,0.629156298445343,"24h_vs_4h"
"ENSMUSG00000005656",0.0776271901483518,0.32593634293298,0.629679448331714,"24h_vs_4h"
"ENSMUSG00000043091",-0.0885853221164865,0.326248231266318,0.629679448331714,"24h_vs_4h"
"ENSMUSG00000063511",0.205644929724933,0.326292879755307,0.629679448331714,"24h_vs_4h"
"ENSMUSG00000042447",-0.847486112452017,0.326520054703573,0.629679448331714,"24h_vs_4h"
"ENSMUSG00000050627",0.931535937065885,0.326625712339404,0.629679448331714,"24h_vs_4h"
"ENSMUSG00000038828",-0.974710885050602,0.326661353205238,0.629679448331714,"24h_vs_4h"
"ENSMUSG00000075706",-0.799830013058905,0.326786607586829,0.629679448331714,"24h_vs_4h"
"ENSMUSG00000042647",0.943971672770513,0.328725268764102,0.633057488509105,"24h_vs_4h"
"ENSMUSG00000016833",-0.718409368929436,0.328827407119249,0.633057488509105,"24h_vs_4h"
"ENSMUSG00000031134",-1.31861250166153,0.329291129639865,0.633673048336269,"24h_vs_4h"
"ENSMUSG00000028035",0.955559623032375,0.329513938379974,0.633824669060431,"24h_vs_4h"
"ENSMUSG00000026201",0.996681305502719,0.330069118538125,0.634615199076579,"24h_vs_4h"
"ENSMUSG00000062937",0.0635740552474253,0.330221058008344,0.634630076984594,"24h_vs_4h"
"ENSMUSG00000035692",-0.276523634521279,0.330571938505043,0.635027106661149,"24h_vs_4h"
"ENSMUSG00000068798",-0.0647655082944567,0.331230993574529,0.636015533473604,"24h_vs_4h"
"ENSMUSG00000009927",0.144289746812998,0.33154534743906,0.636341506358178,"24h_vs_4h"
"ENSMUSG00000006699",-0.0588198915852125,0.333407263804769,0.639636167395288,"24h_vs_4h"
"ENSMUSG00000032612",-0.869194290764025,0.334320278802853,0.641108299351353,"24h_vs_4h"
"ENSMUSG00000025747",-0.0747723821188764,0.334637786264893,0.641437673062629,"24h_vs_4h"
"ENSMUSG00000020790",0.152636221300241,0.337369847489192,0.646392990335192,"24h_vs_4h"
"ENSMUSG00000022557",-0.720288457242344,0.337762065467779,0.646862859061661,"24h_vs_4h"
"ENSMUSG00000042625",0.867132979612304,0.338883290247669,0.648727864454106,"24h_vs_4h"
"ENSMUSG00000031349",0.0469068737183242,0.33942303128876,0.649478591609493,"24h_vs_4h"
"ENSMUSG00000036606",-0.697087938553921,0.339747968907251,0.64981782319027,"24h_vs_4h"
"ENSMUSG00000021771",-0.159085751426083,0.344691556350487,0.658717164181107,"24h_vs_4h"
"ENSMUSG00000041506",0.581140243539664,0.344700211113176,0.658717164181107,"24h_vs_4h"
"ENSMUSG00000039804",-0.110939542272206,0.344899195703285,0.658811354292604,"24h_vs_4h"
"ENSMUSG00000021973",-0.0985616690591868,0.347432529860892,0.663362500615091,"24h_vs_4h"
"ENSMUSG00000024019",-0.121101057459324,0.348614956511543,0.665331493324936,"24h_vs_4h"
"ENSMUSG00000039016",-0.117219050488689,0.349711206154108,0.66713438157097,"24h_vs_4h"
"ENSMUSG00000078853",-0.273850123900168,0.350156715419759,0.667694845997556,"24h_vs_4h"
"ENSMUSG00000026675",-0.747637890130452,0.351262080190499,0.669512522701769,"24h_vs_4h"
"ENSMUSG00000028164",-0.0544431323783385,0.351726562105437,0.669840900598611,"24h_vs_4h"
"ENSMUSG00000001911",0.0852089021756797,0.351738768753326,0.669840900598611,"24h_vs_4h"
"ENSMUSG00000034349",-0.0388880249895109,0.353440655636787,0.67279079820826,"24h_vs_4h"
"ENSMUSG00000002981",-0.079737781998535,0.353670558224917,0.672937365649745,"24h_vs_4h"
"ENSMUSG00000020929",-0.0389186417495822,0.353901123224808,0.67308506625427,"24h_vs_4h"
"ENSMUSG00000001774",0.883220338331405,0.35581755376789,0.676437604376883,"24h_vs_4h"
"ENSMUSG00000040481",0.391702000655002,0.356097384989021,0.676583172368964,"24h_vs_4h"
"ENSMUSG00000002477",-0.101496994642787,0.356201592905905,0.676583172368964,"24h_vs_4h"
"ENSMUSG00000035504",0.961323412354051,0.356390493368335,0.676649940169993,"24h_vs_4h"
"ENSMUSG00000030225",0.47876128486455,0.357613879642997,0.67867989836517,"24h_vs_4h"
"ENSMUSG00000060803",-0.0737007049535698,0.359116759953511,0.681238301963536,"24h_vs_4h"
"ENSMUSG00000034274",0.147162062871519,0.361738238225912,0.685685476664276,"24h_vs_4h"
"ENSMUSG00000035199",0.884195068217675,0.361772705479311,0.685685476664276,"24h_vs_4h"
"ENSMUSG00000009112",0.0584670958661562,0.362793115859336,0.687323505336606,"24h_vs_4h"
"ENSMUSG00000049960",-0.0492664669782314,0.36315151391355,0.687511402077896,"24h_vs_4h"
"ENSMUSG00000030978",-0.162254695228942,0.363449305472322,0.687511402077896,"24h_vs_4h"
"ENSMUSG00000035478",0.0751549295263452,0.363477132664144,0.687511402077896,"24h_vs_4h"
"ENSMUSG00000053510",0.663622245566142,0.363517162607422,0.687511402077896,"24h_vs_4h"
"ENSMUSG00000040383",-0.0494987480918354,0.36432284976767,0.688691869546235,"24h_vs_4h"
"ENSMUSG00000031209",-0.0905806248104994,0.364454297698973,0.688691869546235,"24h_vs_4h"
"ENSMUSG00000005447",0.75392589181493,0.365122864614689,0.689659110373068,"24h_vs_4h"
"ENSMUSG00000094483",0.0686042126769166,0.365410366933242,0.689906059576662,"24h_vs_4h"
"ENSMUSG00000015023",0.0838159821728546,0.365712896899834,0.690181157485493,"24h_vs_4h"
"ENSMUSG00000027111",-0.0721252059844559,0.366968964430269,0.69225478459392,"24h_vs_4h"
"ENSMUSG00000020402",-0.249718974339004,0.368113737717859,0.69411677793329,"24h_vs_4h"
"ENSMUSG00000061755",0.506179091864116,0.368809088436205,0.695130106298817,"24h_vs_4h"
"ENSMUSG00000029687",0.456671702112942,0.369108712703116,0.69539702251987,"24h_vs_4h"
"ENSMUSG00000032178",0.0570160510728925,0.369300839311396,0.695461272490139,"24h_vs_4h"
"ENSMUSG00000024620",-1.91090610704787,0.371068499070413,0.698491216599182,"24h_vs_4h"
"ENSMUSG00000046865",-0.0559164232949243,0.371471432103117,0.698950736505266,"24h_vs_4h"
"ENSMUSG00000001576",0.100498071853192,0.372109091242079,0.699851329297602,"24h_vs_4h"
"ENSMUSG00000022906",-0.64723863815377,0.372272722275874,0.699859996042769,"24h_vs_4h"
"ENSMUSG00000031585",0.363454634841577,0.372605234024412,0.700186009795661,"24h_vs_4h"
"ENSMUSG00000059316",0.0733547168941584,0.373450745853347,0.70118286101949,"24h_vs_4h"
"ENSMUSG00000031783",0.51784143631939,0.373454357243737,0.70118286101949,"24h_vs_4h"
"ENSMUSG00000027593",0.0590141959176194,0.374473907148427,0.702797298661077,"24h_vs_4h"
"ENSMUSG00000001089",0.38785040947073,0.374957726131032,0.70340535068315,"24h_vs_4h"
"ENSMUSG00000032504",0.0447649798574794,0.375457230306033,0.703984936855009,"24h_vs_4h"
"ENSMUSG00000026466",-0.0687541560807752,0.375586601166908,0.703984936855009,"24h_vs_4h"
"ENSMUSG00000019302",-0.0893543824786853,0.376188097931349,0.704812183480573,"24h_vs_4h"
"ENSMUSG00000027509",-0.0604831966023376,0.378259284615007,0.708391111315169,"24h_vs_4h"
"ENSMUSG00000040236",0.754171016465211,0.379150094059753,0.709714760730653,"24h_vs_4h"
"ENSMUSG00000031246",0.0825804790126519,0.379288597418427,0.709714760730653,"24h_vs_4h"
"ENSMUSG00000026389",0.692956222961801,0.379584959221918,0.709967448166453,"24h_vs_4h"
"ENSMUSG00000029499",0.616254598072356,0.380071226016615,0.710574964188243,"24h_vs_4h"
"ENSMUSG00000076441",0.493968858478258,0.380359815908991,0.710769270979627,"24h_vs_4h"
"ENSMUSG00000027634",0.0927285812978376,0.380498160060896,0.710769270979627,"24h_vs_4h"
"ENSMUSG00000022361",-0.431911906586038,0.38077182228672,0.71097869744754,"24h_vs_4h"
"ENSMUSG00000026154",0.610988964457057,0.382359625899239,0.713237145177596,"24h_vs_4h"
"ENSMUSG00000042275",-0.586327854582024,0.382384122054459,0.713237145177596,"24h_vs_4h"
"ENSMUSG00000020074",0.034668163240152,0.382539286357239,0.713237145177596,"24h_vs_4h"
"ENSMUSG00000003226",0.0348547146085778,0.382629606853966,0.713237145177596,"24h_vs_4h"
"ENSMUSG00000025969",-0.754396068549056,0.383085832240876,0.713785244577517,"24h_vs_4h"
"ENSMUSG00000034744",0.644863670377248,0.383409776034366,0.714086510506664,"24h_vs_4h"
"ENSMUSG00000027540",0.0951877686583664,0.383589951526516,0.714119871687054,"24h_vs_4h"
"ENSMUSG00000023852",0.432459785117832,0.384851497542583,0.716165514031674,"24h_vs_4h"
"ENSMUSG00000023961",-0.591532279177923,0.385901443200452,0.717815829046994,"24h_vs_4h"
"ENSMUSG00000002319",-0.078930573295878,0.386815794804142,0.71921263748755,"24h_vs_4h"
"ENSMUSG00000026576",0.750333996834762,0.387987088224181,0.720688233589294,"24h_vs_4h"
"ENSMUSG00000027722",0.946850959324891,0.388080566979751,0.720688233589294,"24h_vs_4h"
"ENSMUSG00000025858",0.97139941646536,0.388290431930069,0.720688233589294,"24h_vs_4h"
"ENSMUSG00000020736",-0.593054356944794,0.388342333292791,0.720688233589294,"24h_vs_4h"
"ENSMUSG00000060288",0.0734322330502515,0.388517508750491,0.720688233589294,"24h_vs_4h"
"ENSMUSG00000003955",0.0943291262109831,0.388591951444534,0.720688233589294,"24h_vs_4h"
"ENSMUSG00000042569",-0.0613695481047039,0.39005728548227,0.722689234921344,"24h_vs_4h"
"ENSMUSG00000029064",0.0386024154803266,0.390347778147024,0.722689234921344,"24h_vs_4h"
"ENSMUSG00000040466",0.0717720757619702,0.390358017211511,0.722689234921344,"24h_vs_4h"
"ENSMUSG00000028873",-0.683584464190435,0.390453183664056,0.722689234921344,"24h_vs_4h"
"ENSMUSG00000004934",0.370600155019858,0.390491933797536,0.722689234921344,"24h_vs_4h"
"ENSMUSG00000023883",-0.553023529796217,0.390957025998378,0.722943970608983,"24h_vs_4h"
"ENSMUSG00000028647",1.13066211945671,0.390958111803995,0.722943970608983,"24h_vs_4h"
"ENSMUSG00000053436",-0.0830711965619209,0.391415548402129,0.723485858260299,"24h_vs_4h"
"ENSMUSG00000021576",0.0791112913449616,0.392025453789718,0.724308993336922,"24h_vs_4h"
"ENSMUSG00000029012",0.108086176834032,0.392873130404179,0.725570561019216,"24h_vs_4h"
"ENSMUSG00000006498",-0.0471236745135144,0.393338811529549,0.726125884874808,"24h_vs_4h"
"ENSMUSG00000042348",0.454870377857553,0.394710644667337,0.728352849971048,"24h_vs_4h"
"ENSMUSG00000054408",0.892078782979222,0.395460600768186,0.729382717285804,"24h_vs_4h"
"ENSMUSG00000060090",0.502771936965548,0.395600214987779,0.729382717285804,"24h_vs_4h"
"ENSMUSG00000001942",0.588897151877649,0.39624317705327,0.730262237106968,"24h_vs_4h"
"ENSMUSG00000024691",0.521082004658574,0.396503138789055,0.730435459945847,"24h_vs_4h"
"ENSMUSG00000038268",-0.774155779690339,0.396994751223758,0.730739283141568,"24h_vs_4h"
"ENSMUSG00000031197",0.937906166504657,0.397000142238466,0.730739283141568,"24h_vs_4h"
"ENSMUSG00000058301",-0.0320107306065154,0.397925949533455,0.731766734622675,"24h_vs_4h"
"ENSMUSG00000035632",0.668229127037396,0.398032319659686,0.731766734622675,"24h_vs_4h"
"ENSMUSG00000036817",-0.0678008169709621,0.398057160346895,0.731766734622675,"24h_vs_4h"
"ENSMUSG00000024099",0.0826328983056541,0.398696979378927,0.732636912837852,"24h_vs_4h"
"ENSMUSG00000026238",-0.142985002249382,0.398888120821214,0.732682228603574,"24h_vs_4h"
"ENSMUSG00000034931",0.399501219828792,0.399168572608279,0.732891484375901,"24h_vs_4h"
"ENSMUSG00000034243",0.186177975786734,0.399467053187739,0.733112411572771,"24h_vs_4h"
"ENSMUSG00000042323",-0.0599161806819879,0.399945726807488,0.733112411572771,"24h_vs_4h"
"ENSMUSG00000024098",0.512951115094062,0.399950583001845,0.733112411572771,"24h_vs_4h"
"ENSMUSG00000027671",0.0553342334971028,0.39995521476624,0.733112411572771,"24h_vs_4h"
"ENSMUSG00000020775",0.603384479455148,0.400376172116329,0.73357849020981,"24h_vs_4h"
"ENSMUSG00000039630",-0.0280409925294549,0.401973954347486,0.735724527022018,"24h_vs_4h"
"ENSMUSG00000028649",0.974885271250244,0.402030055950516,0.735724527022018,"24h_vs_4h"
"ENSMUSG00000044573",-0.0728586223190675,0.402048963301057,0.735724527022018,"24h_vs_4h"
"ENSMUSG00000021111",0.6246145830575,0.402393746423252,0.736030467652976,"24h_vs_4h"
"ENSMUSG00000020092",-0.588119614096364,0.402550632956308,0.736030467652976,"24h_vs_4h"
"ENSMUSG00000022141",0.0877684624755162,0.403065799296352,0.736666354943208,"24h_vs_4h"
"ENSMUSG00000022325",0.59797079556553,0.4038213559887,0.737740883232158,"24h_vs_4h"
"ENSMUSG00000007338",-0.0774660943994832,0.403989027680942,0.737740958848061,"24h_vs_4h"
"ENSMUSG00000044627",-0.885594702798361,0.405142319234492,0.739540168789298,"24h_vs_4h"
"ENSMUSG00000033382",0.564341209770138,0.405939437181205,0.740688002916453,"24h_vs_4h"
"ENSMUSG00000031393",0.54684600478711,0.406615533189185,0.741540823216425,"24h_vs_4h"
"ENSMUSG00000053110",0.674712638389718,0.406743818960339,0.741540823216425,"24h_vs_4h"
"ENSMUSG00000036968",-0.0929097478401388,0.407190630611534,0.74204801876661,"24h_vs_4h"
"ENSMUSG00000027006",-0.0909477274305317,0.40839023252149,0.743926081675115,"24h_vs_4h"
"ENSMUSG00000061904",0.0592352539411891,0.408897977274663,0.744290042884077,"24h_vs_4h"
"ENSMUSG00000022033",-0.791247006775144,0.409003162505285,0.744290042884077,"24h_vs_4h"
"ENSMUSG00000071014",-0.212683889640768,0.409097390078751,0.744290042884077,"24h_vs_4h"
"ENSMUSG00000025203",0.892478757454459,0.409612651313017,0.744919536540739,"24h_vs_4h"
"ENSMUSG00000003402",0.101163695998409,0.410041888120859,0.745392131193681,"24h_vs_4h"
"ENSMUSG00000040813",-0.0544510010076316,0.410533674331434,0.745977993696384,"24h_vs_4h"
"ENSMUSG00000041133",0.0347222585685785,0.411119928257648,0.74673495842423,"24h_vs_4h"
"ENSMUSG00000063882",-0.104458444938118,0.41158735696091,0.74727556022482,"24h_vs_4h"
"ENSMUSG00000000902",0.0664639337624457,0.412305116774366,0.748270028422262,"24h_vs_4h"
"ENSMUSG00000046020",0.119970321895195,0.413300776905212,0.749767814987567,"24h_vs_4h"
"ENSMUSG00000106918",0.746521983758065,0.414492906737346,0.75162063557934,"24h_vs_4h"
"ENSMUSG00000022040",-0.644537690507622,0.414719703697984,0.751722164734279,"24h_vs_4h"
"ENSMUSG00000002732",-0.0750930067020867,0.4149042767968,0.751747106703465,"24h_vs_4h"
"ENSMUSG00000041459",-0.0524772111891387,0.415594495213839,0.752687807998397,"24h_vs_4h"
"ENSMUSG00000057841",0.047789433922965,0.416029188179342,0.753165140755774,"24h_vs_4h"
"ENSMUSG00000051934",0.443853766257668,0.416631944905292,0.75394621279942,"24h_vs_4h"
"ENSMUSG00000014959",0.682015437935046,0.417361183651427,0.754648198785879,"24h_vs_4h"
"ENSMUSG00000040774",0.656685125614146,0.417362807508482,0.754648198785879,"24h_vs_4h"
"ENSMUSG00000001632",0.351352379191137,0.417791978577048,0.755113962101679,"24h_vs_4h"
"ENSMUSG00000030779",0.5397326417385,0.418685336733611,0.756417966734245,"24h_vs_4h"
"ENSMUSG00000019261",0.790051097865575,0.419096970214614,0.756850950313712,"24h_vs_4h"
"ENSMUSG00000027131",0.82254392722739,0.420109133518562,0.758071967252293,"24h_vs_4h"
"ENSMUSG00000029518",0.0484718830433941,0.420117593303418,0.758071967252293,"24h_vs_4h"
"ENSMUSG00000020780",0.0818147026469411,0.420548017256173,0.758300505283672,"24h_vs_4h"
"ENSMUSG00000029580",-0.0866404521972939,0.420649133490441,0.758300505283672,"24h_vs_4h"
"ENSMUSG00000027496",0.419993056586993,0.420764807468089,0.758300505283672,"24h_vs_4h"
"ENSMUSG00000039087",0.644466013731645,0.420933454762102,0.758300505283672,"24h_vs_4h"
"ENSMUSG00000029994",-0.0766079136024622,0.42120761467433,0.75848392478794,"24h_vs_4h"
"ENSMUSG00000034820",-0.0672469285115049,0.421598652646517,0.758877574763731,"24h_vs_4h"
"ENSMUSG00000016256",-0.0610558665201779,0.421952312208367,0.759203649235087,"24h_vs_4h"
"ENSMUSG00000020440",0.123987833212265,0.423560259025888,0.761785328963193,"24h_vs_4h"
"ENSMUSG00000058729",0.312319337481991,0.423870836131815,0.762032495839918,"24h_vs_4h"
"ENSMUSG00000023988",0.467747613441357,0.424651229458826,0.762966815989464,"24h_vs_4h"
"ENSMUSG00000024697",0.542499206649222,0.424737264070481,0.762966815989464,"24h_vs_4h"
"ENSMUSG00000028076",0.0802751441567224,0.424981105709417,0.763093368513727,"24h_vs_4h"
"ENSMUSG00000020898",-0.576767490704086,0.4259719179531,0.764560526472918,"24h_vs_4h"
"ENSMUSG00000035215",0.0742924122594708,0.426492258090566,0.764886966122747,"24h_vs_4h"
"ENSMUSG00000027820",-0.0453885993475787,0.426501389426317,0.764886966122747,"24h_vs_4h"
"ENSMUSG00000030036",0.0938540853109835,0.427187312887737,0.765805036260257,"24h_vs_4h"
"ENSMUSG00000021484",0.0598481143229677,0.427720147406856,0.766448032873606,"24h_vs_4h"
"ENSMUSG00000031820",0.506291836390602,0.428806347931183,0.767824054897623,"24h_vs_4h"
"ENSMUSG00000024309",0.90683123311295,0.428836974991674,0.767824054897623,"24h_vs_4h"
"ENSMUSG00000034868",0.795936231044053,0.429773437957513,0.769161146916169,"24h_vs_4h"
"ENSMUSG00000020124",0.108656837678335,0.429933292754778,0.769161146916169,"24h_vs_4h"
"ENSMUSG00000001847",-0.0573578329018645,0.430639138930479,0.770110869741177,"24h_vs_4h"
"ENSMUSG00000037572",0.675586128588279,0.431780320142143,0.771838013381628,"24h_vs_4h"
"ENSMUSG00000042535",0.0967494217476279,0.432553251810439,0.772905749580893,"24h_vs_4h"
"ENSMUSG00000030157",0.424026852686215,0.433040187972759,0.77346179678089,"24h_vs_4h"
"ENSMUSG00000061462",1.04798713378324,0.434177237240133,0.775178101863621,"24h_vs_4h"
"ENSMUSG00000029860",-0.570608124883709,0.434991191562095,0.775953890221479,"24h_vs_4h"
"ENSMUSG00000019907",0.400258663192826,0.435120692406167,0.775953890221479,"24h_vs_4h"
"ENSMUSG00000037344",-0.415634810543182,0.43514069553888,0.775953890221479,"24h_vs_4h"
"ENSMUSG00000030298",0.0553113431247532,0.436401393205688,0.777886809031281,"24h_vs_4h"
"ENSMUSG00000008683",0.0373634609244711,0.436626659799493,0.777973250922093,"24h_vs_4h"
"ENSMUSG00000036371",1.05213211121433,0.436842624110906,0.778043054921933,"24h_vs_4h"
"ENSMUSG00000028312",0.0270633878292834,0.437200470026668,0.778365399913982,"24h_vs_4h"
"ENSMUSG00000044252",0.367677897391133,0.437478354289941,0.778545182866976,"24h_vs_4h"
"ENSMUSG00000002835",0.0847643852838402,0.438166625891954,0.779454858751209,"24h_vs_4h"
"ENSMUSG00000020328",-0.431251340722092,0.438845896106027,0.780011777299843,"24h_vs_4h"
"ENSMUSG00000001229",0.503462672351208,0.4388974848688,0.780011777299843,"24h_vs_4h"
"ENSMUSG00000020611",0.561712674062598,0.439011400220793,0.780011777299843,"24h_vs_4h"
"ENSMUSG00000028124",-0.0897771320106315,0.439892597884932,0.781262035226629,"24h_vs_4h"
"ENSMUSG00000037643",-0.506983252521405,0.440503468030749,0.781596694123209,"24h_vs_4h"
"ENSMUSG00000028234",0.0568894796409936,0.440555862502551,0.781596694123209,"24h_vs_4h"
"ENSMUSG00000024007",0.0605971568422845,0.440613814614788,0.781596694123209,"24h_vs_4h"
"ENSMUSG00000015846",0.0444945193238127,0.441093225806086,0.782131864130776,"24h_vs_4h"
"ENSMUSG00000021144",-0.441882515032596,0.44136754873659,0.782148070963917,"24h_vs_4h"
"ENSMUSG00000029782",-0.613603320980467,0.44145780692442,0.782148070963917,"24h_vs_4h"
"ENSMUSG00000038943",0.64775544998799,0.442242173147764,0.783222456347408,"24h_vs_4h"
"ENSMUSG00000022742",-0.0625918226603801,0.442466795303948,0.783305054759725,"24h_vs_4h"
"ENSMUSG00000067148",0.440482198362904,0.442882101759487,0.783725022052072,"24h_vs_4h"
"ENSMUSG00000020444",0.517645578199787,0.443826277961329,0.785080164512786,"24h_vs_4h"
"ENSMUSG00000064105",0.48579173560378,0.445228966887577,0.787196073379554,"24h_vs_4h"
"ENSMUSG00000053644",-0.436140848914434,0.445476516673477,0.787196073379554,"24h_vs_4h"
"ENSMUSG00000027475",1.06132564160326,0.445559059029418,0.787196073379554,"24h_vs_4h"
"ENSMUSG00000031917",-0.826123437416658,0.445812851042944,0.787287469739056,"24h_vs_4h"
"ENSMUSG00000026484",-0.638578009874621,0.44600040890462,0.787287469739056,"24h_vs_4h"
"ENSMUSG00000029657",0.0952852001494549,0.446147455016861,0.787287469739056,"24h_vs_4h"
"ENSMUSG00000034675",-1.10642375866918,0.446506057724153,0.787604472963526,"24h_vs_4h"
"ENSMUSG00000029199",-0.0632449139887292,0.446817887387834,0.787838750959078,"24h_vs_4h"
"ENSMUSG00000022555",0.860977334895541,0.447316644478809,0.788402303704942,"24h_vs_4h"
"ENSMUSG00000008301",1.09666814493102,0.447947493074026,0.789198125307762,"24h_vs_4h"
"ENSMUSG00000052428",1.0019025632626,0.448337671055158,0.789508712135278,"24h_vs_4h"
"ENSMUSG00000024338",-0.636671653650797,0.448482567675118,0.789508712135278,"24h_vs_4h"
"ENSMUSG00000017286",0.0507582643845872,0.449239918862768,0.79052574286887,"24h_vs_4h"
"ENSMUSG00000027242",-0.685608855149582,0.449820482251429,0.791158704533252,"24h_vs_4h"
"ENSMUSG00000032902",1.05717580744404,0.449959154157403,0.791158704533252,"24h_vs_4h"
"ENSMUSG00000019942",-0.0476250017604407,0.451146820069209,0.792930173771801,"24h_vs_4h"
"ENSMUSG00000028729",-0.631002326505754,0.451517084789385,0.793002466573935,"24h_vs_4h"
"ENSMUSG00000029413",0.608828526613689,0.45154832566105,0.793002466573935,"24h_vs_4h"
"ENSMUSG00000031767",0.895974841262117,0.451874466328578,0.793258686203459,"24h_vs_4h"
"ENSMUSG00000024304",0.636637584927687,0.452670353486684,0.794339005460484,"24h_vs_4h"
"ENSMUSG00000025289",-0.0409445901360534,0.45365545763656,0.795750366304703,"24h_vs_4h"
"ENSMUSG00000035770",0.604725854202137,0.454548336159141,0.79699889539298,"24h_vs_4h"
"ENSMUSG00000055943",0.53186537770458,0.454941157539319,0.797369985794721,"24h_vs_4h"
"ENSMUSG00000026728",-0.0633077400275823,0.456197102258417,0.798779536993338,"24h_vs_4h"
"ENSMUSG00000022890",0.101064838181809,0.45620174378667,0.798779536993338,"24h_vs_4h"
"ENSMUSG00000021975",0.389176408016134,0.456289878664225,0.798779536993338,"24h_vs_4h"
"ENSMUSG00000034361",0.50201911773906,0.457378413142011,0.800366757947512,"24h_vs_4h"
"ENSMUSG00000011960",0.691013152721183,0.457697149992911,0.800606183274563,"24h_vs_4h"
"ENSMUSG00000041028",0.964173505538835,0.458288985616934,0.80132293432663,"24h_vs_4h"
"ENSMUSG00000032366",0.0807866607837546,0.458537288389061,0.801438683955623,"24h_vs_4h"
"ENSMUSG00000026104",0.092311603001022,0.460294705857749,0.803408253976834,"24h_vs_4h"
"ENSMUSG00000026615",-0.85292682871113,0.460526027911251,0.803408253976834,"24h_vs_4h"
"ENSMUSG00000049047",-0.489751243687362,0.460551132866102,0.803408253976834,"24h_vs_4h"
"ENSMUSG00000027835",0.970753450783366,0.460681720217301,0.803408253976834,"24h_vs_4h"
"ENSMUSG00000055553",1.1423989874474,0.46072220838709,0.803408253976834,"24h_vs_4h"
"ENSMUSG00000029528",0.57636748477546,0.46075947126506,0.803408253976834,"24h_vs_4h"
"ENSMUSG00000029062",0.0595938343130307,0.461374598891713,0.804162221672249,"24h_vs_4h"
"ENSMUSG00000072772",-0.573180722388972,0.46181143889944,0.804513447355083,"24h_vs_4h"
"ENSMUSG00000026755",0.719349657557952,0.461984429526091,0.804513447355083,"24h_vs_4h"
"ENSMUSG00000035151",0.0673964703990357,0.462259759462752,0.804513447355083,"24h_vs_4h"
"ENSMUSG00000031482",0.58613998940255,0.462331422504861,0.804513447355083,"24h_vs_4h"
"ENSMUSG00000039536",0.585828304395697,0.462490120838073,0.804513447355083,"24h_vs_4h"
"ENSMUSG00000021962",0.464991046981606,0.463007162975804,0.804699338192862,"24h_vs_4h"
"ENSMUSG00000031838",0.489969708243191,0.463074690203591,0.804699338192862,"24h_vs_4h"
"ENSMUSG00000029578",0.656553868340421,0.463145517755628,0.804699338192862,"24h_vs_4h"
"ENSMUSG00000003868",0.0448594303096286,0.464118918437806,0.806072359922961,"24h_vs_4h"
"ENSMUSG00000021377",0.0593522723413571,0.464461736601974,0.806349547449818,"24h_vs_4h"
"ENSMUSG00000003814",0.0694856817365128,0.465555957969792,0.80793050907928,"24h_vs_4h"
"ENSMUSG00000053293",0.617272943343369,0.466301653173755,0.808905626967952,"24h_vs_4h"
"ENSMUSG00000041736",0.885484650877022,0.466914272209508,0.809649216703722,"24h_vs_4h"
"ENSMUSG00000024576",-0.0477702954362478,0.467707430799721,0.810134014858939,"24h_vs_4h"
"ENSMUSG00000023845",-0.024896144038415,0.467820308351927,0.810134014858939,"24h_vs_4h"
"ENSMUSG00000024188",0.784185286259909,0.467955372502728,0.810134014858939,"24h_vs_4h"
"ENSMUSG00000024044",-0.628336025526981,0.468070650913893,0.810134014858939,"24h_vs_4h"
"ENSMUSG00000025150",-0.0707524386897482,0.468114246713538,0.810134014858939,"24h_vs_4h"
"ENSMUSG00000029066",0.0498829943630561,0.469332751382401,0.811923521554224,"24h_vs_4h"
"ENSMUSG00000038542",1.04021106154136,0.469789507198198,0.812394350168671,"24h_vs_4h"
"ENSMUSG00000025049",0.498030454549625,0.470855751544585,0.813918367065089,"24h_vs_4h"
"ENSMUSG00000031378",0.546700858048037,0.47164226661395,0.814957838778169,"24h_vs_4h"
"ENSMUSG00000035351",0.0856561754217289,0.472408443855302,0.815737000833568,"24h_vs_4h"
"ENSMUSG00000031446",-0.386709312816457,0.472493865277024,0.815737000833568,"24h_vs_4h"
"ENSMUSG00000045136",-0.188420544468901,0.472649250653397,0.815737000833568,"24h_vs_4h"
"ENSMUSG00000028962",0.553292965408012,0.473167959616011,0.816312109082738,"24h_vs_4h"
"ENSMUSG00000039230",-0.447259587101595,0.475239196662542,0.819564147535991,"24h_vs_4h"
"ENSMUSG00000002233",0.106163523333933,0.475816961789174,0.819962061295962,"24h_vs_4h"
"ENSMUSG00000013160",0.0393231767206643,0.475997549820232,0.819962061295962,"24h_vs_4h"
"ENSMUSG00000031226",0.079278594820174,0.476028872213402,0.819962061295962,"24h_vs_4h"
"ENSMUSG00000063268",0.601730216682089,0.476571697232227,0.820575915304786,"24h_vs_4h"
"ENSMUSG00000028991",0.645639819561477,0.476988959426002,0.820973175766067,"24h_vs_4h"
"ENSMUSG00000115987",-0.724953912270244,0.47770300029891,0.821563378096418,"24h_vs_4h"
"ENSMUSG00000029815",0.46166175374837,0.477794481874233,0.821563378096418,"24h_vs_4h"
"ENSMUSG00000028394",0.638158286106751,0.477891899097212,0.821563378096418,"24h_vs_4h"
"ENSMUSG00000009555",0.42923897178197,0.478308788674825,0.821958992174113,"24h_vs_4h"
"ENSMUSG00000034192",0.78555011088174,0.479853005509013,0.824290818596864,"24h_vs_4h"
"ENSMUSG00000033808",1.02544024701973,0.481487096523516,0.826775150916891,"24h_vs_4h"
"ENSMUSG00000025477",0.560610102387482,0.482866081998898,0.828819667268779,"24h_vs_4h"
"ENSMUSG00000023021",0.714711190058146,0.4836414803607,0.829366664018152,"24h_vs_4h"
"ENSMUSG00000006676",-0.537545386491185,0.483679754091351,0.829366664018152,"24h_vs_4h"
"ENSMUSG00000026020",-0.0308723783358538,0.483750108278708,0.829366664018152,"24h_vs_4h"
"ENSMUSG00000027797",-0.4739865346084,0.484871417923767,0.830965385624026,"24h_vs_4h"
"ENSMUSG00000063884",-0.0420730892208248,0.486037143806988,0.832638952858916,"24h_vs_4h"
"ENSMUSG00000022337",-0.0464303280228897,0.486891802651377,0.83342598232259,"24h_vs_4h"
"ENSMUSG00000039000",0.0826057320908511,0.486956437159042,0.83342598232259,"24h_vs_4h"
"ENSMUSG00000004099",0.0236528014857917,0.487083950264011,0.83342598232259,"24h_vs_4h"
"ENSMUSG00000022427",0.0539477014814871,0.487254045107027,0.83342598232259,"24h_vs_4h"
"ENSMUSG00000022672",-0.505715195820493,0.489231911922601,0.836483933322209,"24h_vs_4h"
"ENSMUSG00000034321",0.555144325670973,0.489846824816689,0.836915744996992,"24h_vs_4h"
"ENSMUSG00000037966",-0.579695415253038,0.489949655245469,0.836915744996992,"24h_vs_4h"
"ENSMUSG00000024513",0.609061280188858,0.490054959067768,0.836915744996992,"24h_vs_4h"
"ENSMUSG00000049396",0.422809686198757,0.490448823807244,0.836945900053618,"24h_vs_4h"
"ENSMUSG00000024335",0.508758934478696,0.49045295983601,0.836945900053618,"24h_vs_4h"
"ENSMUSG00000074896",0.538006872125703,0.491459524497286,0.838304860489016,"24h_vs_4h"
"ENSMUSG00000026005",0.483723225932927,0.491630276055931,0.838304860489016,"24h_vs_4h"
"ENSMUSG00000040548",0.469755446607934,0.492242672335985,0.839024012761685,"24h_vs_4h"
"ENSMUSG00000018666",0.0893596628248439,0.492985640941397,0.839351575068219,"24h_vs_4h"
"ENSMUSG00000046897",-0.771678070359457,0.492991136787336,0.839351575068219,"24h_vs_4h"
"ENSMUSG00000074064",0.358535703509475,0.493114325119182,0.839351575068219,"24h_vs_4h"
"ENSMUSG00000029513",-0.629977712456704,0.493382426860305,0.839351575068219,"24h_vs_4h"
"ENSMUSG00000029686",0.368421365190823,0.493388440059415,0.839351575068219,"24h_vs_4h"
"ENSMUSG00000027428",0.790006053081356,0.493607997935294,0.839400617818094,"24h_vs_4h"
"ENSMUSG00000063049",0.268802352613044,0.495226739303073,0.841547442176253,"24h_vs_4h"
"ENSMUSG00000060475",0.525339358678789,0.495355359190359,0.841547442176253,"24h_vs_4h"
"ENSMUSG00000062190",0.661821762133794,0.495444086043779,0.841547442176253,"24h_vs_4h"
"ENSMUSG00000040044",0.605150452044359,0.497305291667545,0.844382943143853,"24h_vs_4h"
"ENSMUSG00000031878",0.664125381382981,0.498045604247102,0.845181336235789,"24h_vs_4h"
"ENSMUSG00000062110",-0.521138773445593,0.498287454924736,0.845181336235789,"24h_vs_4h"
"ENSMUSG00000027245",0.890189830777803,0.498482490206194,0.845181336235789,"24h_vs_4h"
"ENSMUSG00000033499",0.488322620432211,0.498543682996616,0.845181336235789,"24h_vs_4h"
"ENSMUSG00000079562",0.452388620804502,0.499587929190991,0.846503141365675,"24h_vs_4h"
"ENSMUSG00000031527",0.754106800102218,0.499708057547836,0.846503141365675,"24h_vs_4h"
"ENSMUSG00000063146",0.547243863854053,0.499923315896076,0.846541944308823,"24h_vs_4h"
"ENSMUSG00000057234",0.600465315825385,0.501789962372589,0.84919342931439,"24h_vs_4h"
"ENSMUSG00000033088",-1.42508942841642,0.501875053316684,0.84919342931439,"24h_vs_4h"
"ENSMUSG00000031447",0.0657483613871861,0.502985644939231,0.850469683764529,"24h_vs_4h"
"ENSMUSG00000038346",-0.549300187528381,0.503015811597153,0.850469683764529,"24h_vs_4h"
"ENSMUSG00000020946",0.690782711326836,0.503381398619578,0.850760958266038,"24h_vs_4h"
"ENSMUSG00000071172",0.0564783921520799,0.503785297620164,0.851116735058097,"24h_vs_4h"
"ENSMUSG00000007892",0.0485646542571594,0.504174464481612,0.851321646096421,"24h_vs_4h"
"ENSMUSG00000010663",-0.445550339585548,0.504293463161411,0.851321646096421,"24h_vs_4h"
"ENSMUSG00000036285",0.56396584331015,0.5052228535164,0.852563565308926,"24h_vs_4h"
"ENSMUSG00000040151",-0.732623316640151,0.505785860266439,0.853162428485379,"24h_vs_4h"
"ENSMUSG00000024660",0.563427404267777,0.505965448386012,0.853162428485379,"24h_vs_4h"
"ENSMUSG00000042082",-0.0498949184546156,0.507067239892118,0.854692808412567,"24h_vs_4h"
"ENSMUSG00000060938",0.0656086459287799,0.507650290789353,0.855332635805004,"24h_vs_4h"
"ENSMUSG00000011877",0.688659604611143,0.507835532233237,0.855332635805004,"24h_vs_4h"
"ENSMUSG00000024006",-0.402015677135839,0.508070342743153,0.855400756852569,"24h_vs_4h"
"ENSMUSG00000033423",0.879527937273153,0.508659886930719,0.856065836474988,"24h_vs_4h"
"ENSMUSG00000031309",0.116202721799429,0.508893085180099,0.856130912797253,"24h_vs_4h"
"ENSMUSG00000029516",0.28683043595791,0.509212077839135,0.856180307359985,"24h_vs_4h"
"ENSMUSG00000022781",-0.0530086749680265,0.509311530258678,0.856180307359985,"24h_vs_4h"
"ENSMUSG00000058569",-0.0963388807513077,0.509735649749403,0.856471648797124,"24h_vs_4h"
"ENSMUSG00000001964",0.0581625705512465,0.510084170733225,0.856471648797124,"24h_vs_4h"
"ENSMUSG00000022204",-0.283816540818432,0.510216841589181,0.856471648797124,"24h_vs_4h"
"ENSMUSG00000020523",-0.548098380345333,0.510263272698491,0.856471648797124,"24h_vs_4h"
"ENSMUSG00000030816",0.641026246109469,0.510975256867882,0.857339727592661,"24h_vs_4h"
"ENSMUSG00000032575",-0.055292295841987,0.512457966587029,0.859495600553669,"24h_vs_4h"
"ENSMUSG00000016487",-0.8258156530942,0.512650750159823,0.859495600553669,"24h_vs_4h"
"ENSMUSG00000028551",0.614480021289708,0.51321622350106,0.860013877778703,"24h_vs_4h"
"ENSMUSG00000002546",0.0398730933623348,0.513350705958794,0.860013877778703,"24h_vs_4h"
"ENSMUSG00000020537",0.0830148870145493,0.51402544677643,0.860608673378229,"24h_vs_4h"
"ENSMUSG00000031796",0.593611461336341,0.514289543233597,0.860608673378229,"24h_vs_4h"
"ENSMUSG00000019961",0.615482510336392,0.51429239058958,0.860608673378229,"24h_vs_4h"
"ENSMUSG00000041231",-0.527394548447973,0.515005579857379,0.861356289163755,"24h_vs_4h"
"ENSMUSG00000039130",0.516473701177162,0.51513059601886,0.861356289163755,"24h_vs_4h"
"ENSMUSG00000006276",0.751113146705869,0.515572630067728,0.861628224677631,"24h_vs_4h"
"ENSMUSG00000045410",-0.706604636011068,0.515684786139714,0.861628224677631,"24h_vs_4h"
"ENSMUSG00000035674",-1.29936224504289,0.51608277492964,0.861965955394818,"24h_vs_4h"
"ENSMUSG00000027940",-0.632980260118117,0.516689534718781,0.862390370083542,"24h_vs_4h"
"ENSMUSG00000029125",-0.595407942991734,0.516728790254556,0.862390370083542,"24h_vs_4h"
"ENSMUSG00000026187",0.778787799379664,0.518112393086215,0.86437173691146,"24h_vs_4h"
"ENSMUSG00000032336",-0.397490752336175,0.518512743922076,0.8647118552486,"24h_vs_4h"
"ENSMUSG00000022957",0.600953304307886,0.519884327498234,0.866360084466081,"24h_vs_4h"
"ENSMUSG00000024960",0.0790291570591677,0.519896440364402,0.866360084466081,"24h_vs_4h"
"ENSMUSG00000040054",-0.4224321676156,0.520091648070753,0.866360084466081,"24h_vs_4h"
"ENSMUSG00000026339",0.523626002877208,0.520761073950315,0.867146986929753,"24h_vs_4h"
"ENSMUSG00000005125",-0.761413101079196,0.521432391246621,0.867936442464591,"24h_vs_4h"
"ENSMUSG00000029056",0.431445256094317,0.521950255225397,0.868469970981842,"24h_vs_4h"
"ENSMUSG00000038393",0.611864386051462,0.523013779571889,0.869464834854399,"24h_vs_4h"
"ENSMUSG00000036180",0.550208654453588,0.523031560006326,0.869464834854399,"24h_vs_4h"
"ENSMUSG00000025204",-0.793835052989415,0.523484433632703,0.869464834854399,"24h_vs_4h"
"ENSMUSG00000036893",0.349474060940093,0.523490017397741,0.869464834854399,"24h_vs_4h"
"ENSMUSG00000041815",-0.0459508685526089,0.523535971907329,0.869464834854399,"24h_vs_4h"
"ENSMUSG00000033916",0.556264141650381,0.523855284453749,0.869666958461316,"24h_vs_4h"
"ENSMUSG00000079509",-0.524876816514176,0.525124985696438,0.871446101828818,"24h_vs_4h"
"ENSMUSG00000048701",-0.574476755128948,0.527400838393875,0.874800395515345,"24h_vs_4h"
"ENSMUSG00000015748",0.0533070670017111,0.527543796795666,0.874800395515345,"24h_vs_4h"
"ENSMUSG00000069833",0.0609825346655661,0.528197877619606,0.875555125952499,"24h_vs_4h"
"ENSMUSG00000020900",-0.027416871431317,0.528758774546177,0.875922825624832,"24h_vs_4h"
"ENSMUSG00000048661",0.0784945468446594,0.528817756801904,0.875922825624832,"24h_vs_4h"
"ENSMUSG00000020329",0.490457229934833,0.529170968416218,0.876178115876515,"24h_vs_4h"
"ENSMUSG00000046032",0.0733342463227658,0.529621204382467,0.876593802364513,"24h_vs_4h"
"ENSMUSG00000003623",-0.72070580926383,0.529937170308234,0.876787025009976,"24h_vs_4h"
"ENSMUSG00000028343",-0.0406040505660705,0.530237274616504,0.87695386906698,"24h_vs_4h"
"ENSMUSG00000096210",-0.0567661699802429,0.530437058426574,0.876954731080148,"24h_vs_4h"
"ENSMUSG00000001555",0.0634375023731089,0.530682532810226,0.8770311028531,"24h_vs_4h"
"ENSMUSG00000002944",-0.0314461501363539,0.531239826577172,0.877622551338639,"24h_vs_4h"
"ENSMUSG00000056394",0.0564709505626091,0.531725329055973,0.877936838952643,"24h_vs_4h"
"ENSMUSG00000046711",0.912231490425544,0.53182904172864,0.877936838952643,"24h_vs_4h"
"ENSMUSG00000047710",-0.0718472503048027,0.532557087314604,0.878349826900388,"24h_vs_4h"
"ENSMUSG00000027207",-0.415225302961368,0.532633557605976,0.878349826900388,"24h_vs_4h"
"ENSMUSG00000030204",0.10542003796742,0.532677956827343,0.878349826900388,"24h_vs_4h"
"ENSMUSG00000032525",0.458044531711167,0.532965504130515,0.878420419333642,"24h_vs_4h"
"ENSMUSG00000046230",0.0471944579590229,0.533215855382839,0.878420419333642,"24h_vs_4h"
"ENSMUSG00000026074",-0.594321903398889,0.533319554751077,0.878420419333642,"24h_vs_4h"
"ENSMUSG00000026958",-0.0517425604396493,0.533723676462755,0.878757164277062,"24h_vs_4h"
"ENSMUSG00000010392",0.0781364440335253,0.535868622118707,0.881779884551942,"24h_vs_4h"
"ENSMUSG00000031954",-0.813756224830794,0.535960279749249,0.881779884551942,"24h_vs_4h"
"ENSMUSG00000045210",0.381156975335699,0.537049633601878,0.883241942257797,"24h_vs_4h"
"ENSMUSG00000036565",0.622425369083444,0.537304999784738,0.883331828185518,"24h_vs_4h"
"ENSMUSG00000025137",-0.620837546579875,0.538761480208679,0.88509441974148,"24h_vs_4h"
"ENSMUSG00000040711",-0.734045087832872,0.538779357075079,0.88509441974148,"24h_vs_4h"
"ENSMUSG00000030447",0.342441505284572,0.539369148770068,0.88573269542428,"24h_vs_4h"
"ENSMUSG00000038084",0.0347840798444459,0.539874572180339,0.885902543994169,"24h_vs_4h"
"ENSMUSG00000063802",0.477216942065578,0.539875169959637,0.885902543994169,"24h_vs_4h"
"ENSMUSG00000049502",-0.527685130093971,0.540536836610825,0.886657703288945,"24h_vs_4h"
"ENSMUSG00000076432",0.363997461801812,0.542819024404654,0.890069495679911,"24h_vs_4h"
"ENSMUSG00000040463",-0.0284203921390755,0.544170015378079,0.891897645188352,"24h_vs_4h"
"ENSMUSG00000028911",-0.0460619945999419,0.544575744507329,0.891897645188352,"24h_vs_4h"
"ENSMUSG00000006932",-0.105864093606179,0.544586527090436,0.891897645188352,"24h_vs_4h"
"ENSMUSG00000066568",0.820918469043313,0.544803885532776,0.891897645188352,"24h_vs_4h"
"ENSMUSG00000020228",-0.448101288935415,0.545080499863941,0.891897645188352,"24h_vs_4h"
"ENSMUSG00000033096",-0.034379487518347,0.54514988992426,0.891897645188352,"24h_vs_4h"
"ENSMUSG00000054099",0.0494207413592775,0.545714347718122,0.892489351284821,"24h_vs_4h"
"ENSMUSG00000066735",-0.653375061106154,0.546106799047342,0.892799414044336,"24h_vs_4h"
"ENSMUSG00000029502",0.845177473408942,0.547108982542935,0.893834770618693,"24h_vs_4h"
"ENSMUSG00000000827",0.378562996059774,0.547146301305785,0.893834770618693,"24h_vs_4h"
"ENSMUSG00000021477",0.0659078543299856,0.547458932269443,0.894013640414774,"24h_vs_4h"
"ENSMUSG00000021884",0.593705771822599,0.5476874797217,0.894055118047181,"24h_vs_4h"
"ENSMUSG00000030095",0.0403945670163388,0.548340239450013,0.894788800081389,"24h_vs_4h"
"ENSMUSG00000031633",-0.0415029812408108,0.548706970075435,0.895055365197178,"24h_vs_4h"
"ENSMUSG00000099083",0.484724251074947,0.549060888400026,0.895065342780783,"24h_vs_4h"
"ENSMUSG00000043162",-0.594126082959924,0.5491198421968,0.895065342780783,"24h_vs_4h"
"ENSMUSG00000029547",0.544527530552379,0.549356411510208,0.895075583455848,"24h_vs_4h"
"ENSMUSG00000027411",0.483654181257997,0.549532884911998,0.895075583455848,"24h_vs_4h"
"ENSMUSG00000034926",-0.752197839330968,0.550626818956459,0.89639296621927,"24h_vs_4h"
"ENSMUSG00000026516",0.48882664414441,0.551390305979071,0.89639296621927,"24h_vs_4h"
"ENSMUSG00000020088",0.0469463331793243,0.551569732445122,0.89639296621927,"24h_vs_4h"
"ENSMUSG00000018921",-0.0775623269937462,0.55165842441621,0.89639296621927,"24h_vs_4h"
"ENSMUSG00000031311",0.0278456978009061,0.551664136034375,0.89639296621927,"24h_vs_4h"
"ENSMUSG00000040147",0.709850528117752,0.551766809138802,0.89639296621927,"24h_vs_4h"
"ENSMUSG00000021710",-0.0308833553407055,0.551767449554193,0.89639296621927,"24h_vs_4h"
"ENSMUSG00000078713",-0.0576498256189382,0.552403058691606,0.896824408312398,"24h_vs_4h"
"ENSMUSG00000038235",0.672506535831154,0.552490678931975,0.896824408312398,"24h_vs_4h"
"ENSMUSG00000013736",0.0327319878537899,0.552750352995992,0.896824408312398,"24h_vs_4h"
"ENSMUSG00000005043",-0.584889302442537,0.552947486141125,0.896824408312398,"24h_vs_4h"
"ENSMUSG00000045482",-0.0410629780890552,0.553051907330118,0.896824408312398,"24h_vs_4h"
"ENSMUSG00000029103",0.0397946722762832,0.554949982374838,0.899388643573208,"24h_vs_4h"
"ENSMUSG00000034906",0.0945749563776701,0.555041935002234,0.899388643573208,"24h_vs_4h"
"ENSMUSG00000018567",0.691249988346545,0.555277897824082,0.899439833759214,"24h_vs_4h"
"ENSMUSG00000018377",-0.0667578539746252,0.555793735351187,0.899619335133843,"24h_vs_4h"
"ENSMUSG00000038848",0.752259443847549,0.555812686476828,0.899619335133843,"24h_vs_4h"
"ENSMUSG00000028274",1.02464269204109,0.556001952184516,0.899619335133843,"24h_vs_4h"
"ENSMUSG00000014504",-0.052220317531404,0.556220796521896,0.899642677505646,"24h_vs_4h"
"ENSMUSG00000002014",0.0360445334646577,0.556701162552897,0.89990512799939,"24h_vs_4h"
"ENSMUSG00000037461",0.561124083134541,0.556792016255928,0.89990512799939,"24h_vs_4h"
"ENSMUSG00000020163",0.9924580740389,0.558005865318161,0.901227662385273,"24h_vs_4h"
"ENSMUSG00000037905",0.706928854807465,0.558019854578475,0.901227662385273,"24h_vs_4h"
"ENSMUSG00000024896",0.605240760802907,0.558642875531947,0.901840840225144,"24h_vs_4h"
"ENSMUSG00000021134",0.0381643583892028,0.558809354986132,0.901840840225144,"24h_vs_4h"
"ENSMUSG00000020897",0.332105066996316,0.559432132609577,0.902221283201668,"24h_vs_4h"
"ENSMUSG00000029551",-0.675708307571661,0.559487663532161,0.902221283201668,"24h_vs_4h"
"ENSMUSG00000003420",0.794717389571801,0.559736131242697,0.902221283201668,"24h_vs_4h"
"ENSMUSG00000000058",-0.103525997481224,0.559865104390765,0.902221283201668,"24h_vs_4h"
"ENSMUSG00000028334",-0.0484192295019987,0.560127909674567,0.902314396221731,"24h_vs_4h"
"ENSMUSG00000071379",0.544152190386502,0.560977129520076,0.903351755220583,"24h_vs_4h"
"ENSMUSG00000015474",-0.50247341880511,0.561530407953018,0.903911969788307,"24h_vs_4h"
"ENSMUSG00000024537",-0.666267127910579,0.563090831730843,0.906092413326303,"24h_vs_4h"
"ENSMUSG00000029726",-0.603156444817621,0.564559625092659,0.90812387062602,"24h_vs_4h"
"ENSMUSG00000047215",-0.0322208806196649,0.564988868805449,0.908482284111355,"24h_vs_4h"
"ENSMUSG00000007603",0.405385641534277,0.565294962778407,0.908642487650756,"24h_vs_4h"
"ENSMUSG00000012443",0.0671782067399462,0.566207986632857,0.909311141128071,"24h_vs_4h"
"ENSMUSG00000001020",-1.44451763359394,0.566237643383667,0.909311141128071,"24h_vs_4h"
"ENSMUSG00000026374",0.392539281375178,0.566330797053407,0.909311141128071,"24h_vs_4h"
"ENSMUSG00000015869",-0.434555654337295,0.568900915980237,0.913104643044866,"24h_vs_4h"
"ENSMUSG00000015217",0.458122559274223,0.569282273813002,0.913383626340147,"24h_vs_4h"
"ENSMUSG00000006373",-0.045025619994373,0.570899339219405,0.915644311918587,"24h_vs_4h"
"ENSMUSG00000030086",-0.0395151094684678,0.571418515156935,0.916143127579479,"24h_vs_4h"
"ENSMUSG00000039542",-0.0487136940413784,0.572632189709628,0.917754649276065,"24h_vs_4h"
"ENSMUSG00000021820",0.492930727244133,0.573692378269474,0.919119096018913,"24h_vs_4h"
"ENSMUSG00000031347",0.39537744547129,0.57469518319543,0.920390648196175,"24h_vs_4h"
"ENSMUSG00000064127",0.553258239115241,0.574926557805411,0.920426257148641,"24h_vs_4h"
"ENSMUSG00000068699",-0.0753882240974377,0.57532658303007,0.920731742514669,"24h_vs_4h"
"ENSMUSG00000028657",-0.324316937550016,0.576084432751589,0.921609446942837,"24h_vs_4h"
"ENSMUSG00000021704",0.418050949366982,0.576297730374478,0.921615665471685,"24h_vs_4h"
"ENSMUSG00000075229",-0.0393903365262815,0.576779566919095,0.92205117109006,"24h_vs_4h"
"ENSMUSG00000017969",0.272929480587305,0.578290598259221,0.924045011555701,"24h_vs_4h"
"ENSMUSG00000020549",-0.095730662239415,0.578446718208579,0.924045011555701,"24h_vs_4h"
"ENSMUSG00000074746",0.538420147654353,0.578912476944019,0.924448141074426,"24h_vs_4h"
"ENSMUSG00000001143",-0.416315973604842,0.57911918312706,0.924448141074426,"24h_vs_4h"
"ENSMUSG00000031660",0.660031805586133,0.579383213628742,0.924459279274899,"24h_vs_4h"
"ENSMUSG00000034311",-0.0289367955613464,0.579546273919438,0.924459279274899,"24h_vs_4h"
"ENSMUSG00000058258",-0.0403746632393194,0.580227084817829,0.925209927638864,"24h_vs_4h"
"ENSMUSG00000033014",0.546196281545903,0.581390046056395,0.926728573956608,"24h_vs_4h"
"ENSMUSG00000028843",-0.69213030040093,0.582449374291398,0.928080990679378,"24h_vs_4h"
"ENSMUSG00000050335",0.415223484907663,0.582922569884448,0.92848633080636,"24h_vs_4h"
"ENSMUSG00000029762",0.0280761649146442,0.583150224707097,0.92848633080636,"24h_vs_4h"
"ENSMUSG00000024975",-0.376516552099712,0.5833366745466,0.92848633080636,"24h_vs_4h"
"ENSMUSG00000021036",0.494874757986565,0.585062473888094,0.930896582639733,"24h_vs_4h"
"ENSMUSG00000028556",0.543640602887759,0.585300740930384,0.930939125708211,"24h_vs_4h"
"ENSMUSG00000038909",0.0818193416487922,0.585768816920396,0.93134702430154,"24h_vs_4h"
"ENSMUSG00000003363",0.537872710936242,0.586035061124787,0.931433840379266,"24h_vs_4h"
"ENSMUSG00000031928",-0.0419521300077008,0.586837969639397,0.932373250679778,"24h_vs_4h"
"ENSMUSG00000021468",-0.611580709407274,0.587112220699203,0.932472350522264,"24h_vs_4h"
"ENSMUSG00000063406",0.753051331105418,0.587942721488713,0.933167820822946,"24h_vs_4h"
"ENSMUSG00000038762",-0.039922440376106,0.587974180218594,0.933167820822946,"24h_vs_4h"
"ENSMUSG00000025733",0.0439327851634914,0.588763188947324,0.934083199191483,"24h_vs_4h"
"ENSMUSG00000096054",0.605698481542682,0.589234996052084,0.934494853198278,"24h_vs_4h"
"ENSMUSG00000020150",0.508089818378689,0.58972796000647,0.934668779824808,"24h_vs_4h"
"ENSMUSG00000047250",0.0403763864963516,0.589769416399339,0.934668779824808,"24h_vs_4h"
"ENSMUSG00000051747",0.67991317395936,0.590878251745374,0.936088979816915,"24h_vs_4h"
"ENSMUSG00000061458",0.467956776846595,0.592031838659065,0.937579029125061,"24h_vs_4h"
"ENSMUSG00000050148",0.679726332587808,0.59246247483928,0.937923507830097,"24h_vs_4h"
"ENSMUSG00000090553",-0.0497123213264814,0.592770879284559,0.938074304110515,"24h_vs_4h"
"ENSMUSG00000063931",1.1216688392441,0.593000203518065,0.93809170632104,"24h_vs_4h"
"ENSMUSG00000020132",0.0517666933842946,0.593208184206193,0.93809170632104,"24h_vs_4h"
"ENSMUSG00000019066",-0.553660741909194,0.594133931107859,0.939218186352617,"24h_vs_4h"
"ENSMUSG00000035666",-0.491012892845678,0.594952125551769,0.940173897505685,"24h_vs_4h"
"ENSMUSG00000031913",-0.652219675614131,0.595184966035357,0.940204248213068,"24h_vs_4h"
"ENSMUSG00000020919",0.741317016176268,0.595557926366735,0.940455842820236,"24h_vs_4h"
"ENSMUSG00000040296",0.317267588385665,0.595917595227302,0.940686275679827,"24h_vs_4h"
"ENSMUSG00000056820",0.305179189102031,0.596301454137574,0.940954714829496,"24h_vs_4h"
"ENSMUSG00000024833",-0.61172534225642,0.596677405022332,0.941210487277163,"24h_vs_4h"
"ENSMUSG00000054027",0.388638940167066,0.596969264442634,0.941333476464362,"24h_vs_4h"
"ENSMUSG00000091537",-0.586429661488165,0.599700282082079,0.945301196791987,"24h_vs_4h"
"ENSMUSG00000026021",0.0384039272949082,0.600597421377587,0.946376387927949,"24h_vs_4h"
"ENSMUSG00000039105",0.0726780211955749,0.600860131886991,0.946380437517918,"24h_vs_4h"
"ENSMUSG00000008822",0.62945624010111,0.601030066544553,0.946380437517918,"24h_vs_4h"
"ENSMUSG00000020698",-0.736445235007523,0.602584373545603,0.948488493553004,"24h_vs_4h"
"ENSMUSG00000031328",0.0741505089642658,0.603502936138192,0.949177235417677,"24h_vs_4h"
"ENSMUSG00000021076",0.574564189163155,0.603634586052524,0.949177235417677,"24h_vs_4h"
"ENSMUSG00000029772",-0.444859640372066,0.603817102258804,0.949177235417677,"24h_vs_4h"
"ENSMUSG00000004285",0.744708467319381,0.603884630577027,0.949177235417677,"24h_vs_4h"
"ENSMUSG00000050697",0.0433242349844605,0.605291885953358,0.951049478786408,"24h_vs_4h"
"ENSMUSG00000005510",0.0500322002042601,0.605689602876559,0.951192282726949,"24h_vs_4h"
"ENSMUSG00000039191",-0.441307913840326,0.605815034874719,0.951192282726949,"24h_vs_4h"
"ENSMUSG00000022878",-0.550381526197782,0.606148026161687,0.951375700120395,"24h_vs_4h"
"ENSMUSG00000038759",0.0260311724639841,0.606391894736617,0.951419154629537,"24h_vs_4h"
"ENSMUSG00000037896",-0.407227451215871,0.607021378830753,0.952067387111242,"24h_vs_4h"
"ENSMUSG00000051236",-0.537361945657537,0.608300581764552,0.953733829834626,"24h_vs_4h"
"ENSMUSG00000024283",-0.498467616248885,0.610305112506216,0.956442844197899,"24h_vs_4h"
"ENSMUSG00000024097",0.203466849609217,0.610638551838122,0.956442844197899,"24h_vs_4h"
"ENSMUSG00000024234",0.571606557093386,0.610680389047057,0.956442844197899,"24h_vs_4h"
"ENSMUSG00000032383",0.0489209275874884,0.611356559792396,0.957161230752877,"24h_vs_4h"
"ENSMUSG00000032540",-0.0317703354994592,0.612245775938744,0.957922178068049,"24h_vs_4h"
"ENSMUSG00000032374",0.0294319903998996,0.612277911135065,0.957922178068049,"24h_vs_4h"
"ENSMUSG00000017756",0.044380031499756,0.612839401735075,0.958171610167777,"24h_vs_4h"
"ENSMUSG00000038914",0.460772890130794,0.612872774965301,0.958171610167777,"24h_vs_4h"
"ENSMUSG00000027905",0.504450057337078,0.613701680342754,0.959084274352998,"24h_vs_4h"
"ENSMUSG00000038412",0.0912724235188378,0.613956750072915,0.959084274352998,"24h_vs_4h"
"ENSMUSG00000028954",-0.0434044044767568,0.614110312457793,0.959084274352998,"24h_vs_4h"
"ENSMUSG00000031819",0.0348372316089645,0.614991627234873,0.96011995440251,"24h_vs_4h"
"ENSMUSG00000022674",0.647864102616175,0.61564416162947,0.96079785650046,"24h_vs_4h"
"ENSMUSG00000051154",0.510142119804996,0.616521353619974,0.961825762949843,"24h_vs_4h"
"ENSMUSG00000026547",0.0305454038689845,0.617416917430336,0.96288159234972,"24h_vs_4h"
"ENSMUSG00000020834",-0.0613075253224977,0.618001400587432,0.963451705272862,"24h_vs_4h"
"ENSMUSG00000021190",-0.796523280034979,0.618445590401096,0.963802777392076,"24h_vs_4h"
"ENSMUSG00000008140",-0.467050775486872,0.618791494442156,0.964000483907939,"24h_vs_4h"
"ENSMUSG00000060961",0.493837412376298,0.621008041059388,0.966858702941087,"24h_vs_4h"
"ENSMUSG00000038902",-0.461170340387749,0.62106556537479,0.966858702941087,"24h_vs_4h"
"ENSMUSG00000078695",-0.0728876889224317,0.62311552227839,0.969707006204806,"24h_vs_4h"
"ENSMUSG00000029152",0.0336449854362542,0.623601755425869,0.970120652396341,"24h_vs_4h"
"ENSMUSG00000035027",-0.0529415139581033,0.624495283954707,0.971167400948646,"24h_vs_4h"
"ENSMUSG00000030654",-0.652215593351695,0.625057341792349,0.971698114174541,"24h_vs_4h"
"ENSMUSG00000037805",0.233813820042293,0.625363514376503,0.971830800413485,"24h_vs_4h"
"ENSMUSG00000062270",1.04912885726368,0.626497511618868,0.973134117161056,"24h_vs_4h"
"ENSMUSG00000020832",0.68236873322747,0.626644419003506,0.973134117161056,"24h_vs_4h"
"ENSMUSG00000040511",-0.618773740321018,0.627070218694745,0.97345186330708,"24h_vs_4h"
"ENSMUSG00000064210",-0.0686552809762944,0.628013874726072,0.974573012224768,"24h_vs_4h"
"ENSMUSG00000033174",0.0637718869900183,0.630101810610321,0.977468476734587,"24h_vs_4h"
"ENSMUSG00000023939",0.327025214459457,0.632513888251583,0.980861633958729,"24h_vs_4h"
"ENSMUSG00000036402",-0.0414736448319566,0.632734873621638,0.980861633958729,"24h_vs_4h"
"ENSMUSG00000029466",0.0435644304858052,0.63467757558676,0.983526764139906,"24h_vs_4h"
"ENSMUSG00000040667",-0.277736671421863,0.635204779893657,0.983997267269266,"24h_vs_4h"
"ENSMUSG00000033577",0.40673274200044,0.637654111946314,0.987443964347547,"24h_vs_4h"
"ENSMUSG00000062647",0.0257305716120406,0.640025535373236,0.990767633196487,"24h_vs_4h"
"ENSMUSG00000071337",-0.45954842481018,0.640591353378789,0.991294847475404,"24h_vs_4h"
"ENSMUSG00000024050",0.46729181549027,0.641107181901281,0.991744361176639,"24h_vs_4h"
"ENSMUSG00000029480",0.476775111231632,0.643549924882758,0.995173302673584,"24h_vs_4h"
"ENSMUSG00000035232",-0.0463010186573989,0.644174621155595,0.99578943017414,"24h_vs_4h"
"ENSMUSG00000029592",0.462673278108699,0.644834678897152,0.996459768899706,"24h_vs_4h"
"ENSMUSG00000021149",0.0637383962165288,0.646367756750732,0.998478237086686,"24h_vs_4h"
"ENSMUSG00000036698",0.656299583194244,0.648388595013099,1,"24h_vs_4h"
"ENSMUSG00000033352",-0.40106961588323,0.648398316031254,1,"24h_vs_4h"
"ENSMUSG00000054428",0.0589845973014249,0.64904241598889,1,"24h_vs_4h"
"ENSMUSG00000031012",-0.0367820495068436,0.649745640734636,1,"24h_vs_4h"
"ENSMUSG00000024538",-0.0275576788780043,0.649857898886836,1,"24h_vs_4h"
"ENSMUSG00000073982",0.0329800970579797,0.649938576650755,1,"24h_vs_4h"
"ENSMUSG00000028710",-0.0544972888609578,0.652599624682721,1,"24h_vs_4h"
"ENSMUSG00000070327",-0.113182518215062,0.653039497605038,1,"24h_vs_4h"
"ENSMUSG00000024539",0.435622919317659,0.654789148386391,1,"24h_vs_4h"
"ENSMUSG00000004936",-0.0395146228428302,0.656847310994547,1,"24h_vs_4h"
"ENSMUSG00000022329",0.114124268100202,0.657377007237008,1,"24h_vs_4h"
"ENSMUSG00000024981",-0.0244179219753491,0.659725948735262,1,"24h_vs_4h"
"ENSMUSG00000062234",1.08218031568867,0.661023182141105,1,"24h_vs_4h"
"ENSMUSG00000034826",0.0469109897294544,0.66112969035184,1,"24h_vs_4h"
"ENSMUSG00000032562",-0.027590702317557,0.662282609211252,1,"24h_vs_4h"
"ENSMUSG00000052798",0.0252779669357643,0.663139535595377,1,"24h_vs_4h"
"ENSMUSG00000025873",0.0464437679083076,0.664352431184262,1,"24h_vs_4h"
"ENSMUSG00000054469",-0.529265532147459,0.664718691404556,1,"24h_vs_4h"
"ENSMUSG00000023186",-0.0445369251756134,0.665188092818875,1,"24h_vs_4h"
"ENSMUSG00000026797",0.329985119024037,0.666251835540244,1,"24h_vs_4h"
"ENSMUSG00000026775",-0.0220673642938998,0.666439958260991,1,"24h_vs_4h"
"ENSMUSG00000024381",0.494105114064794,0.666504515635617,1,"24h_vs_4h"
"ENSMUSG00000059005",-0.656662151025429,0.667939657875522,1,"24h_vs_4h"
"ENSMUSG00000021226",0.0249758238052529,0.668465102121299,1,"24h_vs_4h"
"ENSMUSG00000033065",0.0326539477079102,0.668959499475324,1,"24h_vs_4h"
"ENSMUSG00000024976",0.39053892956106,0.670165472122607,1,"24h_vs_4h"
"ENSMUSG00000037351",0.28024449445449,0.670273716116012,1,"24h_vs_4h"
"ENSMUSG00000027605",0.0589341837500008,0.670902434334336,1,"24h_vs_4h"
"ENSMUSG00000026554",-0.210691440462188,0.670984560026772,1,"24h_vs_4h"
"ENSMUSG00000064068",0.0308608187197841,0.671283687607344,1,"24h_vs_4h"
"ENSMUSG00000029554",-0.212233308358883,0.672321716987929,1,"24h_vs_4h"
"ENSMUSG00000067150",-0.0463947035480174,0.672541601740927,1,"24h_vs_4h"
"ENSMUSG00000001424",0.017196476558798,0.672548850188548,1,"24h_vs_4h"
"ENSMUSG00000084786",-0.296221995607521,0.673399668837067,1,"24h_vs_4h"
"ENSMUSG00000026895",-0.0392579956558023,0.67463276443621,1,"24h_vs_4h"
"ENSMUSG00000032216",0.0276895224170985,0.674972114321993,1,"24h_vs_4h"
"ENSMUSG00000042043",0.0279957945637506,0.676143611256292,1,"24h_vs_4h"
"ENSMUSG00000059447",-0.240717083261401,0.676174262862403,1,"24h_vs_4h"
"ENSMUSG00000056962",-0.44829366236722,0.67671156692684,1,"24h_vs_4h"
"ENSMUSG00000036850",0.04554284252578,0.677372670033158,1,"24h_vs_4h"
"ENSMUSG00000038776",0.0124562103509724,0.679628081931882,1,"24h_vs_4h"
"ENSMUSG00000040459",0.278478650681965,0.679645992471903,1,"24h_vs_4h"
"ENSMUSG00000071655",0.0548963028715583,0.680432369193535,1,"24h_vs_4h"
"ENSMUSG00000038525",0.0433755626255419,0.680489118811265,1,"24h_vs_4h"
"ENSMUSG00000021996",-0.0252794886563379,0.681119539958302,1,"24h_vs_4h"
"ENSMUSG00000028527",0.381960094162061,0.681874351269095,1,"24h_vs_4h"
"ENSMUSG00000036529",0.345120462265314,0.682301359377811,1,"24h_vs_4h"
"ENSMUSG00000019362",0.65119140696919,0.682408638225051,1,"24h_vs_4h"
"ENSMUSG00000013997",0.223551969914826,0.683035614721313,1,"24h_vs_4h"
"ENSMUSG00000024953",0.0248402532727177,0.684060566569309,1,"24h_vs_4h"
"ENSMUSG00000024384",-0.0368526792945367,0.686934417986615,1,"24h_vs_4h"
"ENSMUSG00000075704",0.271267246816443,0.688145564532279,1,"24h_vs_4h"
"ENSMUSG00000024581",0.193519121896614,0.689510501010055,1,"24h_vs_4h"
"ENSMUSG00000025792",-0.0265799014496686,0.68969062968306,1,"24h_vs_4h"
"ENSMUSG00000030842",-0.0306084465921259,0.690027736471914,1,"24h_vs_4h"
"ENSMUSG00000035898",0.0436103492364559,0.690112947997244,1,"24h_vs_4h"
"ENSMUSG00000027133",-0.0268802460123609,0.690880795553672,1,"24h_vs_4h"
"ENSMUSG00000030105",-0.0243069562884273,0.692290729547399,1,"24h_vs_4h"
"ENSMUSG00000007041",-0.0239397674718553,0.693225703489357,1,"24h_vs_4h"
"ENSMUSG00000002015",0.0326112478798137,0.693720942979383,1,"24h_vs_4h"
"ENSMUSG00000029430",0.0293186098136857,0.69438981065367,1,"24h_vs_4h"
"ENSMUSG00000012114",0.573556828185456,0.694644655065683,1,"24h_vs_4h"
"ENSMUSG00000025794",0.0450583941445686,0.694982665821934,1,"24h_vs_4h"
"ENSMUSG00000021371",-0.246142168500182,0.69522922738877,1,"24h_vs_4h"
"ENSMUSG00000024695",-0.357578903599958,0.696328689123225,1,"24h_vs_4h"
"ENSMUSG00000028790",0.0572099394502672,0.698091355698225,1,"24h_vs_4h"
"ENSMUSG00000027255",0.196078926523683,0.698774833084173,1,"24h_vs_4h"
"ENSMUSG00000001767",-0.0287687933394523,0.701624467354682,1,"24h_vs_4h"
"ENSMUSG00000004677",-0.229421598641977,0.702162434865592,1,"24h_vs_4h"
"ENSMUSG00000040152",-0.216714619211444,0.702665360673812,1,"24h_vs_4h"
"ENSMUSG00000032382",0.269945930897368,0.703467287096353,1,"24h_vs_4h"
"ENSMUSG00000038023",-0.0401037782266336,0.70477400536214,1,"24h_vs_4h"
"ENSMUSG00000078578",0.0311453037069356,0.705941806446051,1,"24h_vs_4h"
"ENSMUSG00000027519",0.668344056654764,0.707430067770567,1,"24h_vs_4h"
"ENSMUSG00000012483",0.0365184673068235,0.70761550111126,1,"24h_vs_4h"
"ENSMUSG00000021764",-0.0312793925003625,0.707798268030411,1,"24h_vs_4h"
"ENSMUSG00000062825",0.0280960836287178,0.707853630232878,1,"24h_vs_4h"
"ENSMUSG00000021500",-0.0210791296176964,0.707934278971855,1,"24h_vs_4h"
"ENSMUSG00000030678",-0.213911073207658,0.710083688223376,1,"24h_vs_4h"
"ENSMUSG00000089704",-0.0174904777126947,0.710199493357674,1,"24h_vs_4h"
"ENSMUSG00000005882",0.293460927609686,0.711233942249796,1,"24h_vs_4h"
"ENSMUSG00000025162",-0.0272956148350048,0.711588034185492,1,"24h_vs_4h"
"ENSMUSG00000028010",0.0623671357295024,0.712256589141359,1,"24h_vs_4h"
"ENSMUSG00000031826",0.0310222876445252,0.713195458633304,1,"24h_vs_4h"
"ENSMUSG00000002017",-0.74521400678762,0.713630924249884,1,"24h_vs_4h"
"ENSMUSG00000056501",-0.443732145309585,0.713950834659869,1,"24h_vs_4h"
"ENSMUSG00000025968",-0.0221159556931667,0.714344869375953,1,"24h_vs_4h"
"ENSMUSG00000027012",0.308946626662721,0.715636541965947,1,"24h_vs_4h"
"ENSMUSG00000006273",-0.0170526607810615,0.716211934421294,1,"24h_vs_4h"
"ENSMUSG00000052698",-0.0257595248963618,0.716274116492392,1,"24h_vs_4h"
"ENSMUSG00000040464",0.250995992390809,0.716322161322418,1,"24h_vs_4h"
"ENSMUSG00000039163",-0.0303278320064173,0.717188846450475,1,"24h_vs_4h"
"ENSMUSG00000029916",-0.040268581605492,0.717304420833298,1,"24h_vs_4h"
"ENSMUSG00000030264",-0.365914429154326,0.718875825183168,1,"24h_vs_4h"
"ENSMUSG00000019428",-0.022596388638906,0.718891581549398,1,"24h_vs_4h"
"ENSMUSG00000058793",0.898481092056667,0.71923237235906,1,"24h_vs_4h"
"ENSMUSG00000025337",-0.426059218214231,0.719369503839985,1,"24h_vs_4h"
"ENSMUSG00000024431",0.202926101093865,0.719463401239566,1,"24h_vs_4h"
"ENSMUSG00000059291",-0.024395704001229,0.720377273490296,1,"24h_vs_4h"
"ENSMUSG00000004394",-0.236438295400923,0.725821083768025,1,"24h_vs_4h"
"ENSMUSG00000038335",-0.201053873323318,0.726459800835498,1,"24h_vs_4h"
"ENSMUSG00000050323",0.256740002776059,0.726620184970488,1,"24h_vs_4h"
"ENSMUSG00000023460",0.643092570581128,0.728928963867725,1,"24h_vs_4h"
"ENSMUSG00000027770",0.0461763134991742,0.729067717977391,1,"24h_vs_4h"
"ENSMUSG00000020267",-0.0235827680536538,0.729565098375363,1,"24h_vs_4h"
"ENSMUSG00000023452",-0.206786518726616,0.732139031152663,1,"24h_vs_4h"
"ENSMUSG00000028779",-0.0352183504204753,0.732319315858386,1,"24h_vs_4h"
"ENSMUSG00000040048",-0.019853883821753,0.734602382773108,1,"24h_vs_4h"
"ENSMUSG00000028741",0.0321650598483636,0.735427655800407,1,"24h_vs_4h"
"ENSMUSG00000029310",-0.243693371514727,0.738793819652112,1,"24h_vs_4h"
"ENSMUSG00000029817",-0.027326170076627,0.738924181226459,1,"24h_vs_4h"
"ENSMUSG00000020130",-0.209893856923674,0.740372121643163,1,"24h_vs_4h"
"ENSMUSG00000020018",0.0543712703084474,0.740486440371761,1,"24h_vs_4h"
"ENSMUSG00000007836",0.0144853288011717,0.741627533663321,1,"24h_vs_4h"
"ENSMUSG00000026709",0.0198473330889186,0.741996702457915,1,"24h_vs_4h"
"ENSMUSG00000031591",-0.0210152774208368,0.74321118953521,1,"24h_vs_4h"
"ENSMUSG00000022210",-0.0257545026290877,0.743437141849822,1,"24h_vs_4h"
"ENSMUSG00000041431",0.50330512010067,0.74344098484076,1,"24h_vs_4h"
"ENSMUSG00000058546",0.0272292364952413,0.745348911623957,1,"24h_vs_4h"
"ENSMUSG00000029440",0.0340586128880531,0.747079089591504,1,"24h_vs_4h"
"ENSMUSG00000022142",-0.115348426887856,0.747366715178471,1,"24h_vs_4h"
"ENSMUSG00000024875",0.562690782037297,0.747477042234778,1,"24h_vs_4h"
"ENSMUSG00000016319",0.0198060986791262,0.747836885386268,1,"24h_vs_4h"
"ENSMUSG00000031590",0.287407192396941,0.749277729849822,1,"24h_vs_4h"
"ENSMUSG00000028884",-0.0247138756430694,0.749586390684481,1,"24h_vs_4h"
"ENSMUSG00000024414",-0.229084335756731,0.750278757541575,1,"24h_vs_4h"
"ENSMUSG00000028199",-0.0307037976059235,0.751315035429846,1,"24h_vs_4h"
"ENSMUSG00000020840",0.0179652462475275,0.752935420972075,1,"24h_vs_4h"
"ENSMUSG00000000326",-0.0280804607831335,0.754948677444094,1,"24h_vs_4h"
"ENSMUSG00000031221",0.0299536897914692,0.756376990312747,1,"24h_vs_4h"
"ENSMUSG00000034022",0.0294476279247391,0.759618207463381,1,"24h_vs_4h"
"ENSMUSG00000020186",-0.162185109599957,0.763015214103519,1,"24h_vs_4h"
"ENSMUSG00000062963",-0.170575929947983,0.766018370306974,1,"24h_vs_4h"
"ENSMUSG00000059534",-0.0514947537759376,0.766499110848622,1,"24h_vs_4h"
"ENSMUSG00000008036",-0.387821870227949,0.766569560026722,1,"24h_vs_4h"
"ENSMUSG00000031429",-0.164906398841318,0.767889142569936,1,"24h_vs_4h"
"ENSMUSG00000030869",-0.0165383719668739,0.769581938668602,1,"24h_vs_4h"
"ENSMUSG00000027422",0.0439813331183991,0.770065365367581,1,"24h_vs_4h"
"ENSMUSG00000032046",0.0203047117058048,0.770321018156569,1,"24h_vs_4h"
"ENSMUSG00000029020",-0.161379620413889,0.770662989241773,1,"24h_vs_4h"
"ENSMUSG00000035726",-0.0235308552361211,0.773100368075176,1,"24h_vs_4h"
"ENSMUSG00000055980",0.272089109829977,0.774994086975874,1,"24h_vs_4h"
"ENSMUSG00000068245",-0.433293664207959,0.77526400097482,1,"24h_vs_4h"
"ENSMUSG00000043991",0.190003988518676,0.775908567331623,1,"24h_vs_4h"
"ENSMUSG00000008226",0.228686119301436,0.777637686887158,1,"24h_vs_4h"
"ENSMUSG00000058799",0.0211081200408643,0.77775368168998,1,"24h_vs_4h"
"ENSMUSG00000029250",-0.014626981647492,0.778221895544678,1,"24h_vs_4h"
"ENSMUSG00000022913",0.217565970794794,0.778700560336814,1,"24h_vs_4h"
"ENSMUSG00000003438",-0.018140150114867,0.778989896061119,1,"24h_vs_4h"
"ENSMUSG00000063065",-0.026760303225057,0.780631306703447,1,"24h_vs_4h"
"ENSMUSG00000021420",0.418820067619926,0.781218602151903,1,"24h_vs_4h"
"ENSMUSG00000057738",0.0545716938275191,0.781283494333347,1,"24h_vs_4h"
"ENSMUSG00000001707",-0.0216249818863758,0.783045625827434,1,"24h_vs_4h"
"ENSMUSG00000058076",0.205911090082644,0.783601837508247,1,"24h_vs_4h"
"ENSMUSG00000078622",0.0157604870190227,0.785316264952417,1,"24h_vs_4h"
"ENSMUSG00000002343",-0.182140835089978,0.785635323944247,1,"24h_vs_4h"
"ENSMUSG00000025793",-0.165832254858433,0.785759114640106,1,"24h_vs_4h"
"ENSMUSG00000062054",-0.18866197015199,0.786487285889793,1,"24h_vs_4h"
"ENSMUSG00000036737",0.123704252081037,0.788165826240812,1,"24h_vs_4h"
"ENSMUSG00000071547",-0.0650416786801102,0.788764881883109,1,"24h_vs_4h"
"ENSMUSG00000005698",0.0215849880584891,0.789472621663364,1,"24h_vs_4h"
"ENSMUSG00000057541",-0.147551250044273,0.789979815449019,1,"24h_vs_4h"
"ENSMUSG00000045160",0.0296142646442483,0.790014176921145,1,"24h_vs_4h"
"ENSMUSG00000028683",-0.189538889840438,0.791663670844196,1,"24h_vs_4h"
"ENSMUSG00000035559",0.0266186427058521,0.792186065075524,1,"24h_vs_4h"
"ENSMUSG00000051483",0.0227305910498785,0.792424413014851,1,"24h_vs_4h"
"ENSMUSG00000039218",0.0165579736407651,0.794093499549105,1,"24h_vs_4h"
"ENSMUSG00000078517",0.0141173396928025,0.794537981855957,1,"24h_vs_4h"
"ENSMUSG00000027498",-0.217177070530642,0.795150957272372,1,"24h_vs_4h"
"ENSMUSG00000021427",0.301087851014355,0.795915440674542,1,"24h_vs_4h"
"ENSMUSG00000039740",-0.239015166359327,0.796121051239151,1,"24h_vs_4h"
"ENSMUSG00000078919",-0.0184348929729659,0.796392863300957,1,"24h_vs_4h"
"ENSMUSG00000027884",-0.289854224598155,0.79659480603379,1,"24h_vs_4h"
"ENSMUSG00000028339",0.495079297940578,0.798425357649141,1,"24h_vs_4h"
"ENSMUSG00000027998",0.0198366341888416,0.799498057862667,1,"24h_vs_4h"
"ENSMUSG00000033475",-0.393780485078462,0.799917673688572,1,"24h_vs_4h"
"ENSMUSG00000022111",0.169904298872829,0.801250990605356,1,"24h_vs_4h"
"ENSMUSG00000024248",-0.0422068222944283,0.801853481685285,1,"24h_vs_4h"
"ENSMUSG00000102252",-0.0181127441721216,0.802156102805742,1,"24h_vs_4h"
"ENSMUSG00000038274",0.235164195062147,0.803814704590643,1,"24h_vs_4h"
"ENSMUSG00000026172",-0.199242050158535,0.803954495286837,1,"24h_vs_4h"
"ENSMUSG00000030835",0.0123863656708032,0.804709003595365,1,"24h_vs_4h"
"ENSMUSG00000029713",-0.0143947676501135,0.805047984804686,1,"24h_vs_4h"
"ENSMUSG00000014932",-0.0257273037341221,0.80591946471523,1,"24h_vs_4h"
"ENSMUSG00000024758",0.0227711894445441,0.806185201827259,1,"24h_vs_4h"
"ENSMUSG00000038279",0.023520132159959,0.807343231079119,1,"24h_vs_4h"
"ENSMUSG00000037608",-0.0202122922833645,0.808236290549291,1,"24h_vs_4h"
"ENSMUSG00000018417",-0.0149829541079747,0.809668774656965,1,"24h_vs_4h"
"ENSMUSG00000026999",-0.023260405605857,0.810725267544214,1,"24h_vs_4h"
"ENSMUSG00000038880",0.0195411132855057,0.811487280812079,1,"24h_vs_4h"
"ENSMUSG00000037234",0.206066778778581,0.811555479188626,1,"24h_vs_4h"
"ENSMUSG00000060261",0.0157359268234245,0.811765650642389,1,"24h_vs_4h"
"ENSMUSG00000029185",-0.119111637632841,0.812783880416203,1,"24h_vs_4h"
"ENSMUSG00000069844",-0.17024438309728,0.813956263767622,1,"24h_vs_4h"
"ENSMUSG00000032314",-0.263075303688616,0.816652676008938,1,"24h_vs_4h"
"ENSMUSG00000032939",0.0118670623527954,0.817182926827841,1,"24h_vs_4h"
"ENSMUSG00000023022",-0.0276040645037767,0.817667815248054,1,"24h_vs_4h"
"ENSMUSG00000062729",0.0132963153982821,0.817748335785828,1,"24h_vs_4h"
"ENSMUSG00000036751",-0.0141457889674115,0.819033705459406,1,"24h_vs_4h"
"ENSMUSG00000022817",-0.151200094316234,0.820375472001656,1,"24h_vs_4h"
"ENSMUSG00000049287",-0.250961805508769,0.825374143293534,1,"24h_vs_4h"
"ENSMUSG00000000171",-0.0386784856655673,0.826401035529411,1,"24h_vs_4h"
"ENSMUSG00000026980",-0.145974648064691,0.826468424180265,1,"24h_vs_4h"
"ENSMUSG00000027952",-0.0196534679108922,0.828783411568372,1,"24h_vs_4h"
"ENSMUSG00000038650",-0.0149409611600042,0.830173890890912,1,"24h_vs_4h"
"ENSMUSG00000109511",0.0208029588502789,0.830658597806543,1,"24h_vs_4h"
"ENSMUSG00000021814",0.0427285167991762,0.830751585722222,1,"24h_vs_4h"
"ENSMUSG00000031516",0.21848222313772,0.831375375417915,1,"24h_vs_4h"
"ENSMUSG00000042642",0.0980595839009197,0.831778873830381,1,"24h_vs_4h"
"ENSMUSG00000045128",0.00848870476658803,0.832009953161621,1,"24h_vs_4h"
"ENSMUSG00000019579",0.0260734732689833,0.834279544616601,1,"24h_vs_4h"
"ENSMUSG00000027673",0.0190525547382272,0.835618129770374,1,"24h_vs_4h"
"ENSMUSG00000028849",0.720950995335841,0.836405402196288,1,"24h_vs_4h"
"ENSMUSG00000034341",0.147228047578011,0.836946146871756,1,"24h_vs_4h"
"ENSMUSG00000017831",0.0261327608491833,0.841595701667582,1,"24h_vs_4h"
"ENSMUSG00000057335",0.0727232901383097,0.842248702636339,1,"24h_vs_4h"
"ENSMUSG00000062014",0.101146694526687,0.842905034503463,1,"24h_vs_4h"
"ENSMUSG00000055024",0.195836276183748,0.843046383594958,1,"24h_vs_4h"
"ENSMUSG00000024217",-0.266599831932098,0.843062707810144,1,"24h_vs_4h"
"ENSMUSG00000025236",0.0213416301555398,0.843512564862097,1,"24h_vs_4h"
"ENSMUSG00000034484",-0.0191343674642539,0.844560676227536,1,"24h_vs_4h"
"ENSMUSG00000024969",-0.508392075891233,0.846495619648265,1,"24h_vs_4h"
"ENSMUSG00000042312",0.0148317554333914,0.847672656605754,1,"24h_vs_4h"
"ENSMUSG00000033306",-0.0104402737942273,0.851493562600221,1,"24h_vs_4h"
"ENSMUSG00000032667",-0.115873850111328,0.852997505075805,1,"24h_vs_4h"
"ENSMUSG00000024959",-0.146814894772412,0.854783592894853,1,"24h_vs_4h"
"ENSMUSG00000020368",0.0167128575862847,0.85521143802961,1,"24h_vs_4h"
"ENSMUSG00000024826",0.0172025257857591,0.855432108917825,1,"24h_vs_4h"
"ENSMUSG00000040253",-0.135599534731803,0.85626391427256,1,"24h_vs_4h"
"ENSMUSG00000036112",0.14023906401232,0.856289587855549,1,"24h_vs_4h"
"ENSMUSG00000031967",0.024547605487367,0.856900456623099,1,"24h_vs_4h"
"ENSMUSG00000042133",-0.188413718534015,0.858350781475773,1,"24h_vs_4h"
"ENSMUSG00000060012",0.0937582722691381,0.85852141112256,1,"24h_vs_4h"
"ENSMUSG00000067367",-0.0193459365279303,0.860613697204655,1,"24h_vs_4h"
"ENSMUSG00000029482",0.0121201817397747,0.86102820323742,1,"24h_vs_4h"
"ENSMUSG00000022982",0.020888508786264,0.86211728088997,1,"24h_vs_4h"
"ENSMUSG00000001025",-0.02569647816415,0.862747776618957,1,"24h_vs_4h"
"ENSMUSG00000029767",0.0187138181767565,0.864434756848121,1,"24h_vs_4h"
"ENSMUSG00000015714",0.186084305909304,0.864818395711407,1,"24h_vs_4h"
"ENSMUSG00000005054",-0.0159858657404293,0.86508963058873,1,"24h_vs_4h"
"ENSMUSG00000001962",0.201406222557022,0.865177722911439,1,"24h_vs_4h"
"ENSMUSG00000030056",-0.142026684957038,0.866427396849567,1,"24h_vs_4h"
"ENSMUSG00000030282",0.50550151228083,0.86833696666792,1,"24h_vs_4h"
"ENSMUSG00000024972",-0.0174067647218763,0.871510942824451,1,"24h_vs_4h"
"ENSMUSG00000025417",-0.175274827185977,0.871737282836246,1,"24h_vs_4h"
"ENSMUSG00000062075",-0.0153882627582576,0.872394013289697,1,"24h_vs_4h"
"ENSMUSG00000020111",0.0157368120135146,0.874158601140767,1,"24h_vs_4h"
"ENSMUSG00000028165",0.167928401982458,0.874223678955685,1,"24h_vs_4h"
"ENSMUSG00000025142",0.143906880454498,0.874264048657371,1,"24h_vs_4h"
"ENSMUSG00000042215",0.0185839992000751,0.875256859962329,1,"24h_vs_4h"
"ENSMUSG00000004667",0.103171144920776,0.875864645832013,1,"24h_vs_4h"
"ENSMUSG00000071650",-0.00586682237969427,0.876465062804282,1,"24h_vs_4h"
"ENSMUSG00000004591",0.152894082479698,0.87663204403207,1,"24h_vs_4h"
"ENSMUSG00000024158",0.0117670860722683,0.877301674114824,1,"24h_vs_4h"
"ENSMUSG00000058586",-0.0105800995449137,0.877605362625092,1,"24h_vs_4h"
"ENSMUSG00000051285",-0.0594526738903589,0.877706402920231,1,"24h_vs_4h"
"ENSMUSG00000030432",0.0155845462583848,0.877923193012425,1,"24h_vs_4h"
"ENSMUSG00000026019",-0.0861788165124189,0.87905779521093,1,"24h_vs_4h"
"ENSMUSG00000005417",-0.147559471937836,0.880091959982787,1,"24h_vs_4h"
"ENSMUSG00000026456",0.0109502500196115,0.881711221465755,1,"24h_vs_4h"
"ENSMUSG00000038102",0.0840381811094986,0.882639813271783,1,"24h_vs_4h"
"ENSMUSG00000059811",-0.00988153404608028,0.88288119775574,1,"24h_vs_4h"
"ENSMUSG00000026355",0.00436079875744255,0.883178607367419,1,"24h_vs_4h"
"ENSMUSG00000025979",0.085847556755553,0.883237374776333,1,"24h_vs_4h"
"ENSMUSG00000060373",-0.12699872653495,0.885568460089982,1,"24h_vs_4h"
"ENSMUSG00000093930",0.0205521683129106,0.885617844806864,1,"24h_vs_4h"
"ENSMUSG00000021357",0.104764209539056,0.886493775127498,1,"24h_vs_4h"
"ENSMUSG00000071662",-0.158983650348635,0.886757955434475,1,"24h_vs_4h"
"ENSMUSG00000009907",-0.0746643712026973,0.886842491508672,1,"24h_vs_4h"
"ENSMUSG00000037563",0.28350182843884,0.888450384101974,1,"24h_vs_4h"
"ENSMUSG00000068523",0.160820409660317,0.888785877669248,1,"24h_vs_4h"
"ENSMUSG00000052533",-0.0796866739437441,0.889220624454298,1,"24h_vs_4h"
"ENSMUSG00000021993",-0.0706298370030147,0.889916178104918,1,"24h_vs_4h"
"ENSMUSG00000035024",-0.0104759651206656,0.890286164736476,1,"24h_vs_4h"
"ENSMUSG00000046994",-0.175816834522795,0.890705773927832,1,"24h_vs_4h"
"ENSMUSG00000024079",-0.0319925486801544,0.891910048244353,1,"24h_vs_4h"
"ENSMUSG00000029814",-0.00862397022740424,0.892240293065124,1,"24h_vs_4h"
"ENSMUSG00000028896",0.0106822586593331,0.894116495785721,1,"24h_vs_4h"
"ENSMUSG00000020802",-0.0775654541721416,0.894550943204521,1,"24h_vs_4h"
"ENSMUSG00000035443",0.0756865504857664,0.894725596370916,1,"24h_vs_4h"
"ENSMUSG00000054405",-0.015535537769626,0.894874222650742,1,"24h_vs_4h"
"ENSMUSG00000027610",0.141784617797608,0.895246532060225,1,"24h_vs_4h"
"ENSMUSG00000021236",0.084201265490794,0.8954697078147,1,"24h_vs_4h"
"ENSMUSG00000040824",0.0072058468617513,0.895936318609706,1,"24h_vs_4h"
"ENSMUSG00000079508",-0.0132351874442804,0.896245159972663,1,"24h_vs_4h"
"ENSMUSG00000026078",-0.124372383015881,0.89631629158998,1,"24h_vs_4h"
"ENSMUSG00000022338",2.14735801715813,0.897229920302262,1,"24h_vs_4h"
"ENSMUSG00000033712",0.00988653501029546,0.897247853965128,1,"24h_vs_4h"
"ENSMUSG00000024781",-0.0137842266052779,0.897287346006901,1,"24h_vs_4h"
"ENSMUSG00000026309",-0.0785932293356417,0.897645335989335,1,"24h_vs_4h"
"ENSMUSG00000026817",0.0117607743025765,0.897745845024717,1,"24h_vs_4h"
"ENSMUSG00000022051",-0.0872633941098648,0.898019289642094,1,"24h_vs_4h"
"ENSMUSG00000037415",-0.0989121864888958,0.898831908675531,1,"24h_vs_4h"
"ENSMUSG00000069874",-0.0996847443912863,0.899599545160225,1,"24h_vs_4h"
"ENSMUSG00000038587",-0.105563000134591,0.899744483459756,1,"24h_vs_4h"
"ENSMUSG00000031198",0.011435289429528,0.90064205201646,1,"24h_vs_4h"
"ENSMUSG00000037470",0.00404856996883396,0.90071483312297,1,"24h_vs_4h"
"ENSMUSG00000029265",-0.144479284556372,0.900774662850476,1,"24h_vs_4h"
"ENSMUSG00000024400",0.0124613718685502,0.902142685806365,1,"24h_vs_4h"
"ENSMUSG00000027984",-0.135341433325486,0.902234749863887,1,"24h_vs_4h"
"ENSMUSG00000036860",0.135314843766238,0.902990438480954,1,"24h_vs_4h"
"ENSMUSG00000020534",0.00988324698521481,0.903556503649724,1,"24h_vs_4h"
"ENSMUSG00000049225",-0.1302677793675,0.904037237593282,1,"24h_vs_4h"
"ENSMUSG00000000631",0.0621804278358269,0.905515222193939,1,"24h_vs_4h"
"ENSMUSG00000038976",-0.09514352272042,0.905631572136528,1,"24h_vs_4h"
"ENSMUSG00000042354",-0.0710522823475195,0.905802539370907,1,"24h_vs_4h"
"ENSMUSG00000028063",-0.00557853999674762,0.905879403540081,1,"24h_vs_4h"
"ENSMUSG00000018906",0.0892654357992768,0.906305190757286,1,"24h_vs_4h"
"ENSMUSG00000002808",-0.0802675937229189,0.906343582412368,1,"24h_vs_4h"
"ENSMUSG00000029992",-0.057070525066937,0.907271915389962,1,"24h_vs_4h"
"ENSMUSG00000031479",0.0128188680611565,0.908253947036908,1,"24h_vs_4h"
"ENSMUSG00000013415",-0.0588757113795175,0.908455838453593,1,"24h_vs_4h"
"ENSMUSG00000001123",-0.0193815986923553,0.910653054263505,1,"24h_vs_4h"
"ENSMUSG00000032328",0.115483306221741,0.911098585445899,1,"24h_vs_4h"
"ENSMUSG00000022477",-0.33958221129005,0.912354523757629,1,"24h_vs_4h"
"ENSMUSG00000028757",0.00607497856448447,0.912580894470207,1,"24h_vs_4h"
"ENSMUSG00000053774",-0.107414832610569,0.913686051464875,1,"24h_vs_4h"
"ENSMUSG00000030189",0.00909800202676081,0.914098566743951,1,"24h_vs_4h"
"ENSMUSG00000032777",-0.0671091602070035,0.915222025709432,1,"24h_vs_4h"
"ENSMUSG00000045624",0.331985161265909,0.915718254602281,1,"24h_vs_4h"
"ENSMUSG00000039356",0.0961142498602747,0.91599905968459,1,"24h_vs_4h"
"ENSMUSG00000028443",0.0633356013510031,0.916832985205423,1,"24h_vs_4h"
"ENSMUSG00000058006",0.0685328448982254,0.916957206161459,1,"24h_vs_4h"
"ENSMUSG00000028565",-0.0754950371417173,0.917492487444653,1,"24h_vs_4h"
"ENSMUSG00000044080",0.0160830211092176,0.918047235391786,1,"24h_vs_4h"
"ENSMUSG00000002221",-0.100976208937137,0.918655356931009,1,"24h_vs_4h"
"ENSMUSG00000057530",-0.107017002525339,0.919218051823606,1,"24h_vs_4h"
"ENSMUSG00000027303",-0.0808821080338902,0.919334501869725,1,"24h_vs_4h"
"ENSMUSG00000024764",-0.0479710026700282,0.919991180732653,1,"24h_vs_4h"
"ENSMUSG00000026209",-0.00713141652952132,0.920203271840343,1,"24h_vs_4h"
"ENSMUSG00000022844",0.0984552032714952,0.920297556032102,1,"24h_vs_4h"
"ENSMUSG00000024668",-0.0125863793732819,0.9211353552881,1,"24h_vs_4h"
"ENSMUSG00000032621",0.0565233581474445,0.921991729603545,1,"24h_vs_4h"
"ENSMUSG00000091512",-0.00697182347120773,0.922006829781238,1,"24h_vs_4h"
"ENSMUSG00000038240",-0.10359452907765,0.92343664217719,1,"24h_vs_4h"
"ENSMUSG00000025277",-0.00764441164750096,0.923961254878316,1,"24h_vs_4h"
"ENSMUSG00000024498",-0.00757324292403894,0.92488859235105,1,"24h_vs_4h"
"ENSMUSG00000024150",-0.0246770320126082,0.924948045650571,1,"24h_vs_4h"
"ENSMUSG00000028106",0.133757759705198,0.925901595258139,1,"24h_vs_4h"
"ENSMUSG00000018995",-0.100918488652475,0.926482433812524,1,"24h_vs_4h"
"ENSMUSG00000018340",-0.0857096390762457,0.926491452245875,1,"24h_vs_4h"
"ENSMUSG00000048351",-0.00713775315215415,0.929526828002433,1,"24h_vs_4h"
"ENSMUSG00000005846",0.00526835349587884,0.929979746771802,1,"24h_vs_4h"
"ENSMUSG00000026426",0.109872172353075,0.930288773805629,1,"24h_vs_4h"
"ENSMUSG00000050029",0.00603527282366656,0.93039882202588,1,"24h_vs_4h"
"ENSMUSG00000037722",1.31372136583998,0.931097979676993,1,"24h_vs_4h"
"ENSMUSG00000027712",-0.00443084911947622,0.931172734121857,1,"24h_vs_4h"
"ENSMUSG00000023020",-0.133183332704753,0.934097596903875,1,"24h_vs_4h"
"ENSMUSG00000030894",0.0112394811078467,0.935118622222835,1,"24h_vs_4h"
"ENSMUSG00000026761",-0.0546039284738562,0.935458894397779,1,"24h_vs_4h"
"ENSMUSG00000000711",0.00770172445489337,0.935556730220101,1,"24h_vs_4h"
"ENSMUSG00000026956",-0.00561673792851991,0.936711665269406,1,"24h_vs_4h"
"ENSMUSG00000041926",0.0062734632668402,0.936845777839335,1,"24h_vs_4h"
"ENSMUSG00000006673",0.0799233578531009,0.937388505092666,1,"24h_vs_4h"
"ENSMUSG00000039959",0.0113427195258673,0.937564752787831,1,"24h_vs_4h"
"ENSMUSG00000000959",-0.00693960462137966,0.937725784236681,1,"24h_vs_4h"
"ENSMUSG00000039183",-0.107813248508155,0.937930176236323,1,"24h_vs_4h"
"ENSMUSG00000051391",0.657439116773855,0.939424065678977,1,"24h_vs_4h"
"ENSMUSG00000030272",0.0588992443727605,0.939715167322724,1,"24h_vs_4h"
"ENSMUSG00000003458",-0.0605580289689023,0.940039819031752,1,"24h_vs_4h"
"ENSMUSG00000019820",0.00270376526447436,0.941087296741768,1,"24h_vs_4h"
"ENSMUSG00000069662",-0.0147521000616351,0.941324895443381,1,"24h_vs_4h"
"ENSMUSG00000021241",-0.00645968916149187,0.944604605015061,1,"24h_vs_4h"
"ENSMUSG00000002731",-0.0810255095996446,0.945862931800219,1,"24h_vs_4h"
"ENSMUSG00000037017",-0.0723501806938742,0.946525283791563,1,"24h_vs_4h"
"ENSMUSG00000038812",-0.0432338378068309,0.946682955720174,1,"24h_vs_4h"
"ENSMUSG00000028292",-0.00475988675252026,0.947248938413997,1,"24h_vs_4h"
"ENSMUSG00000010660",-0.0415758625147618,0.947256092238457,1,"24h_vs_4h"
"ENSMUSG00000039615",0.00617714196411612,0.947294394851737,1,"24h_vs_4h"
"ENSMUSG00000026981",-0.0592786527354718,0.947662169662115,1,"24h_vs_4h"
"ENSMUSG00000036781",0.00841743573034393,0.947941300999376,1,"24h_vs_4h"
"ENSMUSG00000014195",0.00568218973432977,0.948671930348027,1,"24h_vs_4h"
"ENSMUSG00000029176",-0.0516384155879024,0.949585131231141,1,"24h_vs_4h"
"ENSMUSG00000015776",0.0607906394885553,0.94999579177325,1,"24h_vs_4h"
"ENSMUSG00000024944",-0.0109705971294538,0.95003046109788,1,"24h_vs_4h"
"ENSMUSG00000038736",2.95918447483449,0.951266718129423,1,"24h_vs_4h"
"ENSMUSG00000024121",-0.0542231524603132,0.951740325156663,1,"24h_vs_4h"
"ENSMUSG00000010406",0.0609150657027904,0.95201599908601,1,"24h_vs_4h"
"ENSMUSG00000041548",0.0654265570098111,0.952223142906064,1,"24h_vs_4h"
"ENSMUSG00000026849",0.059788676197293,0.952799776434102,1,"24h_vs_4h"
"ENSMUSG00000031683",0.0803789408022695,0.952908882527787,1,"24h_vs_4h"
"ENSMUSG00000074218",-0.0776483421590051,0.952968175077207,1,"24h_vs_4h"
"ENSMUSG00000005087",-0.0465204978602038,0.95313953401947,1,"24h_vs_4h"
"ENSMUSG00000037916",-0.00407841376345885,0.953490186467379,1,"24h_vs_4h"
"ENSMUSG00000022816",-0.0581519787144877,0.953757267092954,1,"24h_vs_4h"
"ENSMUSG00000041645",-0.105442964975985,0.953979523014552,1,"24h_vs_4h"
"ENSMUSG00000020076",0.00563969314734081,0.954009924701106,1,"24h_vs_4h"
"ENSMUSG00000002844",0.0431357920355318,0.954208491291128,1,"24h_vs_4h"
"ENSMUSG00000020593",-0.0370992999610635,0.955349314661301,1,"24h_vs_4h"
"ENSMUSG00000022721",-0.0319552599403075,0.956030052449389,1,"24h_vs_4h"
"ENSMUSG00000014402",-0.0401293049345206,0.956333784964377,1,"24h_vs_4h"
"ENSMUSG00000079363",-0.037042340471082,0.956402364577401,1,"24h_vs_4h"
"ENSMUSG00000031885",0.0367031755030958,0.95733622386597,1,"24h_vs_4h"
"ENSMUSG00000029076",0.0522539214639686,0.960047721270615,1,"24h_vs_4h"
"ENSMUSG00000031701",0.00430674715512325,0.962158840662621,1,"24h_vs_4h"
"ENSMUSG00000039047",0.0226438322920366,0.962409323967588,1,"24h_vs_4h"
"ENSMUSG00000024018",-0.0519077178627221,0.962752006820926,1,"24h_vs_4h"
"ENSMUSG00000022351",-0.0398827512581725,0.962978497034842,1,"24h_vs_4h"
"ENSMUSG00000000378",-0.0320587520427331,0.963161137884532,1,"24h_vs_4h"
"ENSMUSG00000021917",2.71365675802063,0.96340853294784,1,"24h_vs_4h"
"ENSMUSG00000013701",0.0841329966004807,0.963961267034421,1,"24h_vs_4h"
"ENSMUSG00000055723",-0.00517383001922767,0.964717395049429,1,"24h_vs_4h"
"ENSMUSG00000021967",-0.0624136031845488,0.964759517946388,1,"24h_vs_4h"
"ENSMUSG00000036197",-0.025304280637247,0.964843859020422,1,"24h_vs_4h"
"ENSMUSG00000051346",0.0488506428440338,0.96592838802875,1,"24h_vs_4h"
"ENSMUSG00000027951",-0.0459147603888681,0.966395437424553,1,"24h_vs_4h"
"ENSMUSG00000032026",0.0241310010160412,0.96713219672998,1,"24h_vs_4h"
"ENSMUSG00000054604",-0.0328292922475448,0.967297262027476,1,"24h_vs_4h"
"ENSMUSG00000028430",-0.0371549597554335,0.967645515217941,1,"24h_vs_4h"
"ENSMUSG00000022471",0.0257525459610477,0.967697024398922,1,"24h_vs_4h"
"ENSMUSG00000071659",-0.0025073382549472,0.967747430577082,1,"24h_vs_4h"
"ENSMUSG00000063787",0.0348090939004706,0.967931544584644,1,"24h_vs_4h"
"ENSMUSG00000005687",0.00305860736593289,0.968125137701079,1,"24h_vs_4h"
"ENSMUSG00000051768",-0.0284992905797807,0.969130020483905,1,"24h_vs_4h"
"ENSMUSG00000048007",-0.00231417835408365,0.969330891382957,1,"24h_vs_4h"
"ENSMUSG00000031511",-0.0255788918743391,0.969572095558597,1,"24h_vs_4h"
"ENSMUSG00000024194",0.0232032694484481,0.970264938859658,1,"24h_vs_4h"
"ENSMUSG00000019923",-0.0224055193996158,0.971408126821192,1,"24h_vs_4h"
"ENSMUSG00000022048",0.00195745274202608,0.971483980483493,1,"24h_vs_4h"
"ENSMUSG00000038619",0.0396653290145075,0.971735677933766,1,"24h_vs_4h"
"ENSMUSG00000034993",-0.00175320449201877,0.972770681222638,1,"24h_vs_4h"
"ENSMUSG00000024683",0.00148281646844595,0.973690994996694,1,"24h_vs_4h"
"ENSMUSG00000031840",0.0255420754726394,0.973791903049622,1,"24h_vs_4h"
"ENSMUSG00000024604",0.0369421868827651,0.974644102456892,1,"24h_vs_4h"
"ENSMUSG00000000826",0.0474298116645784,0.974872210419136,1,"24h_vs_4h"
"ENSMUSG00000058351",0.0410084375619313,0.975405632162049,1,"24h_vs_4h"
"ENSMUSG00000018287",0.0298908971351999,0.975595934791031,1,"24h_vs_4h"
"ENSMUSG00000028447",-0.032521615314824,0.976323486445639,1,"24h_vs_4h"
"ENSMUSG00000029500",0.00200759588026855,0.97647083542814,1,"24h_vs_4h"
"ENSMUSG00000022905",-0.0318892810914413,0.976562041036243,1,"24h_vs_4h"
"ENSMUSG00000019539",0.0408158452286429,0.976634627150532,1,"24h_vs_4h"
"ENSMUSG00000026199",-0.0303380123594472,0.977256316769014,1,"24h_vs_4h"
"ENSMUSG00000021103",0.0194711150076081,0.977284114022195,1,"24h_vs_4h"
"ENSMUSG00000022771",0.0185591397756255,0.97755913043883,1,"24h_vs_4h"
"ENSMUSG00000004393",-0.0241088495652306,0.977621710941928,1,"24h_vs_4h"
"ENSMUSG00000035245",0.0167766581502633,0.978031861290263,1,"24h_vs_4h"
"ENSMUSG00000034109",0.00240291062757336,0.97925099867147,1,"24h_vs_4h"
"ENSMUSG00000019979",0.00775416588547628,0.97936588129814,1,"24h_vs_4h"
"ENSMUSG00000028194",-0.016969584834186,0.980053821229218,1,"24h_vs_4h"
"ENSMUSG00000025016",-0.00310055517121199,0.980056286755363,1,"24h_vs_4h"
"ENSMUSG00000015289",0.032356942042032,0.980231463114353,1,"24h_vs_4h"
"ENSMUSG00000022765",-0.0142278959021347,0.980297786452276,1,"24h_vs_4h"
"ENSMUSG00000004043",0.0134860683309626,0.981839725645228,1,"24h_vs_4h"
"ENSMUSG00000019782",-0.0217992042256476,0.981896531548254,1,"24h_vs_4h"
"ENSMUSG00000001036",-0.014590903786118,0.982061044055967,1,"24h_vs_4h"
"ENSMUSG00000031710",0.0112596776312017,0.982414461431587,1,"24h_vs_4h"
"ENSMUSG00000068328",0.0234631098378522,0.983334242778881,1,"24h_vs_4h"
"ENSMUSG00000031818",-0.0801433200179389,0.983443662730297,1,"24h_vs_4h"
"ENSMUSG00000029153",-0.0117186326467262,0.983804246596858,1,"24h_vs_4h"
"ENSMUSG00000022961",0.000828607477256327,0.983828396916282,1,"24h_vs_4h"
"ENSMUSG00000047945",-0.0148904497247919,0.984239815380921,1,"24h_vs_4h"
"ENSMUSG00000022235",0.0230331506801171,0.984561272894576,1,"24h_vs_4h"
"ENSMUSG00000062949",-0.0146089547346691,0.984888033757536,1,"24h_vs_4h"
"ENSMUSG00000006418",0.011109344636651,0.985252731629475,1,"24h_vs_4h"
"ENSMUSG00000008682",-0.0335663481642463,0.985675027266094,1,"24h_vs_4h"
"ENSMUSG00000020695",0.00185378493300803,0.985781782439487,1,"24h_vs_4h"
"ENSMUSG00000015672",-0.0210423912606856,0.986131012326729,1,"24h_vs_4h"
"ENSMUSG00000065954",-0.0114996057976278,0.986440304437972,1,"24h_vs_4h"
"ENSMUSG00000031158",-0.0172603149310682,0.986567776171265,1,"24h_vs_4h"
"ENSMUSG00000019763",0.0162465837991661,0.986666352377355,1,"24h_vs_4h"
"ENSMUSG00000020650",-0.0132057350611881,0.986803814707049,1,"24h_vs_4h"
"ENSMUSG00000038416",-0.00164702639627734,0.987444220609734,1,"24h_vs_4h"
"ENSMUSG00000026254",0.0104071264188228,0.987737926801751,1,"24h_vs_4h"
"ENSMUSG00000026819",0.019759809764615,0.987772586612242,1,"24h_vs_4h"
"ENSMUSG00000030335",-0.0240616916532908,0.987972522341254,1,"24h_vs_4h"
"ENSMUSG00000016252",0.0032674123914056,0.989318558658271,1,"24h_vs_4h"
"ENSMUSG00000025261",-0.00107168538421831,0.989690615075219,1,"24h_vs_4h"
"ENSMUSG00000021549",-1.1446068242032,0.98979133968143,1,"24h_vs_4h"
"ENSMUSG00000028676",-0.00131811810639348,0.989859347981493,1,"24h_vs_4h"
"ENSMUSG00000057421",-0.0115325080810216,0.99080284033072,1,"24h_vs_4h"
"ENSMUSG00000024222",0.000505001765610302,0.990882803866795,1,"24h_vs_4h"
"ENSMUSG00000027805",0.010532782534419,0.990973538252157,1,"24h_vs_4h"
"ENSMUSG00000079477",-0.000552943761807256,0.991147501642419,1,"24h_vs_4h"
"ENSMUSG00000028530",0.00776942061832742,0.991335322633059,1,"24h_vs_4h"
"ENSMUSG00000033307",-0.00129463642056038,0.991440385221536,1,"24h_vs_4h"
"ENSMUSG00000002365",0.00578241003402269,0.991601677163341,1,"24h_vs_4h"
"ENSMUSG00000028271",-0.00951337429638599,0.991806500648661,1,"24h_vs_4h"
"ENSMUSG00000059363",0.00953341191912571,0.99219722963202,1,"24h_vs_4h"
"ENSMUSG00000000384",0.000735261117856822,0.992360011223169,1,"24h_vs_4h"
"ENSMUSG00000004451",0.00099532819653092,0.992869415091107,1,"24h_vs_4h"
"ENSMUSG00000033860",0.0117804520503206,0.993000029520312,1,"24h_vs_4h"
"ENSMUSG00000043411",0.0149039782238063,0.993385844041404,1,"24h_vs_4h"
"ENSMUSG00000000743",0.00568126402263047,0.993680683034403,1,"24h_vs_4h"
"ENSMUSG00000033184",0.00100302363153304,0.994058060495554,1,"24h_vs_4h"
"ENSMUSG00000027699",0.0109297889891735,0.994695715224416,1,"24h_vs_4h"
"ENSMUSG00000036104",-0.000654005094556709,0.994747595561594,1,"24h_vs_4h"
"ENSMUSG00000056851",-0.130661206867817,0.994836856252765,1,"24h_vs_4h"
"ENSMUSG00000038121",-0.00547550497660865,0.994977025618093,1,"24h_vs_4h"
"ENSMUSG00000034723",-0.00717467929539595,0.995020219015545,1,"24h_vs_4h"
"ENSMUSG00000028309",-0.00530859179941956,0.995917497089427,1,"24h_vs_4h"
"ENSMUSG00000017830",-0.00339537701304593,0.996498777078796,1,"24h_vs_4h"
"ENSMUSG00000022246",0.976212601182453,0.996869087458044,1,"24h_vs_4h"
"ENSMUSG00000022177",-0.563335202318452,0.998026921080292,1,"24h_vs_4h"
"ENSMUSG00000069769",0.00121007629952175,0.998654308684163,1,"24h_vs_4h"
"ENSMUSG00000026131",-0.00172081330957141,0.998918476956169,1,"24h_vs_4h"
"ENSMUSG00000055401",-0.000714810630064733,0.999012469987598,1,"24h_vs_4h"
"ENSMUSG00000058600",0.0423119536074594,0.999889974534973,1,"24h_vs_4h"
"ENSMUSG00000032786",-3.5527136788005e-15,0.999999999999948,1,"24h_vs_4h"
"ENSMUSG00000028427",-3.5527136788005e-15,0.999999999999995,1,"24h_vs_4h"
"ENSMUSG00000025869",3.5527136788005e-15,0.999999999999995,1,"24h_vs_4h"
"ENSMUSG00000027878",3.5527136788005e-15,0.999999999999995,1,"24h_vs_4h"
"ENSMUSG00000034259",3.5527136788005e-15,0.999999999999996,1,"24h_vs_4h"
"ENSMUSG00000025040",3.5527136788005e-15,0.999999999999996,1,"24h_vs_4h"
"ENSMUSG00000038544",-3.5527136788005e-15,0.999999999999996,1,"24h_vs_4h"
"ENSMUSG00000096370",3.5527136788005e-15,0.999999999999997,1,"24h_vs_4h"
"ENSMUSG00000052214",3.5527136788005e-15,0.999999999999997,1,"24h_vs_4h"
"ENSMUSG00000002500",-3.5527136788005e-15,0.999999999999997,1,"24h_vs_4h"
"ENSMUSG00000068748",-3.5527136788005e-15,0.999999999999998,1,"24h_vs_4h"
"ENSMUSG00000013663",0.389470799549791,1,1,"24h_vs_4h"
"ENSMUSG00000064345",0,1,1,"24h_vs_4h"
"ENSMUSG00000039656",0,1,1,"24h_vs_4h"
"ENSMUSG00000002307",0,1,1,"24h_vs_4h"
"ENSMUSG00000053877",0,1,1,"24h_vs_4h"
"ENSMUSG00000052293",0,1,1,"24h_vs_4h"
"ENSMUSG00000022587",0,1,1,"24h_vs_4h"
"ENSMUSG00000026280",0,1,1,"24h_vs_4h"
"ENSMUSG00000032737",0,1,1,"24h_vs_4h"
"ENSMUSG00000014850",0,1,1,"24h_vs_4h"
"ENSMUSG00000014602",0,1,1,"24h_vs_4h"
"ENSMUSG00000032410",0,1,1,"24h_vs_4h"
"ENSMUSG00000055013",0,1,1,"24h_vs_4h"
"ENSMUSG00000026434",0,1,1,"24h_vs_4h"
"ENSMUSG00000051590",0,1,1,"24h_vs_4h"
"ENSMUSG00000018740",0,1,1,"24h_vs_4h"
"ENSMUSG00000026202",0,1,1,"24h_vs_4h"
"ENSMUSG00000032666",0,1,1,"24h_vs_4h"
"ENSMUSG00000039382",0,1,1,"24h_vs_4h"
"ENSMUSG00000047539",0,1,1,"24h_vs_4h"
"ENSMUSG00000039128",0,1,1,"24h_vs_4h"
"ENSMUSG00000038696",0,1,1,"24h_vs_4h"
"ENSMUSG00000041355",0,1,1,"24h_vs_4h"
"ENSMUSG00000022995",0,1,1,"24h_vs_4h"
"ENSMUSG00000027763",0,1,1,"24h_vs_4h"
"ENSMUSG00000037395",0,1,1,"24h_vs_4h"
"ENSMUSG00000001420",0,1,1,"24h_vs_4h"
"ENSMUSG00000026470",0,1,1,"24h_vs_4h"
"ENSMUSG00000026558",0,1,1,"24h_vs_4h"
"ENSMUSG00000028080",0,1,1,"24h_vs_4h"
"ENSMUSG00000026857",0,1,1,"24h_vs_4h"
"ENSMUSG00000026773",0,1,1,"24h_vs_4h"
"ENSMUSG00000037174",0,1,1,"24h_vs_4h"
"ENSMUSG00000038975",0,1,1,"24h_vs_4h"
"ENSMUSG00000059741",0,1,1,"24h_vs_4h"
"ENSMUSG00000037400",0,1,1,"24h_vs_4h"
"ENSMUSG00000040351",0,1,1,"24h_vs_4h"
"ENSMUSG00000005057",0,1,1,"24h_vs_4h"
"ENSMUSG00000062127",0,1,1,"24h_vs_4h"
"ENSMUSG00000029291",0,1,1,"24h_vs_4h"
"ENSMUSG00000025437",0,1,1,"24h_vs_4h"
"ENSMUSG00000070733",0,1,1,"24h_vs_4h"
"ENSMUSG00000039456",0,1,1,"24h_vs_4h"
"ENSMUSG00000029594",0,1,1,"24h_vs_4h"
"ENSMUSG00000029166",0,1,1,"24h_vs_4h"
"ENSMUSG00000078435",0,1,1,"24h_vs_4h"
"ENSMUSG00000033788",0,1,1,"24h_vs_4h"
"ENSMUSG00000004270",0,1,1,"24h_vs_4h"
"ENSMUSG00000034023",0,1,1,"24h_vs_4h"
"ENSMUSG00000035236",0,1,1,"24h_vs_4h"
"ENSMUSG00000029569",0,1,1,"24h_vs_4h"
"ENSMUSG00000001909",0,1,1,"24h_vs_4h"
"ENSMUSG00000004947",0,1,1,"24h_vs_4h"
"ENSMUSG00000023262",0,1,1,"24h_vs_4h"
"ENSMUSG00000026307",0,1,1,"24h_vs_4h"
"ENSMUSG00000025878",0,1,1,"24h_vs_4h"
"ENSMUSG00000026604",0,1,1,"24h_vs_4h"
"ENSMUSG00000030750",0,1,1,"24h_vs_4h"
"ENSMUSG00000031532",0,1,1,"24h_vs_4h"
"ENSMUSG00000039286",0,1,1,"24h_vs_4h"
"ENSMUSG00000027742",0,1,1,"24h_vs_4h"
"ENSMUSG00000043279",0,1,1,"24h_vs_4h"
"ENSMUSG00000034951",0,1,1,"24h_vs_4h"
"ENSMUSG00000048039",0,1,1,"24h_vs_4h"
"ENSMUSG00000020536",0,1,1,"24h_vs_4h"
"ENSMUSG00000034485",0,1,1,"24h_vs_4h"
"ENSMUSG00000054277",0,1,1,"24h_vs_4h"
"ENSMUSG00000055041",0,1,1,"24h_vs_4h"
"ENSMUSG00000022150",0,1,1,"24h_vs_4h"
"ENSMUSG00000038034",0,1,1,"24h_vs_4h"
"ENSMUSG00000062604",0,1,1,"24h_vs_4h"
"ENSMUSG00000021900",0,1,1,"24h_vs_4h"
"ENSMUSG00000017176",0,1,1,"24h_vs_4h"
"ENSMUSG00000050891",0,1,1,"24h_vs_4h"
"ENSMUSG00000020258",0,1,1,"24h_vs_4h"
"ENSMUSG00000055762",0,1,1,"24h_vs_4h"
"ENSMUSG00000021592",0,1,1,"24h_vs_4h"
"ENSMUSG00000024807",0,1,1,"24h_vs_4h"
"ENSMUSG00000023994",0,1,1,"24h_vs_4h"
"ENSMUSG00000021952",0,1,1,"24h_vs_4h"
"ENSMUSG00000032423",0,1,1,"24h_vs_4h"
"ENSMUSG00000022146",0,1,1,"24h_vs_4h"
"ENSMUSG00000079043",0,1,1,"24h_vs_4h"
"ENSMUSG00000030763",0,1,1,"24h_vs_4h"
"ENSMUSG00000035585",0,1,1,"24h_vs_4h"
"ENSMUSG00000034342",0,1,1,"24h_vs_4h"
"ENSMUSG00000051793",0,1,1,"24h_vs_4h"
"ENSMUSG00000049553",0,1,1,"24h_vs_4h"
"ENSMUSG00000060860",0,1,1,"24h_vs_4h"
"ENSMUSG00000042289",0,1,1,"24h_vs_4h"
"ENSMUSG00000002968",0,1,1,"24h_vs_4h"
"ENSMUSG00000015149",0,1,1,"24h_vs_4h"
"ENSMUSG00000004565",0,1,1,"24h_vs_4h"
"ENSMUSG00000087687",0,1,1,"24h_vs_4h"
"ENSMUSG00000055670",0,1,1,"24h_vs_4h"
"ENSMUSG00000041720",0,1,1,"24h_vs_4h"
"ENSMUSG00000003992",0,1,1,"24h_vs_4h"
"ENSMUSG00000030649",0,1,1,"24h_vs_4h"
"ENSMUSG00000024236",0,1,1,"24h_vs_4h"
"ENSMUSG00000061313",0,1,1,"24h_vs_4h"
"ENSMUSG00000031959",0,1,1,"24h_vs_4h"
"ENSMUSG00000030465",0,1,1,"24h_vs_4h"
"ENSMUSG00000031858",0,1,1,"24h_vs_4h"
"ENSMUSG00000040111",0,1,1,"24h_vs_4h"
"ENSMUSG00000031669",0,1,1,"24h_vs_4h"
"ENSMUSG00000034312",0,1,1,"24h_vs_4h"
"ENSMUSG00000001472",0,1,1,"24h_vs_4h"
"ENSMUSG00000038697",0,1,1,"24h_vs_4h"
"ENSMUSG00000035208",0,1,1,"24h_vs_4h"
"ENSMUSG00000032193",0,1,1,"24h_vs_4h"
"ENSMUSG00000032254",0,1,1,"24h_vs_4h"
"ENSMUSG00000003308",0,1,1,"24h_vs_4h"
"ENSMUSG00000032348",0,1,1,"24h_vs_4h"
"ENSMUSG00000032497",0,1,1,"24h_vs_4h"
"ENSMUSG00000033392",0,1,1,"24h_vs_4h"
"ENSMUSG00000059263",0,1,1,"24h_vs_4h"
"ENSMUSG00000057193",0,1,1,"24h_vs_4h"
"ENSMUSG00000018068",0,1,1,"24h_vs_4h"
"ENSMUSG00000039914",0,1,1,"24h_vs_4h"
"ENSMUSG00000019857",0,1,1,"24h_vs_4h"
"ENSMUSG00000059436",0,1,1,"24h_vs_4h"
"ENSMUSG00000032705",0,1,1,"24h_vs_4h"
"ENSMUSG00000019873",0,1,1,"24h_vs_4h"
"ENSMUSG00000059791",0,1,1,"24h_vs_4h"
"ENSMUSG00000021286",0,1,1,"24h_vs_4h"
"ENSMUSG00000021598",0,1,1,"24h_vs_4h"
"ENSMUSG00000052180",0,1,1,"24h_vs_4h"
"ENSMUSG00000021003",0,1,1,"24h_vs_4h"
"ENSMUSG00000021156",0,1,1,"24h_vs_4h"
"ENSMUSG00000020974",0,1,1,"24h_vs_4h"
"ENSMUSG00000021068",0,1,1,"24h_vs_4h"
"ENSMUSG00000071647",0,1,1,"24h_vs_4h"
"ENSMUSG00000021733",0,1,1,"24h_vs_4h"
"ENSMUSG00000074886",0,1,1,"24h_vs_4h"
"ENSMUSG00000023923",0,1,1,"24h_vs_4h"
"ENSMUSG00000069089",0,1,1,"24h_vs_4h"
"ENSMUSG00000015176",0,1,1,"24h_vs_4h"
"ENSMUSG00000021629",0,1,1,"24h_vs_4h"
"ENSMUSG00000024068",0,1,1,"24h_vs_4h"
"ENSMUSG00000022000",0,1,1,"24h_vs_4h"
"ENSMUSG00000022100",0,1,1,"24h_vs_4h"
"ENSMUSG00000018334",0,1,1,"24h_vs_4h"
"ENSMUSG00000021840",0,1,1,"24h_vs_4h"
"ENSMUSG00000039007",0,1,1,"24h_vs_4h"
"ENSMUSG00000059586",0,1,1,"24h_vs_4h"
"ENSMUSG00000037204",0,1,1,"24h_vs_4h"
"ENSMUSG00000018830",0,1,1,"24h_vs_4h"
"ENSMUSG00000033020",0,1,1,"24h_vs_4h"
"ENSMUSG00000052369",0,1,1,"24h_vs_4h"
"ENSMUSG00000022404",0,1,1,"24h_vs_4h"
"ENSMUSG00000022671",0,1,1,"24h_vs_4h"
"ENSMUSG00000023018",0,1,1,"24h_vs_4h"
"ENSMUSG00000031093",0,1,1,"24h_vs_4h"
"ENSMUSG00000041215",0,1,1,"24h_vs_4h"
"ENSMUSG00000045975",0,1,1,"24h_vs_4h"
"ENSMUSG00000049076",0,1,1,"24h_vs_4h"
"ENSMUSG00000033918",0,1,1,"24h_vs_4h"
"ENSMUSG00000069729",0,1,1,"24h_vs_4h"
"ENSMUSG00000012017",0,1,1,"24h_vs_4h"
"ENSMUSG00000038160",0,1,1,"24h_vs_4h"
"ENSMUSG00000037013",0,1,1,"24h_vs_4h"
"ENSMUSG00000024259",0,1,1,"24h_vs_4h"
"ENSMUSG00000036103",0,1,1,"24h_vs_4h"
"ENSMUSG00000036775",0,1,1,"24h_vs_4h"
"ENSMUSG00000058624",0,1,1,"24h_vs_4h"
"ENSMUSG00000002625",0,1,1,"24h_vs_4h"
"ENSMUSG00000056612",0,1,1,"24h_vs_4h"
"ENSMUSG00000025225",0,1,1,"24h_vs_4h"
"ENSMUSG00000024927",0,1,1,"24h_vs_4h"
"ENSMUSG00000034108",0,1,1,"24h_vs_4h"
"ENSMUSG00000024926",0,1,1,"24h_vs_4h"
"ENSMUSG00000024516",0,1,1,"24h_vs_4h"
"ENSMUSG00000057561",0,1,1,"24h_vs_4h"
"ENSMUSG00000013465",0,1,1,"24h_vs_4h"
"ENSMUSG00000050953",0,1,1,"24h_vs_4h"
"ENSMUSG00000066151",0,1,1,"24h_vs_4h"
"ENSMUSG00000038957",0,1,1,"24h_vs_4h"
"ENSMUSG00000000440",0,1,1,"24h_vs_4h"
"ENSMUSG00000020226",0,1,1,"24h_vs_4h"
"ENSMUSG00000022035",0,1,1,"24h_vs_4h"
"ENSMUSG00000032834",0,1,1,"24h_vs_4h"
"ENSMUSG00000015143",0,1,1,"24h_vs_4h"
"ENSMUSG00000034889",0,1,1,"24h_vs_4h"
"ENSMUSG00000060681",0,1,1,"24h_vs_4h"
"ENSMUSG00000034621",0,1,1,"24h_vs_4h"
"ENSMUSG00000042446",0,1,1,"24h_vs_4h"
"ENSMUSG00000057637",0,1,1,"24h_vs_4h"
"ENSMUSG00000033326",0,1,1,"24h_vs_4h"
"ENSMUSG00000044700",0,1,1,"24h_vs_4h"
"ENSMUSG00000025583",0,1,1,"24h_vs_4h"
"ENSMUSG00000025531",0,1,1,"24h_vs_4h"
"ENSMUSG00000031153",0,1,1,"24h_vs_4h"
"ENSMUSG00000039069",0,1,1,"24h_vs_4h"
"ENSMUSG00000027282",0,1,1,"24h_vs_4h"
"ENSMUSG00000033792",0,1,1,"24h_vs_4h"
"ENSMUSG00000051675",0,1,1,"24h_vs_4h"
"ENSMUSG00000007659",0,1,1,"24h_vs_4h"
"ENSMUSG00000036646",0,1,1,"24h_vs_4h"
"ENSMUSG00000026643",0,1,1,"24h_vs_4h"
"ENSMUSG00000049999",0,1,1,"24h_vs_4h"
"ENSMUSG00000000876",0,1,1,"24h_vs_4h"
"ENSMUSG00000025781",0,1,1,"24h_vs_4h"
"ENSMUSG00000040174",0,1,1,"24h_vs_4h"
"ENSMUSG00000031171",0,1,1,"24h_vs_4h"
"ENSMUSG00000070972",0,1,1,"24h_vs_4h"
"ENSMUSG00000002550",0,1,1,"24h_vs_4h"
"ENSMUSG00000028212",0,1,1,"24h_vs_4h"
"ENSMUSG00000040738",0,1,1,"24h_vs_4h"
"ENSMUSG00000027384",0,1,1,"24h_vs_4h"
"ENSMUSG00000039476",0,1,1,"24h_vs_4h"
"ENSMUSG00000033526",0,1,1,"24h_vs_4h"
"ENSMUSG00000027580",0,1,1,"24h_vs_4h"
"ENSMUSG00000026739",0,1,1,"24h_vs_4h"
"ENSMUSG00000043241",0,1,1,"24h_vs_4h"
"ENSMUSG00000070953",0,1,1,"24h_vs_4h"
"ENSMUSG00000026730",0,1,1,"24h_vs_4h"
"ENSMUSG00000005233",0,1,1,"24h_vs_4h"
"ENSMUSG00000074576",0,1,1,"24h_vs_4h"
"ENSMUSG00000063019",0,1,1,"24h_vs_4h"
"ENSMUSG00000000320",0,1,1,"24h_vs_4h"
"ENSMUSG00000014767",0,1,1,"24h_vs_4h"
"ENSMUSG00000024429",0,1,1,"24h_vs_4h"
"ENSMUSG00000036391",0,1,1,"24h_vs_4h"
"ENSMUSG00000031200",0,1,1,"24h_vs_4h"
"ENSMUSG00000036398",0,1,1,"24h_vs_4h"
"ENSMUSG00000033769",0,1,1,"24h_vs_4h"
"ENSMUSG00000061759",0,1,1,"24h_vs_4h"
"ENSMUSG00000024790",0,1,1,"24h_vs_4h"
"ENSMUSG00000062115",0,1,1,"24h_vs_4h"
"ENSMUSG00000037316",0,1,1,"24h_vs_4h"
"ENSMUSG00000049128",0,1,1,"24h_vs_4h"
"ENSMUSG00000030284",0,1,1,"24h_vs_4h"
"ENSMUSG00000038545",0,1,1,"24h_vs_4h"
"ENSMUSG00000003423",0,1,1,"24h_vs_4h"
"ENSMUSG00000062070",0,1,1,"24h_vs_4h"
"ENSMUSG00000020774",0,1,1,"24h_vs_4h"
"ENSMUSG00000038954",0,1,1,"24h_vs_4h"
"ENSMUSG00000024201",0,1,1,"24h_vs_4h"
"ENSMUSG00000018395",0,1,1,"24h_vs_4h"
"ENSMUSG00000020364",0,1,1,"24h_vs_4h"
"ENSMUSG00000047694",0,1,1,"24h_vs_4h"
"ENSMUSG00000073016",0,1,1,"24h_vs_4h"
"ENSMUSG00000028277",0,1,1,"24h_vs_4h"
"ENSMUSG00000029030",0,1,1,"24h_vs_4h"
"ENSMUSG00000021643",0,1,1,"24h_vs_4h"
"ENSMUSG00000028796",0,1,1,"24h_vs_4h"
"ENSMUSG00000023026",0,1,1,"24h_vs_4h"
"ENSMUSG00000048874",0,1,1,"24h_vs_4h"
"ENSMUSG00000028402",0,1,1,"24h_vs_4h"
"ENSMUSG00000025078",0,1,1,"24h_vs_4h"
"ENSMUSG00000000708",0,1,1,"24h_vs_4h"
"ENSMUSG00000034653",0,1,1,"24h_vs_4h"
"ENSMUSG00000038095",0,1,1,"24h_vs_4h"
"ENSMUSG00000039357",0,1,1,"24h_vs_4h"
"ENSMUSG00000038039",0,1,1,"24h_vs_4h"
"ENSMUSG00000031592",0,1,1,"24h_vs_4h"
"ENSMUSG00000079470",0,1,1,"24h_vs_4h"
"ENSMUSG00000024066",0,1,1,"24h_vs_4h"
"ENSMUSG00000022125",0,1,1,"24h_vs_4h"
"ENSMUSG00000062397",0,1,1,"24h_vs_4h"
"ENSMUSG00000017291",0,1,1,"24h_vs_4h"
"ENSMUSG00000028099",0,1,1,"24h_vs_4h"
"ENSMUSG00000032232",0,1,1,"24h_vs_4h"
"ENSMUSG00000027714",0,1,1,"24h_vs_4h"
"ENSMUSG00000021188",0,1,1,"24h_vs_4h"
"ENSMUSG00000030232",0,1,1,"24h_vs_4h"
"ENSMUSG00000019087",0,1,1,"24h_vs_4h"
"ENSMUSG00000059970",0,1,1,"24h_vs_4h"
"ENSMUSG00000001105",0,1,1,"24h_vs_4h"
"ENSMUSG00000058835",0,1,1,"24h_vs_4h"
"ENSMUSG00000037652",0,1,1,"24h_vs_4h"
"ENSMUSG00000075486",0,1,1,"24h_vs_4h"
"ENSMUSG00000025262",0,1,1,"24h_vs_4h"
"ENSMUSG00000024795",0,1,1,"24h_vs_4h"
"ENSMUSG00000069171",0,1,1,"24h_vs_4h"
"ENSMUSG00000024055",0,1,1,"24h_vs_4h"
"ENSMUSG00000030516",0,1,1,"24h_vs_4h"
"ENSMUSG00000034218",0,1,1,"24h_vs_4h"
"ENSMUSG00000020268",0,1,1,"24h_vs_4h"
"ENSMUSG00000037343",0,1,1,"24h_vs_4h"
"ENSMUSG00000030059",0,1,1,"24h_vs_4h"
"ENSMUSG00000034602",0,1,1,"24h_vs_4h"
"ENSMUSG00000026064",0,1,1,"24h_vs_4h"
"ENSMUSG00000028068",0,1,1,"24h_vs_4h"
"ENSMUSG00000049382",0,1,1,"24h_vs_4h"
"ENSMUSG00000031765",0,1,1,"24h_vs_4h"
"ENSMUSG00000026113",0,1,1,"24h_vs_4h"
"ENSMUSG00000035900",0,1,1,"24h_vs_4h"
"ENSMUSG00000090247",0,1,1,"24h_vs_4h"
"ENSMUSG00000022010",0,1,1,"24h_vs_4h"
"ENSMUSG00000024830",0,1,1,"24h_vs_4h"
"ENSMUSG00000033373",0,1,1,"24h_vs_4h"
"ENSMUSG00000062210",0,1,1,"24h_vs_4h"
"ENSMUSG00000025466",0,1,1,"24h_vs_4h"
"ENSMUSG00000031851",0,1,1,"24h_vs_4h"
"ENSMUSG00000024277",0,1,1,"24h_vs_4h"
"ENSMUSG00000045752",0,1,1,"24h_vs_4h"
"ENSMUSG00000027601",0,1,1,"24h_vs_4h"
"ENSMUSG00000026289",0,1,1,"24h_vs_4h"
"ENSMUSG00000071451",0,1,1,"24h_vs_4h"
"ENSMUSG00000039763",0,1,1,"24h_vs_4h"
"ENSMUSG00000034317",0,1,1,"24h_vs_4h"
"ENSMUSG00000029276",0,1,1,"24h_vs_4h"
"ENSMUSG00000036980",0,1,1,"24h_vs_4h"
"ENSMUSG00000032349",0,1,1,"24h_vs_4h"
"ENSMUSG00000029571",0,1,1,"24h_vs_4h"
"ENSMUSG00000041890",0,1,1,"24h_vs_4h"
"ENSMUSG00000019854",0,1,1,"24h_vs_4h"
"ENSMUSG00000002205",0,1,1,"24h_vs_4h"
"ENSMUSG00000020400",0,1,1,"24h_vs_4h"
"ENSMUSG00000074457",0,1,1,"24h_vs_4h"
"ENSMUSG00000047714",0,1,1,"24h_vs_4h"
"ENSMUSG00000036580",0,1,1,"24h_vs_4h"
"ENSMUSG00000032386",0,1,1,"24h_vs_4h"
"ENSMUSG00000001663",0,1,1,"24h_vs_4h"
"ENSMUSG00000027937",0,1,1,"24h_vs_4h"
"ENSMUSG00000035203",0,1,1,"24h_vs_4h"
"ENSMUSG00000003812",0,1,1,"24h_vs_4h"
"ENSMUSG00000029470",0,1,1,"24h_vs_4h"
"ENSMUSG00000005069",0,1,1,"24h_vs_4h"
"ENSMUSG00000030254",0,1,1,"24h_vs_4h"
"ENSMUSG00000036845",0,1,1,"24h_vs_4h"
"ENSMUSG00000006732",0,1,1,"24h_vs_4h"
"ENSMUSG00000106864",0,1,1,"24h_vs_4h"
"ENSMUSG00000071649",0,1,1,"24h_vs_4h"
"ENSMUSG00000074037",0,1,1,"24h_vs_4h"
"ENSMUSG00000036873",0,1,1,"24h_vs_4h"
"ENSMUSG00000020794",0,1,1,"24h_vs_4h"
"ENSMUSG00000029863",0,1,1,"24h_vs_4h"
"ENSMUSG00000038205",0,1,1,"24h_vs_4h"
"ENSMUSG00000026240",0,1,1,"24h_vs_4h"
"ENSMUSG00000025421",0,1,1,"24h_vs_4h"
"ENSMUSG00000054434",0,1,1,"24h_vs_4h"
"ENSMUSG00000038172",0,1,1,"24h_vs_4h"
"ENSMUSG00000041625",0,1,1,"24h_vs_4h"
"ENSMUSG00000024792",0,1,1,"24h_vs_4h"
"ENSMUSG00000063063",0,1,1,"24h_vs_4h"
"ENSMUSG00000012422",0,1,1,"24h_vs_4h"
"ENSMUSG00000022558",0,1,1,"24h_vs_4h"
"ENSMUSG00000024515",0,1,1,"24h_vs_4h"
"ENSMUSG00000025066",0,1,1,"24h_vs_4h"
"ENSMUSG00000039929",0,1,1,"24h_vs_4h"
"ENSMUSG00000027506",0,1,1,"24h_vs_4h"
"ENSMUSG00000068922",0,1,1,"24h_vs_4h"
"ENSMUSG00000022119",0,1,1,"24h_vs_4h"
"ENSMUSG00000027357",0,1,1,"24h_vs_4h"
"ENSMUSG00000032648",0,1,1,"24h_vs_4h"
"ENSMUSG00000030888",0,1,1,"24h_vs_4h"
"ENSMUSG00000078776",0,1,1,"24h_vs_4h"
"ENSMUSG00000021139",0,1,1,"24h_vs_4h"
"ENSMUSG00000052337",0,1,1,"24h_vs_4h"
"ENSMUSG00000002428",0,1,1,"24h_vs_4h"
"ENSMUSG00000035623",0,1,1,"24h_vs_4h"
"ENSMUSG00000047735",0,1,1,"24h_vs_4h"
"ENSMUSG00000032332",0,1,1,"24h_vs_4h"
"ENSMUSG00000017288",0,1,1,"24h_vs_4h"
"ENSMUSG00000029478",0,1,1,"24h_vs_4h"
"ENSMUSG00000026970",0,1,1,"24h_vs_4h"
"ENSMUSG00000056234",0,1,1,"24h_vs_4h"
"ENSMUSG00000038774",0,1,1,"24h_vs_4h"
"ENSMUSG00000041977",0,1,1,"24h_vs_4h"
"ENSMUSG00000023106",0,1,1,"24h_vs_4h"
"ENSMUSG00000056917",0,1,1,"24h_vs_4h"
"ENSMUSG00000021243",0,1,1,"24h_vs_4h"
"ENSMUSG00000029106",0,1,1,"24h_vs_4h"
"ENSMUSG00000052917",0,1,1,"24h_vs_4h"
"ENSMUSG00000056938",0,1,1,"24h_vs_4h"
"ENSMUSG00000004221",0,1,1,"24h_vs_4h"
"ENSMUSG00000059890",0,1,1,"24h_vs_4h"
"ENSMUSG00000007656",0,1,1,"24h_vs_4h"
"ENSMUSG00000032215",0,1,1,"24h_vs_4h"
"ENSMUSG00000052033",0,1,1,"24h_vs_4h"
"ENSMUSG00000038546",0,1,1,"24h_vs_4h"
"ENSMUSG00000071550",0,1,1,"24h_vs_4h"
"ENSMUSG00000033237",0,1,1,"24h_vs_4h"
"ENSMUSG00000004561",0,1,1,"24h_vs_4h"
"ENSMUSG00000072889",0,1,1,"24h_vs_4h"
"ENSMUSG00000002963",0,1,1,"24h_vs_4h"
"ENSMUSG00000029761",0,1,1,"24h_vs_4h"
"ENSMUSG00000026924",0,1,1,"24h_vs_4h"
"ENSMUSG00000014907",0,1,1,"24h_vs_4h"
"ENSMUSG00000035597",0,1,1,"24h_vs_4h"
"ENSMUSG00000019792",0,1,1,"24h_vs_4h"
"ENSMUSG00000001419",0,1,1,"24h_vs_4h"
"ENSMUSG00000037679",0,1,1,"24h_vs_4h"
"ENSMUSG00000040265",0,1,1,"24h_vs_4h"
"ENSMUSG00000062510",0,1,1,"24h_vs_4h"
"ENSMUSG00000022377",0,1,1,"24h_vs_4h"
"ENSMUSG00000019984",0,1,1,"24h_vs_4h"
"ENSMUSG00000037366",0,1,1,"24h_vs_4h"
"ENSMUSG00000048279",0,1,1,"24h_vs_4h"
"ENSMUSG00000005442",0,1,1,"24h_vs_4h"
"ENSMUSG00000013833",0,1,1,"24h_vs_4h"
"ENSMUSG00000030706",0,1,1,"24h_vs_4h"
"ENSMUSG00000026014",0,1,1,"24h_vs_4h"
"ENSMUSG00000024122",0,1,1,"24h_vs_4h"
"ENSMUSG00000024921",0,1,1,"24h_vs_4h"
"ENSMUSG00000022678",0,1,1,"24h_vs_4h"
"ENSMUSG00000025173",0,1,1,"24h_vs_4h"
"ENSMUSG00000013858",0,1,1,"24h_vs_4h"
"ENSMUSG00000028007",0,1,1,"24h_vs_4h"
"ENSMUSG00000036636",0,1,1,"24h_vs_4h"
"ENSMUSG00000027981",0,1,1,"24h_vs_4h"
"ENSMUSG00000038080",0,1,1,"24h_vs_4h"
"ENSMUSG00000025316",0,1,1,"24h_vs_4h"
"ENSMUSG00000002222",0,1,1,"24h_vs_4h"
"ENSMUSG00000033880",0,1,1,"24h_vs_4h"
"ENSMUSG00000026127",0,1,1,"24h_vs_4h"
"ENSMUSG00000056342",0,1,1,"24h_vs_4h"
"ENSMUSG00000027522",0,1,1,"24h_vs_4h"
"ENSMUSG00000041870",0,1,1,"24h_vs_4h"
"ENSMUSG00000044864",0,1,1,"24h_vs_4h"
"ENSMUSG00000089917",0,1,1,"24h_vs_4h"
"ENSMUSG00000039795",0,1,1,"24h_vs_4h"
"ENSMUSG00000090523",0,1,1,"24h_vs_4h"
"ENSMUSG00000020937",0,1,1,"24h_vs_4h"
"ENSMUSG00000033991",0,1,1,"24h_vs_4h"
"ENSMUSG00000022390",0,1,1,"24h_vs_4h"
"ENSMUSG00000037112",0,1,1,"24h_vs_4h"
"ENSMUSG00000059495",0,1,1,"24h_vs_4h"
"ENSMUSG00000024924",0,1,1,"24h_vs_4h"
"ENSMUSG00000032078",0,1,1,"24h_vs_4h"
"ENSMUSG00000035247",0,1,1,"24h_vs_4h"
"ENSMUSG00000031557",0,1,1,"24h_vs_4h"
"ENSMUSG00000022992",0,1,1,"24h_vs_4h"
"ENSMUSG00000006763",0,1,1,"24h_vs_4h"
"ENSMUSG00000036167",0,1,1,"24h_vs_4h"
"ENSMUSG00000029397",0,1,1,"24h_vs_4h"
"ENSMUSG00000031753",0,1,1,"24h_vs_4h"
"ENSMUSG00000048000",0,1,1,"24h_vs_4h"
"ENSMUSG00000018727",0,1,1,"24h_vs_4h"
"ENSMUSG00000035021",0,1,1,"24h_vs_4h"
"ENSMUSG00000042632",0,1,1,"24h_vs_4h"
"ENSMUSG00000031010",0,1,1,"24h_vs_4h"
"ENSMUSG00000026586",0,1,1,"24h_vs_4h"
"ENSMUSG00000063558",0,1,1,"24h_vs_4h"
"ENSMUSG00000006050",0,1,1,"24h_vs_4h"
"ENSMUSG00000032468",0,1,1,"24h_vs_4h"
"ENSMUSG00000039828",0,1,1,"24h_vs_4h"
"ENSMUSG00000025348",0,1,1,"24h_vs_4h"
"ENSMUSG00000000568",0,1,1,"24h_vs_4h"
"ENSMUSG00000071551",0,1,1,"24h_vs_4h"
"ENSMUSG00000032400",0,1,1,"24h_vs_4h"
"ENSMUSG00000024909",0,1,1,"24h_vs_4h"
"ENSMUSG00000029629",0,1,1,"24h_vs_4h"
"ENSMUSG00000038170",0,1,1,"24h_vs_4h"
"ENSMUSG00000001418",0,1,1,"24h_vs_4h"
"ENSMUSG00000050860",0,1,1,"24h_vs_4h"
"ENSMUSG00000059552",0,1,1,"24h_vs_4h"
"ENSMUSG00000018566",0,1,1,"24h_vs_4h"
"ENSMUSG00000094018",0,1,1,"24h_vs_4h"
"ENSMUSG00000023156",0,1,1,"24h_vs_4h"
"ENSMUSG00000021711",0,1,1,"24h_vs_4h"
"ENSMUSG00000094429",0,1,1,"24h_vs_4h"
"ENSMUSG00000024963",0,1,1,"24h_vs_4h"
"ENSMUSG00000056899",0,1,1,"24h_vs_4h"
"ENSMUSG00000034533",0,1,1,"24h_vs_4h"
"ENSMUSG00000030739",0,1,1,"24h_vs_4h"
"ENSMUSG00000033075",0,1,1,"24h_vs_4h"
"ENSMUSG00000000420",0,1,1,"24h_vs_4h"
"ENSMUSG00000026946",0,1,1,"24h_vs_4h"
"ENSMUSG00000026664",0,1,1,"24h_vs_4h"
"ENSMUSG00000032316",0,1,1,"24h_vs_4h"
"ENSMUSG00000020817",0,1,1,"24h_vs_4h"
"ENSMUSG00000032757",0,1,1,"24h_vs_4h"
"ENSMUSG00000007038",0,1,1,"24h_vs_4h"
"ENSMUSG00000068566",0,1,1,"24h_vs_4h"
"ENSMUSG00000024851",0,1,1,"24h_vs_4h"
"ENSMUSG00000022809",0,1,1,"24h_vs_4h"
"ENSMUSG00000020694",0,1,1,"24h_vs_4h"
"ENSMUSG00000039989",0,1,1,"24h_vs_4h"
"ENSMUSG00000024146",0,1,1,"24h_vs_4h"
"ENSMUSG00000040356",0,1,1,"24h_vs_4h"
"ENSMUSG00000047281",0,1,1,"24h_vs_4h"
"ENSMUSG00000027109",0,1,1,"24h_vs_4h"
"ENSMUSG00000021124",0,1,1,"24h_vs_4h"
"ENSMUSG00000021288",0,1,1,"24h_vs_4h"
"ENSMUSG00000036023",0,1,1,"24h_vs_4h"
"ENSMUSG00000032582",0,1,1,"24h_vs_4h"
"ENSMUSG00000055371",0,1,1,"24h_vs_4h"
"ENSMUSG00000047804",0,1,1,"24h_vs_4h"
"ENSMUSG00000029344",0,1,1,"24h_vs_4h"
"ENSMUSG00000021258",0,1,1,"24h_vs_4h"
"ENSMUSG00000035011",0,1,1,"24h_vs_4h"
"ENSMUSG00000052102",0,1,1,"24h_vs_4h"
"ENSMUSG00000053617",0,1,1,"24h_vs_4h"
"ENSMUSG00000034994",0,1,1,"24h_vs_4h"
"ENSMUSG00000026000",0,1,1,"24h_vs_4h"
"ENSMUSG00000017697",0,1,1,"24h_vs_4h"
"ENSMUSG00000031233",0,1,1,"24h_vs_4h"
"ENSMUSG00000020029",0,1,1,"24h_vs_4h"
"ENSMUSG00000098387",0,1,1,"24h_vs_4h"
"ENSMUSG00000053985",0,1,1,"24h_vs_4h"
"ENSMUSG00000066861",0,1,1,"24h_vs_4h"
"ENSMUSG00000074743",0,1,1,"24h_vs_4h"
"ENSMUSG00000028024",0,1,1,"24h_vs_4h"
"ENSMUSG00000024369",0,1,1,"24h_vs_4h"
"ENSMUSG00000030218",0,1,1,"24h_vs_4h"
"ENSMUSG00000052131",0,1,1,"24h_vs_4h"
"ENSMUSG00000052397",0,1,1,"24h_vs_4h"
"ENSMUSG00000041417",0,1,1,"24h_vs_4h"
"ENSMUSG00000020346",0,1,1,"24h_vs_4h"
"ENSMUSG00000021948",0,1,1,"24h_vs_4h"
"ENSMUSG00000032218",0,1,1,"24h_vs_4h"
"ENSMUSG00000019988",0,1,1,"24h_vs_4h"
"ENSMUSG00000004768",0,1,1,"24h_vs_4h"
"ENSMUSG00000034789",0,1,1,"24h_vs_4h"
"ENSMUSG00000037706",0,1,1,"24h_vs_4h"
"ENSMUSG00000061130",0,1,1,"24h_vs_4h"
"ENSMUSG00000032085",0,1,1,"24h_vs_4h"
"ENSMUSG00000026942",0,1,1,"24h_vs_4h"
"ENSMUSG00000030342",0,1,1,"24h_vs_4h"
"ENSMUSG00000015243",0,1,1,"24h_vs_4h"
"ENSMUSG00000028494",0,1,1,"24h_vs_4h"
"ENSMUSG00000056220",0,1,1,"24h_vs_4h"
"ENSMUSG00000029135",0,1,1,"24h_vs_4h"
"ENSMUSG00000056758",0,1,1,"24h_vs_4h"
"ENSMUSG00000056216",0,1,1,"24h_vs_4h"
"ENSMUSG00000000957",0,1,1,"24h_vs_4h"
"ENSMUSG00000030057",0,1,1,"24h_vs_4h"
"ENSMUSG00000028426",0,1,1,"24h_vs_4h"
"ENSMUSG00000027500",0,1,1,"24h_vs_4h"
"ENSMUSG00000061032",0,1,1,"24h_vs_4h"
"ENSMUSG00000019478",0,1,1,"24h_vs_4h"
"ENSMUSG00000062248",0,1,1,"24h_vs_4h"
"ENSMUSG00000031231",0,1,1,"24h_vs_4h"
"ENSMUSG00000005360",0,1,1,"24h_vs_4h"
"ENSMUSG00000001120",0,1,1,"24h_vs_4h"
"ENSMUSG00000034205",0,1,1,"24h_vs_4h"
"ENSMUSG00000017307",0,1,1,"24h_vs_4h"
"ENSMUSG00000026176",0,1,1,"24h_vs_4h"
"ENSMUSG00000028464",0,1,1,"24h_vs_4h"
"ENSMUSG00000039849",0,1,1,"24h_vs_4h"
"ENSMUSG00000034748",0,1,1,"24h_vs_4h"
"ENSMUSG00000013822",0,1,1,"24h_vs_4h"
"ENSMUSG00000031950",0,1,1,"24h_vs_4h"
"ENSMUSG00000009293",0,1,1,"24h_vs_4h"
"ENSMUSG00000036943",0,1,1,"24h_vs_4h"
"ENSMUSG00000051853",0,1,1,"24h_vs_4h"
"ENSMUSG00000036894",0,1,1,"24h_vs_4h"
"ENSMUSG00000002728",0,1,1,"24h_vs_4h"
"ENSMUSG00000030082",0,1,1,"24h_vs_4h"
"ENSMUSG00000049354",0,1,1,"24h_vs_4h"
"ENSMUSG00000071359",0,1,1,"24h_vs_4h"
"ENSMUSG00000004771",0,1,1,"24h_vs_4h"
"ENSMUSG00000009630",0,1,1,"24h_vs_4h"
"ENSMUSG00000035783",0,1,1,"24h_vs_4h"
"ENSMUSG00000054364",0,1,1,"24h_vs_4h"
"ENSMUSG00000029838",0,1,1,"24h_vs_4h"
"ENSMUSG00000042644",0,1,1,"24h_vs_4h"
"ENSMUSG00000031168",0,1,1,"24h_vs_4h"
"ENSMUSG00000057672",0,1,1,"24h_vs_4h"
"ENSMUSG00000020733",0,1,1,"24h_vs_4h"
"ENSMUSG00000020091",0,1,1,"24h_vs_4h"
"ENSMUSG00000000127",0,1,1,"24h_vs_4h"
"ENSMUSG00000030403",0,1,1,"24h_vs_4h"
"ENSMUSG00000003184",0,1,1,"24h_vs_4h"
"ENSMUSG00000038894",0,1,1,"24h_vs_4h"
"ENSMUSG00000027996",0,1,1,"24h_vs_4h"
"ENSMUSG00000029642",0,1,1,"24h_vs_4h"
"ENSMUSG00000020844",0,1,1,"24h_vs_4h"
"ENSMUSG00000021540",0,1,1,"24h_vs_4h"
"ENSMUSG00000028886",0,1,1,"24h_vs_4h"
"ENSMUSG00000049691",0,1,1,"24h_vs_4h"
"ENSMUSG00000020038",0,1,1,"24h_vs_4h"
"ENSMUSG00000030560",0,1,1,"24h_vs_4h"
"ENSMUSG00000029591",0,1,1,"24h_vs_4h"
"ENSMUSG00000022098",0,1,1,"24h_vs_4h"
"ENSMUSG00000029428",0,1,1,"24h_vs_4h"
"ENSMUSG00000020330",0,1,1,"24h_vs_4h"
"ENSMUSG00000078317",0,1,1,"24h_vs_4h"
"ENSMUSG00000021264",0,1,1,"24h_vs_4h"
"ENSMUSG00000029661",0,1,1,"24h_vs_4h"
"ENSMUSG00000021670",0,1,1,"24h_vs_4h"
"ENSMUSG00000020122",0,1,1,"24h_vs_4h"
"ENSMUSG00000020857",0,1,1,"24h_vs_4h"
"ENSMUSG00000001552",0,1,1,"24h_vs_4h"
"ENSMUSG00000020755",0,1,1,"24h_vs_4h"
"ENSMUSG00000039480",0,1,1,"24h_vs_4h"
"ENSMUSG00000070697",0,1,1,"24h_vs_4h"
"ENSMUSG00000027575",0,1,1,"24h_vs_4h"
"ENSMUSG00000020232",0,1,1,"24h_vs_4h"
"ENSMUSG00000030867",0,1,1,"24h_vs_4h"
"ENSMUSG00000022263",0,1,1,"24h_vs_4h"
"ENSMUSG00000055069",0,1,1,"24h_vs_4h"
"ENSMUSG00000050310",0,1,1,"24h_vs_4h"
"ENSMUSG00000020962",0,1,1,"24h_vs_4h"
"ENSMUSG00000028189",0,1,1,"24h_vs_4h"
"ENSMUSG00000027068",0,1,1,"24h_vs_4h"
"ENSMUSG00000031629",0,1,1,"24h_vs_4h"
"ENSMUSG00000050373",0,1,1,"24h_vs_4h"
"ENSMUSG00000051169",0,1,1,"24h_vs_4h"
"ENSMUSG00000074476",0,1,1,"24h_vs_4h"
"ENSMUSG00000023938",0,1,1,"24h_vs_4h"
"ENSMUSG00000038886",0,1,1,"24h_vs_4h"
"ENSMUSG00000034765",0,1,1,"24h_vs_4h"
"ENSMUSG00000028863",0,1,1,"24h_vs_4h"
"ENSMUSG00000000295",0,1,1,"24h_vs_4h"
"ENSMUSG00000005312",0,1,1,"24h_vs_4h"
"ENSMUSG00000028868",0,1,1,"24h_vs_4h"
"ENSMUSG00000040188",0,1,1,"24h_vs_4h"
"ENSMUSG00000031979",0,1,1,"24h_vs_4h"
"ENSMUSG00000024525",0,1,1,"24h_vs_4h"
"ENSMUSG00000029816",0,1,1,"24h_vs_4h"
"ENSMUSG00000033417",0,1,1,"24h_vs_4h"
"ENSMUSG00000025402",0,1,1,"24h_vs_4h"
"ENSMUSG00000046201",0,1,1,"24h_vs_4h"
"ENSMUSG00000020605",0,1,1,"24h_vs_4h"
"ENSMUSG00000039050",0,1,1,"24h_vs_4h"
"ENSMUSG00000041278",0,1,1,"24h_vs_4h"
"ENSMUSG00000009905",0,1,1,"24h_vs_4h"
"ENSMUSG00000024965",0,1,1,"24h_vs_4h"
"ENSMUSG00000066357",0,1,1,"24h_vs_4h"
"ENSMUSG00000006906",0,1,1,"24h_vs_4h"
"ENSMUSG00000019977",0,1,1,"24h_vs_4h"
"ENSMUSG00000017299",0,1,1,"24h_vs_4h"
"ENSMUSG00000059208",0,1,1,"24h_vs_4h"
"ENSMUSG00000026687",0,1,1,"24h_vs_4h"
"ENSMUSG00000002658",0,1,1,"24h_vs_4h"
"ENSMUSG00000024785",0,1,1,"24h_vs_4h"
"ENSMUSG00000004748",0,1,1,"24h_vs_4h"
"ENSMUSG00000046079",0,1,1,"24h_vs_4h"
"ENSMUSG00000043702",0,1,1,"24h_vs_4h"
"ENSMUSG00000109901",0,1,1,"24h_vs_4h"
"ENSMUSG00000037058",0,1,1,"24h_vs_4h"
"ENSMUSG00000004069",0,1,1,"24h_vs_4h"
"ENSMUSG00000035683",0,1,1,"24h_vs_4h"
"ENSMUSG00000037570",0,1,1,"24h_vs_4h"
"ENSMUSG00000020677",0,1,1,"24h_vs_4h"
"ENSMUSG00000041303",0,1,1,"24h_vs_4h"
"ENSMUSG00000026393",0,1,1,"24h_vs_4h"
"ENSMUSG00000031808",0,1,1,"24h_vs_4h"
"ENSMUSG00000036188",0,1,1,"24h_vs_4h"
"ENSMUSG00000028587",0,1,1,"24h_vs_4h"
"ENSMUSG00000030315",0,1,1,"24h_vs_4h"
"ENSMUSG00000018846",0,1,1,"24h_vs_4h"
"ENSMUSG00000039449",0,1,1,"24h_vs_4h"
"ENSMUSG00000049504",0,1,1,"24h_vs_4h"
"ENSMUSG00000028678",0,1,1,"24h_vs_4h"
"ENSMUSG00000030872",0,1,1,"24h_vs_4h"
"ENSMUSG00000016253",0,1,1,"24h_vs_4h"
"ENSMUSG00000033706",0,1,1,"24h_vs_4h"
"ENSMUSG00000065990",0,1,1,"24h_vs_4h"
"ENSMUSG00000010080",0,1,1,"24h_vs_4h"
"ENSMUSG00000051984",0,1,1,"24h_vs_4h"
"ENSMUSG00000028982",0,1,1,"24h_vs_4h"
"ENSMUSG00000028948",0,1,1,"24h_vs_4h"
"ENSMUSG00000034449",0,1,1,"24h_vs_4h"
"ENSMUSG00000042229",0,1,1,"24h_vs_4h"
"ENSMUSG00000012076",0,1,1,"24h_vs_4h"
"ENSMUSG00000038838",0,1,1,"24h_vs_4h"
"ENSMUSG00000035890",0,1,1,"24h_vs_4h"
"ENSMUSG00000026965",0,1,1,"24h_vs_4h"
"ENSMUSG00000026617",0,1,1,"24h_vs_4h"
"ENSMUSG00000046861",0,1,1,"24h_vs_4h"
"ENSMUSG00000047434",0,1,1,"24h_vs_4h"
"ENSMUSG00000039994",0,1,1,"24h_vs_4h"
"ENSMUSG00000031916",0,1,1,"24h_vs_4h"
"ENSMUSG00000016831",0,1,1,"24h_vs_4h"
"ENSMUSG00000034216",0,1,1,"24h_vs_4h"
"ENSMUSG00000026042",0,1,1,"24h_vs_4h"
"ENSMUSG00000021569",0,1,1,"24h_vs_4h"
"ENSMUSG00000031722",0,1,1,"24h_vs_4h"
"ENSMUSG00000033161",0,1,1,"24h_vs_4h"
"ENSMUSG00000029624",0,1,1,"24h_vs_4h"
"ENSMUSG00000028854",0,1,1,"24h_vs_4h"
"ENSMUSG00000042015",0,1,1,"24h_vs_4h"
"ENSMUSG00000014349",0,1,1,"24h_vs_4h"
"ENSMUSG00000002524",0,1,1,"24h_vs_4h"
"ENSMUSG00000024816",0,1,1,"24h_vs_4h"
"ENSMUSG00000022443",0,1,1,"24h_vs_4h"
"ENSMUSG00000040771",0,1,1,"24h_vs_4h"
"ENSMUSG00000020412",0,1,1,"24h_vs_4h"
"ENSMUSG00000022365",0,1,1,"24h_vs_4h"
"ENSMUSG00000020628",0,1,1,"24h_vs_4h"
"ENSMUSG00000024002",0,1,1,"24h_vs_4h"
"ENSMUSG00000048078",0,1,1,"24h_vs_4h"
"ENSMUSG00000027641",0,1,1,"24h_vs_4h"
"ENSMUSG00000026816",0,1,1,"24h_vs_4h"
"ENSMUSG00000040472",0,1,1,"24h_vs_4h"
"ENSMUSG00000025151",0,1,1,"24h_vs_4h"
"ENSMUSG00000078937",0,1,1,"24h_vs_4h"
"ENSMUSG00000029111",0,1,1,"24h_vs_4h"
"ENSMUSG00000022538",0,1,1,"24h_vs_4h"
"ENSMUSG00000022299",0,1,1,"24h_vs_4h"
"ENSMUSG00000030319",0,1,1,"24h_vs_4h"
"ENSMUSG00000067995",0,1,1,"24h_vs_4h"
"ENSMUSG00000033021",0,1,1,"24h_vs_4h"
"ENSMUSG00000021751",0,1,1,"24h_vs_4h"
"ENSMUSG00000017747",0,1,1,"24h_vs_4h"
"ENSMUSG00000066880",0,1,1,"24h_vs_4h"
"ENSMUSG00000040010",0,1,1,"24h_vs_4h"
"ENSMUSG00000041685",0,1,1,"24h_vs_4h"
"ENSMUSG00000029439",0,1,1,"24h_vs_4h"
"ENSMUSG00000023074",0,1,1,"24h_vs_4h"
"ENSMUSG00000029198",0,1,1,"24h_vs_4h"
"ENSMUSG00000030386",0,1,1,"24h_vs_4h"
"ENSMUSG00000036473",0,1,1,"24h_vs_4h"
"ENSMUSG00000028145",0,1,1,"24h_vs_4h"
"ENSMUSG00000073678",0,1,1,"24h_vs_4h"
"ENSMUSG00000021548",0,1,1,"24h_vs_4h"
"ENSMUSG00000018501",0,1,1,"24h_vs_4h"
"ENSMUSG00000024797",0,1,1,"24h_vs_4h"
"ENSMUSG00000006517",0,1,1,"24h_vs_4h"
"ENSMUSG00000021065",0,1,1,"24h_vs_4h"
"ENSMUSG00000020770",0,1,1,"24h_vs_4h"
"ENSMUSG00000031918",0,1,1,"24h_vs_4h"
"ENSMUSG00000053746",0,1,1,"24h_vs_4h"
"ENSMUSG00000030801",0,1,1,"24h_vs_4h"
"ENSMUSG00000032038",0,1,1,"24h_vs_4h"
"ENSMUSG00000041132",0,1,1,"24h_vs_4h"
"ENSMUSG00000030677",0,1,1,"24h_vs_4h"
"ENSMUSG00000050705",0,1,1,"24h_vs_4h"
"ENSMUSG00000027078",0,1,1,"24h_vs_4h"
"ENSMUSG00000027828",0,1,1,"24h_vs_4h"
"ENSMUSG00000054150",0,1,1,"24h_vs_4h"
"ENSMUSG00000029213",0,1,1,"24h_vs_4h"
"ENSMUSG00000062373",0,1,1,"24h_vs_4h"
"ENSMUSG00000046985",0,1,1,"24h_vs_4h"
"ENSMUSG00000042700",0,1,1,"24h_vs_4h"
"ENSMUSG00000032733",0,1,1,"24h_vs_4h"
"ENSMUSG00000003849",0,1,1,"24h_vs_4h"
"ENSMUSG00000035686",0,1,1,"24h_vs_4h"
"ENSMUSG00000018167",0,1,1,"24h_vs_4h"
"ENSMUSG00000006390",0,1,1,"24h_vs_4h"
"ENSMUSG00000029918",0,1,1,"24h_vs_4h"
"ENSMUSG00000005907",0,1,1,"24h_vs_4h"
"ENSMUSG00000012705",0,1,1,"24h_vs_4h"
"ENSMUSG00000007812",0,1,1,"24h_vs_4h"
"ENSMUSG00000023960",0,1,1,"24h_vs_4h"
"ENSMUSG00000020120",0,1,1,"24h_vs_4h"
"ENSMUSG00000079317",0,1,1,"24h_vs_4h"
"ENSMUSG00000035181",0,1,1,"24h_vs_4h"
"ENSMUSG00000020519",0,1,1,"24h_vs_4h"
"ENSMUSG00000020176",0,1,1,"24h_vs_4h"
"ENSMUSG00000020527",0,1,1,"24h_vs_4h"
"ENSMUSG00000010554",0,1,1,"24h_vs_4h"
"ENSMUSG00000034297",0,1,1,"24h_vs_4h"
"ENSMUSG00000035441",0,1,1,"24h_vs_4h"
"ENSMUSG00000005804",0,1,1,"24h_vs_4h"
"ENSMUSG00000022533",0,1,1,"24h_vs_4h"
"ENSMUSG00000090841",0,1,1,"24h_vs_4h"
"ENSMUSG00000031077",0,1,1,"24h_vs_4h"
"ENSMUSG00000024940",0,1,1,"24h_vs_4h"
"ENSMUSG00000041187",0,1,1,"24h_vs_4h"
"ENSMUSG00000024049",0,1,1,"24h_vs_4h"
"ENSMUSG00000053289",0,1,1,"24h_vs_4h"
"ENSMUSG00000074305",0,1,1,"24h_vs_4h"
"ENSMUSG00000034290",0,1,1,"24h_vs_4h"
"ENSMUSG00000042302",0,1,1,"24h_vs_4h"
"ENSMUSG00000034543",0,1,1,"24h_vs_4h"
"ENSMUSG00000031015",0,1,1,"24h_vs_4h"
"ENSMUSG00000044857",0,1,1,"24h_vs_4h"
"ENSMUSG00000029599",0,1,1,"24h_vs_4h"
"ENSMUSG00000021916",0,1,1,"24h_vs_4h"
"ENSMUSG00000038582",0,1,1,"24h_vs_4h"
"ENSMUSG00000001150",0,1,1,"24h_vs_4h"
"ENSMUSG00000040520",0,1,1,"24h_vs_4h"
"ENSMUSG00000026806",0,1,1,"24h_vs_4h"
"ENSMUSG00000007817",0,1,1,"24h_vs_4h"
"ENSMUSG00000000976",0,1,1,"24h_vs_4h"
"ENSMUSG00000036435",0,1,1,"24h_vs_4h"
"ENSMUSG00000004891",0,1,1,"24h_vs_4h"
"ENSMUSG00000021497",0,1,1,"24h_vs_4h"
"ENSMUSG00000029173",0,1,1,"24h_vs_4h"
"ENSMUSG00000014778",0,1,1,"24h_vs_4h"
"ENSMUSG00000022300",0,1,1,"24h_vs_4h"
"ENSMUSG00000026867",0,1,1,"24h_vs_4h"
"ENSMUSG00000035161",0,1,1,"24h_vs_4h"
"ENSMUSG00000051378",0,1,1,"24h_vs_4h"
"ENSMUSG00000074030",0,1,1,"24h_vs_4h"
"ENSMUSG00000025266",0,1,1,"24h_vs_4h"
"ENSMUSG00000033210",0,1,1,"24h_vs_4h"
"ENSMUSG00000090145",0,1,1,"24h_vs_4h"
"ENSMUSG00000017713",0,1,1,"24h_vs_4h"
"ENSMUSG00000025764",0,1,1,"24h_vs_4h"
"ENSMUSG00000038773",0,1,1,"24h_vs_4h"
"ENSMUSG00000027454",0,1,1,"24h_vs_4h"
"ENSMUSG00000025785",0,1,1,"24h_vs_4h"
"ENSMUSG00000036241",0,1,1,"24h_vs_4h"
"ENSMUSG00000032353",0,1,1,"24h_vs_4h"
"ENSMUSG00000023094",0,1,1,"24h_vs_4h"
"ENSMUSG00000022013",0,1,1,"24h_vs_4h"
"ENSMUSG00000063253",0,1,1,"24h_vs_4h"
"ENSMUSG00000047368",0,1,1,"24h_vs_4h"
"ENSMUSG00000058672",0,1,1,"24h_vs_4h"
"ENSMUSG00000111997",0,1,1,"24h_vs_4h"
"ENSMUSG00000021639",0,1,1,"24h_vs_4h"
"ENSMUSG00000048327",0,1,1,"24h_vs_4h"
"ENSMUSG00000036879",0,1,1,"24h_vs_4h"
"ENSMUSG00000038671",0,1,1,"24h_vs_4h"
"ENSMUSG00000040396",0,1,1,"24h_vs_4h"
"ENSMUSG00000066621",0,1,1,"24h_vs_4h"
"ENSMUSG00000041734",0,1,1,"24h_vs_4h"
"ENSMUSG00000007476",0,1,1,"24h_vs_4h"
"ENSMUSG00000046934",0,1,1,"24h_vs_4h"
"ENSMUSG00000029434",0,1,1,"24h_vs_4h"
"ENSMUSG00000063704",0,1,1,"24h_vs_4h"
"ENSMUSG00000056665",0,1,1,"24h_vs_4h"
"ENSMUSG00000071660",0,1,1,"24h_vs_4h"
"ENSMUSG00000030521",0,1,1,"24h_vs_4h"
"ENSMUSG00000055194",0,1,1,"24h_vs_4h"
"ENSMUSG00000029326",0,1,1,"24h_vs_4h"
"ENSMUSG00000031578",0,1,1,"24h_vs_4h"
"ENSMUSG00000024286",0,1,1,"24h_vs_4h"
"ENSMUSG00000049109",0,1,1,"24h_vs_4h"
"ENSMUSG00000038497",0,1,1,"24h_vs_4h"
"ENSMUSG00000028437",0,1,1,"24h_vs_4h"
"ENSMUSG00000030726",0,1,1,"24h_vs_4h"
"ENSMUSG00000032475",0,1,1,"24h_vs_4h"
"ENSMUSG00000031729",0,1,1,"24h_vs_4h"
"ENSMUSG00000034958",0,1,1,"24h_vs_4h"
"ENSMUSG00000020409",0,1,1,"24h_vs_4h"
"ENSMUSG00000051220",0,1,1,"24h_vs_4h"
"ENSMUSG00000017670",0,1,1,"24h_vs_4h"
"ENSMUSG00000027784",0,1,1,"24h_vs_4h"
"ENSMUSG00000038344",0,1,1,"24h_vs_4h"
"ENSMUSG00000032867",0,1,1,"24h_vs_4h"
"ENSMUSG00000020375",0,1,1,"24h_vs_4h"
"ENSMUSG00000047648",0,1,1,"24h_vs_4h"
"ENSMUSG00000019774",0,1,1,"24h_vs_4h"
"ENSMUSG00000050565",0,1,1,"24h_vs_4h"
"ENSMUSG00000038861",0,1,1,"24h_vs_4h"
"ENSMUSG00000047888",0,1,1,"24h_vs_4h"
"ENSMUSG00000035125",0,1,1,"24h_vs_4h"
"ENSMUSG00000034064",0,1,1,"24h_vs_4h"
"ENSMUSG00000030515",0,1,1,"24h_vs_4h"
"ENSMUSG00000042211",0,1,1,"24h_vs_4h"
"ENSMUSG00000036975",0,1,1,"24h_vs_4h"
"ENSMUSG00000025139",0,1,1,"24h_vs_4h"
"ENSMUSG00000062421",0,1,1,"24h_vs_4h"
"ENSMUSG00000062691",0,1,1,"24h_vs_4h"
"ENSMUSG00000026553",0,1,1,"24h_vs_4h"
"ENSMUSG00000002846",0,1,1,"24h_vs_4h"
"ENSMUSG00000047379",0,1,1,"24h_vs_4h"
"ENSMUSG00000021610",0,1,1,"24h_vs_4h"
"ENSMUSG00000021180",0,1,1,"24h_vs_4h"
"ENSMUSG00000030330",0,1,1,"24h_vs_4h"
"ENSMUSG00000006931",0,1,1,"24h_vs_4h"
"ENSMUSG00000027628",0,1,1,"24h_vs_4h"
"ENSMUSG00000027080",0,1,1,"24h_vs_4h"
"ENSMUSG00000021361",0,1,1,"24h_vs_4h"
"ENSMUSG00000022554",0,1,1,"24h_vs_4h"
"ENSMUSG00000024072",0,1,1,"24h_vs_4h"
"ENSMUSG00000046562",0,1,1,"24h_vs_4h"
"ENSMUSG00000039414",0,1,1,"24h_vs_4h"
"ENSMUSG00000039704",0,1,1,"24h_vs_4h"
"ENSMUSG00000020166",0,1,1,"24h_vs_4h"
"ENSMUSG00000051518",0,1,1,"24h_vs_4h"
"ENSMUSG00000034087",0,1,1,"24h_vs_4h"
"ENSMUSG00000042364",0,1,1,"24h_vs_4h"
"ENSMUSG00000024579",0,1,1,"24h_vs_4h"
"ENSMUSG00000041747",0,1,1,"24h_vs_4h"
"ENSMUSG00000037216",0,1,1,"24h_vs_4h"
"ENSMUSG00000103529",0,1,1,"24h_vs_4h"
"ENSMUSG00000032498",0,1,1,"24h_vs_4h"
"ENSMUSG00000033126",0,1,1,"24h_vs_4h"
"ENSMUSG00000058440",0,1,1,"24h_vs_4h"
"ENSMUSG00000038949",0,1,1,"24h_vs_4h"
"ENSMUSG00000029536",0,1,1,"24h_vs_4h"
"ENSMUSG00000037376",0,1,1,"24h_vs_4h"
"ENSMUSG00000050552",0,1,1,"24h_vs_4h"
"ENSMUSG00000024943",0,1,1,"24h_vs_4h"
"ENSMUSG00000039108",0,1,1,"24h_vs_4h"
"ENSMUSG00000011306",0,1,1,"24h_vs_4h"
"ENSMUSG00000029505",0,1,1,"24h_vs_4h"
"ENSMUSG00000071652",0,1,1,"24h_vs_4h"
"ENSMUSG00000049792",0,1,1,"24h_vs_4h"
"ENSMUSG00000039824",0,1,1,"24h_vs_4h"
"ENSMUSG00000022034",0,1,1,"24h_vs_4h"
"ENSMUSG00000032491",0,1,1,"24h_vs_4h"
"ENSMUSG00000036766",0,1,1,"24h_vs_4h"
"ENSMUSG00000032551",0,1,1,"24h_vs_4h"
"ENSMUSG00000043866",0,1,1,"24h_vs_4h"
"ENSMUSG00000029561",0,1,1,"24h_vs_4h"
"ENSMUSG00000043155",0,1,1,"24h_vs_4h"
"ENSMUSG00000003234",0,1,1,"24h_vs_4h"
"ENSMUSG00000037262",0,1,1,"24h_vs_4h"
"ENSMUSG00000039187",0,1,1,"24h_vs_4h"
"ENSMUSG00000047656",0,1,1,"24h_vs_4h"
"ENSMUSG00000040760",0,1,1,"24h_vs_4h"
"ENSMUSG00000031536",0,1,1,"24h_vs_4h"
"ENSMUSG00000054226",0,1,1,"24h_vs_4h"
"ENSMUSG00000031556",0,1,1,"24h_vs_4h"
"ENSMUSG00000066278",0,1,1,"24h_vs_4h"
"ENSMUSG00000048832",0,1,1,"24h_vs_4h"
"ENSMUSG00000025786",0,1,1,"24h_vs_4h"
"ENSMUSG00000039018",0,1,1,"24h_vs_4h"
"ENSMUSG00000015971",0,1,1,"24h_vs_4h"
"ENSMUSG00000019715",0,1,1,"24h_vs_4h"
"ENSMUSG00000041895",0,1,1,"24h_vs_4h"
"ENSMUSG00000021650",0,1,1,"24h_vs_4h"
"ENSMUSG00000036693",0,1,1,"24h_vs_4h"
"ENSMUSG00000033355",0,1,1,"24h_vs_4h"
"ENSMUSG00000042729",0,1,1,"24h_vs_4h"
"ENSMUSG00000006585",0,1,1,"24h_vs_4h"
"ENSMUSG00000024143",0,1,1,"24h_vs_4h"
"ENSMUSG00000032387",0,1,1,"24h_vs_4h"
"ENSMUSG00000024391",0,1,1,"24h_vs_4h"
"ENSMUSG00000031935",0,1,1,"24h_vs_4h"
"ENSMUSG00000032615",0,1,1,"24h_vs_4h"
"ENSMUSG00000025575",0,1,1,"24h_vs_4h"
"ENSMUSG00000025921",0,1,1,"24h_vs_4h"
"ENSMUSG00000075000",0,1,1,"24h_vs_4h"
"ENSMUSG00000035575",0,1,1,"24h_vs_4h"
"ENSMUSG00000025241",0,1,1,"24h_vs_4h"
"ENSMUSG00000034075",0,1,1,"24h_vs_4h"
"ENSMUSG00000042363",0,1,1,"24h_vs_4h"
"ENSMUSG00000033430",0,1,1,"24h_vs_4h"
"ENSMUSG00000027602",0,1,1,"24h_vs_4h"
"ENSMUSG00000033940",0,1,1,"24h_vs_4h"
"ENSMUSG00000026155",0,1,1,"24h_vs_4h"
"ENSMUSG00000015341",0,1,1,"24h_vs_4h"
"ENSMUSG00000032397",0,1,1,"24h_vs_4h"
"ENSMUSG00000006191",0,1,1,"24h_vs_4h"
"ENSMUSG00000024271",0,1,1,"24h_vs_4h"
"ENSMUSG00000004637",0,1,1,"24h_vs_4h"
"ENSMUSG00000026915",0,1,1,"24h_vs_4h"
"ENSMUSG00000021400",0,1,1,"24h_vs_4h"
"ENSMUSG00000040025",0,1,1,"24h_vs_4h"
"ENSMUSG00000030243",0,1,1,"24h_vs_4h"
"ENSMUSG00000050796",0,1,1,"24h_vs_4h"
"ENSMUSG00000034663",0,1,1,"24h_vs_4h"
"ENSMUSG00000027166",0,1,1,"24h_vs_4h"
"ENSMUSG00000032288",0,1,1,"24h_vs_4h"
"ENSMUSG00000029422",0,1,1,"24h_vs_4h"
"ENSMUSG00000025439",0,1,1,"24h_vs_4h"
"ENSMUSG00000066149",0,1,1,"24h_vs_4h"
"ENSMUSG00000031703",0,1,1,"24h_vs_4h"
"ENSMUSG00000027787",0,1,1,"24h_vs_4h"
"ENSMUSG00000060429",0,1,1,"24h_vs_4h"
"ENSMUSG00000002763",0,1,1,"24h_vs_4h"
"ENSMUSG00000027079",0,1,1,"24h_vs_4h"
"ENSMUSG00000031546",0,1,1,"24h_vs_4h"
"ENSMUSG00000026112",0,1,1,"24h_vs_4h"
"ENSMUSG00000000441",0,1,1,"24h_vs_4h"
"ENSMUSG00000034880",0,1,1,"24h_vs_4h"
"ENSMUSG00000019791",0,1,1,"24h_vs_4h"
"ENSMUSG00000020116",0,1,1,"24h_vs_4h"
"ENSMUSG00000053916",0,1,1,"24h_vs_4h"
"ENSMUSG00000002416",0,1,1,"24h_vs_4h"
"ENSMUSG00000026688",0,1,1,"24h_vs_4h"
"ENSMUSG00000024982",0,1,1,"24h_vs_4h"
"ENSMUSG00000001383",0,1,1,"24h_vs_4h"
"ENSMUSG00000022663",0,1,1,"24h_vs_4h"
"ENSMUSG00000024791",0,1,1,"24h_vs_4h"
"ENSMUSG00000053119",0,1,1,"24h_vs_4h"
"ENSMUSG00000030291",0,1,1,"24h_vs_4h"
"ENSMUSG00000028549",0,1,1,"24h_vs_4h"
"ENSMUSG00000022109",0,1,1,"24h_vs_4h"
"ENSMUSG00000038622",0,1,1,"24h_vs_4h"
"ENSMUSG00000020803",0,1,1,"24h_vs_4h"
"ENSMUSG00000028295",0,1,1,"24h_vs_4h"
"ENSMUSG00000027285",0,1,1,"24h_vs_4h"
"ENSMUSG00000004996",0,1,1,"24h_vs_4h"
"ENSMUSG00000029048",0,1,1,"24h_vs_4h"
"ENSMUSG00000025492",0,1,1,"24h_vs_4h"
"ENSMUSG00000030423",0,1,1,"24h_vs_4h"
"ENSMUSG00000017837",0,1,1,"24h_vs_4h"
"ENSMUSG00000030245",0,1,1,"24h_vs_4h"
"ENSMUSG00000030304",0,1,1,"24h_vs_4h"
"ENSMUSG00000031604",0,1,1,"24h_vs_4h"
"ENSMUSG00000015757",0,1,1,"24h_vs_4h"
"ENSMUSG00000046949",0,1,1,"24h_vs_4h"
"ENSMUSG00000073435",0,1,1,"24h_vs_4h"
"ENSMUSG00000030983",0,1,1,"24h_vs_4h"
"ENSMUSG00000003135",0,1,1,"24h_vs_4h"
"ENSMUSG00000030471",0,1,1,"24h_vs_4h"
"ENSMUSG00000030588",0,1,1,"24h_vs_4h"
"ENSMUSG00000027424",0,1,1,"24h_vs_4h"
"ENSMUSG00000030871",0,1,1,"24h_vs_4h"
"ENSMUSG00000032002",0,1,1,"24h_vs_4h"
"ENSMUSG00000022668",0,1,1,"24h_vs_4h"
"ENSMUSG00000029038",0,1,1,"24h_vs_4h"
"ENSMUSG00000027635",0,1,1,"24h_vs_4h"
"ENSMUSG00000032431",0,1,1,"24h_vs_4h"
"ENSMUSG00000001305",0,1,1,"24h_vs_4h"
"ENSMUSG00000024528",0,1,1,"24h_vs_4h"
"ENSMUSG00000020883",0,1,1,"24h_vs_4h"
"ENSMUSG00000039043",0,1,1,"24h_vs_4h"
"ENSMUSG00000034442",0,1,1,"24h_vs_4h"
"ENSMUSG00000016409",0,1,1,"24h_vs_4h"
"ENSMUSG00000022339",0,1,1,"24h_vs_4h"
"ENSMUSG00000025169",0,1,1,"24h_vs_4h"
"ENSMUSG00000028821",0,1,1,"24h_vs_4h"
"ENSMUSG00000006095",0,1,1,"24h_vs_4h"
"ENSMUSG00000011096",0,1,1,"24h_vs_4h"
"ENSMUSG00000031843",0,1,1,"24h_vs_4h"
"ENSMUSG00000039637",0,1,1,"24h_vs_4h"
"ENSMUSG00000020280",0,1,1,"24h_vs_4h"
"ENSMUSG00000005951",0,1,1,"24h_vs_4h"
"ENSMUSG00000062591",0,1,1,"24h_vs_4h"
"ENSMUSG00000026035",0,1,1,"24h_vs_4h"
"ENSMUSG00000063130",0,1,1,"24h_vs_4h"
"ENSMUSG00000002661",0,1,1,"24h_vs_4h"
"ENSMUSG00000020778",0,1,1,"24h_vs_4h"
"ENSMUSG00000024258",0,1,1,"24h_vs_4h"
"ENSMUSG00000006392",0,1,1,"24h_vs_4h"
"ENSMUSG00000032673",0,1,1,"24h_vs_4h"
"ENSMUSG00000041718",0,1,1,"24h_vs_4h"
"ENSMUSG00000010358",0,1,1,"24h_vs_4h"
"ENSMUSG00000014177",0,1,1,"24h_vs_4h"
"ENSMUSG00000007721",0,1,1,"24h_vs_4h"
"ENSMUSG00000026283",0,1,1,"24h_vs_4h"
"ENSMUSG00000020224",0,1,1,"24h_vs_4h"
"ENSMUSG00000002329",0,1,1,"24h_vs_4h"
"ENSMUSG00000020246",0,1,1,"24h_vs_4h"
"ENSMUSG00000003444",0,1,1,"24h_vs_4h"
"ENSMUSG00000020706",0,1,1,"24h_vs_4h"
"ENSMUSG00000022853",0,1,1,"24h_vs_4h"
"ENSMUSG00000003546",0,1,1,"24h_vs_4h"
"ENSMUSG00000032329",0,1,1,"24h_vs_4h"
"ENSMUSG00000066456",0,1,1,"24h_vs_4h"
"ENSMUSG00000024142",0,1,1,"24h_vs_4h"
"ENSMUSG00000020521",0,1,1,"24h_vs_4h"
"ENSMUSG00000005204",0,1,1,"24h_vs_4h"
"ENSMUSG00000023980",0,1,1,"24h_vs_4h"
"ENSMUSG00000024487",0,1,1,"24h_vs_4h"
"ENSMUSG00000027167",0,1,1,"24h_vs_4h"
"ENSMUSG00000023908",0,1,1,"24h_vs_4h"
"ENSMUSG00000004096",0,1,1,"24h_vs_4h"
"ENSMUSG00000019139",0,1,1,"24h_vs_4h"
"ENSMUSG00000009640",0,1,1,"24h_vs_4h"
"ENSMUSG00000031143",0,1,1,"24h_vs_4h"
"ENSMUSG00000070699",0,1,1,"24h_vs_4h"
"ENSMUSG00000033917",0,1,1,"24h_vs_4h"
"ENSMUSG00000025340",0,1,1,"24h_vs_4h"
"ENSMUSG00000015013",0,1,1,"24h_vs_4h"
"ENSMUSG00000025578",0,1,1,"24h_vs_4h"
"ENSMUSG00000021192",0,1,1,"24h_vs_4h"
"ENSMUSG00000020109",0,1,1,"24h_vs_4h"
"ENSMUSG00000028557",0,1,1,"24h_vs_4h"
"ENSMUSG00000021224",0,1,1,"24h_vs_4h"
"ENSMUSG00000004105",0,1,1,"24h_vs_4h"
"ENSMUSG00000029621",0,1,1,"24h_vs_4h"
"ENSMUSG00000006205",0,1,1,"24h_vs_4h"
"ENSMUSG00000051316",0,1,1,"24h_vs_4h"
"ENSMUSG00000059288",0,1,1,"24h_vs_4h"
"ENSMUSG00000007107",0,1,1,"24h_vs_4h"
"ENSMUSG00000019433",0,1,1,"24h_vs_4h"
"ENSMUSG00000021025",0,1,1,"24h_vs_4h"
"ENSMUSG00000039131",0,1,1,"24h_vs_4h"
"ENSMUSG00000017561",0,1,1,"24h_vs_4h"
"ENSMUSG00000057666",0,1,1,"24h_vs_4h"
