"ensembl_gene_id","logFC","P.Value","adj.P.Val"
"ENSMUSG00000032557",3.52493795060754,5.85256591130807e-24,2.57571425756668e-20
"ENSMUSG00000022607",3.68766656485328,8.73557026273105e-12,1.92226223631397e-08
"ENSMUSG00000029545",-0.409654190770592,2.0805083535563e-10,2.93755674363294e-07
"ENSMUSG00000030605",-0.771427255724191,2.73176099467063e-10,2.93755674363294e-07
"ENSMUSG00000061838",-0.434219775588009,3.33737416908991e-10,2.93755674363294e-07
"ENSMUSG00000035284",0.323867654024106,7.16890685510292e-10,5.25839317821799e-07
"ENSMUSG00000058997",-0.415712865158028,4.41654548335924e-09,2.77674523889486e-06
"ENSMUSG00000029456",-0.653502104701921,9.75484021578285e-09,4.68651675830519e-06
"ENSMUSG00000020917",0.624543126896413,9.98349462735754e-09,4.68651675830519e-06
"ENSMUSG00000025153",0.962276751517933,1.09057886160359e-08,4.68651675830519e-06
"ENSMUSG00000026003",-0.505684917785899,1.17136297071932e-08,4.68651675830519e-06
"ENSMUSG00000015656",0.341746835890881,1.36502381476816e-08,5.00622484066224e-06
"ENSMUSG00000025465",-0.519566538553359,1.62184255184973e-08,5.49056082360821e-06
"ENSMUSG00000019055",0.424055295162447,2.07001322166525e-08,6.17521839467299e-06
"ENSMUSG00000032418",0.991454780921387,2.10470974596898e-08,6.17521839467299e-06
"ENSMUSG00000026193",-0.940016254665888,2.24698755074839e-08,6.1806201317773e-06
"ENSMUSG00000023832",0.509287049610698,2.81851952096851e-08,7.29664965398966e-06
"ENSMUSG00000028577",0.605242793170728,3.12598508469903e-08,7.3732922015539e-06
"ENSMUSG00000026880",-0.797272162720041,3.18319817835774e-08,7.3732922015539e-06
"ENSMUSG00000024507",0.626138448586644,3.54373060373756e-08,7.79797919352449e-06
"ENSMUSG00000003809",-0.522573397283292,3.88052244451254e-08,8.13246632299985e-06
"ENSMUSG00000040618",-0.395905009185896,4.14049353991772e-08,8.25399534071266e-06
"ENSMUSG00000054808",0.477173349901459,4.37075889177529e-08,8.25399534071266e-06
"ENSMUSG00000022193",0.667890335200241,4.5011562866872e-08,8.25399534071266e-06
"ENSMUSG00000027406",-0.401598149307983,5.18275827270738e-08,9.12372766327406e-06
"ENSMUSG00000042524",-0.562457090706314,6.2345225754555e-08,1.05531284056076e-05
"ENSMUSG00000017221",0.373019898247044,9.00777521396172e-08,1.46826735987576e-05
"ENSMUSG00000005413",0.722018368950273,1.02147597306764e-07,1.60554134195381e-05
"ENSMUSG00000025982",0.370009233164623,1.19566511215248e-07,1.76924154230548e-05
"ENSMUSG00000028603",0.510410609375953,1.2060269545368e-07,1.76924154230548e-05
"ENSMUSG00000020936",0.583339575491514,1.28453649416789e-07,1.77963459221837e-05
"ENSMUSG00000030695",0.758494070138511,1.29398561579159e-07,1.77963459221837e-05
"ENSMUSG00000039063",-0.608470444751941,1.69503350623488e-07,2.26055832149688e-05
"ENSMUSG00000012428",-0.77633332923179,1.91367735907534e-07,2.47708648743841e-05
"ENSMUSG00000028452",0.481624690239006,2.06001284643335e-07,2.56082423422224e-05
"ENSMUSG00000024747",0.650495808363576,2.09474374987504e-07,2.56082423422224e-05
"ENSMUSG00000028034",0.269471612563486,2.3689310780328e-07,2.68652400811131e-05
"ENSMUSG00000031960",0.651350704138331,2.37182358179162e-07,2.68652400811131e-05
"ENSMUSG00000001440",0.276751432558182,2.4155253431797e-07,2.68652400811131e-05
"ENSMUSG00000026229",0.428690986898655,2.44173961200755e-07,2.68652400811131e-05
"ENSMUSG00000007564",0.464389619105454,2.50677191354172e-07,2.69080565646271e-05
"ENSMUSG00000020705",0.593748535526895,2.57973502998115e-07,2.70319377784454e-05
"ENSMUSG00000030541",-0.424323110399435,2.64329722504121e-07,2.70538397381544e-05
"ENSMUSG00000043424",0.663063546903693,2.97045485063533e-07,2.97112995401048e-05
"ENSMUSG00000040952",0.368862632660562,3.1067446546852e-07,3.03839627228212e-05
"ENSMUSG00000015568",-0.946404408052221,3.19621420041192e-07,3.05794319478541e-05
"ENSMUSG00000036138",0.514942876002767,3.42000899061957e-07,3.18548728723255e-05
"ENSMUSG00000027566",0.527856298179689,3.47428742983782e-07,3.18548728723255e-05
"ENSMUSG00000029446",0.843216119997379,3.60809561012161e-07,3.22101035605683e-05
"ENSMUSG00000030751",0.536055926813553,3.65940735748333e-07,3.22101035605683e-05
"ENSMUSG00000040532",-0.53308824441217,3.79899210528336e-07,3.23899089094381e-05
"ENSMUSG00000025156",0.441304308348645,3.82702854644577e-07,3.23899089094381e-05
"ENSMUSG00000074656",0.475351972699471,4.01728032542544e-07,3.28640312870511e-05
"ENSMUSG00000056973",-0.919232987863225,4.05895080284526e-07,3.28640312870511e-05
"ENSMUSG00000022797",0.414136997661572,4.1469960673711e-07,3.28640312870511e-05
"ENSMUSG00000021178",0.370773467165524,4.18174449460318e-07,3.28640312870511e-05
"ENSMUSG00000027810",0.430233321344538,4.42457138814451e-07,3.41623485600421e-05
"ENSMUSG00000020290",0.542821705544171,5.17310192501086e-07,3.92531406413324e-05
"ENSMUSG00000048755",-0.512130301815677,5.56826613171172e-07,4.15354902468869e-05
"ENSMUSG00000037601",0.616391834607512,5.7991170974594e-07,4.25365239098647e-05
"ENSMUSG00000030861",-0.556354977653463,6.69596539496365e-07,4.83097437757952e-05
"ENSMUSG00000028382",-0.266045742721534,7.39640546138926e-07,5.25025490896357e-05
"ENSMUSG00000029752",0.66256352089875,8.16014786911796e-07,5.70044615428383e-05
"ENSMUSG00000020078",0.715171510000037,8.39070501460869e-07,5.76992074520201e-05
"ENSMUSG00000036880",-0.423205154771345,8.69841252120285e-07,5.85625986936646e-05
"ENSMUSG00000028811",0.555030299774142,8.78239380545754e-07,5.85625986936646e-05
"ENSMUSG00000028902",0.250759469735502,9.06550751303111e-07,5.90801103127939e-05
"ENSMUSG00000067274",0.210764717420652,9.12848784655757e-07,5.90801103127939e-05
"ENSMUSG00000021193",-0.320267948844702,9.96004155046935e-07,6.32092541013668e-05
"ENSMUSG00000025503",0.599412300700322,1.00537327586814e-06,6.32092541013668e-05
"ENSMUSG00000028013",-0.338301434556833,1.05227986626682e-06,6.52265308653559e-05
"ENSMUSG00000027193",0.462591572846247,1.09829320486532e-06,6.71331721473928e-05
"ENSMUSG00000030630",0.577099932003264,1.1336041084303e-06,6.74864185549515e-05
"ENSMUSG00000002010",-0.47413505781234,1.13474096184195e-06,6.74864185549515e-05
"ENSMUSG00000059743",0.741695810237971,1.15898276111525e-06,6.80091084222431e-05
"ENSMUSG00000032047",-0.391480413996568,1.38657603705658e-06,7.93156396703343e-05
"ENSMUSG00000020097",-0.285395579709331,1.38770830597949e-06,7.93156396703343e-05
"ENSMUSG00000024892",-0.277532658067692,1.42612608518096e-06,7.9689524931533e-05
"ENSMUSG00000018286",0.446308812494099,1.43046409215885e-06,7.9689524931533e-05
"ENSMUSG00000030662",0.516818601835919,1.50458602256613e-06,8.27710385664194e-05
"ENSMUSG00000028837",0.59840717863333,1.53537918472438e-06,8.34222690366912e-05
"ENSMUSG00000005779",0.518997255165793,1.61596390991866e-06,8.54554254508845e-05
"ENSMUSG00000025190",0.777210698363803,1.62017075202961e-06,8.54554254508845e-05
"ENSMUSG00000020741",0.465207846106651,1.64844558024001e-06,8.54554254508845e-05
"ENSMUSG00000001119",-0.415832530293923,1.65046833976941e-06,8.54554254508845e-05
"ENSMUSG00000022186",-0.300885918361189,1.697918538767e-06,8.68899940594602e-05
"ENSMUSG00000036752",-0.320366579855339,1.78541964729775e-06,9.03176076753722e-05
"ENSMUSG00000021270",0.45044954592516,1.82340841403278e-06,9.11911412517987e-05
"ENSMUSG00000031453",-0.790706810279275,1.8475827075716e-06,9.13619269216025e-05
"ENSMUSG00000031278",0.447447650915787,1.93238053110041e-06,9.449340797081e-05
"ENSMUSG00000024665",3.3158404905065,1.98590012998699e-06,9.5381513427555e-05
"ENSMUSG00000051223",0.363034651005588,1.99388757903546e-06,9.5381513427555e-05
"ENSMUSG00000025645",-0.387170479692156,2.08066049576967e-06,9.84622241062617e-05
"ENSMUSG00000025613",0.408906681465748,2.11551848775687e-06,9.90467751555107e-05
"ENSMUSG00000020869",0.391518987661062,2.13837778336401e-06,9.9063164469316e-05
"ENSMUSG00000025326",3.6173531371947,2.41833206761483e-06,0.000110401223646741
"ENSMUSG00000031400",0.560666487824093,2.45499157637034e-06,0.000110401223646741
"ENSMUSG00000005469",0.602106826148461,2.46654147048844e-06,0.000110401223646741
"ENSMUSG00000068856",0.290739576516152,2.4834631086179e-06,0.000110401223646741
"ENSMUSG00000022812",3.42685961466843,2.56881341761863e-06,0.000111027368455477
"ENSMUSG00000006717",-0.520585155799086,2.56892298440786e-06,0.000111027368455477
"ENSMUSG00000021238",-0.4231566868451,2.57323144341257e-06,0.000111027368455477
"ENSMUSG00000023944",0.300191988898135,2.67426770951051e-06,0.000113209455871006
"ENSMUSG00000028179",0.668475437503027,2.67525185425691e-06,0.000113209455871006
"ENSMUSG00000060376",-0.344361524549445,2.70704248219429e-06,0.000113463752039401
"ENSMUSG00000031781",0.755856986427283,2.87459596475303e-06,0.000119349970196963
"ENSMUSG00000060073",0.601293252101726,2.93424924151203e-06,0.000120688139363499
"ENSMUSG00000033813",0.524137890688202,3.05780515909938e-06,0.000123625419370897
"ENSMUSG00000040322",-0.321557809987315,3.08210618196443e-06,0.000123625419370897
"ENSMUSG00000028961",0.536981992400765,3.0899332267209e-06,0.000123625419370897
"ENSMUSG00000029823",0.386537692694116,3.16773285491618e-06,0.000125337804409595
"ENSMUSG00000021957",0.445844104523172,3.18969190953751e-06,0.000125337804409595
"ENSMUSG00000031969",-0.471881821076085,3.38642179126598e-06,0.000131890639852757
"ENSMUSG00000040249",-0.319912688299478,3.58358385865031e-06,0.000138345197911579
"ENSMUSG00000024529",-0.847712957573723,3.72658931083382e-06,0.000142614952669388
"ENSMUSG00000033105",0.253908494723905,3.79865776126257e-06,0.000144119765580315
"ENSMUSG00000037364",0.294035844417234,3.85648812507147e-06,0.000145063284089227
"ENSMUSG00000031731",0.599999213891003,3.94370282732148e-06,0.000147086746974931
"ENSMUSG00000033047",0.542778353114322,3.98506694664453e-06,0.000147380501110778
"ENSMUSG00000020572",0.632815444971435,4.19927425080804e-06,0.000154008383148385
"ENSMUSG00000028127",0.85510211394454,4.28807458544697e-06,0.000155965423558282
"ENSMUSG00000029407",0.409382835537308,4.70210526396298e-06,0.000169622666120501
"ENSMUSG00000024966",0.563223187810415,4.75017681274096e-06,0.000169963643519292
"ENSMUSG00000020321",0.73660170670108,4.84898240098593e-06,0.000172099770538218
"ENSMUSG00000040043",0.63180051739586,4.94906245491669e-06,0.000174246590912707
"ENSMUSG00000020612",0.258421016915506,5.01513408001248e-06,0.000175171468937579
"ENSMUSG00000029455",-0.281773879421422,5.13802314825799e-06,0.000177170903139359
"ENSMUSG00000009090",0.515448913096098,5.21869123797345e-06,0.000177170903139359
"ENSMUSG00000005981",-0.240276885157328,5.22273492251542e-06,0.000177170903139359
"ENSMUSG00000025006",0.727726895565329,5.23340545515034e-06,0.000177170903139359
"ENSMUSG00000071644",0.480557110615294,5.2907042827968e-06,0.000177743431668616
"ENSMUSG00000032096",0.373744990173822,5.71858655734593e-06,0.000189364249013355
"ENSMUSG00000028763",-0.513624022873397,5.72266419422317e-06,0.000189364249013355
"ENSMUSG00000025260",-0.372955410932075,6.07811013945211e-06,0.000199625094953199
"ENSMUSG00000000740",0.375503878288676,6.14413024845015e-06,0.000200298646099475
"ENSMUSG00000030224",0.571771696645037,6.2574707316807e-06,0.000202493593309756
"ENSMUSG00000020114",0.485275150526501,6.33258888991596e-06,0.000203428640178979
"ENSMUSG00000010755",1.81106667208333,6.66983047709314e-06,0.000212709593693383
"ENSMUSG00000024067",0.390882130129576,6.92781101832688e-06,0.000219347455335659
"ENSMUSG00000028149",0.612148341984053,7.04580536360523e-06,0.000221489924323047
"ENSMUSG00000026134",0.375946349451144,7.18770069689616e-06,0.000224348019624397
"ENSMUSG00000056999",0.563481191329409,7.49293792604421e-06,0.000232228308538877
"ENSMUSG00000020532",0.45409313857656,7.72183355502608e-06,0.000237648877452236
"ENSMUSG00000027170",0.506961109680557,7.85741450784784e-06,0.0002401422308961
"ENSMUSG00000024360",0.460235055261116,8.16484688529779e-06,0.000247817180291004
"ENSMUSG00000030417",0.470149470074187,8.57760222784651e-06,0.000258561831539401
"ENSMUSG00000017428",0.404454649751251,9.07190801457617e-06,0.000271601817497617
"ENSMUSG00000000168",-0.311872297145428,9.37066269379016e-06,0.000278650584563314
"ENSMUSG00000001891",0.560782030480073,9.62369897798733e-06,0.000284254357061223
"ENSMUSG00000028158",-0.526625775675157,9.77713758904553e-06,0.000286861216862596
"ENSMUSG00000040731",0.544637190617877,1.04159335490436e-05,0.000301656104665849
"ENSMUSG00000071866",0.336738839430872,1.04289617901471e-05,0.000301656104665849
"ENSMUSG00000026509",0.363143936283404,1.0487022043598e-05,0.000301656104665849
"ENSMUSG00000007029",0.413223264544261,1.05900422534358e-05,0.00030264140232059
"ENSMUSG00000055436",0.300683302914496,1.10829780811083e-05,0.000314685074419081
"ENSMUSG00000005397",-0.444397472192946,1.17169800595709e-05,0.000330554033603662
"ENSMUSG00000026159",3.67629240616946,1.25490750585599e-05,0.000350550043354061
"ENSMUSG00000027809",-0.377357985805457,1.25926228099765e-05,0.000350550043354061
"ENSMUSG00000021806",-0.686249598962384,1.26647254926825e-05,0.000350550043354061
"ENSMUSG00000029722",3.23245172283279,1.27993222581603e-05,0.000352061357863522
"ENSMUSG00000024949",0.208215584338106,1.30292940000703e-05,0.000355285891025102
"ENSMUSG00000004610",-0.25935824686993,1.30780082585927e-05,0.000355285891025102
"ENSMUSG00000022336",0.349089634437522,1.31765571585356e-05,0.00035550738358166
"ENSMUSG00000021823",0.321808950538959,1.3247718906474e-05,0.00035550738358166
"ENSMUSG00000022403",0.456129727284097,1.33496061475976e-05,0.000356070403973195
"ENSMUSG00000023019",0.589944228942077,1.45810739425114e-05,0.000383905276910343
"ENSMUSG00000024687",0.712393788750333,1.46459471780243e-05,0.000383905276910343
"ENSMUSG00000037022",-0.73618137194336,1.465487082957e-05,0.000383905276910343
"ENSMUSG00000035150",0.3344454184009,1.50796817529177e-05,0.000391313044105572
"ENSMUSG00000029623",0.524616477241576,1.51154777318671e-05,0.000391313044105572
"ENSMUSG00000071711",-0.342179525858882,1.52050415656908e-05,0.000391329753980148
"ENSMUSG00000062908",-0.328152378314954,1.57703616945807e-05,0.000403519545452615
"ENSMUSG00000052738",-0.323154942106093,1.62126790657626e-05,0.000410681386127327
"ENSMUSG00000030738",0.327041796968736,1.62368918850613e-05,0.000410681386127327
"ENSMUSG00000041650",-0.327380266347376,1.72718122965155e-05,0.000434361405239798
"ENSMUSG00000000594",-0.50378471988045,1.74826094468035e-05,0.000437164569178308
"ENSMUSG00000039703",0.481588728284532,1.75903380182293e-05,0.00043737331987699
"ENSMUSG00000039428",2.9297336471143,1.76944368174451e-05,0.00043748997996391
"ENSMUSG00000028419",3.00613050812799,1.80609398511549e-05,0.000444056962485657
"ENSMUSG00000020152",0.302493947839316,1.85944775868138e-05,0.000452515352260436
"ENSMUSG00000027782",0.462704462864824,1.86631609882602e-05,0.000452515352260436
"ENSMUSG00000003808",0.268408733135587,1.87134274281753e-05,0.000452515352260436
"ENSMUSG00000041763",0.84760424914279,1.91600741269758e-05,0.000460784077774976
"ENSMUSG00000020349",0.594591835415791,1.93272506560828e-05,0.000461143689770487
"ENSMUSG00000037416",2.61492408907854,1.93845904584277e-05,0.000461143689770487
"ENSMUSG00000049517",0.271053486157403,2.0544053215716e-05,0.000486098807539603
"ENSMUSG00000056076",0.359287196587534,2.0838093488967e-05,0.000488572612937819
"ENSMUSG00000053898",-0.503332199853531,2.08706319546262e-05,0.000488572612937819
"ENSMUSG00000073838",-0.273464299181001,2.10080953816656e-05,0.0004891885067445
"ENSMUSG00000022253",-0.481770255164076,2.1221389606957e-05,0.000491554398211673
"ENSMUSG00000030884",-0.345978836876021,2.14176544809952e-05,0.000493503127596124
"ENSMUSG00000026043",-0.720089371860155,2.15965336923553e-05,0.000495033045729456
"ENSMUSG00000026473",0.479495364985969,2.21724581713914e-05,0.0005056009762295
"ENSMUSG00000022752",-0.280586895163754,2.28884853644087e-05,0.000519238268498776
"ENSMUSG00000029209",2.98659433973942,2.32441609239831e-05,0.000522169706677992
"ENSMUSG00000062929",0.700383740330075,2.32550017061773e-05,0.000522169706677992
"ENSMUSG00000043445",0.437112418887263,2.3746481068446e-05,0.000530132747939892
"ENSMUSG00000037361",0.508847344769666,2.38505530770503e-05,0.000530132747939892
"ENSMUSG00000038900",0.214711010337361,2.43404925257083e-05,0.000538304058319809
"ENSMUSG00000025980",-0.21948582977268,2.49411139085716e-05,0.000548829211558117
"ENSMUSG00000032301",0.388348874797149,2.56668941952836e-05,0.000561990056484792
"ENSMUSG00000046841",-0.248784818183978,2.58396645182877e-05,0.000562972096757348
"ENSMUSG00000002957",0.237789975164098,2.65340261917701e-05,0.000575252459458031
"ENSMUSG00000068749",0.495031516698564,2.66658428148953e-05,0.000575276344256637
"ENSMUSG00000073422",-0.572737283653229,2.72196973921944e-05,0.000584360430356329
"ENSMUSG00000028409",0.341959355841556,2.76572544395686e-05,0.00059087173198321
"ENSMUSG00000019978",0.251640060132516,2.80349133177607e-05,0.000595186730022733
"ENSMUSG00000048076",0.522103568273273,2.81297068495179e-05,0.000595186730022733
"ENSMUSG00000064120",-0.421346011061271,2.83526928298411e-05,0.000597034455235076
"ENSMUSG00000025403",-0.220973382688804,2.9108835232477e-05,0.000610038018372054
"ENSMUSG00000021282",0.78318120687025,2.98746652920418e-05,0.000623120388389933
"ENSMUSG00000037710",-0.349828668318899,3.03192292376424e-05,0.000629410037145585
"ENSMUSG00000031696",0.480030571826909,3.04886296153976e-05,0.000629955206278708
"ENSMUSG00000048758",0.385911604139121,3.18227081011828e-05,0.000653135298861603
"ENSMUSG00000063229",0.571383867378238,3.20606815084145e-05,0.000653135298861603
"ENSMUSG00000025950",0.513657889172631,3.21242781377808e-05,0.000653135298861603
"ENSMUSG00000028495",0.348344845394656,3.22041263015151e-05,0.000653135298861603
"ENSMUSG00000021024",0.64415921352365,3.27619358403889e-05,0.000661400365291521
"ENSMUSG00000001416",0.300976016086224,3.52160086787423e-05,0.000704841153113184
"ENSMUSG00000064302",2.84036566454669,3.53452768436751e-05,0.000704841153113184
"ENSMUSG00000020361",0.450627020008312,3.53942046893919e-05,0.000704841153113184
"ENSMUSG00000074698",0.330329634183791,3.59684745534674e-05,0.000713050704999144
"ENSMUSG00000063273",0.395735401059721,3.63009666424e-05,0.000716415041225124
"ENSMUSG00000021235",-0.516511260995252,3.75869176967926e-05,0.000738482253498144
"ENSMUSG00000027342",0.233291608417446,3.90209617423383e-05,0.000762460850981496
"ENSMUSG00000021737",0.446053256444422,3.915386328603e-05,0.000762460850981496
"ENSMUSG00000030846",0.327471482511744,3.93944252161613e-05,0.000763765926767955
"ENSMUSG00000020664",-0.2948075532023,4.09498079352578e-05,0.000789327653242625
"ENSMUSG00000025212",-0.319408249075881,4.10715820478439e-05,0.000789327653242625
"ENSMUSG00000016619",0.532715225714199,4.13704227078816e-05,0.00079161404494516
"ENSMUSG00000029447",0.274038135934454,4.22404724828347e-05,0.000804763287432708
"ENSMUSG00000031029",0.275467187571216,4.27997841918234e-05,0.000810580277621839
"ENSMUSG00000037851",0.437349305176099,4.29141569383977e-05,0.000810580277621839
"ENSMUSG00000029598",-0.30001612332379,4.40911495940565e-05,0.000828753776582334
"ENSMUSG00000031948",0.353528924715437,4.42529283110312e-05,0.000828753776582334
"ENSMUSG00000029405",0.301608268692835,4.46456285911064e-05,0.000831177741815244
"ENSMUSG00000019494",0.442970450767813,4.47600828925728e-05,0.000831177741815244
"ENSMUSG00000024085",-0.405807713920812,4.56156619679955e-05,0.000843506421517429
"ENSMUSG00000023004",-0.239359000655035,4.80870179723213e-05,0.000881527457995053
"ENSMUSG00000016664",0.421865720139497,4.82032696926183e-05,0.000881527457995053
"ENSMUSG00000030591",0.577967597402239,4.82726919738259e-05,0.000881527457995053
"ENSMUSG00000001924",0.349976731312953,4.92861757759245e-05,0.000896315948718362
"ENSMUSG00000044986",-0.346825451499484,4.96174590355076e-05,0.000898627313643081
"ENSMUSG00000034729",-0.41705041485849,5.00957118510559e-05,0.000903570605969249
"ENSMUSG00000037071",1.26647818072037,5.08331393662258e-05,0.000912860778364765
"ENSMUSG00000024151",-0.20072598886879,5.10256195132316e-05,0.000912860778364765
"ENSMUSG00000027429",0.361086531561011,5.23141522117719e-05,0.000931680718985803
"ENSMUSG00000022841",0.311149620961665,5.25570957674065e-05,0.000931680718985803
"ENSMUSG00000024942",0.391948408666003,5.28072811744481e-05,0.000931680718985803
"ENSMUSG00000031730",-0.294877188223513,5.29243762205069e-05,0.000931680718985803
"ENSMUSG00000068039",0.234538777257537,5.40031971801956e-05,0.000946884744183429
"ENSMUSG00000034024",0.342025272391023,5.44825039080657e-05,0.000951498014680147
"ENSMUSG00000028932",0.240261732868031,5.53606927716023e-05,0.000959626669309399
"ENSMUSG00000031483",-0.328320317521197,5.53840431730487e-05,0.000959626669309399
"ENSMUSG00000002718",0.470097283467176,5.57811514258142e-05,0.000962717048725522
"ENSMUSG00000030744",0.199230194183041,5.63711869640337e-05,0.000969099975893407
"ENSMUSG00000021585",1.11107358977849,5.69734895938701e-05,0.000975643298453783
"ENSMUSG00000026879",0.191467488762747,5.72388178698269e-05,0.000976387742035303
"ENSMUSG00000031245",0.494858150515782,6.03028980191625e-05,0.0010246836068816
"ENSMUSG00000041168",-0.275009142538678,6.09215599858528e-05,0.00103121455960668
"ENSMUSG00000006169",0.433179129670929,6.16796639754058e-05,0.00104004674772322
"ENSMUSG00000029171",0.475060238124666,6.19400143900293e-05,0.00104045039439129
"ENSMUSG00000003813",0.613270457830016,6.43003469128924e-05,0.00107599173674388
"ENSMUSG00000000278",0.278794619413535,6.60785301749637e-05,0.00109874058123114
"ENSMUSG00000027099",-0.235024325362868,6.61591124804028e-05,0.00109874058123114
"ENSMUSG00000037475",0.332648554121828,6.66955881499916e-05,0.00109937999369556
"ENSMUSG00000028809",0.313954359454883,6.66972184314281e-05,0.00109937999369556
"ENSMUSG00000024132",-0.353060294101212,6.71878480028431e-05,0.00110333477261385
"ENSMUSG00000036503",-0.404629416164571,6.83201434872559e-05,0.00111775818396808
"ENSMUSG00000006998",0.281078133754033,6.88650426791364e-05,0.00112250019566992
"ENSMUSG00000021929",0.495632504045822,7.26628599615731e-05,0.00118003412063056
"ENSMUSG00000021731",-0.406377077164269,7.45190358888401e-05,0.00120245118964225
"ENSMUSG00000028851",0.424375877309661,7.45896784304326e-05,0.00120245118964225
"ENSMUSG00000029147",0.514312123379479,7.57847749788746e-05,0.00121725837475192
"ENSMUSG00000020914",0.257108006920571,7.71813782823164e-05,0.00123446934827793
"ENSMUSG00000024181",-0.460073646584277,7.77428176029127e-05,0.00123446934827793
"ENSMUSG00000019143",-0.362783839604781,7.78718228049117e-05,0.00123446934827793
"ENSMUSG00000028484",0.261681851399938,7.79782955740208e-05,0.00123446934827793
"ENSMUSG00000029998",-0.372699307151553,7.99214049940224e-05,0.00126069571103474
"ENSMUSG00000028223",-0.404707637739879,8.23515393661327e-05,0.00128780565193941
"ENSMUSG00000036278",-0.413020603781717,8.24868379690971e-05,0.00128780565193941
"ENSMUSG00000026281",-0.342066646423159,8.25178809013665e-05,0.00128780565193941
"ENSMUSG00000042073",0.360893088716214,8.40789163865911e-05,0.0013038388987919
"ENSMUSG00000029759",-0.266455702895072,8.4137752160168e-05,0.0013038388987919
"ENSMUSG00000025037",-0.262660787786441,8.53347622280336e-05,0.00131774838093184
"ENSMUSG00000075296",0.766117299665019,8.82351082039861e-05,0.00135762859323413
"ENSMUSG00000055681",0.395103267076479,8.87055599235346e-05,0.00135762859323413
"ENSMUSG00000024640",0.506246771853988,8.88427709273868e-05,0.00135762859323413
"ENSMUSG00000031503",-0.450265972518945,8.97988549925631e-05,0.00136749052187637
"ENSMUSG00000029911",-0.288816584927996,9.05321938603238e-05,0.00137390408682512
"ENSMUSG00000032407",0.275972769203197,9.09575584219343e-05,0.00137561585778328
"ENSMUSG00000030007",0.355150771998247,9.27872593254349e-05,0.00139848194620287
"ENSMUSG00000025366",0.254245897653337,9.58546551378707e-05,0.00143978272102993
"ENSMUSG00000053907",0.433651236281886,9.62618286257931e-05,0.00144098063871468
"ENSMUSG00000021748",-0.250746431500115,9.77208817633922e-05,0.00145786305301929
"ENSMUSG00000025410",0.341111684969,9.83981441076352e-05,0.00146239463302609
"ENSMUSG00000010911",0.499649865785752,9.8689208363724e-05,0.00146239463302609
"ENSMUSG00000053398",0.349961327844017,9.96884593088737e-05,0.00146963169756209
"ENSMUSG00000028672",-0.390906052199018,0.000100057197782533,0.00146963169756209
"ENSMUSG00000025525",-0.294607893054454,0.000100179393153517,0.00146963169756209
"ENSMUSG00000068739",0.437910740140438,0.000100710794233006,0.00147251895488192
"ENSMUSG00000037242",0.346713493969396,0.000101220709503783,0.00147507398187467
"ENSMUSG00000071054",0.319103565531677,0.000104901756318758,0.00152138094886859
"ENSMUSG00000026781",2.86517966117277,0.000105152906058997,0.00152138094886859
"ENSMUSG00000047454",3.61423452811382,0.000105435398637791,0.00152138094886859
"ENSMUSG00000020777",0.329960443274139,0.000106144501528694,0.00152660768375093
"ENSMUSG00000029776",-0.352004547148134,0.000106982860050078,0.00153365331296546
"ENSMUSG00000032563",-0.366278729081582,0.000108675807210725,0.00154867460133842
"ENSMUSG00000026520",-0.256742257422111,0.0001087344812119,0.00154867460133842
"ENSMUSG00000004530",0.280822355146142,0.000111394218288518,0.00157694661461683
"ENSMUSG00000025287",-0.290160707216558,0.000111962892143353,0.00157694661461683
"ENSMUSG00000003131",0.441760455695601,0.00011203171939599,0.00157694661461683
"ENSMUSG00000026887",-0.408039198046179,0.00011247031363045,0.00157694661461683
"ENSMUSG00000086784",-0.397333609808648,0.000112765310126082,0.00157694661461683
"ENSMUSG00000032050",0.490901675218467,0.000113121471594668,0.00157694661461683
"ENSMUSG00000032527",-0.31236917679459,0.000113227705116773,0.00157694661461683
"ENSMUSG00000060126",0.612051728365376,0.000114646651170602,0.00159167164606253
"ENSMUSG00000020986",0.455408143171773,0.000118062730164922,0.00163394363350888
"ENSMUSG00000006024",0.257149602767509,0.000118935726271006,0.00164086561541911
"ENSMUSG00000069744",0.40203686370149,0.000120017518813811,0.00164505660379342
"ENSMUSG00000043733",0.387272835801202,0.000120180807636155,0.00164505660379342
"ENSMUSG00000001052",0.3130835413826,0.000120360878532488,0.00164505660379342
"ENSMUSG00000027618",-0.320849187243155,0.000123258643534983,0.00167944671887759
"ENSMUSG00000024991",0.386961668010144,0.000125129411291887,0.00169967450338147
"ENSMUSG00000039682",-0.179881291521209,0.000128261332764494,0.00172853772221169
"ENSMUSG00000047187",0.204447133604479,0.0001284294469051,0.00172853772221169
"ENSMUSG00000005161",0.415582695325323,0.000128432591493575,0.00172853772221169
"ENSMUSG00000021102",-0.312612418082438,0.000132023805355168,0.00177145355904907
"ENSMUSG00000008435",-0.331045099529987,0.000138171413721657,0.00184830514221584
"ENSMUSG00000066306",-0.205393475074768,0.000140417012016848,0.0018722301785032
"ENSMUSG00000040521",-0.24174720373729,0.000140810767799264,0.0018722301785032
"ENSMUSG00000029247",0.212117174510869,0.000141627602188104,0.00187741890731881
"ENSMUSG00000032115",-0.200499140497179,0.000146120170175104,0.00193115576258448
"ENSMUSG00000021417",-0.218231055030724,0.000149662722328499,0.00197205281726864
"ENSMUSG00000001983",-0.322305016045881,0.000151081849986168,0.00198480961728098
"ENSMUSG00000036256",-2.88966193882109,0.000152931375909612,0.00199880188227462
"ENSMUSG00000068747",2.93787964719923,0.000153055267967859,0.00199880188227462
"ENSMUSG00000064254",-0.395043907611846,0.000154443832569851,0.00201096836431927
"ENSMUSG00000020988",-0.490968829482977,0.000156952156023274,0.00203378490236272
"ENSMUSG00000029094",0.401051459942348,0.000157292590728376,0.00203378490236272
"ENSMUSG00000025911",-0.321452600548824,0.000157582515724991,0.00203378490236272
"ENSMUSG00000078652",0.334914453349143,0.000160585572980858,0.00206648276809578
"ENSMUSG00000042390",0.351623929728273,0.000163413490591223,0.00209444498652153
"ENSMUSG00000035202",-0.223190509204084,0.000164170680649996,0.00209444498652153
"ENSMUSG00000027455",0.491716414450099,0.000164508924848326,0.00209444498652153
"ENSMUSG00000025290",0.350421633083883,0.000164662114368655,0.00209444498652153
"ENSMUSG00000055531",0.340201293182758,0.000165758744835186,0.00210231768305375
"ENSMUSG00000021218",0.514219770115115,0.000166634116776429,0.00210734697681915
"ENSMUSG00000029777",0.389248263134988,0.000169462515660881,0.00213697573473793
"ENSMUSG00000062580",0.637795371651873,0.000172021148795633,0.00216304307385595
"ENSMUSG00000024287",0.503162915677983,0.000178993088189196,0.00224429795191069
"ENSMUSG00000014769",0.496903083655301,0.000180876569468703,0.00226147097224932
"ENSMUSG00000018509",-0.419650992904913,0.000182862385206601,0.00227982254191006
"ENSMUSG00000033059",0.455262324402135,0.000183885064137424,0.00228609651770848
"ENSMUSG00000026827",-0.286501442125306,0.000187530685767867,0.00232485224806868
"ENSMUSG00000031502",-0.503932172078805,0.000188096719833188,0.00232531928085916
"ENSMUSG00000063235",-0.425564718881184,0.000192526420743517,0.00236778972892064
"ENSMUSG00000059119",0.468330974234206,0.000192608207896748,0.00236778972892064
"ENSMUSG00000032399",0.223015095049561,0.000194326564394217,0.00238225963760153
"ENSMUSG00000044533",0.255755278116222,0.000199162889678214,0.00243476632631616
"ENSMUSG00000020256",-0.275147190754812,0.000200702047840887,0.00244678590733447
"ENSMUSG00000020949",0.503052672101358,0.000201351756303094,0.00244792563395004
"ENSMUSG00000030246",0.537799510357956,0.000216697567232279,0.00262723414156821
"ENSMUSG00000030704",0.302601837548998,0.00022004841148778,0.00266053038175198
"ENSMUSG00000030127",0.342464382990446,0.000222854760804553,0.00267633312545539
"ENSMUSG00000036707",3.02473014846775,0.000223239772656152,0.00267633312545539
"ENSMUSG00000029028",0.507801197769599,0.00022346948521728,0.00267633312545539
"ENSMUSG00000068921",-0.2899741858174,0.000223787909604086,0.00267633312545539
"ENSMUSG00000028383",-0.201493576207056,0.000230857122044961,0.00275339347999966
"ENSMUSG00000025428",-0.260479297421824,0.00023282218221653,0.00276932547009446
"ENSMUSG00000041697",-0.667075594614396,0.000235020704396674,0.00278142780758347
"ENSMUSG00000024772",0.533844507304064,0.000235103645630777,0.00278142780758347
"ENSMUSG00000040269",-0.335454049709075,0.00023982356339987,0.00282850255218683
"ENSMUSG00000006333",0.382708094631763,0.000240368087825011,0.00282850255218683
"ENSMUSG00000061479",0.319735926095184,0.00024137634524789,0.00283279278782924
"ENSMUSG00000023456",0.363028570365664,0.000245004382078132,0.0028677241636326
"ENSMUSG00000020720",0.289889500123461,0.000246829457732279,0.00287661326986136
"ENSMUSG00000002900",-0.248238443790111,0.000247071078393,0.00287661326986136
"ENSMUSG00000010608",0.397426080332899,0.000248503088751942,0.00288565196199815
"ENSMUSG00000022407",0.359372407434336,0.000249588970820485,0.00289063436994988
"ENSMUSG00000025607",0.325077857303476,0.000251098222542133,0.00290048104306543
"ENSMUSG00000024359",-0.24743477376682,0.000253638857146038,0.00292215866570606
"ENSMUSG00000038845",-0.289060131463899,0.00025745859705607,0.00295546504442026
"ENSMUSG00000042699",0.192898927628256,0.000258446677259829,0.00295546504442026
"ENSMUSG00000047213",0.339466741242838,0.000258544431288753,0.00295546504442026
"ENSMUSG00000028140",-0.361551717621087,0.000266491706541768,0.00303114506083776
"ENSMUSG00000021116",0.370499468794339,0.000266542408212728,0.00303114506083776
"ENSMUSG00000022814",-0.280056984310981,0.0002681101119059,0.00304111495489141
"ENSMUSG00000031375",-1.67602014144036,0.000268999585543988,0.00304336034956065
"ENSMUSG00000041426",-0.270035172058243,0.000271409439088974,0.00306275113187327
"ENSMUSG00000026356",0.350648907736684,0.000275692049126284,0.00310312201586899
"ENSMUSG00000030357",0.560835653339154,0.000285007957122053,0.00319554533655091
"ENSMUSG00000021474",-0.326480482495594,0.000285355445867873,0.00319554533655091
"ENSMUSG00000022722",-2.95921138468539,0.000287067389561798,0.00320655731335399
"ENSMUSG00000025134",0.188800864909819,0.000296484526664891,0.00330336304266376
"ENSMUSG00000004789",-0.272523849907589,0.00029910805214357,0.00332417812495922
"ENSMUSG00000010914",-0.29819981431249,0.00030419266314506,0.00337217105919751
"ENSMUSG00000024588",-0.292031623845229,0.000305043628917448,0.00337310806750173
"ENSMUSG00000028639",0.592315576623349,0.000306811721201185,0.00338415635339953
"ENSMUSG00000022234",0.316686790668008,0.000312421476452955,0.00343670600023213
"ENSMUSG00000018848",0.255055374146217,0.000313137720084772,0.00343670600023213
"ENSMUSG00000006304",0.435645991177307,0.000314187213946161,0.00343964658850013
"ENSMUSG00000028798",0.26457402807495,0.000315275140797994,0.00344299229442177
"ENSMUSG00000011752",0.349912038777248,0.00031699440718196,0.00345319897526684
"ENSMUSG00000019303",3.20544914650709,0.000320160511652462,0.00346334807871897
"ENSMUSG00000009614",-0.452293530488696,0.000320180002568539,0.00346334807871897
"ENSMUSG00000020464",-0.291956608333869,0.00032028690480314,0.00346334807871897
"ENSMUSG00000007833",3.03267074519384,0.000325619662779557,0.00351238268601184
"ENSMUSG00000026753",0.376732080506457,0.000326539090108457,0.00351368835102034
"ENSMUSG00000027935",3.06122661758268,0.000334018454912045,0.00358540297577539
"ENSMUSG00000068220",0.562326088042006,0.000338086020853879,0.00362023498242803
"ENSMUSG00000026260",-0.294865010146147,0.000343861794162276,0.00365901777954361
"ENSMUSG00000025393",-0.2824098447701,0.000344075788849303,0.00365901777954361
"ENSMUSG00000024587",0.371312590494302,0.00034420208151126,0.00365901777954361
"ENSMUSG00000025917",0.361501893084114,0.000347270700643685,0.0036827430205611
"ENSMUSG00000026662",0.371887839748815,0.00034874629421537,0.00368950105971597
"ENSMUSG00000028945",0.462721208110739,0.00035038483210199,0.00369794639347927
"ENSMUSG00000028330",0.306255143400509,0.000352615110737185,0.00371258158457979
"ENSMUSG00000025132",0.296049638004526,0.00035560188676661,0.00373509284883019
"ENSMUSG00000042079",-0.2942571869945,0.000359381380645941,0.00376580346719711
"ENSMUSG00000024231",0.608812985326768,0.000360810227498512,0.00377179527605926
"ENSMUSG00000079426",0.299251929949452,0.000366621904058056,0.00382346682407466
"ENSMUSG00000008668",0.34508382108249,0.000369136148967483,0.00384058674138509
"ENSMUSG00000004665",-0.616404980452561,0.000374870498172819,0.00389104967560985
"ENSMUSG00000021460",-0.414384290678012,0.000375776127302246,0.00389127232060514
"ENSMUSG00000074781",0.518345861317609,0.000378470923889146,0.00390997778412238
"ENSMUSG00000033845",-0.305697709796149,0.00038718543948429,0.00399063962334979
"ENSMUSG00000039220",0.409315059945918,0.000388419537110441,0.00399400556734358
"ENSMUSG00000028568",0.79805644460744,0.00039330888062185,0.00403005413805113
"ENSMUSG00000030934",-0.219421502762465,0.000394469055588255,0.00403005413805113
"ENSMUSG00000019326",-0.258678119810753,0.00039467242297206,0.00403005413805113
"ENSMUSG00000002102",0.217284513029888,0.000396067110547391,0.00403114489745878
"ENSMUSG00000003923",-0.311970071827478,0.000396611165780425,0.00403114489745878
"ENSMUSG00000024228",3.22512601623528,0.00041050837022125,0.00416278188328047
"ENSMUSG00000024870",0.156456534816584,0.000412496220371256,0.00417332382954919
"ENSMUSG00000097239",2.90144097949804,0.000422893969127884,0.0042591216254489
"ENSMUSG00000070394",-0.331289071720164,0.000423490316333066,0.0042591216254489
"ENSMUSG00000020079",-0.244399970184695,0.00042387986183745,0.0042591216254489
"ENSMUSG00000041879",0.503279418889029,0.00042657562127216,0.00427631127816643
"ENSMUSG00000001175",0.505096902886951,0.000427533961007323,0.00427631127816643
"ENSMUSG00000028601",-0.451400565271307,0.000430001132312235,0.00428228450482524
"ENSMUSG00000028656",0.378632777235858,0.000430077198621394,0.00428228450482524
"ENSMUSG00000025364",0.317610265114475,0.000435040078914809,0.00432192186750355
"ENSMUSG00000009470",0.192744746654249,0.000441793268409042,0.00437912651862205
"ENSMUSG00000019802",-0.275241842286526,0.000447504711754772,0.00441915890592479
"ENSMUSG00000062997",0.286095613054126,0.000447840234501808,0.00441915890592479
"ENSMUSG00000015016",-0.208532883549456,0.000448928748150371,0.00441998975527916
"ENSMUSG00000002289",-2.70827556697927,0.000451629053142925,0.00443535943878921
"ENSMUSG00000024493",0.397717919992235,0.000452571100291901,0.00443535943878921
"ENSMUSG00000030265",-0.311997793360963,0.000453513235050022,0.00443535943878921
"ENSMUSG00000025810",-0.371411953897116,0.00045929398977995,0.00448193536368417
"ENSMUSG00000024527",-0.263957123431116,0.000468790955303045,0.00456448892541748
"ENSMUSG00000004040",-0.328712488830124,0.000469997801848885,0.00456613758484976
"ENSMUSG00000027332",-0.367365316025388,0.000473535638413563,0.004590375208498
"ENSMUSG00000032294",0.466593977149131,0.00047492738647427,0.00459335144637899
"ENSMUSG00000022820",-0.44280137543721,0.000476907906799988,0.00459335144637899
"ENSMUSG00000024844",0.228521375536616,0.000476973781185003,0.00459335144637899
"ENSMUSG00000027184",0.361402177115117,0.000480040282430766,0.00461278882746245
"ENSMUSG00000022216",0.591474054788044,0.000482495781252665,0.00462628307906967
"ENSMUSG00000032051",0.321779671229859,0.000490652946794728,0.00469426873661651
"ENSMUSG00000034807",-0.213303847466783,0.000492863531873553,0.00470518959604231
"ENSMUSG00000005873",0.6560652821179,0.000495712270901033,0.00471350001657612
"ENSMUSG00000042410",0.292166864204326,0.000495876052641387,0.00471350001657612
"ENSMUSG00000016554",0.211926911776974,0.000499041996631023,0.00473337031718347
"ENSMUSG00000021546",0.217392687829143,0.000511051290318336,0.00483685317998063
"ENSMUSG00000034566",-0.265676652556149,0.000512330344020676,0.00483855331337982
"ENSMUSG00000028861",-0.355555419267851,0.000519274800056323,0.00488937641408611
"ENSMUSG00000028393",0.630390180359491,0.000519933688205476,0.00488937641408611
"ENSMUSG00000031985",0.220107851227439,0.00052442172030949,0.00492106607906624
"ENSMUSG00000022807",0.358773780446601,0.000526944668299102,0.0049332016155361
"ENSMUSG00000008976",0.341312821154702,0.00052795681911327,0.0049332016155361
"ENSMUSG00000029169",0.146775724155706,0.000540049312692591,0.00503550217194935
"ENSMUSG00000018293",0.239684572936035,0.000550725745462884,0.00512419451539567
"ENSMUSG00000022708",-0.34399457681295,0.0005519064732189,0.00512434681146916
"ENSMUSG00000020649",2.72655670941457,0.000559583796369579,0.00518469113225793
"ENSMUSG00000020250",0.480269001834312,0.000561646481385011,0.0051911918924962
"ENSMUSG00000018574",-0.191694376859893,0.000562644520045601,0.0051911918924962
"ENSMUSG00000035754",3.5640041474448,0.000575622542920402,0.00529982178115625
"ENSMUSG00000031167",0.2572849721262,0.000587327095572661,0.00539629759418639
"ENSMUSG00000019373",0.32203137118632,0.000593119541001114,0.00543682743913673
"ENSMUSG00000021577",-0.206623907231297,0.000594209042995857,0.00543682743913673
"ENSMUSG00000026245",0.433456373433319,0.000608051636693727,0.00552201112805094
"ENSMUSG00000024077",0.297651829239435,0.000608759468558772,0.00552201112805094
"ENSMUSG00000033793",-0.155592096034933,0.000608908267046761,0.00552201112805094
"ENSMUSG00000026234",0.20372421051195,0.0006098742759658,0.00552201112805094
"ENSMUSG00000031388",0.421333011990288,0.000610174876855922,0.00552201112805094
"ENSMUSG00000030826",-0.220497832230105,0.000611047357273531,0.00552201112805094
"ENSMUSG00000034708",-0.363613411515626,0.000618158783543167,0.00557482952125713
"ENSMUSG00000060992",0.481275537859272,0.000620574653108936,0.00558517187798042
"ENSMUSG00000001642",0.300896668987143,0.000626107440825716,0.00562346703484485
"ENSMUSG00000063316",0.358356934719872,0.000627427209015597,0.00562384347632921
"ENSMUSG00000049401",-0.438407640282055,0.000630742339690606,0.00564206714832999
"ENSMUSG00000022312",0.234248736700998,0.000634917635284841,0.00566789556366853
"ENSMUSG00000025027",0.414621939063899,0.000644382872164484,0.00574074700484999
"ENSMUSG00000041841",0.465571109063909,0.000659649235514769,0.00586488138484949
"ENSMUSG00000023089",-0.275356071835535,0.00066516184574239,0.00590197032885536
"ENSMUSG00000019868",0.255056014140223,0.000671325613691278,0.00594467610836079
"ENSMUSG00000003161",0.420680104004731,0.00067490667762257,0.00596438612091753
"ENSMUSG00000003660",0.174825332563547,0.000682559616418469,0.0060199296029212
"ENSMUSG00000010517",3.27815877824048,0.000685250733810596,0.00603157695900087
"ENSMUSG00000061780",-3.44930920179771,0.000693318173104424,0.0060904057481688
"ENSMUSG00000026926",-0.236150837301693,0.000708931250973172,0.00620618132527589
"ENSMUSG00000038965",0.302875095240811,0.000709318156467569,0.00620618132527589
"ENSMUSG00000045316",-0.278057182013697,0.000711684109736473,0.00621037596299923
"ENSMUSG00000000738",-0.356310113675772,0.000712810770513397,0.00621037596299923
"ENSMUSG00000022391",0.185735392325004,0.000714030955982188,0.00621037596299923
"ENSMUSG00000026496",0.18355814536897,0.00072019409541637,0.00624593098239245
"ENSMUSG00000028745",0.344464291047586,0.000720957268587904,0.00624593098239245
"ENSMUSG00000022241",0.345794238683556,0.000722489862790127,0.0062469113676608
"ENSMUSG00000018882",-0.23660169123287,0.000735863018425177,0.0063500649884102
"ENSMUSG00000029465",0.425242145826587,0.000739114794226843,0.00636564424538617
"ENSMUSG00000020241",-0.432058690619172,0.00074436061982642,0.00638597208491479
"ENSMUSG00000028737",-0.140924994663141,0.000744377114192522,0.00638597208491479
"ENSMUSG00000000340",-0.263734268665324,0.000760812291498594,0.00651427022351228
"ENSMUSG00000031641",-0.228249267342999,0.000764628429883758,0.006534232465861
"ENSMUSG00000109324",0.50934302533285,0.000775242411192714,0.00658976772633108
"ENSMUSG00000018765",-0.304779560116973,0.000775292070562236,0.00658976772633108
"ENSMUSG00000028081",0.186055791501555,0.000775619105257782,0.00658976772633108
"ENSMUSG00000053565",0.396768045042084,0.000786798625880195,0.0066687454973458
"ENSMUSG00000033335",0.231003422728509,0.000787945389370556,0.0066687454973458
"ENSMUSG00000022710",0.160891020357102,0.000797304945111733,0.00673500779930276
"ENSMUSG00000058558",0.207173861662017,0.000802528551043901,0.00676614588724944
"ENSMUSG00000022285",0.240646611610121,0.000805887096912833,0.0067814705803315
"ENSMUSG00000032883",0.221033993268733,0.000811098072502145,0.00679961545732946
"ENSMUSG00000022401",-0.337440221308022,0.000811133404930235,0.00679961545732946
"ENSMUSG00000002129",0.223961702820002,0.000815965423851788,0.00682246897239869
"ENSMUSG00000025745",-0.261652166799578,0.000816960042820747,0.00682246897239869
"ENSMUSG00000029221",-0.391962345273132,0.000824690670046079,0.00687398416453181
"ENSMUSG00000020850",0.175160915842117,0.000826521101654594,0.00687621808767839
"ENSMUSG00000060279",0.46674195660275,0.000855932286054007,0.00710732023537188
"ENSMUSG00000021832",0.264141553006155,0.000857529435351617,0.00710732023537188
"ENSMUSG00000035772",-0.206254375600306,0.000864454621689984,0.00715124960537147
"ENSMUSG00000001100",-0.17270740127357,0.000878631851370785,0.0072548945176038
"ENSMUSG00000005973",-0.468927082317187,0.00089645744242187,0.00738821948333081
"ENSMUSG00000047126",0.196642331838728,0.000933528132873333,0.00767935946313185
"ENSMUSG00000005732",0.464554100675326,0.000948481286482394,0.00778780996606159
"ENSMUSG00000025228",0.259144544832139,0.000955742431342865,0.00783281646245801
"ENSMUSG00000019846",-0.489796426321174,0.000968273174722917,0.00791920173644543
"ENSMUSG00000046756",-0.313829220843886,0.000969881785036149,0.00791920173644543
"ENSMUSG00000022052",0.291671405389529,0.000982488489811413,0.00800728119196301
"ENSMUSG00000007670",0.295367725280443,0.00099649447932149,0.00810641812106077
"ENSMUSG00000002227",0.472688817778895,0.00101307500794942,0.00822609429886605
"ENSMUSG00000025862",0.267774044627455,0.00102079586383665,0.00827352227761532
"ENSMUSG00000071646",0.234048358324177,0.00102876913628688,0.0083228179573503
"ENSMUSG00000005615",-0.368380335174844,0.00103911119302429,0.0083910612119264
"ENSMUSG00000020849",0.385944132357622,0.0010454380615889,0.00841805944027804
"ENSMUSG00000006678",0.374569937619771,0.00104656425371201,0.00841805944027804
"ENSMUSG00000074129",0.205731450316051,0.00104932639293976,0.00841805944027804
"ENSMUSG00000052144",0.408060744302464,0.00105010557434961,0.00841805944027804
"ENSMUSG00000028470",-0.227929080907071,0.00106024988967987,0.00848392684451114
"ENSMUSG00000031672",-0.181141965606201,0.001066694420724,0.00852000389402238
"ENSMUSG00000028847",3.2845535216189,0.00108821951637078,0.00867618494845618
"ENSMUSG00000030603",0.195162046491131,0.00109217236978592,0.0086919540676814
"ENSMUSG00000031533",-0.281515563862914,0.00111885264574572,0.00888821388795473
"ENSMUSG00000027469",1.96864369401239,0.00112617203891061,0.00893023989773981
"ENSMUSG00000005683",-0.222467128612763,0.0011522871832213,0.00910901916754659
"ENSMUSG00000018326",0.395049586330941,0.00115431597622614,0.00910901916754659
"ENSMUSG00000035637",0.312159812064511,0.0011549267656194,0.00910901916754659
"ENSMUSG00000014226",0.34738198098373,0.00115969426583123,0.00912816865022026
"ENSMUSG00000025395",0.288511055444534,0.00116150294117777,0.00912816865022026
"ENSMUSG00000022295",0.276035213872142,0.00116509263432409,0.00914005825964406
"ENSMUSG00000021131",0.189530620458072,0.00117517131605209,0.00918772133352204
"ENSMUSG00000027804",0.304632434373726,0.00117534358345215,0.00918772133352204
"ENSMUSG00000025487",0.327912468605689,0.00118165664267669,0.00922069305748246
"ENSMUSG00000032030",0.327963244164696,0.00118531168728486,0.00923284378007201
"ENSMUSG00000042605",0.546739035488308,0.00120543105593965,0.00937297186782758
"ENSMUSG00000025198",-0.321129498365686,0.0012077075216944,0.00937411076362799
"ENSMUSG00000070730",-0.275647699511136,0.00121292449137728,0.00939802937773134
"ENSMUSG00000003429",0.17646079544707,0.00122338236845323,0.00946240035775511
"ENSMUSG00000030058",0.180506814528353,0.00123672682911922,0.00954618341612503
"ENSMUSG00000027479",0.289490019307898,0.00123855276769084,0.00954618341612503
"ENSMUSG00000029203",0.54262671829229,0.00124298553860457,0.00956360027167605
"ENSMUSG00000093904",0.424829504256202,0.001248921169366,0.00959249924324564
"ENSMUSG00000020456",-0.208813146106671,0.00125541917264757,0.00962560937076998
"ENSMUSG00000091228",0.243351701591582,0.0012602270472187,0.00964566823445131
"ENSMUSG00000060802",-0.475922596964683,0.00127226745006483,0.00972091848565159
"ENSMUSG00000022698",0.377968801510999,0.00127454153228188,0.00972141643600098
"ENSMUSG00000012848",0.200923868046765,0.00128018692641814,0.00974758246222532
"ENSMUSG00000047675",0.173121720313915,0.00128937935611424,0.00980061925087874
"ENSMUSG00000050017",0.380173225891834,0.00130621273258913,0.00991044155132345
"ENSMUSG00000024091",0.34367878408295,0.00130899681191018,0.00991044155132345
"ENSMUSG00000031782",-0.345279923320614,0.00131058327263582,0.00991044155132345
"ENSMUSG00000023104",-0.2001867574348,0.00132123737700291,0.0099738691186789
"ENSMUSG00000006818",-0.339516412656362,0.00133261732262266,0.0100425493781889
"ENSMUSG00000004937",0.282933872969437,0.00135032724772903,0.0101586157559923
"ENSMUSG00000024436",-0.231428572120976,0.00135430334734157,0.0101711416922359
"ENSMUSG00000073987",-0.233813994582491,0.00137691510399293,0.0103224181564984
"ENSMUSG00000018428",0.282673693486508,0.00138048041051281,0.0103224181564984
"ENSMUSG00000020994",0.231272833889609,0.00138500884269777,0.0103224181564984
"ENSMUSG00000007739",0.176158879824904,0.00138559760634623,0.0103224181564984
"ENSMUSG00000078920",-2.74770521854841,0.00138617339933892,0.0103224181564984
"ENSMUSG00000033581",-0.154435657375508,0.00139089553179124,0.0103400865463062
"ENSMUSG00000021713",0.377328609690579,0.00139860061153485,0.010379833543617
"ENSMUSG00000028085",-0.392242347031981,0.00140755951946604,0.0104224318826319
"ENSMUSG00000061353",-3.43196806353826,0.00140965043705354,0.0104224318826319
"ENSMUSG00000012535",3.25101109342627,0.00141177713474357,0.0104224318826319
"ENSMUSG00000020380",-0.17549904953189,0.00141646922698149,0.0104224318826319
"ENSMUSG00000020064",1.86708883826426,0.00141759369402605,0.0104224318826319
"ENSMUSG00000033752",2.30011565696048,0.00141854957911759,0.0104224318826319
"ENSMUSG00000020935",-0.17515438375035,0.00142178659116623,0.0104288046462043
"ENSMUSG00000040990",3.11258388307838,0.00142727412787811,0.0104516363340958
"ENSMUSG00000031812",-2.80942456059426,0.00143470972983694,0.0104886337558345
"ENSMUSG00000034893",-2.35820335290762,0.0014374347242217,0.0104886884327462
"ENSMUSG00000116165",2.10456151167132,0.00144264264071514,0.0104886884327462
"ENSMUSG00000036632",-0.173006505848935,0.00144517847537441,0.0104886884327462
"ENSMUSG00000055675",-2.33116019187533,0.00144583221580113,0.0104886884327462
"ENSMUSG00000016255",-0.616762347486382,0.00144663346482094,0.0104886884327462
"ENSMUSG00000031353",0.365417921639139,0.00145774874687746,0.0105518951233679
"ENSMUSG00000040850",1.63047300788296,0.00146060498449659,0.0105552094199827
"ENSMUSG00000062203",0.321078199860629,0.00147586382233277,0.0106479945607976
"ENSMUSG00000024556",-0.197444831562596,0.00148067060215207,0.0106651903765487
"ENSMUSG00000030545",3.29743468583304,0.00149101789791509,0.0107221728247129
"ENSMUSG00000032643",2.78931610037947,0.00150645512694048,0.0108155122572024
"ENSMUSG00000021595",-0.177451100284152,0.00151447729915356,0.0108553983608711
"ENSMUSG00000021408",1.842979074174,0.00152330828794504,0.0108948031934322
"ENSMUSG00000026869",0.29679548371173,0.00152492587301846,0.0108948031934322
"ENSMUSG00000029433",0.374585677334728,0.00153099405190906,0.0109204292098084
"ENSMUSG00000002767",-0.328852706683243,0.00153423972184391,0.010921647388617
"ENSMUSG00000005103",0.335501574799451,0.0015361280921504,0.010921647388617
"ENSMUSG00000024853",0.239473079524714,0.00154136571642243,0.0109365455393935
"ENSMUSG00000025232",-0.247013631559469,0.00154319354236841,0.0109365455393935
"ENSMUSG00000040112",-0.305423161066514,0.00155834525077641,0.0110261695316189
"ENSMUSG00000022568",-0.280941591574436,0.00156096981484265,0.0110270114849478
"ENSMUSG00000034101",-0.214484778167844,0.00157482398142379,0.0111070518305226
"ENSMUSG00000078812",0.32170754285001,0.00159707135442895,0.0112459376493469
"ENSMUSG00000070319",0.324939159227945,0.00160303847045086,0.0112699238154221
"ENSMUSG00000034120",0.464186083988348,0.00161418228384623,0.0113301694277628
"ENSMUSG00000001794",0.447219838534497,0.00161770729076641,0.0113368308704824
"ENSMUSG00000053819",-0.271036291562261,0.00162543534876374,0.0113728791254518
"ENSMUSG00000079435",0.284490255441654,0.00164442701395775,0.0114874972832192
"ENSMUSG00000038286",-0.201932059683742,0.00166104649827699,0.0115852070347338
"ENSMUSG00000035530",0.425223506366152,0.00167904039413165,0.0116921784407807
"ENSMUSG00000066037",0.197764572943452,0.0016837968908491,0.0117067774354295
"ENSMUSG00000026511",0.28228441710985,0.00168746323463969,0.0117137629268916
"ENSMUSG00000015961",0.478441270111016,0.00169882120911863,0.0117740348682379
"ENSMUSG00000004846",-0.135862130546165,0.0017223920301304,0.0119080221220077
"ENSMUSG00000068614",-0.551240480218642,0.00172356511968164,0.0119080221220077
"ENSMUSG00000027247",0.320320222499276,0.00172900473271526,0.0119268806092161
"ENSMUSG00000078453",0.401657610890073,0.00174272192062321,0.0119866356787665
"ENSMUSG00000068882",0.221415876092703,0.00174327691322854,0.0119866356787665
"ENSMUSG00000026478",-0.163432224955393,0.0017458380981798,0.0119866356787665
"ENSMUSG00000051495",2.51039397628283,0.0017532676869155,0.0120180651972512
"ENSMUSG00000030612",-0.210175270748376,0.00175587728285219,0.0120180651972512
"ENSMUSG00000036202",0.38694414960467,0.0017644109814528,0.0120577216294624
"ENSMUSG00000061983",0.222890136863359,0.001773531646019,0.0121012601149296
"ENSMUSG00000037523",0.236425887771379,0.00177831407856993,0.012115108761279
"ENSMUSG00000078515",2.81733273671578,0.0017976615284693,0.0122175716311171
"ENSMUSG00000028820",0.158792802218112,0.00179890625243441,0.0122175716311171
"ENSMUSG00000055065",0.177662340999344,0.00180959543504593,0.0122712319100727
"ENSMUSG00000030681",0.236418928105156,0.00181968857727931,0.0123023637509236
"ENSMUSG00000005370",-0.206487695870905,0.00181977705109094,0.0123023637509236
"ENSMUSG00000018042",-0.199544444907271,0.00185902144128645,0.0125483947286836
"ENSMUSG00000020459",-0.433869646495591,0.00186368153652475,0.0125605856695948
"ENSMUSG00000028029",0.310918647775036,0.00188525655275856,0.0126585406763656
"ENSMUSG00000004264",-0.230194853296855,0.00188550762275893,0.0126585406763656
"ENSMUSG00000018446",-0.417158558908007,0.00188684450890611,0.0126585406763656
"ENSMUSG00000028138",0.386119744609754,0.0018947614965072,0.0126923064629044
"ENSMUSG00000050708",-0.251266730090343,0.00190179479347386,0.0127200590973837
"ENSMUSG00000028766",0.406767449144141,0.00192905694462441,0.0128828218714598
"ENSMUSG00000027709",-0.151724597112381,0.00193455569577028,0.0128999691167955
"ENSMUSG00000002949",-0.167698208831023,0.00194704926842788,0.0129636366571121
"ENSMUSG00000062006",0.188116126154497,0.00195297918736769,0.0129784142065356
"ENSMUSG00000022451",0.272905407847322,0.00195516669369077,0.0129784142065356
"ENSMUSG00000048612",-0.273699958650429,0.00196800122821592,0.0130398299589665
"ENSMUSG00000058655",0.561669865809812,0.00197034467682634,0.0130398299589665
"ENSMUSG00000032263",-0.281276817616433,0.0019792395504559,0.0130790289212559
"ENSMUSG00000034707",-0.201823507637375,0.001986359336752,0.013106397962587
"ENSMUSG00000027680",-0.174446913781956,0.00199183142676665,0.0131228295047904
"ENSMUSG00000031360",0.340877232320967,0.00199680594084656,0.0131359386332821
"ENSMUSG00000040549",0.218793380151258,0.00201093351993918,0.0132091319720184
"ENSMUSG00000022247",0.218465467439305,0.00202028479863259,0.013242218086318
"ENSMUSG00000024095",-0.159422038942068,0.0020219883103853,0.013242218086318
"ENSMUSG00000035948",-0.224218367988257,0.00206159860113697,0.0134645946006725
"ENSMUSG00000027108",0.282429712459301,0.0020620624314595,0.0134645946006725
"ENSMUSG00000030754",0.273349603638582,0.00208066659991382,0.0135659462314381
"ENSMUSG00000026385",0.371071829975342,0.0020843737664485,0.0135700132339347
"ENSMUSG00000020571",-0.191691225213212,0.00210469941708689,0.0136821006419489
"ENSMUSG00000020629",0.349110544814,0.00211188435126729,0.0137085590411907
"ENSMUSG00000001755",-0.284540879501755,0.00211847304085948,0.0137310748937004
"ENSMUSG00000027222",3.99882610843804,0.00212462824066491,0.0137320392726219
"ENSMUSG00000052833",0.330614747267557,0.00212486224600216,0.0137320392726219
"ENSMUSG00000021266",0.269356371946003,0.00214151360134743,0.0138193568321555
"ENSMUSG00000024740",0.196047194890692,0.0021524126093444,0.0138663955878731
"ENSMUSG00000015363",-0.38730631490203,0.00215510442674511,0.0138663955878731
"ENSMUSG00000017781",0.612362042009597,0.00215973258623172,0.013875887754753
"ENSMUSG00000023015",2.5074756578332,0.00217152976159806,0.0139144577136491
"ENSMUSG00000009575",0.258141199316068,0.00217205917956758,0.0139144577136491
"ENSMUSG00000027597",0.299497316520291,0.00218488283766579,0.0139762636171034
"ENSMUSG00000033938",-0.291606286936055,0.0021883137182383,0.0139778935761492
"ENSMUSG00000015357",-0.116632076511586,0.00219414950523717,0.0139948579312301
"ENSMUSG00000017776",0.455323687804633,0.00223222169519069,0.0142170878155344
"ENSMUSG00000052926",2.15660466248791,0.00223903047299309,0.0142398455370558
"ENSMUSG00000015291",0.442705078319463,0.00225455738006423,0.0142981208959847
"ENSMUSG00000002831",0.337753590594776,0.0022546911842339,0.0142981208959847
"ENSMUSG00000031754",0.166585298771771,0.002282094975744,0.0144510791197833
"ENSMUSG00000021591",0.654871976806096,0.00229509334911686,0.0145125083756656
"ENSMUSG00000028800",0.129206928404521,0.0023052823102365,0.0145560221626267
"ENSMUSG00000026341",0.233773265319254,0.00232643147985252,0.014668517110073
"ENSMUSG00000004207",-0.206383730005442,0.00234213207629693,0.0147463852185734
"ENSMUSG00000028180",0.330152981118008,0.00234737572475368,0.0147582865209156
"ENSMUSG00000032320",-0.271465589642755,0.00235216484268671,0.0147673002463113
"ENSMUSG00000001016",0.308757778421608,0.00241963657725319,0.0151692600804719
"ENSMUSG00000017478",4.01394444942604,0.00243330082495638,0.015233224652394
"ENSMUSG00000060636",0.24234753486591,0.00243707696215819,0.0152351927705372
"ENSMUSG00000045594",-0.305767466308215,0.00246640076020147,0.0153966379370874
"ENSMUSG00000035936",-0.225789177720294,0.00248284838823397,0.015477359428637
"ENSMUSG00000021707",-0.32200792770676,0.00248973381187175,0.0154983288628678
"ENSMUSG00000028691",0.300949128599871,0.00249544123607919,0.0155119164971533
"ENSMUSG00000063904",0.294467764231513,0.00254654389499774,0.0158072491987095
"ENSMUSG00000030536",0.242147135865764,0.00255030831097125,0.0158083195444852
"ENSMUSG00000061787",0.347376249777358,0.00255453733211544,0.0158122627266386
"ENSMUSG00000001380",0.372977427700992,0.00256580333194037,0.0158296825564031
"ENSMUSG00000032458",0.204369182665783,0.00256627758260553,0.0158296825564031
"ENSMUSG00000020477",-0.316087726511,0.00256814209163186,0.0158296825564031
"ENSMUSG00000070493",0.292112911579046,0.00259568159763547,0.0159770555401311
"ENSMUSG00000032058",0.430145028943045,0.00263909898777293,0.0162216126329451
"ENSMUSG00000039067",0.241150978449898,0.00264542176148195,0.0162377980087616
"ENSMUSG00000005299",-0.170543894525697,0.00269925284271828,0.0165451417281381
"ENSMUSG00000032601",0.365545370233086,0.00273123824987304,0.0167179131261352
"ENSMUSG00000066148",0.150685556394421,0.00275978509828646,0.016869186413276
"ENSMUSG00000005610",0.158481375099193,0.00277392348945444,0.0169172353339554
"ENSMUSG00000014355",2.2405217074257,0.00277533376757914,0.0169172353339554
"ENSMUSG00000026922",0.223492771221636,0.00278537035599777,0.0169549307562188
"ENSMUSG00000021939",0.338512210474601,0.00280791680181318,0.01706856608395
"ENSMUSG00000024782",-0.219716007957388,0.00283924994835176,0.0172352262382015
"ENSMUSG00000027018",0.401727103209165,0.00286508385376382,0.0173360392866994
"ENSMUSG00000027708",2.71698549810778,0.00286701824068221,0.0173360392866994
"ENSMUSG00000026421",0.240830107630931,0.00286767475590028,0.0173360392866994
"ENSMUSG00000042029",0.984209252577152,0.00294038000657053,0.0177511830026295
"ENSMUSG00000031299",-0.24394870795118,0.00298644585715559,0.0179919293469869
"ENSMUSG00000000628",0.156816583607238,0.00298843452684558,0.0179919293469869
"ENSMUSG00000019864",-0.212635781579298,0.00299478059931506,0.0180055046688328
"ENSMUSG00000031068",0.291443041867442,0.00300409632984985,0.0180297336782709
"ENSMUSG00000044147",0.437562559895671,0.00300700398087954,0.0180297336782709
"ENSMUSG00000031357",0.359609141612445,0.00306672086820094,0.0183443498355747
"ENSMUSG00000007097",0.222054610446733,0.00306781219699682,0.0183443498355747
"ENSMUSG00000019054",0.281071611091328,0.00309770988397775,0.0184979934862769
"ENSMUSG00000026750",0.456955672255177,0.00310815063402065,0.01853519097605
"ENSMUSG00000029426",-0.34702982093707,0.00311357417132633,0.0185424085629326
"ENSMUSG00000024767",0.238184340853511,0.00312169369748688,0.0185656404900537
"ENSMUSG00000003099",2.95878339570871,0.0031576034134008,0.018753863188093
"ENSMUSG00000034892",0.247675926746656,0.00317640997347015,0.0188233808650854
"ENSMUSG00000087260",0.547179255188933,0.00317786230010417,0.0188233808650854
"ENSMUSG00000031333",-0.20965745843656,0.0031980090557738,0.0189172551807265
"ENSMUSG00000002379",-0.402512936287486,0.00322706245997935,0.019063492464925
"ENSMUSG00000039361",0.268844287653128,0.003243167235435,0.0191257051109894
"ENSMUSG00000019082",-0.280510373753824,0.00324628532558716,0.0191257051109894
"ENSMUSG00000024120",-0.163714750510685,0.00325543936435577,0.0191539955114034
"ENSMUSG00000020863",0.259230684359199,0.0032603112141985,0.0191570489368326
"ENSMUSG00000035152",0.224948676050918,0.00327154558305197,0.0191974294813489
"ENSMUSG00000040675",-0.168785752604613,0.00328553273749134,0.0192538343244999
"ENSMUSG00000053604",0.391758524764203,0.00329748417728757,0.0192981753513864
"ENSMUSG00000029098",0.529142822963802,0.00332722266761662,0.019446357184835
"ENSMUSG00000045983",0.222229548281806,0.00337243899950337,0.0196844881124859
"ENSMUSG00000030770",0.328155406793826,0.00342330686552394,0.0199549318081733
"ENSMUSG00000009863",-0.234203840998738,0.0034419493294749,0.0200370621680146
"ENSMUSG00000002660",-0.209282682890294,0.00346316263094446,0.0201339217157022
"ENSMUSG00000018965",0.262387325896455,0.00353587492853646,0.0205295324017005
"ENSMUSG00000026192",0.196921219538034,0.00354407927600143,0.0205500565134154
"ENSMUSG00000021496",-0.251509662695067,0.0035503096270825,0.020559095616829
"ENSMUSG00000023249",-0.310726279377633,0.00356655545209969,0.0206195281799339
"ENSMUSG00000037712",0.214418500375849,0.0035701159902544,0.0206195281799339
"ENSMUSG00000057278",0.205938010709176,0.00358841477121875,0.0206959396314845
"ENSMUSG00000038717",-0.361733737223105,0.00359275116529293,0.0206959396314845
"ENSMUSG00000001506",-3.11952143317189,0.00360107115739088,0.0207167505407546
"ENSMUSG00000001441",0.235513985046044,0.00361194246080213,0.0207521654960707
"ENSMUSG00000032271",-2.02023013936037,0.00363156918867486,0.020812666959321
"ENSMUSG00000020476",0.259073342749208,0.00363193097585969,0.020812666959321
"ENSMUSG00000030795",0.398686218930621,0.00364871065465137,0.0208816327582844
"ENSMUSG00000024614",0.440110030678245,0.00366326531089135,0.0209377021210816
"ENSMUSG00000042520",0.21855175552092,0.00367457427829495,0.0209750990905007
"ENSMUSG00000028609",0.330714343710593,0.00368063382762513,0.0209824734137023
"ENSMUSG00000019975",-0.520901840287415,0.0037158742694096,0.0211535918718782
"ENSMUSG00000027531",0.252113306274364,0.00372026360118922,0.0211535918718782
"ENSMUSG00000000787",0.134087324699934,0.00373653464432035,0.0212186954447147
"ENSMUSG00000067873",0.220590848971241,0.00377603310664175,0.0214153630184669
"ENSMUSG00000030671",0.220032096950952,0.00383732798426505,0.0217184339168515
"ENSMUSG00000028102",2.57207318960115,0.00384100540322569,0.0217184339168515
"ENSMUSG00000055817",2.67755190037536,0.00384691718592281,0.0217184339168515
"ENSMUSG00000024038",-0.218748209698205,0.00384921119180736,0.0217184339168515
"ENSMUSG00000022770",0.64383668201701,0.00388825645090097,0.0219106487073178
"ENSMUSG00000061315",0.271091396164291,0.0039856671686169,0.0224308455359118
"ENSMUSG00000025246",2.79229694240236,0.00399565087219917,0.0224566686730537
"ENSMUSG00000030970",-0.330380751391417,0.00400139728170254,0.0224566686730537
"ENSMUSG00000032171",0.355577156446184,0.00400556348746811,0.0224566686730537
"ENSMUSG00000027668",-1.71995907075975,0.00403268155403062,0.0225799383197058
"ENSMUSG00000057863",0.183973942589461,0.00406174848333369,0.0227137929798622
"ENSMUSG00000032479",0.287383357963119,0.00407545467672508,0.0227615178074455
"ENSMUSG00000028559",0.214009878108829,0.00416019736596683,0.0232053594519899
"ENSMUSG00000020877",2.74214489849519,0.00418065697699682,0.0232899637414722
"ENSMUSG00000025369",0.146487655816141,0.00424937358425394,0.023642848475729
"ENSMUSG00000022453",-0.249690382988529,0.00428424390451732,0.0238067644239656
"ENSMUSG00000008450",0.227693414873173,0.0042967873925879,0.023846357269583
"ENSMUSG00000020514",-0.280347606566735,0.00431317688700249,0.0238846707328293
"ENSMUSG00000040225",1.55643105711472,0.00431454515623707,0.0238846707328293
"ENSMUSG00000015733",0.25788806160509,0.00435142193055768,0.0240299693589176
"ENSMUSG00000028832",0.488141271791608,0.00435703392022512,0.0240299693589176
"ENSMUSG00000014077",0.346666480913093,0.004357172358195,0.0240299693589176
"ENSMUSG00000038510",0.26220009846309,0.00437926178568596,0.0241215658558247
"ENSMUSG00000056305",0.251716885906518,0.00438716295943256,0.0241348802305784
"ENSMUSG00000030619",0.266639968413067,0.00448877506811153,0.0246630450371521
"ENSMUSG00000031095",0.551039773022985,0.00453040933730772,0.0248511704638133
"ENSMUSG00000019849",0.261222872461214,0.00453430808508114,0.0248511704638133
"ENSMUSG00000002107",-0.281042295580182,0.00458176524267115,0.025080035861935
"ENSMUSG00000031521",-0.237978433258878,0.00462940079510177,0.0253083652863602
"ENSMUSG00000032097",0.11838881024412,0.00463497896405506,0.0253083652863602
"ENSMUSG00000027651",0.245598809920448,0.00473619329165277,0.0258289797726937
"ENSMUSG00000027533",0.299156807347082,0.00475842647180836,0.0258563562935799
"ENSMUSG00000052605",-2.55423266282463,0.00475861859875103,0.0258563562935799
"ENSMUSG00000021666",-0.343683358094726,0.00476034595751657,0.0258563562935799
"ENSMUSG00000025651",-0.207760156156152,0.00476471369100051,0.0258563562935799
"ENSMUSG00000041891",-0.232097438251319,0.00478306114422223,0.0259239557829089
"ENSMUSG00000024026",0.406001136502738,0.00481202727363585,0.0260388043808171
"ENSMUSG00000031862",-0.155926070972853,0.00481608424584984,0.0260388043808171
"ENSMUSG00000037772",-0.344876084577248,0.00491822418052097,0.0265584105748132
"ENSMUSG00000018379",0.258191143873681,0.0049630952527111,0.0267678703519382
"ENSMUSG00000038366",0.370388422090553,0.00497915793767255,0.0268216329053817
"ENSMUSG00000089847",-0.352296835151769,0.00499971478371977,0.0268668437868955
"ENSMUSG00000026037",2.29006365304883,0.00499976029572083,0.0268668437868955
"ENSMUSG00000003528",-0.16805639768172,0.00506127558569335,0.0271642364056542
"ENSMUSG00000021646",-0.33370308845322,0.00508199100989757,0.0272421954135922
"ENSMUSG00000020547",2.09818333389292,0.00513150104184874,0.0274741314904821
"ENSMUSG00000024045",0.246008026078776,0.00515104401205869,0.0275452547959542
"ENSMUSG00000039263",2.46658258690185,0.00517019725661201,0.0276141239397445
"ENSMUSG00000002147",2.1501448218337,0.00518022330516636,0.0276341366861056
"ENSMUSG00000022889",-0.169770235813733,0.00520980671391989,0.0277583042953528
"ENSMUSG00000033970",-0.214864944228598,0.00524359077728931,0.0279045260107017
"ENSMUSG00000022962",0.246291824283308,0.00525528134226264,0.0279329627865917
"ENSMUSG00000025358",0.271068262477446,0.005302067122139,0.0281476446375558
"ENSMUSG00000025724",0.398169840744796,0.00530906741417045,0.0281508502286315
"ENSMUSG00000020843",-0.336876503970636,0.00532866510426006,0.0282207642886264
"ENSMUSG00000022711",2.10454018232727,0.00535376294147574,0.0283196042132629
"ENSMUSG00000042650",2.19414720862027,0.00537355426320814,0.0283897175074693
"ENSMUSG00000036504",0.264951520716586,0.00538110733517661,0.0283897175074693
"ENSMUSG00000010095",0.171186803427055,0.00538636994290772,0.0283897175074693
"ENSMUSG00000022244",0.177320919935951,0.00540154142496759,0.0284356265685196
"ENSMUSG00000061461",0.29714302628792,0.00545915437030118,0.0287045858825514
"ENSMUSG00000018861",-0.36549991403777,0.00547744603513983,0.0287663961821604
"ENSMUSG00000053931",-0.39624942994087,0.00553868030606154,0.0290343844961853
"ENSMUSG00000064080",-2.55916775647266,0.00554166847916283,0.0290343844961853
"ENSMUSG00000063870",0.0839419067537577,0.00558704126222236,0.0292372991617605
"ENSMUSG00000001473",-0.174419411025518,0.00561153494109964,0.0293306000899994
"ENSMUSG00000021376",2.29241844121092,0.00562368985570212,0.0293592634103737
"ENSMUSG00000061613",0.172822928682489,0.00573542907043421,0.0298926494635257
"ENSMUSG00000025757",-0.388795526298011,0.00573944303491917,0.0298926494635257
"ENSMUSG00000073411",-0.282191899398686,0.00576347952135505,0.0299607206647779
"ENSMUSG00000061136",0.191178000540209,0.00576612824427786,0.0299607206647779
"ENSMUSG00000025059",0.333088403705652,0.00582051357628915,0.0302076418033591
"ENSMUSG00000028136",0.195031245504737,0.00589147351175068,0.0305398997941281
"ENSMUSG00000025024",0.403816510124138,0.00593848331453689,0.0307473706673845
"ENSMUSG00000022053",-0.263116344623679,0.00599309939088949,0.0309936902694532
"ENSMUSG00000001751",-0.147280971845134,0.00601712147071704,0.031081398582894
"ENSMUSG00000028567",0.219092991623842,0.00603170085660709,0.0311201822625179
"ENSMUSG00000023723",-0.163672556653356,0.00612208351764352,0.0315495193924463
"ENSMUSG00000039509",-0.13984784663899,0.00614581859338768,0.0316347925491219
"ENSMUSG00000033157",-0.268165241427358,0.00616441868254019,0.0316934656797423
"ENSMUSG00000027014",1.94887496899864,0.00620106401420157,0.0318446706260223
"ENSMUSG00000020358",0.240897853909537,0.00623576262190931,0.0319605456715631
"ENSMUSG00000021868",-0.230905664742068,0.00623815240442461,0.0319605456715631
"ENSMUSG00000042787",-0.227648664251696,0.00625515979844016,0.0320104165964362
"ENSMUSG00000028969",-0.342671039867941,0.00636371244245281,0.0325281050629905
"ENSMUSG00000032637",0.329043111785808,0.00640878040779143,0.0327204670240024
"ENSMUSG00000034424",-0.280365689015085,0.00646542269949333,0.0329714082276595
"ENSMUSG00000027620",0.165690022638199,0.00656019870725049,0.0333840221526944
"ENSMUSG00000021686",0.272042388002301,0.00656150401319715,0.0333840221526944
"ENSMUSG00000016757",0.309045634699277,0.00660266095143604,0.0335546314633603
"ENSMUSG00000011884",2.01361406141253,0.00663185962239424,0.0336641455572746
"ENSMUSG00000025140",-0.375839564802408,0.00665353372200508,0.0337352556573092
"ENSMUSG00000020899",0.254024496408601,0.00668259579907513,0.0338436180802413
"ENSMUSG00000002870",0.0892868625824157,0.00673113929424276,0.0340502804988073
"ENSMUSG00000027195",0.127485321350619,0.00678112598255668,0.03426376056169
"ENSMUSG00000022354",-0.195453362330195,0.00679857797360939,0.0343125477773565
"ENSMUSG00000062078",0.160725120371303,0.00687978270648454,0.0346484882986951
"ENSMUSG00000023110",0.350809747076404,0.00688294102260793,0.0346484882986951
"ENSMUSG00000030659",-2.31884924511022,0.00688875875059263,0.0346484882986951
"ENSMUSG00000018189",0.210504625005395,0.00691732916227379,0.0347170107864185
"ENSMUSG00000050043",0.243101543973548,0.00692213978346134,0.0347170107864185
"ENSMUSG00000021665",-0.254819584466606,0.00692604759610895,0.0347170107864185
"ENSMUSG00000025809",-0.143503533625768,0.00704143646091534,0.0352165765634116
"ENSMUSG00000056629",0.263075102996943,0.00704258313447153,0.0352165765634116
"ENSMUSG00000025762",1.68662847923562,0.00704971687170317,0.0352165765634116
"ENSMUSG00000019470",-0.180423335858901,0.00710185653422406,0.0354368147473017
"ENSMUSG00000041453",0.239662716820387,0.00712465514244796,0.0355103140225521
"ENSMUSG00000028648",-0.236701162893034,0.00714431629315316,0.0355680271562976
"ENSMUSG00000028910",-0.193168017318673,0.00716219937773451,0.0356167677530052
"ENSMUSG00000034432",0.2251942275097,0.00732026586485607,0.0363617269426993
"ENSMUSG00000000838",-0.165423769292417,0.00737023477664236,0.0365306625122821
"ENSMUSG00000030062",-0.154167736978557,0.00737087668959476,0.0365306625122821
"ENSMUSG00000021413",0.164453241458439,0.00740771453275131,0.0366719366238903
"ENSMUSG00000018593",-0.39537958169652,0.00742780749566488,0.0367300907735069
"ENSMUSG00000042010",-2.95951568712563,0.00744314690146254,0.0367646346951028
"ENSMUSG00000026029",2.32680423568016,0.00747514698357069,0.0368813025501061
"ENSMUSG00000022792",-0.219979382194417,0.00751420251252022,0.037032480691603
"ENSMUSG00000024594",0.201748500036793,0.00752758842445932,0.0370420551973315
"ENSMUSG00000005534",-1.1653561807055,0.00753297873247255,0.0370420551973315
"ENSMUSG00000022706",-0.32555712507628,0.00755902857982409,0.0371286660488904
"ENSMUSG00000035960",0.190717330180323,0.00759490852634756,0.0372633137396384
"ENSMUSG00000026568",0.205613529050375,0.00765095976004593,0.0374965188240113
"ENSMUSG00000026914",0.164971578339348,0.00767967740323869,0.0375953951631295
"ENSMUSG00000004849",2.56797094050429,0.00772836357258087,0.0377916978699205
"ENSMUSG00000007850",0.139362157365614,0.00776052169952865,0.0379068324080195
"ENSMUSG00000030061",0.313654168843446,0.00777897788066505,0.0379548577082116
"ENSMUSG00000030316",-0.396346604863872,0.00784675378824976,0.0382431488616691
"ENSMUSG00000039952",-0.72388403677261,0.00786313215355544,0.03828058031836
"ENSMUSG00000024941",0.276574263458087,0.00811881309245527,0.0394816535026471
"ENSMUSG00000032249",0.282129420070063,0.00820995940053113,0.039825033578417
"ENSMUSG00000037236",0.152402329742568,0.00821566827680776,0.039825033578417
"ENSMUSG00000038507",2.46844308319188,0.00821657134496765,0.039825033578417
"ENSMUSG00000025234",2.58499392109002,0.00825019092795732,0.0399439937007042
"ENSMUSG00000061607",0.202814368300981,0.0083521576787232,0.0403932373011657
"ENSMUSG00000021000",2.23780354969855,0.00839214845419687,0.0405310286051247
"ENSMUSG00000026150",3.03212856484303,0.00840527005782135,0.0405310286051247
"ENSMUSG00000021094",-0.22264112401222,0.0084082774634126,0.0405310286051247
"ENSMUSG00000046139",2.05932104108706,0.00842219590369088,0.0405537025953431
"ENSMUSG00000066232",0.538866570542506,0.00843194210590402,0.0405562592438072
"ENSMUSG00000029191",-0.153664165136078,0.00846140779569644,0.0406535542673144
"ENSMUSG00000031848",-0.184810279791382,0.00849820484872197,0.0406862382339327
"ENSMUSG00000024955",2.11543293446963,0.00849913115285726,0.0406862382339327
"ENSMUSG00000066036",0.548651778564476,0.00850162135743446,0.0406862382339327
"ENSMUSG00000041959",-0.381814463499648,0.00850518954219906,0.0406862382339327
"ENSMUSG00000029718",-1.6592220155782,0.0085299140888268,0.0407221053962904
"ENSMUSG00000028964",0.244845247765912,0.00853119317777319,0.0407221053962904
"ENSMUSG00000055932",1.92299323479028,0.00854240136184666,0.0407314283786426
"ENSMUSG00000055053",0.250340164052336,0.00861999834168908,0.0410569401534347
"ENSMUSG00000038069",0.18723546721569,0.00863182450182504,0.0410688212243589
"ENSMUSG00000027710",-0.154420645405793,0.00865694823715025,0.0411438760169527
"ENSMUSG00000022110",-0.173005977499756,0.00870863272171303,0.0413407404284439
"ENSMUSG00000025508",0.185659194466062,0.00872491631285113,0.0413407404284439
"ENSMUSG00000031146",2.48034013340797,0.00872655029721072,0.0413407404284439
"ENSMUSG00000022769",-0.312559743004492,0.0087881075340091,0.0415875927496495
"ENSMUSG00000025001",0.0970167758680347,0.00889423768210306,0.0419955037193067
"ENSMUSG00000000088",-0.199476732794935,0.00889625174662229,0.0419955037193067
"ENSMUSG00000061559",0.242201928706177,0.0089029322813254,0.0419955037193067
"ENSMUSG00000020089",0.393167857632076,0.00897987588748683,0.0422891554266259
"ENSMUSG00000001289",0.396585150851873,0.00898440361824476,0.0422891554266259
"ENSMUSG00000020814",1.92770595646947,0.00919369461632866,0.0432280448786992
"ENSMUSG00000115338",0.196478019059004,0.00930684790764591,0.0437133806206507
"ENSMUSG00000056310",-0.216806741732015,0.00941308314828806,0.044165222745859
"ENSMUSG00000018362",0.193292721446046,0.00942787145449999,0.0441874997563945
"ENSMUSG00000029427",0.394817829050577,0.00947326872764967,0.0443530379472194
"ENSMUSG00000024812",2.26248725508677,0.00954349824015524,0.0446343631827027
"ENSMUSG00000040562",0.186452266063888,0.00956849679382096,0.0447037732373737
"ENSMUSG00000020198",0.162431672944901,0.00963800948695894,0.0449807844667087
"ENSMUSG00000029840",0.448690430871942,0.0096612202462822,0.0450413456608982
"ENSMUSG00000042487",2.42573257322503,0.00970907133820233,0.0452165322321994
"ENSMUSG00000015027",-2.2458327243778,0.00972811886991657,0.0452573479349924
"ENSMUSG00000019471",0.28762897224264,0.00988758170101085,0.0459506304816777
"ENSMUSG00000032126",0.387576513059663,0.00991446803094343,0.0460269765866899
"ENSMUSG00000029311",-0.369254923141547,0.00996484224396731,0.0462120871609063
"ENSMUSG00000065979",2.43595513957404,0.00998870683471537,0.0462739987153498
"ENSMUSG00000008892",-0.15443295433613,0.010004172728897,0.0462969129125927
"ENSMUSG00000031078",0.227687000870809,0.0100430639329525,0.0464280718160964
"ENSMUSG00000016194",1.81861235215403,0.0101814578839821,0.0470184639532058
"ENSMUSG00000034903",1.42795317544776,0.0102392050013731,0.0472355777893533
"ENSMUSG00000027746",0.281410997619506,0.0103136651987398,0.047529257109585
"ENSMUSG00000039367",0.334116584375973,0.0104257240346477,0.0479954094942307
"ENSMUSG00000029575",-0.201885619131883,0.0105873586842742,0.0486885742627906
"ENSMUSG00000021520",-0.364871246625103,0.0107001462963759,0.0491558912842903
"ENSMUSG00000021242",-0.350088425187984,0.0107405031727883,0.0492898378138074
"ENSMUSG00000047879",0.326729763531795,0.0108381137757278,0.0496859778406022
"ENSMUSG00000037286",0.198728360611785,0.0108582636619621,0.0497265539815768
"ENSMUSG00000058704",0.324635986708852,0.0108754075806517,0.0497532939318587
"ENSMUSG00000030286",-0.238067801599556,0.0109083212236792,0.049852047461487
"ENSMUSG00000035851",0.29178946690751,0.0110726863246027,0.0505435318126044
"ENSMUSG00000059714",-0.249628782641665,0.0110825967278262,0.0505435318126044
"ENSMUSG00000039168",0.412976941978489,0.0111544393893229,0.0507702781532734
"ENSMUSG00000027206",0.233337914574104,0.0111553871788719,0.0507702781532734
"ENSMUSG00000005142",-0.262006157989568,0.0112543025782623,0.0511675471559218
"ENSMUSG00000018585",0.310037238248789,0.0113724726648352,0.0516514470566974
"ENSMUSG00000040028",0.0878004861968833,0.0114656578227387,0.0520209897710033
"ENSMUSG00000021938",0.168392371049819,0.0115270454608682,0.0522456509508557
"ENSMUSG00000028953",-0.166342678791157,0.0116025898458103,0.0525339484685298
"ENSMUSG00000038936",-0.238927280072364,0.0116481191124006,0.0526445148239847
"ENSMUSG00000024661",-0.201013793162076,0.011650933296651,0.0526445148239847
"ENSMUSG00000063358",0.216475008663338,0.0117141478187564,0.0528285898710825
"ENSMUSG00000025041",0.515371188800994,0.0117156790988813,0.0528285898710825
"ENSMUSG00000026219",0.205585098643592,0.0117570333868644,0.0529608023905734
"ENSMUSG00000024835",0.24251413534769,0.0118801801750011,0.0534469618403821
"ENSMUSG00000020954",2.53987504135331,0.011889246907915,0.0534469618403821
"ENSMUSG00000024082",-0.302832839511563,0.0119624537427647,0.0537211825733747
"ENSMUSG00000028416",2.68820279301564,0.0120800612781465,0.0541940363762721
"ENSMUSG00000052911",-0.297369980695979,0.0121511210870467,0.0544573155846158
"ENSMUSG00000040681",0.300181732347724,0.0123123550054021,0.0551150167711404
"ENSMUSG00000030611",-0.32243808832796,0.0123229212685304,0.0551150167711404
"ENSMUSG00000063445",-0.297079126126228,0.0125938309746593,0.0562694925070816
"ENSMUSG00000003235",2.1933371674221,0.0126710263644511,0.0565569848173926
"ENSMUSG00000002741",3.10933606618491,0.0127700954255016,0.0569414285386347
"ENSMUSG00000026623",0.363493241300802,0.0128071321042016,0.0570487736746873
"ENSMUSG00000066839",-0.14812243688176,0.0128266793961175,0.057078074845615
"ENSMUSG00000030216",0.25840536956462,0.0128412086163225,0.057085009212561
"ENSMUSG00000052962",-0.303085929843085,0.0129937076698791,0.0577046492988273
"ENSMUSG00000003355",-2.67188575661142,0.013013820796801,0.05773571101484
"ENSMUSG00000025372",1.54618741584732,0.0130488618945923,0.0578328712971809
"ENSMUSG00000028156",0.387448719399739,0.0130776619367028,0.0579022034038523
"ENSMUSG00000020745",0.232845656818068,0.0131327376043272,0.0580876162780342
"ENSMUSG00000057363",-0.340646970224437,0.0132936121282805,0.0587401475668296
"ENSMUSG00000028229",0.271941084236847,0.013339110327248,0.0588820707625061
"ENSMUSG00000002372",0.274352695147485,0.0134861034058926,0.059444242302549
"ENSMUSG00000031634",0.241524143073431,0.0134934783140755,0.059444242302549
"ENSMUSG00000024978",2.80180682840631,0.0136361463417469,0.0600126800500279
"ENSMUSG00000029484",-0.298644869118288,0.0137246867617016,0.0603151000716109
"ENSMUSG00000038991",-0.123609635010336,0.0137322722726094,0.0603151000716109
"ENSMUSG00000052146",0.312434714791436,0.0137876437811358,0.0604979265012748
"ENSMUSG00000070780",2.11329817660587,0.01381482210258,0.0605568048540382
"ENSMUSG00000033953",2.75791929549101,0.0138669363012362,0.060724762847503
"ENSMUSG00000031207",0.203317470344185,0.0138820976242221,0.0607307272805183
"ENSMUSG00000001017",0.317804944562706,0.0140622960237173,0.0612779160466729
"ENSMUSG00000021018",3.57984360492235,0.014074880172907,0.0612779160466729
"ENSMUSG00000035297",0.157299452226663,0.0140783650553267,0.0612779160466729
"ENSMUSG00000015806",0.196984859967216,0.0140784158791454,0.0612779160466729
"ENSMUSG00000015889",0.275626693547931,0.0140809900276924,0.0612779160466729
"ENSMUSG00000037742",0.150405323501225,0.0140907182547678,0.0612779160466729
"ENSMUSG00000038429",0.218110468282415,0.0141870993691978,0.0616361543177093
"ENSMUSG00000028478",0.21632275701328,0.0142721015350338,0.0619442986742443
"ENSMUSG00000029227",0.197613322248884,0.0144084349502383,0.0624744061241368
"ENSMUSG00000008540",-0.24991867408098,0.0145902569267751,0.0630975780599616
"ENSMUSG00000032459",-0.139688960284676,0.0146219489650525,0.0630975780599616
"ENSMUSG00000029414",-1.77674879507485,0.0146440868325488,0.0630975780599616
"ENSMUSG00000028261",-2.36708398695574,0.0146549741899582,0.0630975780599616
"ENSMUSG00000029763",1.47405603417381,0.0146703154623171,0.0630975780599616
"ENSMUSG00000068196",-1.90053544109501,0.0146821837787514,0.0630975780599616
"ENSMUSG00000021096",1.67087194295883,0.0146834375479977,0.0630975780599616
"ENSMUSG00000006058",1.99282031961459,0.0146971658353946,0.0630975780599616
"ENSMUSG00000041921",-1.80088119906426,0.0146989324010497,0.0630975780599616
"ENSMUSG00000020608",1.35652456338844,0.0147016011660961,0.0630975780599616
"ENSMUSG00000000759",1.85371195853117,0.0147260925136756,0.0630975780599616
"ENSMUSG00000034203",0.60824988812703,0.0147261035275112,0.0630975780599616
"ENSMUSG00000063694",0.234795278302492,0.014738539024231,0.0630975780599616
"ENSMUSG00000003031",1.42030748346919,0.0147721780861922,0.0631249320799072
"ENSMUSG00000022808",1.56508183104093,0.0147762550676244,0.0631249320799072
"ENSMUSG00000002326",-1.31650611379254,0.0147961515790002,0.0631249320799072
"ENSMUSG00000027201",0.212043233294054,0.0148090783649321,0.0631249320799072
"ENSMUSG00000029287",1.42049370177572,0.0148228324341216,0.0631249320799072
"ENSMUSG00000042590",1.55681193699364,0.0148432200406685,0.0631249320799072
"ENSMUSG00000036932",-0.176872991011791,0.0148467421309099,0.0631249320799072
"ENSMUSG00000039246",1.86099222757113,0.0148614204051624,0.0631249320799072
"ENSMUSG00000032456",-2.19430263364103,0.0148833433407642,0.0631249320799072
"ENSMUSG00000070284",1.48987331292557,0.0148883616221185,0.0631249320799072
"ENSMUSG00000027599",-0.22480017496521,0.0150672449881997,0.0638218914273984
"ENSMUSG00000021794",-0.0992463038976297,0.0151366294537885,0.0640541406020417
"ENSMUSG00000052299",1.69412605807372,0.0151640305985993,0.0641084521272196
"ENSMUSG00000034667",1.88078351564651,0.0152221348121047,0.0642923371478626
"ENSMUSG00000024644",0.218589874089002,0.0152902920907812,0.0644918790824864
"ENSMUSG00000039318",2.26578313423279,0.0153118918777673,0.0644918790824864
"ENSMUSG00000029202",0.133893354753525,0.0153195360977923,0.0644918790824864
"ENSMUSG00000046324",0.183215824182355,0.0153279948921338,0.0644918790824864
"ENSMUSG00000029730",-0.109805381562602,0.0153681484832227,0.064551283301927
"ENSMUSG00000063171",0.321395692831441,0.0153714485117972,0.064551283301927
"ENSMUSG00000006289",1.85435452709855,0.0153956344662235,0.0645912176223543
"ENSMUSG00000034160",-0.180042146904832,0.0154123244525005,0.0645996570623378
"ENSMUSG00000031921",1.94887841511767,0.0155434168612259,0.064963461561707
"ENSMUSG00000020483",0.25006067603691,0.0155468665566324,0.064963461561707
"ENSMUSG00000029014",1.361418280827,0.015550836845769,0.064963461561707
"ENSMUSG00000024646",-0.153426437320196,0.0155581659818312,0.064963461561707
"ENSMUSG00000000001",-0.234875431344243,0.015630954688411,0.0651939175068802
"ENSMUSG00000005198",-0.16649763258064,0.0156447948814972,0.0651939175068802
"ENSMUSG00000036257",-0.269598218570277,0.0156577984105368,0.0651939175068802
"ENSMUSG00000026837",-1.89763362376755,0.0156786848814176,0.0652191797382978
"ENSMUSG00000030546",0.167893123147152,0.0157758392553339,0.065506321994818
"ENSMUSG00000027715",2.91959633891967,0.0157774826890495,0.065506321994818
"ENSMUSG00000046573",-0.264134816299169,0.0158072355314767,0.0655679958284911
"ENSMUSG00000109865",-0.284672656991695,0.0160060979141316,0.0663303549153421
"ENSMUSG00000024370",0.277099638535073,0.016072058283509,0.0665410428087704
"ENSMUSG00000027823",0.17367498385287,0.0161621481708602,0.066851141071387
"ENSMUSG00000040688",-0.289537075146633,0.0161797451158004,0.0668610875630402
"ENSMUSG00000031996",-0.320336652023606,0.0162619311086016,0.0671376724286639
"ENSMUSG00000031657",2.09806659295838,0.01627784385507,0.0671403850104623
"ENSMUSG00000032959",0.254842463987792,0.0163387657578641,0.067295539075276
"ENSMUSG00000026626",1.77885038853503,0.0163460420975846,0.067295539075276
"ENSMUSG00000031119",2.08005596869148,0.0163762916409422,0.0672985525752058
"ENSMUSG00000037070",0.16122397621789,0.0163773573751523,0.0672985525752058
"ENSMUSG00000020257",0.30609591410936,0.0165244405919182,0.06783961104947
"ENSMUSG00000031004",0.169750390267431,0.0166243108037089,0.0681860129050538
"ENSMUSG00000034189",-2.55042839553766,0.0166808393255405,0.0683541656161117
"ENSMUSG00000022789",0.294401246306638,0.0167048954925205,0.0683599053956856
"ENSMUSG00000052997",0.200724948821552,0.0167133056591133,0.0683599053956856
"ENSMUSG00000024164",-1.3963018046239,0.0167534985487716,0.0684606751282672
"ENSMUSG00000024937",2.7871233388591,0.0168692893036621,0.06886989074714
"ENSMUSG00000026864",-0.132435137400023,0.0169704305929891,0.0691844996144874
"ENSMUSG00000024639",-0.156441479978596,0.0169777913164386,0.0691844996144874
"ENSMUSG00000037958",1.2720119841363,0.0170482537262381,0.0694073678530749
"ENSMUSG00000023272",-0.338615664871686,0.0170725909677141,0.069442211505462
"ENSMUSG00000032116",0.402228223530862,0.0171124097480842,0.0695399033253173
"ENSMUSG00000028247",-0.230552644824101,0.0172148009626482,0.0698739320305214
"ENSMUSG00000029622",0.152418844420367,0.0172263613390402,0.0698739320305214
"ENSMUSG00000037815",-0.165324097821202,0.0173023670279016,0.0701176033976011
"ENSMUSG00000028107",-0.148853928591155,0.0173942784115865,0.0703647006916478
"ENSMUSG00000057236",0.188982304550034,0.0173953179623978,0.0703647006916478
"ENSMUSG00000029141",2.70656910436265,0.0174316337794918,0.0704468505634007
"ENSMUSG00000004455",0.320081704162536,0.0174514442285446,0.0704622073851602
"ENSMUSG00000028433",2.8009313414216,0.017581423762611,0.0709219486519257
"ENSMUSG00000021809",-1.79337953600643,0.0177384209353016,0.071489734923317
"ENSMUSG00000031584",0.131479805364325,0.017866285728663,0.0719391797729605
"ENSMUSG00000021843",0.22005195374776,0.0180080613256903,0.0724437640716297
"ENSMUSG00000074088",0.14385010920665,0.0180971864959469,0.0727358153138467
"ENSMUSG00000014313",-0.212189270511878,0.0181593773301654,0.0729191784945785
"ENSMUSG00000007080",-2.03153475843176,0.018199857528768,0.0730151075516024
"ENSMUSG00000025047",-0.162565181029574,0.0182238287516818,0.0730446906522327
"ENSMUSG00000030512",0.120717887322868,0.01840664851025,0.0737103367548776
"ENSMUSG00000027706",-0.230316092274442,0.0184305107643276,0.0737387980670961
"ENSMUSG00000019883",0.247154219426037,0.0184736183218469,0.0738441364527234
"ENSMUSG00000030122",0.402205492378151,0.0185429161001673,0.0740538781822472
"ENSMUSG00000033128",0.245113243274837,0.018572220836231,0.074103666274028
"ENSMUSG00000038372",0.32207821194477,0.0187140361993711,0.0746018780012974
"ENSMUSG00000024908",1.30346503514794,0.018774050567069,0.0747733905390685
"ENSMUSG00000001525",-0.161082888159903,0.018812802542522,0.0748599855240862
"ENSMUSG00000038387",0.249434018680052,0.0188697668423286,0.075018829153648
"ENSMUSG00000003123",-0.165286818408152,0.0189911258982364,0.0754331634279228
"ENSMUSG00000001285",0.236399380431237,0.0190274520609604,0.0755093025430898
"ENSMUSG00000032231",-0.204684692512132,0.0191960316485252,0.0761096714280717
"ENSMUSG00000028048",-0.170272976498165,0.0193601282424279,0.0766912010755402
"ENSMUSG00000025825",-0.201378596840303,0.0193915263488289,0.076746499515464
"ENSMUSG00000053768",-0.225218573602596,0.0197631382188397,0.0781469643316382
"ENSMUSG00000003731",0.236933587869192,0.0199584518117965,0.0788484258740723
"ENSMUSG00000022565",-0.181540666921034,0.0199817211803343,0.0788695559772659
"ENSMUSG00000001829",0.261434475334724,0.0200663824229324,0.079132750038822
"ENSMUSG00000027642",-0.19652683845322,0.0202364392872821,0.0797319331274202
"ENSMUSG00000024073",1.60967866598606,0.0202558631319548,0.0797370783933212
"ENSMUSG00000015120",0.349409918128014,0.0203106147020507,0.0798811575547142
"ENSMUSG00000015932",0.168672769002374,0.0204401679789168,0.0803189100671543
"ENSMUSG00000025200",2.59230879982134,0.0204696204598014,0.0803628899585958
"ENSMUSG00000024454",1.8959937266177,0.0206283297093362,0.0808971759780835
"ENSMUSG00000003299",-0.27659041975522,0.0206424741248325,0.0808971759780835
"ENSMUSG00000026701",0.208292517914579,0.0208864398953009,0.0817804466007289
"ENSMUSG00000003464",1.83263668025619,0.0210632478816781,0.0823408682665374
"ENSMUSG00000027613",0.174843714127533,0.0210669887907569,0.0823408682665374
"ENSMUSG00000028973",-0.267375768206342,0.0211760676859669,0.0826937656485716
"ENSMUSG00000020544",-0.33796221032302,0.0212640168186901,0.0829635975346233
"ENSMUSG00000018893",0.439318322166155,0.0213737447217007,0.0833178481135559
"ENSMUSG00000052681",-0.257145549383416,0.021452246964103,0.0835498574239092
"ENSMUSG00000014633",-0.316550970983826,0.021546712272102,0.0838435726874632
"ENSMUSG00000090877",0.198815503343894,0.0216170142647849,0.0840428266601754
"ENSMUSG00000032966",0.225785359317328,0.0216490615550835,0.0840931331896933
"ENSMUSG00000026181",2.05780049365253,0.0217278347258912,0.0843246919123874
"ENSMUSG00000022136",-0.110866862938053,0.0219020228068553,0.0849258170686962
"ENSMUSG00000044792",1.85321568565592,0.0219856261116397,0.0851749476384915
"ENSMUSG00000032412",0.371770957071544,0.0221462710337439,0.0857218459274468
"ENSMUSG00000032253",0.241310366584109,0.0221946231237448,0.0858335117465736
"ENSMUSG00000068290",1.79275750451185,0.0222607498486579,0.0860136611799328
"ENSMUSG00000060679",-0.163338613571366,0.0226778214665772,0.0875483265564967
"ENSMUSG00000025580",-0.0918492835996574,0.022819791097302,0.0880191942324506
"ENSMUSG00000079104",0.208007886782489,0.0229380908514619,0.0883007342051653
"ENSMUSG00000057322",0.264847677930923,0.0229422951975104,0.0883007342051653
"ENSMUSG00000005667",0.237761503539314,0.0229529743082729,0.0883007342051653
"ENSMUSG00000022620",-0.298801853503129,0.0230433719161129,0.0885127821705449
"ENSMUSG00000039768",-0.193897777372946,0.0230483181930117,0.0885127821705449
"ENSMUSG00000032553",-0.201027665565448,0.0233211432098225,0.0894824335365552
"ENSMUSG00000015165",0.130653115145453,0.0234730277381384,0.0899867552922885
"ENSMUSG00000002455",-0.112473099314119,0.0235116872755823,0.0900565149693973
"ENSMUSG00000028032",0.126384930179714,0.0235328993253064,0.0900593825484116
"ENSMUSG00000025374",2.0651346374671,0.0235725452993571,0.0901327296806869
"ENSMUSG00000076435",-0.0960520753971217,0.0239688971619809,0.0915258889218696
"ENSMUSG00000032187",0.144916397635701,0.0239784935075927,0.0915258889218696
"ENSMUSG00000047459",0.287919275012584,0.0243569632511364,0.0928899439066303
"ENSMUSG00000018322",-0.185292123903238,0.0244583674885935,0.0931959093656278
"ENSMUSG00000022707",0.316777008768305,0.0245588774705127,0.0934979409582407
"ENSMUSG00000019179",-0.127834083803549,0.024676654832483,0.0938651321674655
"ENSMUSG00000054766",0.253138973488621,0.0248687948896035,0.0944399492284524
"ENSMUSG00000029486",-0.177400371150366,0.0248706887425077,0.0944399492284524
"ENSMUSG00000027176",0.138021172559785,0.0249868490556467,0.0947992437016389
"ENSMUSG00000063334",-2.54614403334362,0.0250463375446976,0.0949430934833887
"ENSMUSG00000061474",-0.200324372746277,0.0250736790627982,0.0949649410975688
"ENSMUSG00000068823",0.137048833267588,0.0251587244914797,0.0952051130584713
"ENSMUSG00000018669",-0.257733593609085,0.0251835848900319,0.0952173170971052
"ENSMUSG00000036199",0.212845638840847,0.0252067263730111,0.0952230066674865
"ENSMUSG00000027433",0.142714513206858,0.025361640205008,0.0957003088595987
"ENSMUSG00000026670",1.96798508394467,0.0253897951947951,0.0957003088595987
"ENSMUSG00000029390",2.41696809529605,0.0254026311492622,0.0957003088595987
"ENSMUSG00000026361",1.21512810499256,0.025420054773204,0.0957003088595987
"ENSMUSG00000027649",0.211587683956665,0.0255902046370528,0.096258538980914
"ENSMUSG00000056201",0.190070459685547,0.0256445589813236,0.0963045487621887
"ENSMUSG00000018433",-2.12033382568722,0.0256462011245819,0.0963045487621887
"ENSMUSG00000029826",0.448174060903384,0.0258433721538699,0.0969622172627292
"ENSMUSG00000006494",-0.248545393709925,0.0260028768833585,0.0974775648753499
"ENSMUSG00000029119",-0.15957408779979,0.0260740569629372,0.0976612125054354
"ENSMUSG00000021072",0.271385406005393,0.0261781650825556,0.0979677759594618
"ENSMUSG00000054079",-1.77198114074775,0.0263971983993212,0.0987035430377336
"ENSMUSG00000016921",0.209646299416185,0.0265740387298045,0.0992804282256956
"ENSMUSG00000037370",-1.55592507883643,0.0266522243040404,0.0994880739288226
"ENSMUSG00000022437",-0.152204692305869,0.0266787983944502,0.0995028743508266
"ENSMUSG00000005470",2.28356413623439,0.026912699105037,0.100290252973131
"ENSMUSG00000016495",0.346373083579241,0.0269532481059462,0.100356383176201
"ENSMUSG00000030647",-0.212177335418708,0.027047270986686,0.100621335259852
"ENSMUSG00000028641",-0.246611897905304,0.0270816324226729,0.100664074571101
"ENSMUSG00000020153",-0.200480861836638,0.0271632315304318,0.100882178873781
"ENSMUSG00000116933",-0.202393468630508,0.0273234679657547,0.101364267145282
"ENSMUSG00000021773",-0.167728967897663,0.0273476805659053,0.101364267145282
"ENSMUSG00000005514",-0.100764142895446,0.0273959271872754,0.101364267145282
"ENSMUSG00000015671",0.235625147087063,0.0274014088444847,0.101364267145282
"ENSMUSG00000062515",0.225450278187658,0.0274081976602784,0.101364267145282
"ENSMUSG00000025940",-3.15299325533169,0.0274696341753348,0.101506179685683
"ENSMUSG00000091625",0.166992852299735,0.0276520177626089,0.102081126667257
"ENSMUSG00000066551",0.184863360613537,0.0276716164767185,0.102081126667257
"ENSMUSG00000020708",0.110279077168975,0.0277355910369783,0.102231437314691
"ENSMUSG00000020180",-0.144041061233057,0.0278914539793786,0.102646457879879
"ENSMUSG00000039253",1.7931327270507,0.027894833816027,0.102646457879879
"ENSMUSG00000020189",0.157703656217379,0.028203621288923,0.10369602112995
"ENSMUSG00000031403",0.140075444059434,0.0284081490600679,0.104360821380099
"ENSMUSG00000028207",-0.160976351534099,0.0285495653288876,0.10479285822555
"ENSMUSG00000005625",2.32434994905066,0.0286298848865149,0.104993241763831
"ENSMUSG00000019998",2.04412860707438,0.0286518707926292,0.104993241763831
"ENSMUSG00000056737",-0.31922712275464,0.028772592806025,0.105347904275637
"ENSMUSG00000045427",-0.191624835801846,0.0288567050255903,0.105568045567434
"ENSMUSG00000034211",-0.196976144958779,0.0293131079472975,0.107148661192738
"ENSMUSG00000020085",-0.165252997021415,0.0293913920814239,0.107345656888254
"ENSMUSG00000042032",0.436378409594987,0.0294252703798334,0.107380277729392
"ENSMUSG00000002064",-0.184117381725134,0.0297071039925498,0.108318943389571
"ENSMUSG00000048126",-0.146497399741644,0.0297908352369192,0.108534326057683
"ENSMUSG00000027185",-0.182906657141636,0.0298837844279467,0.108777153189145
"ENSMUSG00000004070",0.140368949584609,0.0299213784049837,0.108777153189145
"ENSMUSG00000067288",0.234683624406621,0.0299316365626119,0.108777153189145
"ENSMUSG00000014956",0.36841128143416,0.029973744017639,0.108840303153159
"ENSMUSG00000022255",0.221545603961683,0.0300103826373415,0.108883506996653
"ENSMUSG00000020738",-0.91500622884454,0.0301415206765443,0.109258996920586
"ENSMUSG00000013629",-0.14830218045525,0.0301674107220885,0.109258996920586
"ENSMUSG00000032437",0.307817003845635,0.0301883527051653,0.109258996920586
"ENSMUSG00000094724",2.04224966266351,0.0303107028855536,0.109577114735105
"ENSMUSG00000007880",2.04521892831571,0.0303260453868116,0.109577114735105
"ENSMUSG00000020841",-0.139612729479705,0.030491178837261,0.110083411044123
"ENSMUSG00000020570",3.01374485465643,0.0305491854139956,0.110202430333602
"ENSMUSG00000057388",-0.258279327504201,0.0307384295371797,0.110794290248262
"ENSMUSG00000049038",-0.232227800949605,0.0307886286768152,0.110884414735404
"ENSMUSG00000020238",-0.131949844601444,0.0309057235693155,0.111215118093669
"ENSMUSG00000014606",-0.185951418153795,0.0310884106469976,0.111696778331014
"ENSMUSG00000026784",1.53007160315046,0.0310903325279465,0.111696778331014
"ENSMUSG00000029507",-0.231754767751973,0.0311393325250312,0.111781568060899
"ENSMUSG00000033751",-0.170353301146264,0.0314346347024009,0.112708030421713
"ENSMUSG00000052459",-0.0751520909654211,0.0314486392542293,0.112708030421713
"ENSMUSG00000024742",-0.0914006128691582,0.0315062591710374,0.112788796741802
"ENSMUSG00000021079",-0.168827671081036,0.0315224312638983,0.112788796741802
"ENSMUSG00000039640",-0.129924385297155,0.0318487533682219,0.113756843400335
"ENSMUSG00000020315",0.0898313622270308,0.0318593696573356,0.113756843400335
"ENSMUSG00000057181",1.88618549965436,0.0318922008614889,0.113756843400335
"ENSMUSG00000033400",1.71065703146941,0.031896374632132,0.113756843400335
"ENSMUSG00000038446",-0.181447779445207,0.032004866196983,0.114051349095483
"ENSMUSG00000078656",0.315777429106024,0.032197372306229,0.11464452711951
"ENSMUSG00000037935",0.172008879587214,0.0322518097348103,0.114745525176152
"ENSMUSG00000021906",-0.237448524738724,0.0324687370400792,0.115423999768488
"ENSMUSG00000007655",0.263298003977884,0.0324992411034494,0.115439192975207
"ENSMUSG00000004980",0.144286472773054,0.0325358836041092,0.115476148178778
"ENSMUSG00000055322",0.346877946246398,0.032582820954612,0.115549552797137
"ENSMUSG00000021583",-0.180697024391019,0.0331441123686789,0.117386074792745
"ENSMUSG00000025545",-0.170003096543859,0.0331540311218773,0.117386074792745
"ENSMUSG00000022636",1.74622023455402,0.0332189873300517,0.117435180812259
"ENSMUSG00000057113",0.311037223628738,0.0332212679189417,0.117435180812259
"ENSMUSG00000024603",2.26068687582596,0.0334588870864002,0.118180226378208
"ENSMUSG00000003033",1.92175750674791,0.0339241821951788,0.119727606929416
"ENSMUSG00000001918",0.589270595508605,0.0340074109983814,0.119925172919773
"ENSMUSG00000025224",0.416357874376519,0.0341962183676812,0.120412125051177
"ENSMUSG00000024974",0.0757408145937148,0.0342002172946991,0.120412125051177
"ENSMUSG00000029201",0.104549415075681,0.0344390974273673,0.121156249222897
"ENSMUSG00000006378",-0.132461903706275,0.0346678280495136,0.121843332332278
"ENSMUSG00000031379",1.75182139655956,0.0346897740087126,0.121843332332278
"ENSMUSG00000071253",-0.334854497510857,0.0347553073223215,0.121967044194351
"ENSMUSG00000026848",-0.207818140901985,0.0347804227366304,0.121967044194351
"ENSMUSG00000041319",1.67336112953816,0.0348392764699814,0.122076159032156
"ENSMUSG00000032306",2.01698338904903,0.0350241781416223,0.122626418457661
"ENSMUSG00000063457",0.271509044463457,0.0353765059332921,0.123761528308759
"ENSMUSG00000005034",0.29021414605619,0.035644300756402,0.124591201382491
"ENSMUSG00000037321",-2.07131928703102,0.035670282604394,0.124591201382491
"ENSMUSG00000078923",0.249031206282581,0.0357412009154244,0.124678559072921
"ENSMUSG00000037197",0.125216539768999,0.0357519521813284,0.124678559072921
"ENSMUSG00000020458",1.327329460139,0.0358948617022469,0.12507781975581
"ENSMUSG00000003316",-0.0901792561132062,0.0360420067676082,0.125491196031838
"ENSMUSG00000017760",-0.0941884974733078,0.0362798319713032,0.126219399609253
"ENSMUSG00000036777",0.595543655473769,0.0363129296999954,0.126234757985529
"ENSMUSG00000027374",-0.161661465685782,0.0364250801405308,0.126524686423422
"ENSMUSG00000019432",0.121142334133296,0.03650680913164,0.126708570180085
"ENSMUSG00000027248",-0.127780920143433,0.0367086014670132,0.127229199507309
"ENSMUSG00000055239",1.82032550026852,0.0367146292602324,0.127229199507309
"ENSMUSG00000055044",0.225277527542527,0.0367992897890427,0.127422245760485
"ENSMUSG00000027002",1.71039909818408,0.0368697858007682,0.127565980588979
"ENSMUSG00000000751",-0.150609316329525,0.0370524573787336,0.128097301589793
"ENSMUSG00000014301",-0.131369639908982,0.0372501851385499,0.128679799681914
"ENSMUSG00000003662",2.09927905554995,0.0373552724628749,0.128880563783109
"ENSMUSG00000024197",0.197132390995858,0.0373668710264139,0.128880563783109
"ENSMUSG00000019863",-0.137923982258776,0.0375202542136053,0.129308252775315
"ENSMUSG00000064090",1.50445007442788,0.0376847758829204,0.129743293670033
"ENSMUSG00000007050",0.171022436327636,0.0377054470811115,0.129743293670033
"ENSMUSG00000033228",1.45371246670071,0.0379191796876675,0.130321204242768
"ENSMUSG00000028955",0.270281729389822,0.0379326204578472,0.130321204242768
"ENSMUSG00000025937",0.191418861245907,0.0380639861151821,0.130670517077158
"ENSMUSG00000027423",0.173202154736927,0.0381266301802193,0.1307835537203
"ENSMUSG00000031161",1.44364642733823,0.0385153804131612,0.132014166042307
"ENSMUSG00000031799",0.227279354098521,0.0386355423601297,0.132322974262203
"ENSMUSG00000020277",0.225679632540469,0.0387811791289175,0.132718483162026
"ENSMUSG00000057098",-1.33167646519659,0.0388162222335462,0.132735193511917
"ENSMUSG00000069539",1.55877763697991,0.0389259980276931,0.132904875736847
"ENSMUSG00000058135",0.245938319630532,0.0389262405873202,0.132904875736847
"ENSMUSG00000024645",-0.31205800442984,0.0391250434761403,0.133480090184879
"ENSMUSG00000058325",1.37131071550665,0.039471283495181,0.1345570245254
"ENSMUSG00000028059",0.146126066409174,0.0395169955858809,0.134599897162043
"ENSMUSG00000028455",-0.172622630655113,0.0395450277279076,0.134599897162043
"ENSMUSG00000025271",0.233220579997919,0.0397452882350245,0.135176981083727
"ENSMUSG00000024829",-0.126155900246435,0.0399490581065849,0.135765100175351
"ENSMUSG00000003360",0.136282498850981,0.0400384847647782,0.135964021180393
"ENSMUSG00000028249",-2.08880376559251,0.0404333562765788,0.137199075538337
"ENSMUSG00000030890",-0.125719654897409,0.0406540503000403,0.137728524831498
"ENSMUSG00000042055",1.50778202384665,0.0406738403268408,0.137728524831498
"ENSMUSG00000027405",0.0942790900497705,0.0406922573750493,0.137728524831498
"ENSMUSG00000041632",-0.149809807667559,0.040714567326921,0.137728524831498
"ENSMUSG00000039745",1.59552331048129,0.0408196432944666,0.137977918693508
"ENSMUSG00000020311",-1.86976015062852,0.0409133789138823,0.138188626707595
"ENSMUSG00000040713",-2.99769063302725,0.0410767339609759,0.138633977118294
"ENSMUSG00000032604",0.139780587280118,0.0413295848282375,0.139380461937987
"ENSMUSG00000038252",0.123687298568896,0.0415527781369242,0.140025862619145
"ENSMUSG00000061665",1.66189903614345,0.041586967065122,0.140033850079267
"ENSMUSG00000027349",-0.108355635110499,0.0419133285190816,0.141024892058469
"ENSMUSG00000028673",-0.15929985584539,0.0424681996577542,0.142782694189287
"ENSMUSG00000029328",0.11714989420787,0.0425270282802683,0.142798172049404
"ENSMUSG00000028161",0.195627516889203,0.0425376967863596,0.142798172049404
"ENSMUSG00000092305",-2.6948026499213,0.042593321357827,0.142823801011869
"ENSMUSG00000022571",0.330101207987003,0.0426102364754791,0.142823801011869
"ENSMUSG00000021578",-0.374882768759758,0.0428937414891474,0.143664654713651
"ENSMUSG00000038612",1.55707095590354,0.0433214917919774,0.144934560036752
"ENSMUSG00000027304",1.44271808511051,0.0433387596019918,0.144934560036752
"ENSMUSG00000006442",0.151796337950511,0.0435217236061468,0.145435919203229
"ENSMUSG00000059796",-0.111061484800238,0.0438135242753731,0.146299939556841
"ENSMUSG00000062981",-1.9729239355936,0.0440123562980959,0.146852448876361
"ENSMUSG00000054455",0.158765790394853,0.0441025442004443,0.147041891686481
"ENSMUSG00000021044",-1.76974717829433,0.0442048438356063,0.147271398728617
"ENSMUSG00000020766",-0.157237630014013,0.0444221709266872,0.147883490354274
"ENSMUSG00000021786",-2.20675800402459,0.044477042961952,0.147954244955065
"ENSMUSG00000028273",0.159871145020169,0.0446839967733407,0.148530415256399
"ENSMUSG00000043207",0.36870167908215,0.0447521441727747,0.14864466905991
"ENSMUSG00000050732",2.41630098587459,0.0447895323722447,0.148656660611048
"ENSMUSG00000044221",0.109190216121856,0.0452223642599613,0.149788203741322
"ENSMUSG00000038690",0.139976264164574,0.0452226680334703,0.149788203741322
"ENSMUSG00000029131",1.92367558230893,0.0452428121763457,0.149788203741322
"ENSMUSG00000029616",0.159987436416394,0.0452991932522504,0.149788203741322
"ENSMUSG00000034066",1.71422888765168,0.0453006360326515,0.149788203741322
"ENSMUSG00000031490",2.42274653827434,0.0454962017317548,0.150236928356163
"ENSMUSG00000046909",-1.19307770229617,0.0455046183819052,0.150236928356163
"ENSMUSG00000030079",-0.10064477151116,0.045642766381039,0.150580071096666
"ENSMUSG00000043962",0.221029125781417,0.0456784620302253,0.150584952355821
"ENSMUSG00000045438",-1.93908034746022,0.0458465906308852,0.151026081861172
"ENSMUSG00000028688",1.73789366849559,0.045963683714521,0.151298557986243
"ENSMUSG00000044018",-2.80655358571743,0.0462553228999057,0.15205752235112
"ENSMUSG00000053460",1.77519451259641,0.046263354334958,0.15205752235112
"ENSMUSG00000025823",-0.123192022190519,0.0464952776570434,0.152705758931827
"ENSMUSG00000025903",0.23473600163371,0.0465901916172729,0.152903380542594
"ENSMUSG00000042870",1.37407010844274,0.046770536187112,0.153268007063143
"ENSMUSG00000018707",0.103706206531985,0.0467709460317659,0.153268007063143
"ENSMUSG00000030802",-1.2441153684459,0.0473352587696934,0.154984500590625
"ENSMUSG00000015747",0.217776338369983,0.0473651791171075,0.154984500590625
"ENSMUSG00000028879",0.245118560966912,0.0476407837276367,0.15568105462378
"ENSMUSG00000024847",0.247245247465028,0.0476854005585719,0.15568105462378
"ENSMUSG00000031708",0.145887446176019,0.0477177436571693,0.15568105462378
"ENSMUSG00000062328",0.149251134622357,0.0477195507129015,0.15568105462378
"ENSMUSG00000033565",1.75953562839978,0.0478957902520214,0.15614027622159
"ENSMUSG00000023025",0.134282084372387,0.0479657530586505,0.156141485759209
"ENSMUSG00000021171",0.155992362746495,0.0479671185517952,0.156141485759209
"ENSMUSG00000024601",0.161051393035031,0.0480402186331534,0.156263859722475
"ENSMUSG00000026727",0.194379818517476,0.0482269521688063,0.156755403615152
"ENSMUSG00000029610",0.133087093024319,0.0482714312009269,0.156784183553712
"ENSMUSG00000002984",-0.139766284030991,0.0483736544925726,0.157000334381867
"ENSMUSG00000027889",1.83452517869804,0.0485564183879289,0.157477374594897
"ENSMUSG00000025868",-2.71861158117346,0.0486614649433893,0.157559716358142
"ENSMUSG00000016427",3.05239372590793,0.0486734393628564,0.157559716358142
"ENSMUSG00000074207",0.200760677263979,0.0486984874874749,0.157559716358142
"ENSMUSG00000030942",1.93979197550668,0.0487250111255242,0.157559716358142
"ENSMUSG00000028607",-0.110336605883063,0.0488422080986973,0.157822729693368
"ENSMUSG00000029366",1.47218837173704,0.0489492546980273,0.158052582484239
"ENSMUSG00000001750",-0.143887442353911,0.0492031372806035,0.158755870360657
"ENSMUSG00000014294",-0.220451345661505,0.0492843494117757,0.158901407883681
"ENSMUSG00000058355",0.143589659643798,0.0497899830533999,0.160360399975196
"ENSMUSG00000022194",0.238347654705723,0.0498453647303471,0.160360399975196
"ENSMUSG00000020671",0.180893129593137,0.0498461774974026,0.160360399975196
"ENSMUSG00000026103",-2.09657598788316,0.0499207570124925,0.160483017978071
"ENSMUSG00000028049",0.281126701199494,0.0501410824985723,0.161073652610377
"ENSMUSG00000027287",0.216100402619755,0.0504715476244127,0.162016981105062
"ENSMUSG00000019804",0.159008979341117,0.0505167684731482,0.162043949016272
"ENSMUSG00000026036",0.150909000360514,0.0505974745658063,0.16218462167816
"ENSMUSG00000029614",0.088735759097986,0.0507052485175605,0.162411789465636
"ENSMUSG00000030435",0.109203071388126,0.0509228217862361,0.162990064495437
"ENSMUSG00000046707",0.294451966260826,0.0510743695666127,0.163356323010656
"ENSMUSG00000041297",1.3573028223423,0.0511467116357351,0.163468901894604
"ENSMUSG00000021932",1.69011947314089,0.0512301348121422,0.163616707770855
"ENSMUSG00000004788",2.04908282613227,0.0513898689719548,0.164007841439865
"ENSMUSG00000025240",0.132201439870482,0.0515102050470076,0.164272762617305
"ENSMUSG00000074582",0.357794799504912,0.0520379013187345,0.165835484217053
"ENSMUSG00000028042",1.14047855650248,0.0521797739414297,0.166167283007404
"ENSMUSG00000022205",0.14728392892556,0.0522410931981618,0.166242264038402
"ENSMUSG00000032370",-0.193824217791107,0.0523122476207449,0.166348411689956
"ENSMUSG00000037373",-0.113545424207199,0.0524178059088215,0.166563728378862
"ENSMUSG00000077450",0.109228921216463,0.0524609820504091,0.166580650796429
"ENSMUSG00000038462",-0.144015633652504,0.0525271285950418,0.16667043471289
"ENSMUSG00000031924",-0.185340226835965,0.0526120943254839,0.166771158282804
"ENSMUSG00000014554",-0.235839562046966,0.0526346600442661,0.166771158282804
"ENSMUSG00000038422",-0.158078633812185,0.0529177252252229,0.167547377864473
"ENSMUSG00000028692",0.130231097439999,0.0529557833695709,0.167547377864473
"ENSMUSG00000032590",1.80483973238657,0.0532268665321453,0.16828408017814
"ENSMUSG00000029625",2.00972868026842,0.0537051184812433,0.16967424726199
"ENSMUSG00000061455",1.6723820642978,0.0537743443291107,0.169771082777917
"ENSMUSG00000015943",0.277522382533942,0.0540196398801536,0.170366338720914
"ENSMUSG00000022536",-0.153985959164334,0.0540403110325826,0.170366338720914
"ENSMUSG00000047963",2.0109017117594,0.054186783942195,0.170600381150365
"ENSMUSG00000060519",-0.261342576285706,0.0541920774479004,0.170600381150365
"ENSMUSG00000019173",0.211387826717928,0.0544535824072442,0.171301083755741
"ENSMUSG00000020048",-0.0708918565712047,0.0545122734299525,0.171363225260872
"ENSMUSG00000071072",0.176991080802235,0.0546746449338661,0.17171744870786
"ENSMUSG00000020366",1.37097018950002,0.0547029909312473,0.17171744870786
"ENSMUSG00000078974",-0.272788115350021,0.0547937773668527,0.171879839053114
"ENSMUSG00000030045",-0.126227794918695,0.0551157942052283,0.172738502031485
"ENSMUSG00000017715",-1.75171362037902,0.0551570865436244,0.172738502031485
"ENSMUSG00000001666",0.198683306881559,0.0552063810925774,0.172738502031485
"ENSMUSG00000004897",0.291463697763167,0.0552245108744147,0.172738502031485
"ENSMUSG00000022370",-0.125977747916771,0.0553731251882423,0.173080343716942
"ENSMUSG00000028975",1.52907097440223,0.0554400574003562,0.173166566798416
"ENSMUSG00000023977",1.43905454158647,0.0558186914761732,0.174225575309673
"ENSMUSG00000021048",0.121953624646697,0.056119966019167,0.175041793373745
"ENSMUSG00000022108",-1.17324152044949,0.0562144411213337,0.175212291342061
"ENSMUSG00000020075",-0.10525686705283,0.0563530258457414,0.175519934003615
"ENSMUSG00000051695",0.126998258322871,0.0565050741887387,0.17586904632577
"ENSMUSG00000029345",1.46756067944251,0.0566688751779258,0.176254218839612
"ENSMUSG00000022974",1.54159400771758,0.0568297554319503,0.176629769531083
"ENSMUSG00000022200",0.293978861256157,0.0569853853543198,0.176988483376402
"ENSMUSG00000024712",-2.29951222875854,0.0572858820365168,0.17779630948005
"ENSMUSG00000028792",-0.0892168946265173,0.0574434185086463,0.178159608778402
"ENSMUSG00000027067",0.0981208690570732,0.0578109230709806,0.179173149602384
"ENSMUSG00000031201",1.67174014551179,0.0580241166722548,0.179707345161572
"ENSMUSG00000031865",0.199924400197908,0.0580851688246209,0.179769921235694
"ENSMUSG00000023175",0.162394129550119,0.0585547715203147,0.181095958862196
"ENSMUSG00000041084",2.64181545502268,0.0590911563504466,0.182626530265671
"ENSMUSG00000022185",0.120419760485987,0.0592375474905726,0.182746012145622
"ENSMUSG00000067194",0.21567722624744,0.0592405020312129,0.182746012145622
"ENSMUSG00000030697",1.95776673259589,0.0592543874873445,0.182746012145622
"ENSMUSG00000002748",0.0932075101029142,0.059487177700408,0.183335482534661
"ENSMUSG00000020219",0.151357472772112,0.0595751546104657,0.183478135367851
"ENSMUSG00000002332",-0.128516109366572,0.0597781659820467,0.183974621319572
"ENSMUSG00000023830",0.117467464435698,0.0598495871639102,0.184065711466365
"ENSMUSG00000025381",-0.132221225814398,0.0601696638760045,0.184920873406631
"ENSMUSG00000034932",1.53241948530281,0.0602840199334863,0.185143036795027
"ENSMUSG00000025509",-1.64228821136796,0.0603612640854733,0.185250992496631
"ENSMUSG00000002346",-0.276442338250334,0.0606409282174482,0.185979599362362
"ENSMUSG00000046718",-0.425475569714067,0.0607956492251417,0.186315738477442
"ENSMUSG00000000561",1.1225121920548,0.0608352002254223,0.186315738477442
"ENSMUSG00000029462",-0.207495752582069,0.0609458510574764,0.186498691689021
"ENSMUSG00000044155",0.166252852782019,0.0609796903750286,0.186498691689021
"ENSMUSG00000024012",-0.13995634876472,0.0614539476851032,0.187714022792906
"ENSMUSG00000060904",0.255075652588058,0.0614623737433716,0.187714022792906
"ENSMUSG00000032309",1.58857993838721,0.0615805460902674,0.187944509946787
"ENSMUSG00000024878",1.53996643072522,0.0623325067939523,0.190107666250994
"ENSMUSG00000037331",0.190867710613631,0.0624086973773459,0.190208225178462
"ENSMUSG00000031256",-0.0989898803033213,0.0624742046556239,0.190276107051488
"ENSMUSG00000051329",-0.185261570470196,0.0628447923938023,0.191272428302299
"ENSMUSG00000028410",0.16081555186387,0.0629431831434314,0.191439494826705
"ENSMUSG00000032508",-1.22774702413777,0.0632429052082274,0.192218249876663
"ENSMUSG00000016510",-2.34982798340179,0.0634534877537729,0.192725189513012
"ENSMUSG00000056131",1.25452846747554,0.0635616815550472,0.192920662430181
"ENSMUSG00000040018",2.79199806619084,0.0638028923286383,0.193494205058479
"ENSMUSG00000023118",-0.138693367924031,0.0638385789013659,0.193494205058479
"ENSMUSG00000024048",0.205975063157435,0.0639424452078416,0.193675637549698
"ENSMUSG00000054717",0.166994388554109,0.0639929876904466,0.19369541872466
"ENSMUSG00000033732",0.21654448336124,0.0640865832647516,0.193845397215238
"ENSMUSG00000027306",1.86135422683833,0.0643547679182292,0.194435696521948
"ENSMUSG00000021114",-0.177273716791102,0.0643700999392134,0.194435696521948
"ENSMUSG00000056666",1.73829204948652,0.0644702095560394,0.194604521437675
"ENSMUSG00000037296",1.93455844176859,0.0650696858384229,0.196279429317957
"ENSMUSG00000014867",0.29192086811182,0.0653781375402293,0.197038350391649
"ENSMUSG00000040034",1.89524839242145,0.0655284384175253,0.197038350391649
"ENSMUSG00000042396",-1.58306826392973,0.0655289629624031,0.197038350391649
"ENSMUSG00000026960",-1.52159852617273,0.0655447412257607,0.197038350391649
"ENSMUSG00000059273",1.56716582826709,0.0655451363266016,0.197038350391649
"ENSMUSG00000032435",0.186909774942979,0.065676445912196,0.197237886915557
"ENSMUSG00000025474",1.64020609033408,0.0657395524746937,0.197237886915557
"ENSMUSG00000032788",0.309819132246009,0.0657459623051858,0.197237886915557
"ENSMUSG00000010376",-2.72855527895057,0.065823705214586,0.197336598535009
"ENSMUSG00000021715",2.08320074013364,0.0660877495932399,0.197988896977538
"ENSMUSG00000031060",0.142130662769198,0.0661344613261538,0.197988896977538
"ENSMUSG00000038733",1.52347820311477,0.0661762480013538,0.197988896977538
"ENSMUSG00000000555",1.81666321083985,0.0662603153377015,0.198105738995397
"ENSMUSG00000046330",0.15447622817684,0.0666910958417985,0.19925832505075
"ENSMUSG00000031320",0.0899426043752278,0.0669977077955384,0.200038610588985
"ENSMUSG00000000686",-0.244177804617358,0.0672465957499401,0.200637188649539
"ENSMUSG00000044030",-2.14527092240192,0.0672893638824629,0.200637188649539
"ENSMUSG00000039756",-1.27565136945785,0.0673545100123741,0.200695462805998
"ENSMUSG00000020386",1.77925129043287,0.0674775389930618,0.200926014281776
"ENSMUSG00000020719",0.129966180913939,0.0675248842461767,0.2009310450084
"ENSMUSG00000031386",0.0670202547315029,0.0679889226394961,0.202175167930015
"ENSMUSG00000022800",1.43385382585586,0.0681173191105651,0.20242020351492
"ENSMUSG00000020211",0.121878222884966,0.068265613612878,0.202723998320024
"ENSMUSG00000032040",0.22196316961637,0.0685552064626433,0.202784057078975
"ENSMUSG00000024392",1.66801012854743,0.0685960584471648,0.202784057078975
"ENSMUSG00000041733",-0.170644219685791,0.068932562225551,0.202784057078975
"ENSMUSG00000013593",-0.113072548160115,0.0689770356847533,0.202784057078975
"ENSMUSG00000030847",1.65291761229093,0.0690278390516557,0.202784057078975
"ENSMUSG00000034021",-0.061254586529671,0.0693165864787963,0.202784057078975
"ENSMUSG00000021494",-0.157862478255332,0.0693208037157255,0.202784057078975
"ENSMUSG00000033735",0.148835222569016,0.069553727593903,0.202784057078975
"ENSMUSG00000032264",-0.1530613326895,0.0697802669738817,0.202784057078975
"ENSMUSG00000004032",0.177378248446697,0.0701724793456442,0.202784057078975
"ENSMUSG00000012519",1.18503885525057,0.0701784410097538,0.202784057078975
"ENSMUSG00000053801",-1.64097243231942,0.0701800171228284,0.202784057078975
"ENSMUSG00000024339",-1.50091734639176,0.0701835104611687,0.202784057078975
"ENSMUSG00000021756",-0.962291280925879,0.0701842410240779,0.202784057078975
"ENSMUSG00000032350",1.03870731266433,0.0701924268125109,0.202784057078975
"ENSMUSG00000039678",1.04218898227893,0.0702104575436174,0.202784057078975
"ENSMUSG00000039159",1.49164125481951,0.0702193138118573,0.202784057078975
"ENSMUSG00000038025",-0.991838957836741,0.0702373349011582,0.202784057078975
"ENSMUSG00000041939",1.19165069232966,0.0702467549484732,0.202784057078975
"ENSMUSG00000056493",0.998108639121789,0.0702488386855523,0.202784057078975
"ENSMUSG00000006356",1.13135764791137,0.0702524750443932,0.202784057078975
"ENSMUSG00000031601",-1.31882874004819,0.0702623805855396,0.202784057078975
"ENSMUSG00000024563",1.05471166051805,0.0702627244367726,0.202784057078975
"ENSMUSG00000062646",1.04043200524037,0.0702645885315666,0.202784057078975
"ENSMUSG00000057230",0.874214257940714,0.0703105493965707,0.202784057078975
"ENSMUSG00000022828",0.860602829656351,0.0703118463091639,0.202784057078975
"ENSMUSG00000040658",0.949269847601315,0.0703531740281273,0.202784057078975
"ENSMUSG00000029246",1.07247747578136,0.070355146770232,0.202784057078975
"ENSMUSG00000038489",1.53149630154442,0.0703569351372925,0.202784057078975
"ENSMUSG00000029684",1.25541605487516,0.0703621562830078,0.202784057078975
"ENSMUSG00000031821",1.22073537405787,0.0703933193505254,0.202784057078975
"ENSMUSG00000058240",1.22827873318137,0.0704276180513858,0.202784057078975
"ENSMUSG00000057789",1.13461405182281,0.0704425550990229,0.202784057078975
"ENSMUSG00000024583",0.154462970601578,0.0704469757035934,0.202784057078975
"ENSMUSG00000021115",0.205069562004702,0.0704674967001654,0.202784057078975
"ENSMUSG00000024423",-1.04585287649481,0.0704819100842592,0.202784057078975
"ENSMUSG00000031157",1.44365629209874,0.0705103886127738,0.202784057078975
"ENSMUSG00000018547",1.03861872829992,0.0705115675479991,0.202784057078975
"ENSMUSG00000029920",0.984580004678222,0.0705408942478248,0.202784057078975
"ENSMUSG00000041308",0.226212632409723,0.0706161518515944,0.202784057078975
"ENSMUSG00000019989",-1.0274159203947,0.070651845287818,0.202784057078975
"ENSMUSG00000036990",0.958124180038677,0.0706799658066603,0.202784057078975
"ENSMUSG00000028990",1.14948506004457,0.070686516386332,0.202784057078975
"ENSMUSG00000061119",-1.0330852278889,0.0707914754704663,0.202784057078975
"ENSMUSG00000026600",-1.17789481109134,0.070792787483215,0.202784057078975
"ENSMUSG00000051177",0.854300443585487,0.0708019034283922,0.202784057078975
"ENSMUSG00000022031",0.955637481741107,0.0708198896670239,0.202784057078975
"ENSMUSG00000023008",0.849394402482169,0.07083329600779,0.202784057078975
"ENSMUSG00000025178",0.968400783628496,0.0708518532895362,0.202784057078975
"ENSMUSG00000018442",-1.4106495329048,0.0708782424181392,0.202784057078975
"ENSMUSG00000023010",1.96567467089231,0.0708809822400616,0.202784057078975
"ENSMUSG00000032512",1.32331621469243,0.0708817605147684,0.202784057078975
"ENSMUSG00000053841",-1.12918265467353,0.0709127616412632,0.202784057078975
"ENSMUSG00000037275",0.905557005269831,0.0709260830430504,0.202784057078975
"ENSMUSG00000006736",0.885595624491831,0.0709401899102224,0.202784057078975
"ENSMUSG00000022680",0.268684717730654,0.0710109208657816,0.202784057078975
"ENSMUSG00000031007",-1.05016580283404,0.0710160782703057,0.202784057078975
"ENSMUSG00000046311",-0.525001833214819,0.0710347265345147,0.202784057078975
"ENSMUSG00000022779",0.849005380696116,0.07103839055807,0.202784057078975
"ENSMUSG00000024491",-1.92245694633708,0.0710504467202407,0.202784057078975
"ENSMUSG00000056204",-1.19527078877105,0.0711408402682634,0.20281038326541
"ENSMUSG00000030314",0.833786984155548,0.0711518363466922,0.20281038326541
"ENSMUSG00000026872",-0.907127905479875,0.0711984321561166,0.202811844607812
"ENSMUSG00000031229",0.086170790099164,0.0714017016709909,0.203186865470854
"ENSMUSG00000030614",1.01688875394696,0.0714224223775076,0.203186865470854
"ENSMUSG00000018909",1.13236278388464,0.0714854044323005,0.203234667252296
"ENSMUSG00000061518",-0.15930309375246,0.0715537663891408,0.203297692626603
"ENSMUSG00000023885",-1.19769895951707,0.0716529630149285,0.203448187244323
"ENSMUSG00000042997",2.70938312283817,0.0717113771364953,0.203482766458876
"ENSMUSG00000037411",0.905609637694138,0.0718042362742013,0.20354285868223
"ENSMUSG00000051989",-0.311714070485053,0.0718466018014132,0.20354285868223
"ENSMUSG00000030138",-2.27772707486046,0.0719346694728762,0.20354285868223
"ENSMUSG00000018583",0.108485942074886,0.0719586894780375,0.20354285868223
"ENSMUSG00000090150",1.23367240160898,0.0719638009792205,0.20354285868223
"ENSMUSG00000026463",0.697203522956514,0.0720176470123358,0.20356433172851
"ENSMUSG00000061950",0.703910440578849,0.0721119043814191,0.203699930155729
"ENSMUSG00000037499",-0.216584025143696,0.0721997551108959,0.20381726891793
"ENSMUSG00000057177",0.756329235115004,0.0723266251386551,0.204044536689244
"ENSMUSG00000022947",1.0627941465252,0.072424566930752,0.204189954556207
"ENSMUSG00000027881",0.176765218043172,0.0724755668737537,0.204202925615487
"ENSMUSG00000057134",1.1430739065104,0.0726248126380126,0.204492514664039
"ENSMUSG00000032299",0.821967611720893,0.072908630872598,0.205160412065412
"ENSMUSG00000032280",1.00279170096494,0.0729791765175765,0.205227703420993
"ENSMUSG00000037993",-0.23152169470492,0.0730474672686046,0.205288571806596
"ENSMUSG00000027944",1.31947001339135,0.0731668646024806,0.205492897967784
"ENSMUSG00000020430",-0.89372228725809,0.07323250929178,0.205546092725206
"ENSMUSG00000024997",-0.0713493845837831,0.0733558170092746,0.20576096281569
"ENSMUSG00000025995",0.763474894498952,0.0734035613377631,0.20576374104936
"ENSMUSG00000063800",1.77816567634515,0.0735036930700785,0.205913273839221
"ENSMUSG00000020422",-1.46588759237429,0.0737198523634228,0.206387449269354
"ENSMUSG00000028412",1.9377112696184,0.0739537031946665,0.206678973355857
"ENSMUSG00000061778",1.75836429977573,0.0740016101677523,0.206678973355857
"ENSMUSG00000000581",-1.27083518300561,0.0740183532622139,0.206678973355857
"ENSMUSG00000062867",-0.152932106628072,0.0740579709209267,0.206678973355857
"ENSMUSG00000037740",-0.178167992979418,0.0740587914069955,0.206678973355857
"ENSMUSG00000023963",2.36596803934104,0.0742310811984684,0.206981817084229
"ENSMUSG00000030652",-0.179633972881351,0.0742613699559187,0.206981817084229
"ENSMUSG00000027999",0.249531999759807,0.074492117033967,0.207493548776259
"ENSMUSG00000020594",1.4833530254295,0.0746354416378873,0.207761276817421
"ENSMUSG00000029672",-2.40528048878909,0.0747316698264923,0.207897647854863
"ENSMUSG00000008373",0.0965515853365773,0.0749313855714657,0.208088985641098
"ENSMUSG00000035198",-0.117305691949333,0.0749631404266864,0.208088985641098
"ENSMUSG00000063550",-0.0795065707851315,0.0749818821932216,0.208088985641098
"ENSMUSG00000028016",1.43342183982361,0.0749895776475304,0.208088985641098
"ENSMUSG00000039234",0.270709331616743,0.0755046237956833,0.209358677666902
"ENSMUSG00000023932",0.122195015330636,0.0755422813303885,0.209358677666902
"ENSMUSG00000045948",-0.208202723949281,0.0757017724330467,0.209668659835015
"ENSMUSG00000021279",-0.582225108526512,0.0757526619365596,0.209677651058364
"ENSMUSG00000034187",0.0819992316587914,0.0764051842174217,0.211350858416639
"ENSMUSG00000003873",2.4786147735599,0.0764667301054162,0.211388240699709
"ENSMUSG00000054309",-0.179338755377586,0.0772335232827298,0.213373971103135
"ENSMUSG00000038417",0.598253858063824,0.077531726333276,0.214009739851191
"ENSMUSG00000015337",1.58247908338769,0.0775609032180528,0.214009739851191
"ENSMUSG00000023044",0.167791237044042,0.0780958263074465,0.215350709009444
"ENSMUSG00000032580",1.3418006045084,0.0782229294589611,0.215366056957576
"ENSMUSG00000051149",0.15626981253321,0.078244710229811,0.215366056957576
"ENSMUSG00000033272",-0.201550509259832,0.0782481992899713,0.215366056957576
"ENSMUSG00000025626",1.01614171876615,0.0783816682248188,0.215581052252202
"ENSMUSG00000008690",1.43270977254657,0.0784242819031526,0.215581052252202
"ENSMUSG00000028980",-0.212741208012524,0.0784990410304924,0.215651859909611
"ENSMUSG00000028622",-0.0895681832113482,0.0785514343895994,0.215661174515675
"ENSMUSG00000023088",1.68186683477257,0.0789526842468967,0.216627657961716
"ENSMUSG00000003437",0.921682175134325,0.0790406931815912,0.216734012892326
"ENSMUSG00000000538",1.64782498149903,0.0792364142112357,0.217135404074501
"ENSMUSG00000021039",0.113823840620238,0.0801625298925847,0.219536586221074
"ENSMUSG00000017721",-1.7083112592043,0.0808065523811836,0.221162709595516
"ENSMUSG00000020687",1.53932704690171,0.0811569008827303,0.221983543060843
"ENSMUSG00000034781",0.114360314607591,0.081579111957743,0.222999796103122
"ENSMUSG00000072235",1.96375168493508,0.0818262121359187,0.223481311434209
"ENSMUSG00000042426",1.14086879618128,0.0818568220931483,0.223481311434209
"ENSMUSG00000036678",-0.207024488263887,0.0820942658482108,0.22399061624177
"ENSMUSG00000026083",0.400585858695383,0.0823685319540676,0.224599695867318
"ENSMUSG00000004880",0.166399480369716,0.0824514867198765,0.224686683005682
"ENSMUSG00000001228",-0.131734772973623,0.0825897651609623,0.224924230490962
"ENSMUSG00000022400",0.198507733202916,0.0828598481936044,0.225520217625265
"ENSMUSG00000022139",2.3362180043511,0.0832935942119027,0.226560635430521
"ENSMUSG00000074513",0.124440415137734,0.0834230111198248,0.226732478269743
"ENSMUSG00000041912",-0.22439547380765,0.0834598079520525,0.226732478269743
"ENSMUSG00000063410",0.900371877496593,0.0835773500806872,0.226911732082113
"ENSMUSG00000052488",0.10896370410541,0.0840070977907758,0.227937877544516
"ENSMUSG00000019943",-0.155945308929429,0.0842730613270404,0.228374769728421
"ENSMUSG00000005410",-0.0679448213334517,0.0842740580261926,0.228374769728421
"ENSMUSG00000027879",0.0824207546166527,0.0843237902314666,0.228374769728421
"ENSMUSG00000070372",0.132521030127343,0.0848625427227487,0.229692527996812
"ENSMUSG00000006740",0.458307085768773,0.0849247734765727,0.229711821656552
"ENSMUSG00000054733",1.46988399621896,0.0849740617261682,0.229711821656552
"ENSMUSG00000057497",0.143407112263972,0.0850408853884516,0.229751342292557
"ENSMUSG00000079523",-3.43049474037683,0.0852715927055957,0.230233300305108
"ENSMUSG00000049439",1.03949367096128,0.0854553057752156,0.230587860647899
"ENSMUSG00000056050",-0.139551955264302,0.0857730942586729,0.231233859487458
"ENSMUSG00000017774",-0.0688850562013599,0.0857997938066392,0.231233859487458
"ENSMUSG00000024725",0.215257162604427,0.0859887141035409,0.231601181621593
"ENSMUSG00000002997",0.114986875205883,0.0861698021742248,0.231946972090987
"ENSMUSG00000042613",-1.39125430630539,0.0869318854328353,0.233855273710213
"ENSMUSG00000040725",-0.0696093313133233,0.0870773292300571,0.23410343673884
"ENSMUSG00000027447",-1.44438366776103,0.0874038898623598,0.234802554281743
"ENSMUSG00000078348",1.8478034234161,0.0875015466839122,0.234802554281743
"ENSMUSG00000028646",1.32631480764586,0.0875229806501808,0.234802554281743
"ENSMUSG00000025362",-0.145652612820619,0.0875507819987141,0.234802554281743
"ENSMUSG00000061981",-0.226379934395364,0.0879438459862854,0.235713073194666
"ENSMUSG00000021811",0.241395832111447,0.0881488683930115,0.236118788677811
"ENSMUSG00000032185",1.76673553494058,0.0882105808511807,0.236140368811464
"ENSMUSG00000040945",0.173830597772049,0.0884363114773647,0.236600733624244
"ENSMUSG00000025130",-0.0829614294882255,0.0885397191145329,0.23661582918473
"ENSMUSG00000009563",-0.147617454910449,0.088549482087537,0.23661582918473
"ENSMUSG00000020069",-0.146388802482878,0.0887914311514546,0.237118378942689
"ENSMUSG00000039427",1.98770245644564,0.0891840880096276,0.238022541740674
"ENSMUSG00000003779",-0.153940352809268,0.0893432023948731,0.238302687115052
"ENSMUSG00000024817",-0.117792284861995,0.0896521144560639,0.238981802375007
"ENSMUSG00000024387",0.134737604380224,0.0898311476492876,0.23931409249668
"ENSMUSG00000026860",0.9666301108421,0.0901171939500741,0.239930895689217
"ENSMUSG00000008575",1.48192044730526,0.0903504939164912,0.240406604429551
"ENSMUSG00000028465",0.0898512413069454,0.0904578300963083,0.240546773567283
"ENSMUSG00000043572",-2.40773753630295,0.0906615052983466,0.240942804841802
"ENSMUSG00000031575",1.92070096149051,0.0909008796918177,0.241433175331135
"ENSMUSG00000000339",-0.104877379753109,0.0912396039112275,0.242186668765568
"ENSMUSG00000040462",-1.62730337284044,0.0920795595693676,0.244268922040257
"ENSMUSG00000017765",1.62042880649399,0.092331746612798,0.244790371592123
"ENSMUSG00000036550",0.249781147468397,0.0924261637603416,0.24489316478583
"ENSMUSG00000049090",-0.118824394869243,0.0924859230117825,0.244904059671995
"ENSMUSG00000031691",0.168842764973377,0.0927038383649204,0.245333489262787
"ENSMUSG00000027187",-0.111693118204393,0.0929896773871908,0.245942049387636
"ENSMUSG00000038024",1.29319440997161,0.093640182418927,0.247513779474893
"ENSMUSG00000063450",1.00080410986362,0.0943241033144346,0.249171895970484
"ENSMUSG00000024413",-2.83585939500722,0.0943945245395765,0.249208339831239
"ENSMUSG00000030824",-0.113059320027155,0.0949152589199631,0.250432886394939
"ENSMUSG00000051671",-2.23830267511118,0.0949898737421545,0.250464450893284
"ENSMUSG00000019210",-0.095799794304444,0.0950410436245817,0.250464450893284
"ENSMUSG00000001056",0.128347023817287,0.0954396363469193,0.251364356411007
"ENSMUSG00000033083",2.07873697938935,0.0956357030726608,0.251590392317789
"ENSMUSG00000032469",1.67094170543534,0.0957163793243845,0.251590392317789
"ENSMUSG00000022945",-0.136210186941252,0.0957187093782323,0.251590392317789
"ENSMUSG00000037353",-0.0999469248222731,0.0957541256833211,0.251590392317789
"ENSMUSG00000030615",0.219402793871868,0.0958450277349705,0.251678977960385
"ENSMUSG00000037531",-0.161722617943408,0.0960497336387938,0.251932811014348
"ENSMUSG00000033216",-1.67444520616381,0.0960561819772951,0.251932811014348
"ENSMUSG00000026618",-0.121372751872819,0.0962101790593237,0.252186419321074
"ENSMUSG00000028480",-1.94657175806089,0.0964459392612062,0.252653915886053
"ENSMUSG00000042719",1.97693621345237,0.0965854651329881,0.252861498425928
"ENSMUSG00000027968",0.0809159275868545,0.0966400909685096,0.252861498425928
"ENSMUSG00000027523",0.094471742199584,0.0968659652055802,0.253301909013523
"ENSMUSG00000020922",1.08790852966641,0.0971774829345503,0.25396561899938
"ENSMUSG00000029535",1.58813636494431,0.0977312025591802,0.25518568685399
"ENSMUSG00000032602",-0.121064531681224,0.0977602972133212,0.25518568685399
"ENSMUSG00000061232",-0.215126089376469,0.0978645765537301,0.255306462011243
"ENSMUSG00000005506",-0.108974438069669,0.097976363581342,0.255354359350458
"ENSMUSG00000022983",-0.199288561363833,0.0979989804460176,0.255354359350458
"ENSMUSG00000026878",0.0659233413329297,0.0980892471374272,0.255438329379774
"ENSMUSG00000090053",0.18850342020998,0.0981522236401229,0.255451174595021
"ENSMUSG00000032803",0.163007911342593,0.0983163276275371,0.255727043669498
"ENSMUSG00000073639",-0.100186438995806,0.0989018488631163,0.257034036991371
"ENSMUSG00000074797",0.263823566333439,0.0989356188737521,0.257034036991371
"ENSMUSG00000027679",-0.109400731432018,0.0990538226583483,0.257189305911145
"ENSMUSG00000007891",-0.0862016796681644,0.0993919087391294,0.257914970731668
"ENSMUSG00000002059",-0.183714645358211,0.0995091480469177,0.258067036272531
"ENSMUSG00000036499",0.156503441026,0.0995994668231219,0.258149148108692
"ENSMUSG00000022858",0.107557444669865,0.100834731359624,0.261196970402417
"ENSMUSG00000033166",0.269968837223445,0.100985602194231,0.261409004003577
"ENSMUSG00000022283",0.0483868702364028,0.101035381915493,0.261409004003577
"ENSMUSG00000058587",0.141773917717504,0.101909047089755,0.263514521881324
"ENSMUSG00000029017",-0.104212073245094,0.102120404761417,0.263905990226071
"ENSMUSG00000017485",0.0802950493619967,0.102564283126354,0.26489754110275
"ENSMUSG00000005483",0.163848826562273,0.102625614845558,0.264900487352083
"ENSMUSG00000026275",0.188133202242593,0.102932211408748,0.265536144437221
"ENSMUSG00000024135",-0.160927904870281,0.103174745251798,0.265907728380933
"ENSMUSG00000070544",0.109074431450473,0.103197091587056,0.265907728380933
"ENSMUSG00000069565",0.130026982070458,0.103970510374527,0.267743836254123
"ENSMUSG00000024902",-0.110086019391932,0.104178374238044,0.268085938679431
"ENSMUSG00000059070",0.102731471903716,0.104225185430699,0.268085938679431
"ENSMUSG00000044894",-0.155828129184048,0.104321248456612,0.268176293491559
"ENSMUSG00000033955",1.013629649296,0.105659195337066,0.271366085423603
"ENSMUSG00000029781",-0.151212941101424,0.105685405684175,0.271366085423603
"ENSMUSG00000025817",-0.167373776107318,0.105974699354097,0.271899097576301
"ENSMUSG00000048170",0.86930211859994,0.106016553383534,0.271899097576301
"ENSMUSG00000003617",-0.398662004938465,0.106189129472924,0.272183086086395
"ENSMUSG00000048578",-0.0807831832809427,0.106379802039729,0.272388481320128
"ENSMUSG00000020580",1.37892820970492,0.106393046896001,0.272388481320128
"ENSMUSG00000027933",0.136101493667535,0.107217755949838,0.274340316241416
"ENSMUSG00000010025",-0.110368250837308,0.107418286763365,0.274693712984062
"ENSMUSG00000048109",0.180271941245678,0.107767749965491,0.275427333099958
"ENSMUSG00000028378",1.51178689225055,0.107929083686717,0.275679568952548
"ENSMUSG00000025068",0.16379193686647,0.108025347026912,0.275765401546079
"ENSMUSG00000067847",-1.67901754436302,0.108107945885138,0.275816272371301
"ENSMUSG00000032932",-0.173937101914689,0.109406684265343,0.278968028651086
"ENSMUSG00000040565",1.14920525474896,0.109752938357047,0.279556700945337
"ENSMUSG00000059734",-0.133299043800609,0.109807378978695,0.279556700945337
"ENSMUSG00000063895",0.173030592317435,0.109828115413426,0.279556700945337
"ENSMUSG00000007815",0.153549000439693,0.11026151751034,0.280497652348559
"ENSMUSG00000027162",0.170365478611121,0.110975066443257,0.282149778981384
"ENSMUSG00000022450",-0.129661583700603,0.111288817781603,0.282784114928888
"ENSMUSG00000022884",-0.179960097010152,0.111795750363442,0.283908307760824
"ENSMUSG00000029910",1.46677790251107,0.111880026916398,0.283958476619994
"ENSMUSG00000018171",1.41009196830222,0.112864618199044,0.286128959805853
"ENSMUSG00000016481",-1.31846625636665,0.112865229316737,0.286128959805853
"ENSMUSG00000029388",0.174807728004442,0.113118772125409,0.286606629892875
"ENSMUSG00000036983",-0.153526320347723,0.11352465402708,0.287469506543832
"ENSMUSG00000008393",0.330567949859248,0.114112322727474,0.288791450444861
"ENSMUSG00000005575",0.233018625581785,0.114216265877788,0.288888382832267
"ENSMUSG00000029363",0.108180197203563,0.11490426786171,0.290123182227983
"ENSMUSG00000025208",-0.147712624189897,0.114910476656207,0.290123182227983
"ENSMUSG00000020661",0.131378970090395,0.114917955342617,0.290123182227983
"ENSMUSG00000005566",-0.0369287039656889,0.114968150376188,0.290123182227983
"ENSMUSG00000000275",1.30170667431884,0.115133317089124,0.290318746522584
"ENSMUSG00000021877",0.352310691457333,0.115177580420003,0.290318746522584
"ENSMUSG00000039048",-1.24316681337888,0.115846632313114,0.291838024504875
"ENSMUSG00000039221",-1.67404260590933,0.116261521902348,0.292575253997519
"ENSMUSG00000004865",0.843006030725238,0.116272237955388,0.292575253997519
"ENSMUSG00000003500",-0.938191722876542,0.116585165951961,0.292916986188616
"ENSMUSG00000041781",0.223127055291311,0.116595944835118,0.292916986188616
"ENSMUSG00000015994",1.31946300042554,0.116607716383198,0.292916986188616
"ENSMUSG00000042165",0.154533998791564,0.116864095645764,0.293393545314892
"ENSMUSG00000027305",-0.169191831020033,0.11755972869233,0.294906684179401
"ENSMUSG00000001445",-0.111344837930808,0.117600824979516,0.294906684179401
"ENSMUSG00000054693",-0.151240669551107,0.117751183296988,0.295115579550139
"ENSMUSG00000030287",-0.352551996808515,0.118198455492029,0.296067958235869
"ENSMUSG00000020744",-0.176114500783967,0.118359676306769,0.296200314946158
"ENSMUSG00000024346",1.55953850780778,0.118416609613579,0.296200314946158
"ENSMUSG00000022436",-2.25791567779849,0.118453204795555,0.296200314946158
"ENSMUSG00000026715",-2.35418390995647,0.118787666382064,0.296867983956538
"ENSMUSG00000006010",-0.13087405244076,0.118898283132034,0.296975791182794
"ENSMUSG00000020471",1.26305842491846,0.12009258523114,0.299788694045518
"ENSMUSG00000030037",-0.258694162067602,0.120713476365792,0.301167805830981
"ENSMUSG00000024357",0.184483698903492,0.121282277925378,0.302415470339709
"ENSMUSG00000005813",0.0810911349125014,0.121487234869714,0.302754994712124
"ENSMUSG00000023861",-0.180252060889281,0.122184476355741,0.304320249259544
"ENSMUSG00000028684",0.137678532291243,0.122289714269175,0.304410086254886
"ENSMUSG00000058267",-0.142906294001104,0.122419803886949,0.304561648901336
"ENSMUSG00000045302",-0.21068984808662,0.122514658490872,0.30462543051883
"ENSMUSG00000049940",-0.127354588595267,0.123055675717851,0.30579787060094
"ENSMUSG00000021037",0.476664042080969,0.123456065819524,0.306619721033705
"ENSMUSG00000016541",0.203703278956539,0.123548175771165,0.306675421076649
"ENSMUSG00000024613",-0.0976423784280342,0.124029920961089,0.307697678776637
"ENSMUSG00000017686",-0.0858923624098118,0.124909940284925,0.309706280109271
"ENSMUSG00000034875",1.09792703387652,0.125366940807465,0.310664361764444
"ENSMUSG00000033323",1.50114918643484,0.125839506860233,0.311356115514863
"ENSMUSG00000019809",0.954661033452741,0.125847711121165,0.311356115514863
"ENSMUSG00000026718",1.44022797624076,0.125858334356042,0.311356115514863
"ENSMUSG00000015749",-0.188407734603807,0.126364264756053,0.312378883976422
"ENSMUSG00000020903",1.28907602822562,0.126413722418088,0.312378883976422
"ENSMUSG00000024308",-0.258275696567956,0.12664304006828,0.31266066808506
"ENSMUSG00000033429",-1.97458159580663,0.12666984121692,0.31266066808506
"ENSMUSG00000026377",-0.837744611916563,0.12696143204747,0.313204743520693
"ENSMUSG00000019822",1.64966305736058,0.127099198239041,0.313368947591046
"ENSMUSG00000046785",1.2128217154105,0.127270218000062,0.313614910088618
"ENSMUSG00000026853",-0.110018979941199,0.127348715196567,0.313632733956403
"ENSMUSG00000039886",-0.161945183008775,0.127559152423212,0.313959204873273
"ENSMUSG00000036992",0.769588677130908,0.127623953083,0.313959204873273
"ENSMUSG00000079614",-0.106118066052932,0.127828514904943,0.314286756478578
"ENSMUSG00000028128",-1.86068237440466,0.128910311787445,0.316628046871675
"ENSMUSG00000034088",0.0975195396431658,0.128924667119755,0.316628046871675
"ENSMUSG00000008604",1.25747153550542,0.129010343540116,0.316661752325739
"ENSMUSG00000059923",0.876304671351829,0.129434312531782,0.317525311846362
"ENSMUSG00000078902",-0.653627474160569,0.129802331899897,0.318229322728739
"ENSMUSG00000047547",1.94347941067953,0.129935726968889,0.318229322728739
"ENSMUSG00000072582",-0.108746116171879,0.129938216983309,0.318229322728739
"ENSMUSG00000026917",-0.136320399390112,0.130618618784554,0.319717764889223
"ENSMUSG00000068184",-0.112182091671819,0.130734444585434,0.319823396676207
"ENSMUSG00000060743",-0.351969772172382,0.13131379682021,0.321015383415528
"ENSMUSG00000030868",0.988212680775405,0.131367576807854,0.321015383415528
"ENSMUSG00000079553",-0.378697143566214,0.131572446924478,0.321193519061927
"ENSMUSG00000015247",-0.144797788567324,0.131586438279631,0.321193519061927
"ENSMUSG00000013662",-0.0812366607821176,0.131746431186171,0.321405789163159
"ENSMUSG00000021866",0.108327856097556,0.13214460934809,0.322037120839925
"ENSMUSG00000028670",-1.00494202368888,0.132151565607113,0.322037120839925
"ENSMUSG00000040385",0.109168075931397,0.133179088773423,0.324361466348551
"ENSMUSG00000025512",-1.26403613870774,0.134057151134947,0.3263194259651
"ENSMUSG00000006262",1.19503173645459,0.13473738181629,0.327793928896348
"ENSMUSG00000025035",0.157567538609136,0.135444454387938,0.328941673712789
"ENSMUSG00000027087",-0.121207120806233,0.135449446053863,0.328941673712789
"ENSMUSG00000046836",1.30709481033472,0.135514975576091,0.328941673712789
"ENSMUSG00000028719",0.162446953807518,0.135570096515529,0.328941673712789
"ENSMUSG00000036057",1.22983002034956,0.135582866647353,0.328941673712789
"ENSMUSG00000030987",0.214677944909386,0.135925846455375,0.32959209380171
"ENSMUSG00000001280",-0.237070927467609,0.136546094942991,0.330913746610188
"ENSMUSG00000040888",1.44704046071025,0.13670509183041,0.331116735908439
"ENSMUSG00000068114",1.47776237333118,0.136962562262892,0.33155788587403
"ENSMUSG00000018160",1.0400018674823,0.137128586151101,0.33162819642459
"ENSMUSG00000026248",-0.12644717197886,0.137142312540957,0.33162819642459
"ENSMUSG00000036270",-0.0755209747327932,0.138053299203629,0.333647759360336
"ENSMUSG00000029560",0.799034691258601,0.138569564141471,0.334711663988262
"ENSMUSG00000025076",1.24538402817408,0.139333073794278,0.336371287859911
"ENSMUSG00000037857",2.87842568362316,0.139538015047603,0.336681361965187
"ENSMUSG00000012405",0.105098631076508,0.139920133006034,0.337418359101127
"ENSMUSG00000036986",-0.163288874737823,0.140426520601143,0.338454061974606
"ENSMUSG00000032127",0.992481088826505,0.141008785648582,0.339671409764319
"ENSMUSG00000008136",-1.31192778269478,0.141355973676509,0.34031883728426
"ENSMUSG00000008859",1.64510202561215,0.141432209359898,0.34031883728426
"ENSMUSG00000017404",0.140836739240854,0.141895765175249,0.34124768444605
"ENSMUSG00000036513",1.03726421878497,0.142296391592741,0.342024259639352
"ENSMUSG00000024900",-0.166379254284845,0.142688331267003,0.342779118944367
"ENSMUSG00000022774",1.43480777930104,0.142926575846712,0.34307901096625
"ENSMUSG00000051256",1.1300202861455,0.142969076598978,0.34307901096625
"ENSMUSG00000071533",1.19972930671269,0.143071325125927,0.34313727622845
"ENSMUSG00000043510",-0.145359197010769,0.143297759698336,0.343493159276893
"ENSMUSG00000053317",0.218193154075493,0.143440288045212,0.343647636193238
"ENSMUSG00000025036",-0.127605263183831,0.144302852994696,0.34552603701287
"ENSMUSG00000047557",-0.191392472092371,0.144833044186941,0.346606975240199
"ENSMUSG00000027752",1.29330554612956,0.145179115562763,0.347128886847814
"ENSMUSG00000027774",0.0757568779537223,0.145208879956107,0.347128886847814
"ENSMUSG00000020739",-0.190179146739904,0.145311925185858,0.347186635582497
"ENSMUSG00000026499",0.139859300135249,0.145678273504071,0.347873077423449
"ENSMUSG00000025555",-1.15092281476204,0.146428525342999,0.349475021710704
"ENSMUSG00000029705",0.1209242064972,0.146529954704672,0.349527550490655
"ENSMUSG00000028992",0.147050271430807,0.147033233765677,0.350538061648291
"ENSMUSG00000102976",0.650374096038298,0.147123325832211,0.35056294368574
"ENSMUSG00000034459",-0.622307179253486,0.147376933629374,0.350977210445279
"ENSMUSG00000071074",1.37085408679554,0.14759057028619,0.351059870039731
"ENSMUSG00000021910",1.16867617757309,0.14761880836643,0.351059870039731
"ENSMUSG00000061273",1.33634194042374,0.147732624555992,0.351059870039731
"ENSMUSG00000026491",1.18631854209407,0.147736551201958,0.351059870039731
"ENSMUSG00000098274",0.136115618198236,0.147810483795415,0.351059870039731
"ENSMUSG00000027215",-1.32515991230703,0.148009686037423,0.351343380933495
"ENSMUSG00000006456",-0.0811615497715685,0.148119194229703,0.35138130546935
"ENSMUSG00000025371",1.47042464051226,0.14825791446916,0.35138130546935
"ENSMUSG00000005881",1.53337444914028,0.148265186152371,0.35138130546935
"ENSMUSG00000002812",0.152336946703645,0.148380637926541,0.351465655282405
"ENSMUSG00000007039",-1.38219318533924,0.14852623010686,0.351537199184027
"ENSMUSG00000028552",0.928910243271595,0.148570595428832,0.351537199184027
"ENSMUSG00000028936",-0.135042416196399,0.149526173413432,0.353444519050976
"ENSMUSG00000009741",1.22710369365154,0.149537308446471,0.353444519050976
"ENSMUSG00000022360",-0.10122718012509,0.149928514885717,0.354178955454666
"ENSMUSG00000023277",1.19535265570931,0.150765911159885,0.355793220894946
"ENSMUSG00000019659",1.44365241928289,0.150804496365704,0.355793220894946
"ENSMUSG00000028651",-0.153908258902671,0.150861458044,0.355793220894946
"ENSMUSG00000035863",-1.49279918494404,0.150935229132212,0.355793220894946
"ENSMUSG00000048878",0.819672373488572,0.151491977033223,0.356747456352228
"ENSMUSG00000044303",-0.134391361168042,0.151539871804273,0.356747456352228
"ENSMUSG00000035049",-0.133408858014228,0.151583218218284,0.356747456352228
"ENSMUSG00000030102",-0.071832453982811,0.151685573213012,0.356797545542739
"ENSMUSG00000043284",-0.134057766394839,0.151923081091936,0.357090380833692
"ENSMUSG00000020260",-0.110845786039,0.151972343399569,0.357090380833692
"ENSMUSG00000020621",-1.57586315821145,0.152336284387162,0.357754529129082
"ENSMUSG00000057440",1.27714474890505,0.152888298829962,0.358859415013686
"ENSMUSG00000005374",0.0877787742148968,0.153147227610463,0.359275559015803
"ENSMUSG00000042284",0.674641709446131,0.153439277710816,0.359768919129089
"ENSMUSG00000049775",-1.24726926397035,0.15371187051771,0.360216156628563
"ENSMUSG00000029208",-0.784868561148492,0.154482357970942,0.361829088573771
"ENSMUSG00000028345",0.846659718113649,0.154727262084665,0.361906267994032
"ENSMUSG00000027907",-0.128321803677863,0.154814289599266,0.361906267994032
"ENSMUSG00000001783",0.173723628882346,0.154846733762473,0.361906267994032
"ENSMUSG00000026820",-0.0935533616377384,0.154951877130066,0.361906267994032
"ENSMUSG00000002395",1.20177389108911,0.154970317647483,0.361906267994032
"ENSMUSG00000019577",-0.13715461406203,0.155045640970347,0.361906267994032
"ENSMUSG00000018974",0.0955336771277615,0.155090938749544,0.361906267994032
"ENSMUSG00000028671",-1.43973576046828,0.155504069936219,0.362678013666826
"ENSMUSG00000022201",0.0946514605012894,0.155615833115976,0.362721517825819
"ENSMUSG00000024914",1.08696078234731,0.155738840984366,0.362721517825819
"ENSMUSG00000029993",-0.167474568716088,0.155769976980413,0.362721517825819
"ENSMUSG00000044763",0.860552041147553,0.156802959025778,0.364899706456559
"ENSMUSG00000001211",0.254539520542373,0.156871221226042,0.364899706456559
"ENSMUSG00000024191",-1.00468701406021,0.157020068588952,0.3649451822214
"ENSMUSG00000029836",0.133323595915716,0.157056617843065,0.3649451822214
"ENSMUSG00000045763",0.261797603674207,0.157294075320378,0.365304076773077
"ENSMUSG00000035227",0.106125231220112,0.157586038552091,0.365789111639109
"ENSMUSG00000049858",-1.57702535189631,0.157863360845898,0.366239668467472
"ENSMUSG00000040158",-1.64499204660934,0.15815190909194,0.366715780776412
"ENSMUSG00000032560",0.0888904781802715,0.158552349100019,0.367234515075051
"ENSMUSG00000020248",-1.29511866266968,0.158575673018631,0.367234515075051
"ENSMUSG00000027893",-0.0928723489423824,0.158625951637735,0.367234515075051
"ENSMUSG00000028759",-0.077887544447151,0.158867503133595,0.367600358197136
"ENSMUSG00000025026",0.122742761543456,0.159341341296712,0.368503017891135
"ENSMUSG00000006412",0.946991668143159,0.159660680357827,0.36904761252878
"ENSMUSG00000025872",1.41759939918796,0.159835663090381,0.369258138194628
"ENSMUSG00000019795",0.126257460301716,0.160102181468713,0.369607195639629
"ENSMUSG00000032135",0.136506305270842,0.160154719855663,0.369607195639629
"ENSMUSG00000004356",-1.71018280846114,0.1604309909962,0.369857156187159
"ENSMUSG00000028270",0.273754367189397,0.160431353932183,0.369857156187159
"ENSMUSG00000042814",1.32550131598742,0.160515148447506,0.369857156187159
"ENSMUSG00000034957",-1.10202607870398,0.160604322636847,0.369868981645611
"ENSMUSG00000042626",1.14594145940198,0.160903853335602,0.370364988770913
"ENSMUSG00000018196",1.14958269669804,0.161963372543512,0.372608887905906
"ENSMUSG00000046879",-0.266470994134419,0.162330201595045,0.373155694278486
"ENSMUSG00000107283",-0.176638139345378,0.162370632706953,0.373155694278486
"ENSMUSG00000021248",-0.105840088454595,0.163990710301839,0.376682210875988
"ENSMUSG00000025351",2.60452965463592,0.164453925785704,0.377549153564362
"ENSMUSG00000031586",0.740562950504145,0.164643654497552,0.377787655601526
"ENSMUSG00000025534",-0.0950295875144818,0.165057191914004,0.378539187917422
"ENSMUSG00000040843",-1.32085697916734,0.165272063967758,0.378834559126094
"ENSMUSG00000039671",1.04507849114467,0.165548733520489,0.379171719417644
"ENSMUSG00000054611",0.768439189678759,0.165591466648651,0.379171719417644
"ENSMUSG00000005354",0.127247246042792,0.166957865463966,0.382101698339528
"ENSMUSG00000025958",-1.21977795259189,0.16757820057901,0.383322068995959
"ENSMUSG00000037062",0.15076638666093,0.168007228407107,0.384103798555676
"ENSMUSG00000040483",1.08102243191824,0.1686311886671,0.385330146066411
"ENSMUSG00000029581",0.161680607667265,0.169037487490264,0.386036377869687
"ENSMUSG00000036114",1.23538061628552,0.169115686555955,0.386036377869687
"ENSMUSG00000028224",-0.151578970760252,0.169238948879945,0.386117477460154
"ENSMUSG00000056870",-0.893415487941454,0.169827025994429,0.387258415233929
"ENSMUSG00000020831",1.32281723885356,0.169963722269879,0.387369415696394
"ENSMUSG00000026305",1.47949410772419,0.170166452628976,0.387630723612899
"ENSMUSG00000018932",0.0974191744046458,0.170281161827339,0.387691357062658
"ENSMUSG00000079641",-2.29805707677452,0.170380938472795,0.387717947372684
"ENSMUSG00000036733",0.804576472160168,0.170830647289009,0.388540402438723
"ENSMUSG00000009013",0.128862769572077,0.171113101229028,0.388981796750492
"ENSMUSG00000022811",-1.45160121274169,0.171602879205679,0.389893790079604
"ENSMUSG00000004100",-0.649053324008854,0.172643116439011,0.392054878972181
"ENSMUSG00000031864",-0.104519115768557,0.173700571679755,0.394252818959567
"ENSMUSG00000019920",0.124339393287826,0.174272348622229,0.395346704271355
"ENSMUSG00000034908",0.79822556007958,0.174763470480576,0.396256586081924
"ENSMUSG00000037949",0.107330908877287,0.174988811285581,0.396563212393327
"ENSMUSG00000061024",0.131667186749056,0.175837024279862,0.39828036225202
"ENSMUSG00000026439",0.688136498017951,0.176135711603148,0.398751680434905
"ENSMUSG00000037938",-1.32242747423199,0.176602017541158,0.399515004097965
"ENSMUSG00000038467",0.14428360531312,0.176691034165761,0.399515004097965
"ENSMUSG00000061758",-0.148770275381189,0.17674521994518,0.399515004097965
"ENSMUSG00000019214",0.991484359470832,0.177356369892158,0.400690648816933
"ENSMUSG00000019916",1.74537795610673,0.177461111226982,0.400721575428398
"ENSMUSG00000041881",-0.124080052412634,0.177991949217874,0.401714137696341
"ENSMUSG00000078619",0.170634108607317,0.178390132737667,0.40240644499153
"ENSMUSG00000026087",-0.131887009308219,0.178685172103434,0.402863468500132
"ENSMUSG00000040940",1.1890624412451,0.178775813219895,0.402863468500132
"ENSMUSG00000006134",1.59441387574048,0.179569665917925,0.404445291558234
"ENSMUSG00000060923",1.25743515591793,0.180276141781743,0.405645007821601
"ENSMUSG00000022314",0.0806481902382039,0.180286670142934,0.405645007821601
"ENSMUSG00000025510",1.71291418744574,0.180599973176045,0.405948730635889
"ENSMUSG00000024480",1.18345102520742,0.180664500182062,0.405948730635889
"ENSMUSG00000028998",-0.213861485461191,0.180698378394844,0.405948730635889
"ENSMUSG00000061079",-0.536616666233744,0.181036750702162,0.40650139787766
"ENSMUSG00000021033",-0.113368341721035,0.181288382780615,0.406858833563226
"ENSMUSG00000019777",0.105605637929752,0.181766000035165,0.407390094870948
"ENSMUSG00000024659",-0.134991117715014,0.181774427420001,0.407390094870948
"ENSMUSG00000031839",-1.51710625706332,0.181861160243657,0.407390094870948
"ENSMUSG00000016382",0.132894228462298,0.181895372965556,0.407390094870948
"ENSMUSG00000033039",-0.97918347476368,0.182112460845878,0.407668840377776
"ENSMUSG00000070436",-0.0794392738767229,0.182241794334848,0.40775095926165
"ENSMUSG00000024759",0.0975772692173749,0.182510203463601,0.408144006830949
"ENSMUSG00000022881",-0.0690586632580867,0.182683752766525,0.408324629723452
"ENSMUSG00000032194",0.714608985474939,0.182933906557244,0.408676204445904
"ENSMUSG00000032042",-0.109448124738709,0.183181982599109,0.409022783063764
"ENSMUSG00000027227",0.212812437287006,0.183414762175946,0.409334872381511
"ENSMUSG00000056209",0.904010099113659,0.18370394349804,0.409772455821021
"ENSMUSG00000046516",0.222476810854857,0.184274680886968,0.410837320457724
"ENSMUSG00000050244",0.119282645344516,0.185030957135168,0.412314553089557
"ENSMUSG00000034681",-0.0864768118528119,0.185588628330067,0.413347952065094
"ENSMUSG00000055447",1.02875713664184,0.185942366879244,0.413926331125723
"ENSMUSG00000036644",1.08075255457081,0.186041265408565,0.41393711277204
"ENSMUSG00000027639",-0.104528561605125,0.187687606498038,0.417365879346061
"ENSMUSG00000025533",1.16361027597078,0.187835434962067,0.417365879346061
"ENSMUSG00000003279",-1.92728448645402,0.187866804586355,0.417365879346061
"ENSMUSG00000032555",0.958470784403481,0.188206462989983,0.417909507375841
"ENSMUSG00000028986",-2.90932841537944,0.188802293734263,0.419021126941246
"ENSMUSG00000031988",1.09016042171163,0.188978235813913,0.419200209585198
"ENSMUSG00000017548",0.694479303602201,0.189813957076212,0.420504394995409
"ENSMUSG00000031715",0.037933273488175,0.189843094732858,0.420504394995409
"ENSMUSG00000078452",0.965866709664343,0.189934896706517,0.420504394995409
"ENSMUSG00000032330",-1.48439918563249,0.189972067539308,0.420504394995409
"ENSMUSG00000027091",0.862217622923289,0.190043908576657,0.420504394995409
"ENSMUSG00000066442",-0.980233067770229,0.190423353542736,0.421085394406882
"ENSMUSG00000061477",0.0532715248241011,0.190497846004113,0.421085394406882
"ENSMUSG00000009535",1.4375674498015,0.190841325951835,0.421632869233949
"ENSMUSG00000073643",1.65790457000432,0.191053431883483,0.421889690777326
"ENSMUSG00000010205",-0.0948695521187446,0.192703364926414,0.425145540825313
"ENSMUSG00000033411",1.19779929246807,0.192721052930357,0.425145540825313
"ENSMUSG00000047866",-0.617622081976887,0.193000084943469,0.425547782483071
"ENSMUSG00000061360",0.0795194594894255,0.19348319785302,0.42639937593948
"ENSMUSG00000031903",1.21449282986416,0.193597086900433,0.426436826550953
"ENSMUSG00000039680",-0.117822455561122,0.194567249063666,0.428359411270231
"ENSMUSG00000038299",1.12024153899729,0.194959621580854,0.42900864728867
"ENSMUSG00000025159",0.134493403600054,0.195503629909942,0.429990742245704
"ENSMUSG00000021012",1.29594282547729,0.195800860278581,0.43037577202543
"ENSMUSG00000073676",-0.275818847508717,0.195874272067016,0.43037577202543
"ENSMUSG00000020022",-0.0952425700091553,0.196138109202374,0.430740428442938
"ENSMUSG00000037936",0.166362917566275,0.19627898654826,0.430834822842341
"ENSMUSG00000033557",-1.61209617595134,0.196830538233967,0.431830109056675
"ENSMUSG00000071415",0.0533032957753967,0.196932239321216,0.431837959767151
"ENSMUSG00000041958",1.27348681879366,0.197621541047386,0.432993139777123
"ENSMUSG00000021870",-1.20635117570005,0.197655809546067,0.432993139777123
"ENSMUSG00000008333",-1.01688054868499,0.198466326469829,0.434552389449611
"ENSMUSG00000057130",1.45203409390782,0.19861250475131,0.434656207563657
"ENSMUSG00000074643",-1.21280286195909,0.19913569840654,0.435584596763014
"ENSMUSG00000022673",0.0572593631508163,0.199488171318231,0.436138818664448
"ENSMUSG00000024866",1.3747214359268,0.199703688159271,0.436393213301366
"ENSMUSG00000020171",1.04860020253793,0.199846862850154,0.436489351565025
"ENSMUSG00000036940",0.636251222163903,0.200481615326289,0.43765852631498
"ENSMUSG00000003865",-0.132226125512585,0.200981852329114,0.438533035250585
"ENSMUSG00000004460",-0.105112565226747,0.201331975731569,0.439079298907153
"ENSMUSG00000010936",0.0932013876109572,0.201633225036254,0.439518486074568
"ENSMUSG00000037820",-0.0749256364679134,0.20237050602715,0.440907226250241
"ENSMUSG00000073609",-1.31724336212303,0.203412614124379,0.442803314950705
"ENSMUSG00000055204",1.01578478983608,0.203489413658651,0.442803314950705
"ENSMUSG00000020576",0.179848971187283,0.203542628072092,0.442803314950705
"ENSMUSG00000028093",0.0984759784178593,0.203733517846517,0.442999610692946
"ENSMUSG00000008475",2.11899832350371,0.204238718207669,0.443878814238001
"ENSMUSG00000027963",0.824807021803366,0.204400740337843,0.444011677308414
"ENSMUSG00000063052",-0.161712251229499,0.204738117780798,0.444525138802807
"ENSMUSG00000071654",-1.49145874748433,0.20513220202952,0.445161154404298
"ENSMUSG00000026353",0.152014680490346,0.205233973448747,0.445162502290752
"ENSMUSG00000031628",1.2654980253142,0.205876220555268,0.446335589489525
"ENSMUSG00000023973",-0.119864618820408,0.20631057992298,0.447057046893666
"ENSMUSG00000006589",-0.161941745626699,0.206672389000282,0.447620661412521
"ENSMUSG00000090862",0.11259513973496,0.208031593969206,0.450342865252569
"ENSMUSG00000027488",-1.38479328287443,0.208731833862803,0.451434872656911
"ENSMUSG00000020697",1.07364312094833,0.208849389842602,0.451434872656911
"ENSMUSG00000042709",-0.0876058551639183,0.20891031837747,0.451434872656911
"ENSMUSG00000024580",1.21082689983261,0.208946338469013,0.451434872656911
"ENSMUSG00000032312",0.929680587849905,0.20912527607125,0.451599774283402
"ENSMUSG00000041313",1.44449632070881,0.209453326744954,0.45208636145392
"ENSMUSG00000020993",1.4042086922454,0.2098407914186,0.452700648545715
"ENSMUSG00000004268",-0.609534433982297,0.210129636885176,0.453101681495179
"ENSMUSG00000032279",-0.0953188615181162,0.211353891171811,0.455317920491885
"ENSMUSG00000029104",0.804341154252505,0.211364351639382,0.455317920491885
"ENSMUSG00000028614",0.218119289748756,0.21154318346908,0.455480210590715
"ENSMUSG00000042557",0.103156408937039,0.211941191508544,0.4561140263223
"ENSMUSG00000037149",0.0824559788521455,0.212133655900036,0.45630509267647
"ENSMUSG00000026634",-0.171823980964501,0.212982219518429,0.457906569663218
"ENSMUSG00000037725",-1.3504106818149,0.21354951507691,0.458902058522208
"ENSMUSG00000021687",1.33694973744831,0.213806603923675,0.459230289833136
"ENSMUSG00000026843",0.106256977773544,0.214090175646049,0.459596427040748
"ENSMUSG00000029472",0.932604207143672,0.214185928620898,0.459596427040748
"ENSMUSG00000021606",-0.212196783892718,0.214389127480044,0.459808260253252
"ENSMUSG00000066979",0.0869473332721569,0.215031438552356,0.460961208508972
"ENSMUSG00000038374",0.128964204850167,0.216593936474297,0.464084671092201
"ENSMUSG00000006005",-0.0558642341860462,0.21741406754913,0.465615236634414
"ENSMUSG00000018697",0.759937340545608,0.218392044806693,0.467311371756641
"ENSMUSG00000021196",0.0897267259855354,0.218511248636487,0.467311371756641
"ENSMUSG00000061286",1.53682611840233,0.218524608742369,0.467311371756641
"ENSMUSG00000018796",0.0819500281792713,0.218631966905956,0.46731388361006
"ENSMUSG00000034473",1.01204069152183,0.219600203776226,0.46915558098018
"ENSMUSG00000063200",0.90316190941612,0.220072389751269,0.469936238377164
"ENSMUSG00000046364",0.0949669767828567,0.221841573408641,0.473484366911459
"ENSMUSG00000055319",-0.0863788448327441,0.222156202019829,0.473864228633898
"ENSMUSG00000038683",1.41466705988675,0.22228657324185,0.473864228633898
"ENSMUSG00000024260",-0.982130131347933,0.222442709916214,0.473864228633898
"ENSMUSG00000056167",0.907877027370606,0.222450237754518,0.473864228633898
"ENSMUSG00000031232",0.944197215522657,0.222700499938005,0.474167827879612
"ENSMUSG00000030718",1.24402798678884,0.222951825920572,0.474473397425743
"ENSMUSG00000070283",1.05388594701608,0.223578348853592,0.47557675848461
"ENSMUSG00000031266",1.46889653759517,0.223791688893338,0.475800590734097
"ENSMUSG00000032212",-0.690840971014044,0.224644440122666,0.477382994195971
"ENSMUSG00000020680",0.133061950446344,0.225379703005046,0.478492854164395
"ENSMUSG00000036323",-0.0885789573814222,0.225384159664347,0.478492854164395
"ENSMUSG00000032763",-0.88153316800706,0.225645359083011,0.478816405653004
"ENSMUSG00000027630",1.2726825971571,0.225808542479659,0.47893175684481
"ENSMUSG00000060935",-0.180196759118857,0.226359839549797,0.47986977546178
"ENSMUSG00000042111",1.08875666218838,0.22790137294177,0.48251281071445
"ENSMUSG00000029394",0.953381383273953,0.228014853546775,0.48251281071445
"ENSMUSG00000014551",0.203509639261526,0.22802972530019,0.48251281071445
"ENSMUSG00000010097",-0.0662930386456964,0.228045136624871,0.48251281071445
"ENSMUSG00000003037",0.163840983387377,0.228664616818018,0.483591051713647
"ENSMUSG00000072946",0.153017860080801,0.229235733784125,0.484566025160391
"ENSMUSG00000017778",0.228131673072653,0.229626215367786,0.485158412786186
"ENSMUSG00000035376",-1.12390059623774,0.229968426746649,0.485648294679463
"ENSMUSG00000029632",0.153654831849721,0.231017756984306,0.487630287044571
"ENSMUSG00000009647",0.139048025921717,0.231932318036278,0.489326045866567
"ENSMUSG00000024800",0.942234923497274,0.23253063595461,0.490333923416966
"ENSMUSG00000038766",1.00982092979479,0.232632863461628,0.490333923416966
"ENSMUSG00000022024",0.163550178420692,0.232789597796844,0.490429401581575
"ENSMUSG00000024735",0.0628199753299867,0.232977484996591,0.490590388263156
"ENSMUSG00000003970",0.0742502214749017,0.233396215869763,0.491237085625455
"ENSMUSG00000005899",0.654098476375619,0.233751449238126,0.49174958322036
"ENSMUSG00000020264",-1.31259140753332,0.234135011199857,0.49199620591987
"ENSMUSG00000046434",0.0518130172567979,0.234244785473576,0.49199620591987
"ENSMUSG00000053286",0.709169589874428,0.234246534388021,0.49199620591987
"ENSMUSG00000074364",0.0943455886798326,0.234315848127255,0.49199620591987
"ENSMUSG00000020964",-0.115768225602412,0.234628472251909,0.49241769498362
"ENSMUSG00000041057",1.1442528429582,0.234879037359672,0.49270860029548
"ENSMUSG00000020923",0.0923761150106053,0.235809725166787,0.494425250337793
"ENSMUSG00000021244",-0.0745742420577145,0.236986939257273,0.496656914129171
"ENSMUSG00000027010",-0.0619017419420942,0.237397720597514,0.497221949790734
"ENSMUSG00000024393",1.47244016432003,0.23748251271532,0.497221949790734
"ENSMUSG00000026918",1.65860986066415,0.238145551382761,0.498166342680226
"ENSMUSG00000056228",-0.812657855886034,0.238159960236127,0.498166342680226
"ENSMUSG00000025574",-1.26516996169238,0.238698413287999,0.499055447449161
"ENSMUSG00000020460",-0.100804358442311,0.239137991438879,0.499737084673555
"ENSMUSG00000032849",0.601031369781293,0.239737689686788,0.500530283281279
"ENSMUSG00000028066",1.09699333205655,0.239745020939999,0.500530283281279
"ENSMUSG00000027163",1.30542674088736,0.24053817082547,0.501901645627459
"ENSMUSG00000021374",0.131110123616075,0.240629964161313,0.501901645627459
"ENSMUSG00000021693",-1.00032325274692,0.240874005049959,0.501941054621414
"ENSMUSG00000027076",-0.110137445672883,0.240876961454312,0.501941054621414
"ENSMUSG00000039197",0.133154284894953,0.241051477281182,0.502066990778269
"ENSMUSG00000042198",0.951340915630283,0.241238320119053,0.502218470597896
"ENSMUSG00000048486",1.17855413670468,0.242009572643544,0.503585876692311
"ENSMUSG00000017716",-0.13758349229245,0.242459925065846,0.504284560593001
"ENSMUSG00000045193",0.639541684513841,0.242706380639727,0.504342577795106
"ENSMUSG00000038644",-0.114659431785611,0.242717014262676,0.504342577795106
"ENSMUSG00000017264",1.10324961357834,0.24286778356094,0.504417704318875
"ENSMUSG00000028580",1.11554490773172,0.243021068315631,0.504497981913722
"ENSMUSG00000032571",1.38604643475559,0.243898342039214,0.506080435320406
"ENSMUSG00000021040",-0.436294200456963,0.244908955010313,0.507937941093491
"ENSMUSG00000031555",-0.170825132840605,0.245795175846333,0.509535830852432
"ENSMUSG00000045973",0.0966888085700042,0.247137993251214,0.512078299575609
"ENSMUSG00000001999",0.182169616409404,0.247295139084842,0.512162779817595
"ENSMUSG00000034593",-0.979725344543482,0.247704485013844,0.512715366106102
"ENSMUSG00000027997",0.934351493131853,0.247794951989929,0.512715366106102
"ENSMUSG00000031352",0.125639867673922,0.248696257444582,0.514338453483837
"ENSMUSG00000028882",0.172384735367082,0.248986631429508,0.514697118328448
"ENSMUSG00000022748",-1.33972933461757,0.250130517379106,0.516818970415701
"ENSMUSG00000017210",0.678808790203867,0.250669141770047,0.517688828216788
"ENSMUSG00000028134",1.30630775842057,0.252406472371262,0.520791920401874
"ENSMUSG00000021660",0.0788991121830485,0.252408354059804,0.520791920401874
"ENSMUSG00000069045",-1.96606662212935,0.254287243045966,0.524422753816914
"ENSMUSG00000025007",-0.0467576171524264,0.254879752691906,0.525398497235166
"ENSMUSG00000028163",1.0658590368024,0.255555014490459,0.526543829013348
"ENSMUSG00000079480",1.59737848375972,0.256184999660333,0.527594844878393
"ENSMUSG00000020265",1.39219726279535,0.256670940827306,0.528348367905039
"ENSMUSG00000003200",0.134533040448638,0.258032453800747,0.530902678437162
"ENSMUSG00000034462",1.25398657427588,0.258456241683054,0.531055730737067
"ENSMUSG00000015092",1.73228415212809,0.258463525335553,0.531055730737067
"ENSMUSG00000026198",0.939283135404249,0.258468842362826,0.531055730737067
"ENSMUSG00000006728",-0.137131077236319,0.258831738210521,0.531553187057631
"ENSMUSG00000028693",0.0818782724375851,0.259444439643874,0.532534958463729
"ENSMUSG00000016534",-0.195304939635484,0.259575426085625,0.532534958463729
"ENSMUSG00000073702",0.088093470835485,0.259879021170752,0.532534958463729
"ENSMUSG00000028322",-1.49272555638795,0.259926538234682,0.532534958463729
"ENSMUSG00000015112",1.46298478746571,0.259936301703759,0.532534958463729
"ENSMUSG00000040359",0.603611463529553,0.260035815891514,0.532534958463729
"ENSMUSG00000029145",0.603697755562347,0.260354666541418,0.532939947650595
"ENSMUSG00000027293",0.0878490841204389,0.260695743082404,0.533390035009605
"ENSMUSG00000029501",-0.820967150187347,0.260952962356797,0.533668209726887
"ENSMUSG00000015837",0.115077976084848,0.261186447350834,0.533897610214129
"ENSMUSG00000079316",-0.701704603411077,0.261386701072278,0.534028272848312
"ENSMUSG00000019710",-0.0979091812057327,0.261676503030449,0.534028272848312
"ENSMUSG00000025544",0.236761827706406,0.261777582010087,0.534028272848312
"ENSMUSG00000027327",1.38577512112307,0.261816821308151,0.534028272848312
"ENSMUSG00000118671",-1.22370738024204,0.261857080846775,0.534028272848312
"ENSMUSG00000031059",0.0870055974786759,0.262263685208844,0.534609763132989
"ENSMUSG00000031827",0.131687754948484,0.262895679001145,0.535649945964834
"ENSMUSG00000024054",-0.0484181915266646,0.263359451480905,0.536346573793365
"ENSMUSG00000034659",-2.19975189690832,0.263642904422822,0.536675496005939
"ENSMUSG00000020023",0.954678543336488,0.26376724231621,0.536680366820916
"ENSMUSG00000037487",0.792290955908125,0.264370183343252,0.537658584516475
"ENSMUSG00000017188",-1.88744001349313,0.264500653179173,0.537675461728194
"ENSMUSG00000001403",-1.1938784479815,0.265088512482252,0.538621672869063
"ENSMUSG00000009079",0.0983292331141818,0.265930489631525,0.540083103307957
"ENSMUSG00000004895",1.28340914769829,0.266838803846589,0.541677848583413
"ENSMUSG00000033624",-0.872077126071925,0.267232920522983,0.542129735518286
"ENSMUSG00000024208",-0.100917359936137,0.267307776885863,0.542129735518286
"ENSMUSG00000066441",1.31095680691167,0.267928078705899,0.542969923992195
"ENSMUSG00000017999",1.2455250893051,0.267968796844137,0.542969923992195
"ENSMUSG00000001855",-0.166123933363536,0.268249080846235,0.54328771505029
"ENSMUSG00000053453",1.46460785171986,0.268555061820679,0.543657234164125
"ENSMUSG00000026500",-0.824416569767816,0.269277656856643,0.544869410494752
"ENSMUSG00000056770",-0.913206232360636,0.269627928223374,0.545327441227513
"ENSMUSG00000028044",1.20739535079961,0.269835905508249,0.545497390970052
"ENSMUSG00000021692",1.21726766588682,0.270419682702869,0.546426548932656
"ENSMUSG00000037012",-0.0503525608358864,0.270982384909604,0.547246641258702
"ENSMUSG00000027882",0.124696587560589,0.27107422811724,0.547246641258702
"ENSMUSG00000090733",-2.25529629946007,0.271430670283385,0.547519009329115
"ENSMUSG00000025579",0.111008675245621,0.271530765113208,0.547519009329115
"ENSMUSG00000031974",1.01038740542247,0.271582367045094,0.547519009329115
"ENSMUSG00000028413",1.01683043188687,0.271866123226613,0.547840113699783
"ENSMUSG00000054312",-0.0844127717872567,0.272441339569287,0.548675609271931
"ENSMUSG00000025133",0.0770191530388438,0.27253007995193,0.548675609271931
"ENSMUSG00000030613",-1.08540719285137,0.272741201273379,0.54874811880114
"ENSMUSG00000020457",-0.630314047478173,0.272815470106088,0.54874811880114
"ENSMUSG00000018761",0.673821463170189,0.273290386504535,0.549452257198017
"ENSMUSG00000009291",2.34377986480304,0.273639674190639,0.549903290462558
"ENSMUSG00000058056",0.91074738122316,0.273959824993183,0.55029538557508
"ENSMUSG00000022614",-0.725032144740727,0.27460955518383,0.551348837757315
"ENSMUSG00000015880",0.0909659372531877,0.276703684116917,0.55530000629209
"ENSMUSG00000046671",-0.161013528277202,0.277127409648715,0.555896868670917
"ENSMUSG00000028960",0.943241670502832,0.278894482245093,0.559186613376152
"ENSMUSG00000078566",-0.93341823023983,0.279291821430598,0.559728281473617
"ENSMUSG00000020528",0.767007633350612,0.279574611761598,0.560039993792804
"ENSMUSG00000050965",-0.126922129612332,0.279731062064082,0.560098455024579
"ENSMUSG00000015647",0.176531112000042,0.2798633398121,0.560108484999114
"ENSMUSG00000025278",0.082423200956903,0.280367624063403,0.560862687955927
"ENSMUSG00000022751",-0.0788190275358431,0.281123071788597,0.562118418419634
"ENSMUSG00000022685",1.13672425728729,0.281435213173538,0.562486999626132
"ENSMUSG00000027852",1.16283668849281,0.284074278941163,0.567503813717683
"ENSMUSG00000039148",0.164319281478161,0.284253103140216,0.567603406043598
"ENSMUSG00000033285",0.546142459545187,0.286051063136309,0.570934570912879
"ENSMUSG00000038722",0.0615016161427988,0.286631050689013,0.571832844098978
"ENSMUSG00000005609",0.151205221155244,0.287109762797283,0.572319487035728
"ENSMUSG00000004056",-0.109549551558658,0.287135066433739,0.572319487035728
"ENSMUSG00000041859",-0.0343645942809587,0.287436419144867,0.572660787983957
"ENSMUSG00000038633",0.713918818428276,0.288427761573483,0.574375827459229
"ENSMUSG00000001507",1.00916312386131,0.289908595642501,0.577023742408243
"ENSMUSG00000031402",-0.0485192381572155,0.290019658760971,0.577023742408243
"ENSMUSG00000009549",-0.790316724031367,0.290894153007956,0.578502109077278
"ENSMUSG00000028937",-0.0742492574764597,0.29113169373161,0.578594354463182
"ENSMUSG00000025060",0.548389963049747,0.291203475377403,0.578594354463182
"ENSMUSG00000031807",0.101331330922253,0.291640084462418,0.579200366299233
"ENSMUSG00000028228",-0.107277749482709,0.292011531534344,0.579676477348962
"ENSMUSG00000026032",0.125198789140338,0.292481178197524,0.580218412267125
"ENSMUSG00000004929",0.0954811058340184,0.292548206503238,0.580218412267125
"ENSMUSG00000025538",-0.120809014734789,0.294769894053085,0.584361398075507
"ENSMUSG00000035473",-1.20724481792937,0.295202893221027,0.584956295842296
"ENSMUSG00000063888",0.996421150408693,0.295982666794933,0.585994831020353
"ENSMUSG00000007036",1.15850250070168,0.29599329910435,0.585994831020353
"ENSMUSG00000003072",-0.304491122387837,0.296228309331464,0.586196398097021
"ENSMUSG00000030759",0.581309768644079,0.297061103679094,0.587580187546829
"ENSMUSG00000027962",-1.47464156283523,0.297870092033701,0.588763190165406
"ENSMUSG00000022757",-1.37592777000915,0.29792674948838,0.588763190165406
"ENSMUSG00000020952",0.0465179483175007,0.29894117195978,0.590432290109335
"ENSMUSG00000035325",0.0724056247345573,0.299039667042424,0.590432290109335
"ENSMUSG00000024589",0.584085169239795,0.29951454609235,0.591104716301539
"ENSMUSG00000027573",1.03450338471367,0.300605442546385,0.592991731352146
"ENSMUSG00000032481",-0.085181395652814,0.301632095583808,0.594585957531494
"ENSMUSG00000029148",1.04042941891503,0.3016838089452,0.594585957531494
"ENSMUSG00000091780",1.20786237696767,0.302967457240434,0.596848603095413
"ENSMUSG00000029467",-0.0474027459740896,0.30473627270526,0.600064579944452
"ENSMUSG00000024590",-0.0464901157539366,0.305183139954838,0.600637132647797
"ENSMUSG00000040550",1.27385288121508,0.305357968691126,0.600637132647797
"ENSMUSG00000068874",-0.125461723081404,0.305436469635485,0.600637132647797
"ENSMUSG00000024474",0.0924097901114429,0.305585620577287,0.600662043841286
"ENSMUSG00000067713",0.836433440360526,0.305975784933256,0.601160459594312
"ENSMUSG00000004233",1.18515824765796,0.306369944467699,0.601461752737051
"ENSMUSG00000015790",1.66263342065693,0.306469191379929,0.601461752737051
"ENSMUSG00000021824",0.659760050717118,0.306539130058897,0.601461752737051
"ENSMUSG00000028333",-0.0811961674171826,0.307164856133523,0.602420914368821
"ENSMUSG00000029701",-0.725121548358029,0.307698103945934,0.603055652428463
"ENSMUSG00000036676",-0.0757146583129753,0.307762552909413,0.603055652428463
"ENSMUSG00000079487",-0.945902213252509,0.308101348096895,0.603450837994853
"ENSMUSG00000000399",0.0914651983676222,0.308567974186823,0.604095931670911
"ENSMUSG00000007458",0.973627169809944,0.309261813298979,0.605185077958562
"ENSMUSG00000028062",0.0622298480910892,0.310467761784524,0.607274942050528
"ENSMUSG00000011257",0.10187718778727,0.310853679991803,0.607759682649455
"ENSMUSG00000027203",-0.055661741026416,0.311795428558605,0.609171871190632
"ENSMUSG00000033629",0.082799028566459,0.311852812041012,0.609171871190632
"ENSMUSG00000043716",0.0504528821776127,0.312158116882345,0.60949772511056
"ENSMUSG00000023967",-0.0933730328471682,0.312608636646952,0.610106700613408
"ENSMUSG00000036327",-1.13380418266833,0.312884730735387,0.610374867006399
"ENSMUSG00000032480",0.559642144378145,0.313732704905395,0.611757923920532
"ENSMUSG00000068040",-0.640283991378528,0.315052594597593,0.614059552180693
"ENSMUSG00000003038",0.219003479393816,0.315378857330889,0.614423351533087
"ENSMUSG00000060036",0.0455663903784895,0.316170809139523,0.615693686293382
"ENSMUSG00000068329",0.677110083906324,0.316543974357762,0.616147736023225
"ENSMUSG00000032518",0.0558509198742421,0.317216437057879,0.617183704461416
"ENSMUSG00000070934",0.112305911474021,0.317936618926011,0.61807318557357
"ENSMUSG00000039781",1.19105013595999,0.317954485830167,0.61807318557357
"ENSMUSG00000022452",-0.0906877337714,0.318667379080712,0.61918549021378
"ENSMUSG00000022386",-0.938485718866065,0.319040460585574,0.619636834526527
"ENSMUSG00000002103",0.0931056788315061,0.320129521784691,0.621477735057091
"ENSMUSG00000038967",-0.736467787166987,0.320423423134621,0.621774023463609
"ENSMUSG00000026896",0.640746986865949,0.321676804182398,0.623931077658322
"ENSMUSG00000019278",-0.0861272417651584,0.32231650679707,0.624729416028546
"ENSMUSG00000037808",0.0772136625147759,0.322372302613231,0.624729416028546
"ENSMUSG00000001785",1.0642326743662,0.323029378196757,0.625727241832715
"ENSMUSG00000001674",-0.149449942192604,0.323331969889991,0.626037835233546
"ENSMUSG00000030879",0.0764550551261962,0.324497073695209,0.628017423629118
"ENSMUSG00000050144",-1.34629097448077,0.324950730776158,0.628618974130054
"ENSMUSG00000022551",-0.0739051541864271,0.325507620369977,0.629156298445343
"ENSMUSG00000029538",0.111478360745082,0.325514403899124,0.629156298445343
"ENSMUSG00000005656",0.0776271901483518,0.32593634293298,0.629679448331714
"ENSMUSG00000043091",-0.0885853221164865,0.326248231266318,0.629679448331714
"ENSMUSG00000063511",0.205644929724933,0.326292879755307,0.629679448331714
"ENSMUSG00000042447",-0.847486112452017,0.326520054703573,0.629679448331714
"ENSMUSG00000050627",0.931535937065885,0.326625712339404,0.629679448331714
"ENSMUSG00000038828",-0.974710885050602,0.326661353205238,0.629679448331714
"ENSMUSG00000075706",-0.799830013058905,0.326786607586829,0.629679448331714
"ENSMUSG00000042647",0.943971672770513,0.328725268764102,0.633057488509105
"ENSMUSG00000016833",-0.718409368929436,0.328827407119249,0.633057488509105
"ENSMUSG00000031134",-1.31861250166153,0.329291129639865,0.633673048336269
"ENSMUSG00000028035",0.955559623032375,0.329513938379974,0.633824669060431
"ENSMUSG00000026201",0.996681305502719,0.330069118538125,0.634615199076579
"ENSMUSG00000062937",0.0635740552474253,0.330221058008344,0.634630076984594
"ENSMUSG00000035692",-0.276523634521279,0.330571938505043,0.635027106661149
"ENSMUSG00000068798",-0.0647655082944567,0.331230993574529,0.636015533473604
"ENSMUSG00000009927",0.144289746812998,0.33154534743906,0.636341506358178
"ENSMUSG00000006699",-0.0588198915852125,0.333407263804769,0.639636167395288
"ENSMUSG00000032612",-0.869194290764025,0.334320278802853,0.641108299351353
"ENSMUSG00000025747",-0.0747723821188764,0.334637786264893,0.641437673062629
"ENSMUSG00000020790",0.152636221300241,0.337369847489192,0.646392990335192
"ENSMUSG00000022557",-0.720288457242344,0.337762065467779,0.646862859061661
"ENSMUSG00000042625",0.867132979612304,0.338883290247669,0.648727864454106
"ENSMUSG00000031349",0.0469068737183242,0.33942303128876,0.649478591609493
"ENSMUSG00000036606",-0.697087938553921,0.339747968907251,0.64981782319027
"ENSMUSG00000021771",-0.159085751426083,0.344691556350487,0.658717164181107
"ENSMUSG00000041506",0.581140243539664,0.344700211113176,0.658717164181107
"ENSMUSG00000039804",-0.110939542272206,0.344899195703285,0.658811354292604
"ENSMUSG00000021973",-0.0985616690591868,0.347432529860892,0.663362500615091
"ENSMUSG00000024019",-0.121101057459324,0.348614956511543,0.665331493324936
"ENSMUSG00000039016",-0.117219050488689,0.349711206154108,0.66713438157097
"ENSMUSG00000078853",-0.273850123900168,0.350156715419759,0.667694845997556
"ENSMUSG00000026675",-0.747637890130452,0.351262080190499,0.669512522701769
"ENSMUSG00000028164",-0.0544431323783385,0.351726562105437,0.669840900598611
"ENSMUSG00000001911",0.0852089021756797,0.351738768753326,0.669840900598611
"ENSMUSG00000034349",-0.0388880249895109,0.353440655636787,0.67279079820826
"ENSMUSG00000002981",-0.079737781998535,0.353670558224917,0.672937365649745
"ENSMUSG00000020929",-0.0389186417495822,0.353901123224808,0.67308506625427
"ENSMUSG00000001774",0.883220338331405,0.35581755376789,0.676437604376883
"ENSMUSG00000040481",0.391702000655002,0.356097384989021,0.676583172368964
"ENSMUSG00000002477",-0.101496994642787,0.356201592905905,0.676583172368964
"ENSMUSG00000035504",0.961323412354051,0.356390493368335,0.676649940169993
"ENSMUSG00000030225",0.47876128486455,0.357613879642997,0.67867989836517
"ENSMUSG00000060803",-0.0737007049535698,0.359116759953511,0.681238301963536
"ENSMUSG00000034274",0.147162062871519,0.361738238225912,0.685685476664276
"ENSMUSG00000035199",0.884195068217675,0.361772705479311,0.685685476664276
"ENSMUSG00000009112",0.0584670958661562,0.362793115859336,0.687323505336606
"ENSMUSG00000049960",-0.0492664669782314,0.36315151391355,0.687511402077896
"ENSMUSG00000030978",-0.162254695228942,0.363449305472322,0.687511402077896
"ENSMUSG00000035478",0.0751549295263452,0.363477132664144,0.687511402077896
"ENSMUSG00000053510",0.663622245566142,0.363517162607422,0.687511402077896
"ENSMUSG00000040383",-0.0494987480918354,0.36432284976767,0.688691869546235
"ENSMUSG00000031209",-0.0905806248104994,0.364454297698973,0.688691869546235
"ENSMUSG00000005447",0.75392589181493,0.365122864614689,0.689659110373068
"ENSMUSG00000094483",0.0686042126769166,0.365410366933242,0.689906059576662
"ENSMUSG00000015023",0.0838159821728546,0.365712896899834,0.690181157485493
"ENSMUSG00000027111",-0.0721252059844559,0.366968964430269,0.69225478459392
"ENSMUSG00000020402",-0.249718974339004,0.368113737717859,0.69411677793329
"ENSMUSG00000061755",0.506179091864116,0.368809088436205,0.695130106298817
"ENSMUSG00000029687",0.456671702112942,0.369108712703116,0.69539702251987
"ENSMUSG00000032178",0.0570160510728925,0.369300839311396,0.695461272490139
"ENSMUSG00000024620",-1.91090610704787,0.371068499070413,0.698491216599182
"ENSMUSG00000046865",-0.0559164232949243,0.371471432103117,0.698950736505266
"ENSMUSG00000001576",0.100498071853192,0.372109091242079,0.699851329297602
"ENSMUSG00000022906",-0.64723863815377,0.372272722275874,0.699859996042769
"ENSMUSG00000031585",0.363454634841577,0.372605234024412,0.700186009795661
"ENSMUSG00000059316",0.0733547168941584,0.373450745853347,0.70118286101949
"ENSMUSG00000031783",0.51784143631939,0.373454357243737,0.70118286101949
"ENSMUSG00000027593",0.0590141959176194,0.374473907148427,0.702797298661077
"ENSMUSG00000001089",0.38785040947073,0.374957726131032,0.70340535068315
"ENSMUSG00000032504",0.0447649798574794,0.375457230306033,0.703984936855009
"ENSMUSG00000026466",-0.0687541560807752,0.375586601166908,0.703984936855009
"ENSMUSG00000019302",-0.0893543824786853,0.376188097931349,0.704812183480573
"ENSMUSG00000027509",-0.0604831966023376,0.378259284615007,0.708391111315169
"ENSMUSG00000040236",0.754171016465211,0.379150094059753,0.709714760730653
"ENSMUSG00000031246",0.0825804790126519,0.379288597418427,0.709714760730653
"ENSMUSG00000026389",0.692956222961801,0.379584959221918,0.709967448166453
"ENSMUSG00000029499",0.616254598072356,0.380071226016615,0.710574964188243
"ENSMUSG00000076441",0.493968858478258,0.380359815908991,0.710769270979627
"ENSMUSG00000027634",0.0927285812978376,0.380498160060896,0.710769270979627
"ENSMUSG00000022361",-0.431911906586038,0.38077182228672,0.71097869744754
"ENSMUSG00000026154",0.610988964457057,0.382359625899239,0.713237145177596
"ENSMUSG00000042275",-0.586327854582024,0.382384122054459,0.713237145177596
"ENSMUSG00000020074",0.034668163240152,0.382539286357239,0.713237145177596
"ENSMUSG00000003226",0.0348547146085778,0.382629606853966,0.713237145177596
"ENSMUSG00000025969",-0.754396068549056,0.383085832240876,0.713785244577517
"ENSMUSG00000034744",0.644863670377248,0.383409776034366,0.714086510506664
"ENSMUSG00000027540",0.0951877686583664,0.383589951526516,0.714119871687054
"ENSMUSG00000023852",0.432459785117832,0.384851497542583,0.716165514031674
"ENSMUSG00000023961",-0.591532279177923,0.385901443200452,0.717815829046994
"ENSMUSG00000002319",-0.078930573295878,0.386815794804142,0.71921263748755
"ENSMUSG00000026576",0.750333996834762,0.387987088224181,0.720688233589294
"ENSMUSG00000027722",0.946850959324891,0.388080566979751,0.720688233589294
"ENSMUSG00000025858",0.97139941646536,0.388290431930069,0.720688233589294
"ENSMUSG00000020736",-0.593054356944794,0.388342333292791,0.720688233589294
"ENSMUSG00000060288",0.0734322330502515,0.388517508750491,0.720688233589294
"ENSMUSG00000003955",0.0943291262109831,0.388591951444534,0.720688233589294
"ENSMUSG00000042569",-0.0613695481047039,0.39005728548227,0.722689234921344
"ENSMUSG00000029064",0.0386024154803266,0.390347778147024,0.722689234921344
"ENSMUSG00000040466",0.0717720757619702,0.390358017211511,0.722689234921344
"ENSMUSG00000028873",-0.683584464190435,0.390453183664056,0.722689234921344
"ENSMUSG00000004934",0.370600155019858,0.390491933797536,0.722689234921344
"ENSMUSG00000023883",-0.553023529796217,0.390957025998378,0.722943970608983
"ENSMUSG00000028647",1.13066211945671,0.390958111803995,0.722943970608983
"ENSMUSG00000053436",-0.0830711965619209,0.391415548402129,0.723485858260299
"ENSMUSG00000021576",0.0791112913449616,0.392025453789718,0.724308993336922
"ENSMUSG00000029012",0.108086176834032,0.392873130404179,0.725570561019216
"ENSMUSG00000006498",-0.0471236745135144,0.393338811529549,0.726125884874808
"ENSMUSG00000042348",0.454870377857553,0.394710644667337,0.728352849971048
"ENSMUSG00000054408",0.892078782979222,0.395460600768186,0.729382717285804
"ENSMUSG00000060090",0.502771936965548,0.395600214987779,0.729382717285804
"ENSMUSG00000001942",0.588897151877649,0.39624317705327,0.730262237106968
"ENSMUSG00000024691",0.521082004658574,0.396503138789055,0.730435459945847
"ENSMUSG00000038268",-0.774155779690339,0.396994751223758,0.730739283141568
"ENSMUSG00000031197",0.937906166504657,0.397000142238466,0.730739283141568
"ENSMUSG00000058301",-0.0320107306065154,0.397925949533455,0.731766734622675
"ENSMUSG00000035632",0.668229127037396,0.398032319659686,0.731766734622675
"ENSMUSG00000036817",-0.0678008169709621,0.398057160346895,0.731766734622675
"ENSMUSG00000024099",0.0826328983056541,0.398696979378927,0.732636912837852
"ENSMUSG00000026238",-0.142985002249382,0.398888120821214,0.732682228603574
"ENSMUSG00000034931",0.399501219828792,0.399168572608279,0.732891484375901
"ENSMUSG00000034243",0.186177975786734,0.399467053187739,0.733112411572771
"ENSMUSG00000042323",-0.0599161806819879,0.399945726807488,0.733112411572771
"ENSMUSG00000024098",0.512951115094062,0.399950583001845,0.733112411572771
"ENSMUSG00000027671",0.0553342334971028,0.39995521476624,0.733112411572771
"ENSMUSG00000020775",0.603384479455148,0.400376172116329,0.73357849020981
"ENSMUSG00000039630",-0.0280409925294549,0.401973954347486,0.735724527022018
"ENSMUSG00000028649",0.974885271250244,0.402030055950516,0.735724527022018
"ENSMUSG00000044573",-0.0728586223190675,0.402048963301057,0.735724527022018
"ENSMUSG00000021111",0.6246145830575,0.402393746423252,0.736030467652976
"ENSMUSG00000020092",-0.588119614096364,0.402550632956308,0.736030467652976
"ENSMUSG00000022141",0.0877684624755162,0.403065799296352,0.736666354943208
"ENSMUSG00000022325",0.59797079556553,0.4038213559887,0.737740883232158
"ENSMUSG00000007338",-0.0774660943994832,0.403989027680942,0.737740958848061
"ENSMUSG00000044627",-0.885594702798361,0.405142319234492,0.739540168789298
"ENSMUSG00000033382",0.564341209770138,0.405939437181205,0.740688002916453
"ENSMUSG00000031393",0.54684600478711,0.406615533189185,0.741540823216425
"ENSMUSG00000053110",0.674712638389718,0.406743818960339,0.741540823216425
"ENSMUSG00000036968",-0.0929097478401388,0.407190630611534,0.74204801876661
"ENSMUSG00000027006",-0.0909477274305317,0.40839023252149,0.743926081675115
"ENSMUSG00000061904",0.0592352539411891,0.408897977274663,0.744290042884077
"ENSMUSG00000022033",-0.791247006775144,0.409003162505285,0.744290042884077
"ENSMUSG00000071014",-0.212683889640768,0.409097390078751,0.744290042884077
"ENSMUSG00000025203",0.892478757454459,0.409612651313017,0.744919536540739
"ENSMUSG00000003402",0.101163695998409,0.410041888120859,0.745392131193681
"ENSMUSG00000040813",-0.0544510010076316,0.410533674331434,0.745977993696384
"ENSMUSG00000041133",0.0347222585685785,0.411119928257648,0.74673495842423
"ENSMUSG00000063882",-0.104458444938118,0.41158735696091,0.74727556022482
"ENSMUSG00000000902",0.0664639337624457,0.412305116774366,0.748270028422262
"ENSMUSG00000046020",0.119970321895195,0.413300776905212,0.749767814987567
"ENSMUSG00000106918",0.746521983758065,0.414492906737346,0.75162063557934
"ENSMUSG00000022040",-0.644537690507622,0.414719703697984,0.751722164734279
"ENSMUSG00000002732",-0.0750930067020867,0.4149042767968,0.751747106703465
"ENSMUSG00000041459",-0.0524772111891387,0.415594495213839,0.752687807998397
"ENSMUSG00000057841",0.047789433922965,0.416029188179342,0.753165140755774
"ENSMUSG00000051934",0.443853766257668,0.416631944905292,0.75394621279942
"ENSMUSG00000014959",0.682015437935046,0.417361183651427,0.754648198785879
"ENSMUSG00000040774",0.656685125614146,0.417362807508482,0.754648198785879
"ENSMUSG00000001632",0.351352379191137,0.417791978577048,0.755113962101679
"ENSMUSG00000030779",0.5397326417385,0.418685336733611,0.756417966734245
"ENSMUSG00000019261",0.790051097865575,0.419096970214614,0.756850950313712
"ENSMUSG00000027131",0.82254392722739,0.420109133518562,0.758071967252293
"ENSMUSG00000029518",0.0484718830433941,0.420117593303418,0.758071967252293
"ENSMUSG00000020780",0.0818147026469411,0.420548017256173,0.758300505283672
"ENSMUSG00000029580",-0.0866404521972939,0.420649133490441,0.758300505283672
"ENSMUSG00000027496",0.419993056586993,0.420764807468089,0.758300505283672
"ENSMUSG00000039087",0.644466013731645,0.420933454762102,0.758300505283672
"ENSMUSG00000029994",-0.0766079136024622,0.42120761467433,0.75848392478794
"ENSMUSG00000034820",-0.0672469285115049,0.421598652646517,0.758877574763731
"ENSMUSG00000016256",-0.0610558665201779,0.421952312208367,0.759203649235087
"ENSMUSG00000020440",0.123987833212265,0.423560259025888,0.761785328963193
"ENSMUSG00000058729",0.312319337481991,0.423870836131815,0.762032495839918
"ENSMUSG00000023988",0.467747613441357,0.424651229458826,0.762966815989464
"ENSMUSG00000024697",0.542499206649222,0.424737264070481,0.762966815989464
"ENSMUSG00000028076",0.0802751441567224,0.424981105709417,0.763093368513727
"ENSMUSG00000020898",-0.576767490704086,0.4259719179531,0.764560526472918
"ENSMUSG00000035215",0.0742924122594708,0.426492258090566,0.764886966122747
"ENSMUSG00000027820",-0.0453885993475787,0.426501389426317,0.764886966122747
"ENSMUSG00000030036",0.0938540853109835,0.427187312887737,0.765805036260257
"ENSMUSG00000021484",0.0598481143229677,0.427720147406856,0.766448032873606
"ENSMUSG00000031820",0.506291836390602,0.428806347931183,0.767824054897623
"ENSMUSG00000024309",0.90683123311295,0.428836974991674,0.767824054897623
"ENSMUSG00000034868",0.795936231044053,0.429773437957513,0.769161146916169
"ENSMUSG00000020124",0.108656837678335,0.429933292754778,0.769161146916169
"ENSMUSG00000001847",-0.0573578329018645,0.430639138930479,0.770110869741177
"ENSMUSG00000037572",0.675586128588279,0.431780320142143,0.771838013381628
"ENSMUSG00000042535",0.0967494217476279,0.432553251810439,0.772905749580893
"ENSMUSG00000030157",0.424026852686215,0.433040187972759,0.77346179678089
"ENSMUSG00000061462",1.04798713378324,0.434177237240133,0.775178101863621
"ENSMUSG00000029860",-0.570608124883709,0.434991191562095,0.775953890221479
"ENSMUSG00000019907",0.400258663192826,0.435120692406167,0.775953890221479
"ENSMUSG00000037344",-0.415634810543182,0.43514069553888,0.775953890221479
"ENSMUSG00000030298",0.0553113431247532,0.436401393205688,0.777886809031281
"ENSMUSG00000008683",0.0373634609244711,0.436626659799493,0.777973250922093
"ENSMUSG00000036371",1.05213211121433,0.436842624110906,0.778043054921933
"ENSMUSG00000028312",0.0270633878292834,0.437200470026668,0.778365399913982
"ENSMUSG00000044252",0.367677897391133,0.437478354289941,0.778545182866976
"ENSMUSG00000002835",0.0847643852838402,0.438166625891954,0.779454858751209
"ENSMUSG00000020328",-0.431251340722092,0.438845896106027,0.780011777299843
"ENSMUSG00000001229",0.503462672351208,0.4388974848688,0.780011777299843
"ENSMUSG00000020611",0.561712674062598,0.439011400220793,0.780011777299843
"ENSMUSG00000028124",-0.0897771320106315,0.439892597884932,0.781262035226629
"ENSMUSG00000037643",-0.506983252521405,0.440503468030749,0.781596694123209
"ENSMUSG00000028234",0.0568894796409936,0.440555862502551,0.781596694123209
"ENSMUSG00000024007",0.0605971568422845,0.440613814614788,0.781596694123209
"ENSMUSG00000015846",0.0444945193238127,0.441093225806086,0.782131864130776
"ENSMUSG00000021144",-0.441882515032596,0.44136754873659,0.782148070963917
"ENSMUSG00000029782",-0.613603320980467,0.44145780692442,0.782148070963917
"ENSMUSG00000038943",0.64775544998799,0.442242173147764,0.783222456347408
"ENSMUSG00000022742",-0.0625918226603801,0.442466795303948,0.783305054759725
"ENSMUSG00000067148",0.440482198362904,0.442882101759487,0.783725022052072
"ENSMUSG00000020444",0.517645578199787,0.443826277961329,0.785080164512786
"ENSMUSG00000064105",0.48579173560378,0.445228966887577,0.787196073379554
"ENSMUSG00000053644",-0.436140848914434,0.445476516673477,0.787196073379554
"ENSMUSG00000027475",1.06132564160326,0.445559059029418,0.787196073379554
"ENSMUSG00000031917",-0.826123437416658,0.445812851042944,0.787287469739056
"ENSMUSG00000026484",-0.638578009874621,0.44600040890462,0.787287469739056
"ENSMUSG00000029657",0.0952852001494549,0.446147455016861,0.787287469739056
"ENSMUSG00000034675",-1.10642375866918,0.446506057724153,0.787604472963526
"ENSMUSG00000029199",-0.0632449139887292,0.446817887387834,0.787838750959078
"ENSMUSG00000022555",0.860977334895541,0.447316644478809,0.788402303704942
"ENSMUSG00000008301",1.09666814493102,0.447947493074026,0.789198125307762
"ENSMUSG00000052428",1.0019025632626,0.448337671055158,0.789508712135278
"ENSMUSG00000024338",-0.636671653650797,0.448482567675118,0.789508712135278
"ENSMUSG00000017286",0.0507582643845872,0.449239918862768,0.79052574286887
"ENSMUSG00000027242",-0.685608855149582,0.449820482251429,0.791158704533252
"ENSMUSG00000032902",1.05717580744404,0.449959154157403,0.791158704533252
"ENSMUSG00000019942",-0.0476250017604407,0.451146820069209,0.792930173771801
"ENSMUSG00000028729",-0.631002326505754,0.451517084789385,0.793002466573935
"ENSMUSG00000029413",0.608828526613689,0.45154832566105,0.793002466573935
"ENSMUSG00000031767",0.895974841262117,0.451874466328578,0.793258686203459
"ENSMUSG00000024304",0.636637584927687,0.452670353486684,0.794339005460484
"ENSMUSG00000025289",-0.0409445901360534,0.45365545763656,0.795750366304703
"ENSMUSG00000035770",0.604725854202137,0.454548336159141,0.79699889539298
"ENSMUSG00000055943",0.53186537770458,0.454941157539319,0.797369985794721
"ENSMUSG00000026728",-0.0633077400275823,0.456197102258417,0.798779536993338
"ENSMUSG00000022890",0.101064838181809,0.45620174378667,0.798779536993338
"ENSMUSG00000021975",0.389176408016134,0.456289878664225,0.798779536993338
"ENSMUSG00000034361",0.50201911773906,0.457378413142011,0.800366757947512
"ENSMUSG00000011960",0.691013152721183,0.457697149992911,0.800606183274563
"ENSMUSG00000041028",0.964173505538835,0.458288985616934,0.80132293432663
"ENSMUSG00000032366",0.0807866607837546,0.458537288389061,0.801438683955623
"ENSMUSG00000026104",0.092311603001022,0.460294705857749,0.803408253976834
"ENSMUSG00000026615",-0.85292682871113,0.460526027911251,0.803408253976834
"ENSMUSG00000049047",-0.489751243687362,0.460551132866102,0.803408253976834
"ENSMUSG00000027835",0.970753450783366,0.460681720217301,0.803408253976834
"ENSMUSG00000055553",1.1423989874474,0.46072220838709,0.803408253976834
"ENSMUSG00000029528",0.57636748477546,0.46075947126506,0.803408253976834
"ENSMUSG00000029062",0.0595938343130307,0.461374598891713,0.804162221672249
"ENSMUSG00000072772",-0.573180722388972,0.46181143889944,0.804513447355083
"ENSMUSG00000026755",0.719349657557952,0.461984429526091,0.804513447355083
"ENSMUSG00000035151",0.0673964703990357,0.462259759462752,0.804513447355083
"ENSMUSG00000031482",0.58613998940255,0.462331422504861,0.804513447355083
"ENSMUSG00000039536",0.585828304395697,0.462490120838073,0.804513447355083
"ENSMUSG00000021962",0.464991046981606,0.463007162975804,0.804699338192862
"ENSMUSG00000031838",0.489969708243191,0.463074690203591,0.804699338192862
"ENSMUSG00000029578",0.656553868340421,0.463145517755628,0.804699338192862
"ENSMUSG00000003868",0.0448594303096286,0.464118918437806,0.806072359922961
"ENSMUSG00000021377",0.0593522723413571,0.464461736601974,0.806349547449818
"ENSMUSG00000003814",0.0694856817365128,0.465555957969792,0.80793050907928
"ENSMUSG00000053293",0.617272943343369,0.466301653173755,0.808905626967952
"ENSMUSG00000041736",0.885484650877022,0.466914272209508,0.809649216703722
"ENSMUSG00000024576",-0.0477702954362478,0.467707430799721,0.810134014858939
"ENSMUSG00000023845",-0.024896144038415,0.467820308351927,0.810134014858939
"ENSMUSG00000024188",0.784185286259909,0.467955372502728,0.810134014858939
"ENSMUSG00000024044",-0.628336025526981,0.468070650913893,0.810134014858939
"ENSMUSG00000025150",-0.0707524386897482,0.468114246713538,0.810134014858939
"ENSMUSG00000029066",0.0498829943630561,0.469332751382401,0.811923521554224
"ENSMUSG00000038542",1.04021106154136,0.469789507198198,0.812394350168671
"ENSMUSG00000025049",0.498030454549625,0.470855751544585,0.813918367065089
"ENSMUSG00000031378",0.546700858048037,0.47164226661395,0.814957838778169
"ENSMUSG00000035351",0.0856561754217289,0.472408443855302,0.815737000833568
"ENSMUSG00000031446",-0.386709312816457,0.472493865277024,0.815737000833568
"ENSMUSG00000045136",-0.188420544468901,0.472649250653397,0.815737000833568
"ENSMUSG00000028962",0.553292965408012,0.473167959616011,0.816312109082738
"ENSMUSG00000039230",-0.447259587101595,0.475239196662542,0.819564147535991
"ENSMUSG00000002233",0.106163523333933,0.475816961789174,0.819962061295962
"ENSMUSG00000013160",0.0393231767206643,0.475997549820232,0.819962061295962
"ENSMUSG00000031226",0.079278594820174,0.476028872213402,0.819962061295962
"ENSMUSG00000063268",0.601730216682089,0.476571697232227,0.820575915304786
"ENSMUSG00000028991",0.645639819561477,0.476988959426002,0.820973175766067
"ENSMUSG00000115987",-0.724953912270244,0.47770300029891,0.821563378096418
"ENSMUSG00000029815",0.46166175374837,0.477794481874233,0.821563378096418
"ENSMUSG00000028394",0.638158286106751,0.477891899097212,0.821563378096418
"ENSMUSG00000009555",0.42923897178197,0.478308788674825,0.821958992174113
"ENSMUSG00000034192",0.78555011088174,0.479853005509013,0.824290818596864
"ENSMUSG00000033808",1.02544024701973,0.481487096523516,0.826775150916891
"ENSMUSG00000025477",0.560610102387482,0.482866081998898,0.828819667268779
"ENSMUSG00000023021",0.714711190058146,0.4836414803607,0.829366664018152
"ENSMUSG00000006676",-0.537545386491185,0.483679754091351,0.829366664018152
"ENSMUSG00000026020",-0.0308723783358538,0.483750108278708,0.829366664018152
"ENSMUSG00000027797",-0.4739865346084,0.484871417923767,0.830965385624026
"ENSMUSG00000063884",-0.0420730892208248,0.486037143806988,0.832638952858916
"ENSMUSG00000022337",-0.0464303280228897,0.486891802651377,0.83342598232259
"ENSMUSG00000039000",0.0826057320908511,0.486956437159042,0.83342598232259
"ENSMUSG00000004099",0.0236528014857917,0.487083950264011,0.83342598232259
"ENSMUSG00000022427",0.0539477014814871,0.487254045107027,0.83342598232259
"ENSMUSG00000022672",-0.505715195820493,0.489231911922601,0.836483933322209
"ENSMUSG00000034321",0.555144325670973,0.489846824816689,0.836915744996992
"ENSMUSG00000037966",-0.579695415253038,0.489949655245469,0.836915744996992
"ENSMUSG00000024513",0.609061280188858,0.490054959067768,0.836915744996992
"ENSMUSG00000049396",0.422809686198757,0.490448823807244,0.836945900053618
"ENSMUSG00000024335",0.508758934478696,0.49045295983601,0.836945900053618
"ENSMUSG00000074896",0.538006872125703,0.491459524497286,0.838304860489016
"ENSMUSG00000026005",0.483723225932927,0.491630276055931,0.838304860489016
"ENSMUSG00000040548",0.469755446607934,0.492242672335985,0.839024012761685
"ENSMUSG00000018666",0.0893596628248439,0.492985640941397,0.839351575068219
"ENSMUSG00000046897",-0.771678070359457,0.492991136787336,0.839351575068219
"ENSMUSG00000074064",0.358535703509475,0.493114325119182,0.839351575068219
"ENSMUSG00000029513",-0.629977712456704,0.493382426860305,0.839351575068219
"ENSMUSG00000029686",0.368421365190823,0.493388440059415,0.839351575068219
"ENSMUSG00000027428",0.790006053081356,0.493607997935294,0.839400617818094
"ENSMUSG00000063049",0.268802352613044,0.495226739303073,0.841547442176253
"ENSMUSG00000060475",0.525339358678789,0.495355359190359,0.841547442176253
"ENSMUSG00000062190",0.661821762133794,0.495444086043779,0.841547442176253
"ENSMUSG00000040044",0.605150452044359,0.497305291667545,0.844382943143853
"ENSMUSG00000031878",0.664125381382981,0.498045604247102,0.845181336235789
"ENSMUSG00000062110",-0.521138773445593,0.498287454924736,0.845181336235789
"ENSMUSG00000027245",0.890189830777803,0.498482490206194,0.845181336235789
"ENSMUSG00000033499",0.488322620432211,0.498543682996616,0.845181336235789
"ENSMUSG00000079562",0.452388620804502,0.499587929190991,0.846503141365675
"ENSMUSG00000031527",0.754106800102218,0.499708057547836,0.846503141365675
"ENSMUSG00000063146",0.547243863854053,0.499923315896076,0.846541944308823
"ENSMUSG00000057234",0.600465315825385,0.501789962372589,0.84919342931439
"ENSMUSG00000033088",-1.42508942841642,0.501875053316684,0.84919342931439
"ENSMUSG00000031447",0.0657483613871861,0.502985644939231,0.850469683764529
"ENSMUSG00000038346",-0.549300187528381,0.503015811597153,0.850469683764529
"ENSMUSG00000020946",0.690782711326836,0.503381398619578,0.850760958266038
"ENSMUSG00000071172",0.0564783921520799,0.503785297620164,0.851116735058097
"ENSMUSG00000007892",0.0485646542571594,0.504174464481612,0.851321646096421
"ENSMUSG00000010663",-0.445550339585548,0.504293463161411,0.851321646096421
"ENSMUSG00000036285",0.56396584331015,0.5052228535164,0.852563565308926
"ENSMUSG00000040151",-0.732623316640151,0.505785860266439,0.853162428485379
"ENSMUSG00000024660",0.563427404267777,0.505965448386012,0.853162428485379
"ENSMUSG00000042082",-0.0498949184546156,0.507067239892118,0.854692808412567
"ENSMUSG00000060938",0.0656086459287799,0.507650290789353,0.855332635805004
"ENSMUSG00000011877",0.688659604611143,0.507835532233237,0.855332635805004
"ENSMUSG00000024006",-0.402015677135839,0.508070342743153,0.855400756852569
"ENSMUSG00000033423",0.879527937273153,0.508659886930719,0.856065836474988
"ENSMUSG00000031309",0.116202721799429,0.508893085180099,0.856130912797253
"ENSMUSG00000029516",0.28683043595791,0.509212077839135,0.856180307359985
"ENSMUSG00000022781",-0.0530086749680265,0.509311530258678,0.856180307359985
"ENSMUSG00000058569",-0.0963388807513077,0.509735649749403,0.856471648797124
"ENSMUSG00000001964",0.0581625705512465,0.510084170733225,0.856471648797124
"ENSMUSG00000022204",-0.283816540818432,0.510216841589181,0.856471648797124
"ENSMUSG00000020523",-0.548098380345333,0.510263272698491,0.856471648797124
"ENSMUSG00000030816",0.641026246109469,0.510975256867882,0.857339727592661
"ENSMUSG00000032575",-0.055292295841987,0.512457966587029,0.859495600553669
"ENSMUSG00000016487",-0.8258156530942,0.512650750159823,0.859495600553669
"ENSMUSG00000028551",0.614480021289708,0.51321622350106,0.860013877778703
"ENSMUSG00000002546",0.0398730933623348,0.513350705958794,0.860013877778703
"ENSMUSG00000020537",0.0830148870145493,0.51402544677643,0.860608673378229
"ENSMUSG00000031796",0.593611461336341,0.514289543233597,0.860608673378229
"ENSMUSG00000019961",0.615482510336392,0.51429239058958,0.860608673378229
"ENSMUSG00000041231",-0.527394548447973,0.515005579857379,0.861356289163755
"ENSMUSG00000039130",0.516473701177162,0.51513059601886,0.861356289163755
"ENSMUSG00000006276",0.751113146705869,0.515572630067728,0.861628224677631
"ENSMUSG00000045410",-0.706604636011068,0.515684786139714,0.861628224677631
"ENSMUSG00000035674",-1.29936224504289,0.51608277492964,0.861965955394818
"ENSMUSG00000027940",-0.632980260118117,0.516689534718781,0.862390370083542
"ENSMUSG00000029125",-0.595407942991734,0.516728790254556,0.862390370083542
"ENSMUSG00000026187",0.778787799379664,0.518112393086215,0.86437173691146
"ENSMUSG00000032336",-0.397490752336175,0.518512743922076,0.8647118552486
"ENSMUSG00000022957",0.600953304307886,0.519884327498234,0.866360084466081
"ENSMUSG00000024960",0.0790291570591677,0.519896440364402,0.866360084466081
"ENSMUSG00000040054",-0.4224321676156,0.520091648070753,0.866360084466081
"ENSMUSG00000026339",0.523626002877208,0.520761073950315,0.867146986929753
"ENSMUSG00000005125",-0.761413101079196,0.521432391246621,0.867936442464591
"ENSMUSG00000029056",0.431445256094317,0.521950255225397,0.868469970981842
"ENSMUSG00000038393",0.611864386051462,0.523013779571889,0.869464834854399
"ENSMUSG00000036180",0.550208654453588,0.523031560006326,0.869464834854399
"ENSMUSG00000025204",-0.793835052989415,0.523484433632703,0.869464834854399
"ENSMUSG00000036893",0.349474060940093,0.523490017397741,0.869464834854399
"ENSMUSG00000041815",-0.0459508685526089,0.523535971907329,0.869464834854399
"ENSMUSG00000033916",0.556264141650381,0.523855284453749,0.869666958461316
"ENSMUSG00000079509",-0.524876816514176,0.525124985696438,0.871446101828818
"ENSMUSG00000048701",-0.574476755128948,0.527400838393875,0.874800395515345
"ENSMUSG00000015748",0.0533070670017111,0.527543796795666,0.874800395515345
"ENSMUSG00000069833",0.0609825346655661,0.528197877619606,0.875555125952499
"ENSMUSG00000020900",-0.027416871431317,0.528758774546177,0.875922825624832
"ENSMUSG00000048661",0.0784945468446594,0.528817756801904,0.875922825624832
"ENSMUSG00000020329",0.490457229934833,0.529170968416218,0.876178115876515
"ENSMUSG00000046032",0.0733342463227658,0.529621204382467,0.876593802364513
"ENSMUSG00000003623",-0.72070580926383,0.529937170308234,0.876787025009976
"ENSMUSG00000028343",-0.0406040505660705,0.530237274616504,0.87695386906698
"ENSMUSG00000096210",-0.0567661699802429,0.530437058426574,0.876954731080148
"ENSMUSG00000001555",0.0634375023731089,0.530682532810226,0.8770311028531
"ENSMUSG00000002944",-0.0314461501363539,0.531239826577172,0.877622551338639
"ENSMUSG00000056394",0.0564709505626091,0.531725329055973,0.877936838952643
"ENSMUSG00000046711",0.912231490425544,0.53182904172864,0.877936838952643
"ENSMUSG00000047710",-0.0718472503048027,0.532557087314604,0.878349826900388
"ENSMUSG00000027207",-0.415225302961368,0.532633557605976,0.878349826900388
"ENSMUSG00000030204",0.10542003796742,0.532677956827343,0.878349826900388
"ENSMUSG00000032525",0.458044531711167,0.532965504130515,0.878420419333642
"ENSMUSG00000046230",0.0471944579590229,0.533215855382839,0.878420419333642
"ENSMUSG00000026074",-0.594321903398889,0.533319554751077,0.878420419333642
"ENSMUSG00000026958",-0.0517425604396493,0.533723676462755,0.878757164277062
"ENSMUSG00000010392",0.0781364440335253,0.535868622118707,0.881779884551942
"ENSMUSG00000031954",-0.813756224830794,0.535960279749249,0.881779884551942
"ENSMUSG00000045210",0.381156975335699,0.537049633601878,0.883241942257797
"ENSMUSG00000036565",0.622425369083444,0.537304999784738,0.883331828185518
"ENSMUSG00000025137",-0.620837546579875,0.538761480208679,0.88509441974148
"ENSMUSG00000040711",-0.734045087832872,0.538779357075079,0.88509441974148
"ENSMUSG00000030447",0.342441505284572,0.539369148770068,0.88573269542428
"ENSMUSG00000038084",0.0347840798444459,0.539874572180339,0.885902543994169
"ENSMUSG00000063802",0.477216942065578,0.539875169959637,0.885902543994169
"ENSMUSG00000049502",-0.527685130093971,0.540536836610825,0.886657703288945
"ENSMUSG00000076432",0.363997461801812,0.542819024404654,0.890069495679911
"ENSMUSG00000040463",-0.0284203921390755,0.544170015378079,0.891897645188352
"ENSMUSG00000028911",-0.0460619945999419,0.544575744507329,0.891897645188352
"ENSMUSG00000006932",-0.105864093606179,0.544586527090436,0.891897645188352
"ENSMUSG00000066568",0.820918469043313,0.544803885532776,0.891897645188352
"ENSMUSG00000020228",-0.448101288935415,0.545080499863941,0.891897645188352
"ENSMUSG00000033096",-0.034379487518347,0.54514988992426,0.891897645188352
"ENSMUSG00000054099",0.0494207413592775,0.545714347718122,0.892489351284821
"ENSMUSG00000066735",-0.653375061106154,0.546106799047342,0.892799414044336
"ENSMUSG00000029502",0.845177473408942,0.547108982542935,0.893834770618693
"ENSMUSG00000000827",0.378562996059774,0.547146301305785,0.893834770618693
"ENSMUSG00000021477",0.0659078543299856,0.547458932269443,0.894013640414774
"ENSMUSG00000021884",0.593705771822599,0.5476874797217,0.894055118047181
"ENSMUSG00000030095",0.0403945670163388,0.548340239450013,0.894788800081389
"ENSMUSG00000031633",-0.0415029812408108,0.548706970075435,0.895055365197178
"ENSMUSG00000099083",0.484724251074947,0.549060888400026,0.895065342780783
"ENSMUSG00000043162",-0.594126082959924,0.5491198421968,0.895065342780783
"ENSMUSG00000029547",0.544527530552379,0.549356411510208,0.895075583455848
"ENSMUSG00000027411",0.483654181257997,0.549532884911998,0.895075583455848
"ENSMUSG00000034926",-0.752197839330968,0.550626818956459,0.89639296621927
"ENSMUSG00000026516",0.48882664414441,0.551390305979071,0.89639296621927
"ENSMUSG00000020088",0.0469463331793243,0.551569732445122,0.89639296621927
"ENSMUSG00000018921",-0.0775623269937462,0.55165842441621,0.89639296621927
"ENSMUSG00000031311",0.0278456978009061,0.551664136034375,0.89639296621927
"ENSMUSG00000040147",0.709850528117752,0.551766809138802,0.89639296621927
"ENSMUSG00000021710",-0.0308833553407055,0.551767449554193,0.89639296621927
"ENSMUSG00000078713",-0.0576498256189382,0.552403058691606,0.896824408312398
"ENSMUSG00000038235",0.672506535831154,0.552490678931975,0.896824408312398
"ENSMUSG00000013736",0.0327319878537899,0.552750352995992,0.896824408312398
"ENSMUSG00000005043",-0.584889302442537,0.552947486141125,0.896824408312398
"ENSMUSG00000045482",-0.0410629780890552,0.553051907330118,0.896824408312398
"ENSMUSG00000029103",0.0397946722762832,0.554949982374838,0.899388643573208
"ENSMUSG00000034906",0.0945749563776701,0.555041935002234,0.899388643573208
"ENSMUSG00000018567",0.691249988346545,0.555277897824082,0.899439833759214
"ENSMUSG00000018377",-0.0667578539746252,0.555793735351187,0.899619335133843
"ENSMUSG00000038848",0.752259443847549,0.555812686476828,0.899619335133843
"ENSMUSG00000028274",1.02464269204109,0.556001952184516,0.899619335133843
"ENSMUSG00000014504",-0.052220317531404,0.556220796521896,0.899642677505646
"ENSMUSG00000002014",0.0360445334646577,0.556701162552897,0.89990512799939
"ENSMUSG00000037461",0.561124083134541,0.556792016255928,0.89990512799939
"ENSMUSG00000020163",0.9924580740389,0.558005865318161,0.901227662385273
"ENSMUSG00000037905",0.706928854807465,0.558019854578475,0.901227662385273
"ENSMUSG00000024896",0.605240760802907,0.558642875531947,0.901840840225144
"ENSMUSG00000021134",0.0381643583892028,0.558809354986132,0.901840840225144
"ENSMUSG00000020897",0.332105066996316,0.559432132609577,0.902221283201668
"ENSMUSG00000029551",-0.675708307571661,0.559487663532161,0.902221283201668
"ENSMUSG00000003420",0.794717389571801,0.559736131242697,0.902221283201668
"ENSMUSG00000000058",-0.103525997481224,0.559865104390765,0.902221283201668
"ENSMUSG00000028334",-0.0484192295019987,0.560127909674567,0.902314396221731
"ENSMUSG00000071379",0.544152190386502,0.560977129520076,0.903351755220583
"ENSMUSG00000015474",-0.50247341880511,0.561530407953018,0.903911969788307
"ENSMUSG00000024537",-0.666267127910579,0.563090831730843,0.906092413326303
"ENSMUSG00000029726",-0.603156444817621,0.564559625092659,0.90812387062602
"ENSMUSG00000047215",-0.0322208806196649,0.564988868805449,0.908482284111355
"ENSMUSG00000007603",0.405385641534277,0.565294962778407,0.908642487650756
"ENSMUSG00000012443",0.0671782067399462,0.566207986632857,0.909311141128071
"ENSMUSG00000001020",-1.44451763359394,0.566237643383667,0.909311141128071
"ENSMUSG00000026374",0.392539281375178,0.566330797053407,0.909311141128071
"ENSMUSG00000015869",-0.434555654337295,0.568900915980237,0.913104643044866
"ENSMUSG00000015217",0.458122559274223,0.569282273813002,0.913383626340147
"ENSMUSG00000006373",-0.045025619994373,0.570899339219405,0.915644311918587
"ENSMUSG00000030086",-0.0395151094684678,0.571418515156935,0.916143127579479
"ENSMUSG00000039542",-0.0487136940413784,0.572632189709628,0.917754649276065
"ENSMUSG00000021820",0.492930727244133,0.573692378269474,0.919119096018913
"ENSMUSG00000031347",0.39537744547129,0.57469518319543,0.920390648196175
"ENSMUSG00000064127",0.553258239115241,0.574926557805411,0.920426257148641
"ENSMUSG00000068699",-0.0753882240974377,0.57532658303007,0.920731742514669
"ENSMUSG00000028657",-0.324316937550016,0.576084432751589,0.921609446942837
"ENSMUSG00000021704",0.418050949366982,0.576297730374478,0.921615665471685
"ENSMUSG00000075229",-0.0393903365262815,0.576779566919095,0.92205117109006
"ENSMUSG00000017969",0.272929480587305,0.578290598259221,0.924045011555701
"ENSMUSG00000020549",-0.095730662239415,0.578446718208579,0.924045011555701
"ENSMUSG00000074746",0.538420147654353,0.578912476944019,0.924448141074426
"ENSMUSG00000001143",-0.416315973604842,0.57911918312706,0.924448141074426
"ENSMUSG00000031660",0.660031805586133,0.579383213628742,0.924459279274899
"ENSMUSG00000034311",-0.0289367955613464,0.579546273919438,0.924459279274899
"ENSMUSG00000058258",-0.0403746632393194,0.580227084817829,0.925209927638864
"ENSMUSG00000033014",0.546196281545903,0.581390046056395,0.926728573956608
"ENSMUSG00000028843",-0.69213030040093,0.582449374291398,0.928080990679378
"ENSMUSG00000050335",0.415223484907663,0.582922569884448,0.92848633080636
"ENSMUSG00000029762",0.0280761649146442,0.583150224707097,0.92848633080636
"ENSMUSG00000024975",-0.376516552099712,0.5833366745466,0.92848633080636
"ENSMUSG00000021036",0.494874757986565,0.585062473888094,0.930896582639733
"ENSMUSG00000028556",0.543640602887759,0.585300740930384,0.930939125708211
"ENSMUSG00000038909",0.0818193416487922,0.585768816920396,0.93134702430154
"ENSMUSG00000003363",0.537872710936242,0.586035061124787,0.931433840379266
"ENSMUSG00000031928",-0.0419521300077008,0.586837969639397,0.932373250679778
"ENSMUSG00000021468",-0.611580709407274,0.587112220699203,0.932472350522264
"ENSMUSG00000063406",0.753051331105418,0.587942721488713,0.933167820822946
"ENSMUSG00000038762",-0.039922440376106,0.587974180218594,0.933167820822946
"ENSMUSG00000025733",0.0439327851634914,0.588763188947324,0.934083199191483
"ENSMUSG00000096054",0.605698481542682,0.589234996052084,0.934494853198278
"ENSMUSG00000020150",0.508089818378689,0.58972796000647,0.934668779824808
"ENSMUSG00000047250",0.0403763864963516,0.589769416399339,0.934668779824808
"ENSMUSG00000051747",0.67991317395936,0.590878251745374,0.936088979816915
"ENSMUSG00000061458",0.467956776846595,0.592031838659065,0.937579029125061
"ENSMUSG00000050148",0.679726332587808,0.59246247483928,0.937923507830097
"ENSMUSG00000090553",-0.0497123213264814,0.592770879284559,0.938074304110515
"ENSMUSG00000063931",1.1216688392441,0.593000203518065,0.93809170632104
"ENSMUSG00000020132",0.0517666933842946,0.593208184206193,0.93809170632104
"ENSMUSG00000019066",-0.553660741909194,0.594133931107859,0.939218186352617
"ENSMUSG00000035666",-0.491012892845678,0.594952125551769,0.940173897505685
"ENSMUSG00000031913",-0.652219675614131,0.595184966035357,0.940204248213068
"ENSMUSG00000020919",0.741317016176268,0.595557926366735,0.940455842820236
"ENSMUSG00000040296",0.317267588385665,0.595917595227302,0.940686275679827
"ENSMUSG00000056820",0.305179189102031,0.596301454137574,0.940954714829496
"ENSMUSG00000024833",-0.61172534225642,0.596677405022332,0.941210487277163
"ENSMUSG00000054027",0.388638940167066,0.596969264442634,0.941333476464362
"ENSMUSG00000091537",-0.586429661488165,0.599700282082079,0.945301196791987
"ENSMUSG00000026021",0.0384039272949082,0.600597421377587,0.946376387927949
"ENSMUSG00000039105",0.0726780211955749,0.600860131886991,0.946380437517918
"ENSMUSG00000008822",0.62945624010111,0.601030066544553,0.946380437517918
"ENSMUSG00000020698",-0.736445235007523,0.602584373545603,0.948488493553004
"ENSMUSG00000031328",0.0741505089642658,0.603502936138192,0.949177235417677
"ENSMUSG00000021076",0.574564189163155,0.603634586052524,0.949177235417677
"ENSMUSG00000029772",-0.444859640372066,0.603817102258804,0.949177235417677
"ENSMUSG00000004285",0.744708467319381,0.603884630577027,0.949177235417677
"ENSMUSG00000050697",0.0433242349844605,0.605291885953358,0.951049478786408
"ENSMUSG00000005510",0.0500322002042601,0.605689602876559,0.951192282726949
"ENSMUSG00000039191",-0.441307913840326,0.605815034874719,0.951192282726949
"ENSMUSG00000022878",-0.550381526197782,0.606148026161687,0.951375700120395
"ENSMUSG00000038759",0.0260311724639841,0.606391894736617,0.951419154629537
"ENSMUSG00000037896",-0.407227451215871,0.607021378830753,0.952067387111242
"ENSMUSG00000051236",-0.537361945657537,0.608300581764552,0.953733829834626
"ENSMUSG00000024283",-0.498467616248885,0.610305112506216,0.956442844197899
"ENSMUSG00000024097",0.203466849609217,0.610638551838122,0.956442844197899
"ENSMUSG00000024234",0.571606557093386,0.610680389047057,0.956442844197899
"ENSMUSG00000032383",0.0489209275874884,0.611356559792396,0.957161230752877
"ENSMUSG00000032540",-0.0317703354994592,0.612245775938744,0.957922178068049
"ENSMUSG00000032374",0.0294319903998996,0.612277911135065,0.957922178068049
"ENSMUSG00000017756",0.044380031499756,0.612839401735075,0.958171610167777
"ENSMUSG00000038914",0.460772890130794,0.612872774965301,0.958171610167777
"ENSMUSG00000027905",0.504450057337078,0.613701680342754,0.959084274352998
"ENSMUSG00000038412",0.0912724235188378,0.613956750072915,0.959084274352998
"ENSMUSG00000028954",-0.0434044044767568,0.614110312457793,0.959084274352998
"ENSMUSG00000031819",0.0348372316089645,0.614991627234873,0.96011995440251
"ENSMUSG00000022674",0.647864102616175,0.61564416162947,0.96079785650046
"ENSMUSG00000051154",0.510142119804996,0.616521353619974,0.961825762949843
"ENSMUSG00000026547",0.0305454038689845,0.617416917430336,0.96288159234972
"ENSMUSG00000020834",-0.0613075253224977,0.618001400587432,0.963451705272862
"ENSMUSG00000021190",-0.796523280034979,0.618445590401096,0.963802777392076
"ENSMUSG00000008140",-0.467050775486872,0.618791494442156,0.964000483907939
"ENSMUSG00000060961",0.493837412376298,0.621008041059388,0.966858702941087
"ENSMUSG00000038902",-0.461170340387749,0.62106556537479,0.966858702941087
"ENSMUSG00000078695",-0.0728876889224317,0.62311552227839,0.969707006204806
"ENSMUSG00000029152",0.0336449854362542,0.623601755425869,0.970120652396341
"ENSMUSG00000035027",-0.0529415139581033,0.624495283954707,0.971167400948646
"ENSMUSG00000030654",-0.652215593351695,0.625057341792349,0.971698114174541
"ENSMUSG00000037805",0.233813820042293,0.625363514376503,0.971830800413485
"ENSMUSG00000062270",1.04912885726368,0.626497511618868,0.973134117161056
"ENSMUSG00000020832",0.68236873322747,0.626644419003506,0.973134117161056
"ENSMUSG00000040511",-0.618773740321018,0.627070218694745,0.97345186330708
"ENSMUSG00000064210",-0.0686552809762944,0.628013874726072,0.974573012224768
"ENSMUSG00000033174",0.0637718869900183,0.630101810610321,0.977468476734587
"ENSMUSG00000023939",0.327025214459457,0.632513888251583,0.980861633958729
"ENSMUSG00000036402",-0.0414736448319566,0.632734873621638,0.980861633958729
"ENSMUSG00000029466",0.0435644304858052,0.63467757558676,0.983526764139906
"ENSMUSG00000040667",-0.277736671421863,0.635204779893657,0.983997267269266
"ENSMUSG00000033577",0.40673274200044,0.637654111946314,0.987443964347547
"ENSMUSG00000062647",0.0257305716120406,0.640025535373236,0.990767633196487
"ENSMUSG00000071337",-0.45954842481018,0.640591353378789,0.991294847475404
"ENSMUSG00000024050",0.46729181549027,0.641107181901281,0.991744361176639
"ENSMUSG00000029480",0.476775111231632,0.643549924882758,0.995173302673584
"ENSMUSG00000035232",-0.0463010186573989,0.644174621155595,0.99578943017414
"ENSMUSG00000029592",0.462673278108699,0.644834678897152,0.996459768899706
"ENSMUSG00000021149",0.0637383962165288,0.646367756750732,0.998478237086686
"ENSMUSG00000036698",0.656299583194244,0.648388595013099,1
"ENSMUSG00000033352",-0.40106961588323,0.648398316031254,1
"ENSMUSG00000054428",0.0589845973014249,0.64904241598889,1
"ENSMUSG00000031012",-0.0367820495068436,0.649745640734636,1
"ENSMUSG00000024538",-0.0275576788780043,0.649857898886836,1
"ENSMUSG00000073982",0.0329800970579797,0.649938576650755,1
"ENSMUSG00000028710",-0.0544972888609578,0.652599624682721,1
"ENSMUSG00000070327",-0.113182518215062,0.653039497605038,1
"ENSMUSG00000024539",0.435622919317659,0.654789148386391,1
"ENSMUSG00000004936",-0.0395146228428302,0.656847310994547,1
"ENSMUSG00000022329",0.114124268100202,0.657377007237008,1
"ENSMUSG00000024981",-0.0244179219753491,0.659725948735262,1
"ENSMUSG00000062234",1.08218031568867,0.661023182141105,1
"ENSMUSG00000034826",0.0469109897294544,0.66112969035184,1
"ENSMUSG00000032562",-0.027590702317557,0.662282609211252,1
"ENSMUSG00000052798",0.0252779669357643,0.663139535595377,1
"ENSMUSG00000025873",0.0464437679083076,0.664352431184262,1
"ENSMUSG00000054469",-0.529265532147459,0.664718691404556,1
"ENSMUSG00000023186",-0.0445369251756134,0.665188092818875,1
"ENSMUSG00000026797",0.329985119024037,0.666251835540244,1
"ENSMUSG00000026775",-0.0220673642938998,0.666439958260991,1
"ENSMUSG00000024381",0.494105114064794,0.666504515635617,1
"ENSMUSG00000059005",-0.656662151025429,0.667939657875522,1
"ENSMUSG00000021226",0.0249758238052529,0.668465102121299,1
"ENSMUSG00000033065",0.0326539477079102,0.668959499475324,1
"ENSMUSG00000024976",0.39053892956106,0.670165472122607,1
"ENSMUSG00000037351",0.28024449445449,0.670273716116012,1
"ENSMUSG00000027605",0.0589341837500008,0.670902434334336,1
"ENSMUSG00000026554",-0.210691440462188,0.670984560026772,1
"ENSMUSG00000064068",0.0308608187197841,0.671283687607344,1
"ENSMUSG00000029554",-0.212233308358883,0.672321716987929,1
"ENSMUSG00000067150",-0.0463947035480174,0.672541601740927,1
"ENSMUSG00000001424",0.017196476558798,0.672548850188548,1
"ENSMUSG00000084786",-0.296221995607521,0.673399668837067,1
"ENSMUSG00000026895",-0.0392579956558023,0.67463276443621,1
"ENSMUSG00000032216",0.0276895224170985,0.674972114321993,1
"ENSMUSG00000042043",0.0279957945637506,0.676143611256292,1
"ENSMUSG00000059447",-0.240717083261401,0.676174262862403,1
"ENSMUSG00000056962",-0.44829366236722,0.67671156692684,1
"ENSMUSG00000036850",0.04554284252578,0.677372670033158,1
"ENSMUSG00000038776",0.0124562103509724,0.679628081931882,1
"ENSMUSG00000040459",0.278478650681965,0.679645992471903,1
"ENSMUSG00000071655",0.0548963028715583,0.680432369193535,1
"ENSMUSG00000038525",0.0433755626255419,0.680489118811265,1
"ENSMUSG00000021996",-0.0252794886563379,0.681119539958302,1
"ENSMUSG00000028527",0.381960094162061,0.681874351269095,1
"ENSMUSG00000036529",0.345120462265314,0.682301359377811,1
"ENSMUSG00000019362",0.65119140696919,0.682408638225051,1
"ENSMUSG00000013997",0.223551969914826,0.683035614721313,1
"ENSMUSG00000024953",0.0248402532727177,0.684060566569309,1
"ENSMUSG00000024384",-0.0368526792945367,0.686934417986615,1
"ENSMUSG00000075704",0.271267246816443,0.688145564532279,1
"ENSMUSG00000024581",0.193519121896614,0.689510501010055,1
"ENSMUSG00000025792",-0.0265799014496686,0.68969062968306,1
"ENSMUSG00000030842",-0.0306084465921259,0.690027736471914,1
"ENSMUSG00000035898",0.0436103492364559,0.690112947997244,1
"ENSMUSG00000027133",-0.0268802460123609,0.690880795553672,1
"ENSMUSG00000030105",-0.0243069562884273,0.692290729547399,1
"ENSMUSG00000007041",-0.0239397674718553,0.693225703489357,1
"ENSMUSG00000002015",0.0326112478798137,0.693720942979383,1
"ENSMUSG00000029430",0.0293186098136857,0.69438981065367,1
"ENSMUSG00000012114",0.573556828185456,0.694644655065683,1
"ENSMUSG00000025794",0.0450583941445686,0.694982665821934,1
"ENSMUSG00000021371",-0.246142168500182,0.69522922738877,1
"ENSMUSG00000024695",-0.357578903599958,0.696328689123225,1
"ENSMUSG00000028790",0.0572099394502672,0.698091355698225,1
"ENSMUSG00000027255",0.196078926523683,0.698774833084173,1
"ENSMUSG00000001767",-0.0287687933394523,0.701624467354682,1
"ENSMUSG00000004677",-0.229421598641977,0.702162434865592,1
"ENSMUSG00000040152",-0.216714619211444,0.702665360673812,1
"ENSMUSG00000032382",0.269945930897368,0.703467287096353,1
"ENSMUSG00000038023",-0.0401037782266336,0.70477400536214,1
"ENSMUSG00000078578",0.0311453037069356,0.705941806446051,1
"ENSMUSG00000027519",0.668344056654764,0.707430067770567,1
"ENSMUSG00000012483",0.0365184673068235,0.70761550111126,1
"ENSMUSG00000021764",-0.0312793925003625,0.707798268030411,1
"ENSMUSG00000062825",0.0280960836287178,0.707853630232878,1
"ENSMUSG00000021500",-0.0210791296176964,0.707934278971855,1
"ENSMUSG00000030678",-0.213911073207658,0.710083688223376,1
"ENSMUSG00000089704",-0.0174904777126947,0.710199493357674,1
"ENSMUSG00000005882",0.293460927609686,0.711233942249796,1
"ENSMUSG00000025162",-0.0272956148350048,0.711588034185492,1
"ENSMUSG00000028010",0.0623671357295024,0.712256589141359,1
"ENSMUSG00000031826",0.0310222876445252,0.713195458633304,1
"ENSMUSG00000002017",-0.74521400678762,0.713630924249884,1
"ENSMUSG00000056501",-0.443732145309585,0.713950834659869,1
"ENSMUSG00000025968",-0.0221159556931667,0.714344869375953,1
"ENSMUSG00000027012",0.308946626662721,0.715636541965947,1
"ENSMUSG00000006273",-0.0170526607810615,0.716211934421294,1
"ENSMUSG00000052698",-0.0257595248963618,0.716274116492392,1
"ENSMUSG00000040464",0.250995992390809,0.716322161322418,1
"ENSMUSG00000039163",-0.0303278320064173,0.717188846450475,1
"ENSMUSG00000029916",-0.040268581605492,0.717304420833298,1
"ENSMUSG00000030264",-0.365914429154326,0.718875825183168,1
"ENSMUSG00000019428",-0.022596388638906,0.718891581549398,1
"ENSMUSG00000058793",0.898481092056667,0.71923237235906,1
"ENSMUSG00000025337",-0.426059218214231,0.719369503839985,1
"ENSMUSG00000024431",0.202926101093865,0.719463401239566,1
"ENSMUSG00000059291",-0.024395704001229,0.720377273490296,1
"ENSMUSG00000004394",-0.236438295400923,0.725821083768025,1
"ENSMUSG00000038335",-0.201053873323318,0.726459800835498,1
"ENSMUSG00000050323",0.256740002776059,0.726620184970488,1
"ENSMUSG00000023460",0.643092570581128,0.728928963867725,1
"ENSMUSG00000027770",0.0461763134991742,0.729067717977391,1
"ENSMUSG00000020267",-0.0235827680536538,0.729565098375363,1
"ENSMUSG00000023452",-0.206786518726616,0.732139031152663,1
"ENSMUSG00000028779",-0.0352183504204753,0.732319315858386,1
"ENSMUSG00000040048",-0.019853883821753,0.734602382773108,1
"ENSMUSG00000028741",0.0321650598483636,0.735427655800407,1
"ENSMUSG00000029310",-0.243693371514727,0.738793819652112,1
"ENSMUSG00000029817",-0.027326170076627,0.738924181226459,1
"ENSMUSG00000020130",-0.209893856923674,0.740372121643163,1
"ENSMUSG00000020018",0.0543712703084474,0.740486440371761,1
"ENSMUSG00000007836",0.0144853288011717,0.741627533663321,1
"ENSMUSG00000026709",0.0198473330889186,0.741996702457915,1
"ENSMUSG00000031591",-0.0210152774208368,0.74321118953521,1
"ENSMUSG00000022210",-0.0257545026290877,0.743437141849822,1
"ENSMUSG00000041431",0.50330512010067,0.74344098484076,1
"ENSMUSG00000058546",0.0272292364952413,0.745348911623957,1
"ENSMUSG00000029440",0.0340586128880531,0.747079089591504,1
"ENSMUSG00000022142",-0.115348426887856,0.747366715178471,1
"ENSMUSG00000024875",0.562690782037297,0.747477042234778,1
"ENSMUSG00000016319",0.0198060986791262,0.747836885386268,1
"ENSMUSG00000031590",0.287407192396941,0.749277729849822,1
"ENSMUSG00000028884",-0.0247138756430694,0.749586390684481,1
"ENSMUSG00000024414",-0.229084335756731,0.750278757541575,1
"ENSMUSG00000028199",-0.0307037976059235,0.751315035429846,1
"ENSMUSG00000020840",0.0179652462475275,0.752935420972075,1
"ENSMUSG00000000326",-0.0280804607831335,0.754948677444094,1
"ENSMUSG00000031221",0.0299536897914692,0.756376990312747,1
"ENSMUSG00000034022",0.0294476279247391,0.759618207463381,1
"ENSMUSG00000020186",-0.162185109599957,0.763015214103519,1
"ENSMUSG00000062963",-0.170575929947983,0.766018370306974,1
"ENSMUSG00000059534",-0.0514947537759376,0.766499110848622,1
"ENSMUSG00000008036",-0.387821870227949,0.766569560026722,1
"ENSMUSG00000031429",-0.164906398841318,0.767889142569936,1
"ENSMUSG00000030869",-0.0165383719668739,0.769581938668602,1
"ENSMUSG00000027422",0.0439813331183991,0.770065365367581,1
"ENSMUSG00000032046",0.0203047117058048,0.770321018156569,1
"ENSMUSG00000029020",-0.161379620413889,0.770662989241773,1
"ENSMUSG00000035726",-0.0235308552361211,0.773100368075176,1
"ENSMUSG00000055980",0.272089109829977,0.774994086975874,1
"ENSMUSG00000068245",-0.433293664207959,0.77526400097482,1
"ENSMUSG00000043991",0.190003988518676,0.775908567331623,1
"ENSMUSG00000008226",0.228686119301436,0.777637686887158,1
"ENSMUSG00000058799",0.0211081200408643,0.77775368168998,1
"ENSMUSG00000029250",-0.014626981647492,0.778221895544678,1
"ENSMUSG00000022913",0.217565970794794,0.778700560336814,1
"ENSMUSG00000003438",-0.018140150114867,0.778989896061119,1
"ENSMUSG00000063065",-0.026760303225057,0.780631306703447,1
"ENSMUSG00000021420",0.418820067619926,0.781218602151903,1
"ENSMUSG00000057738",0.0545716938275191,0.781283494333347,1
"ENSMUSG00000001707",-0.0216249818863758,0.783045625827434,1
"ENSMUSG00000058076",0.205911090082644,0.783601837508247,1
"ENSMUSG00000078622",0.0157604870190227,0.785316264952417,1
"ENSMUSG00000002343",-0.182140835089978,0.785635323944247,1
"ENSMUSG00000025793",-0.165832254858433,0.785759114640106,1
"ENSMUSG00000062054",-0.18866197015199,0.786487285889793,1
"ENSMUSG00000036737",0.123704252081037,0.788165826240812,1
"ENSMUSG00000071547",-0.0650416786801102,0.788764881883109,1
"ENSMUSG00000005698",0.0215849880584891,0.789472621663364,1
"ENSMUSG00000057541",-0.147551250044273,0.789979815449019,1
"ENSMUSG00000045160",0.0296142646442483,0.790014176921145,1
"ENSMUSG00000028683",-0.189538889840438,0.791663670844196,1
"ENSMUSG00000035559",0.0266186427058521,0.792186065075524,1
"ENSMUSG00000051483",0.0227305910498785,0.792424413014851,1
"ENSMUSG00000039218",0.0165579736407651,0.794093499549105,1
"ENSMUSG00000078517",0.0141173396928025,0.794537981855957,1
"ENSMUSG00000027498",-0.217177070530642,0.795150957272372,1
"ENSMUSG00000021427",0.301087851014355,0.795915440674542,1
"ENSMUSG00000039740",-0.239015166359327,0.796121051239151,1
"ENSMUSG00000078919",-0.0184348929729659,0.796392863300957,1
"ENSMUSG00000027884",-0.289854224598155,0.79659480603379,1
"ENSMUSG00000028339",0.495079297940578,0.798425357649141,1
"ENSMUSG00000027998",0.0198366341888416,0.799498057862667,1
"ENSMUSG00000033475",-0.393780485078462,0.799917673688572,1
"ENSMUSG00000022111",0.169904298872829,0.801250990605356,1
"ENSMUSG00000024248",-0.0422068222944283,0.801853481685285,1
"ENSMUSG00000102252",-0.0181127441721216,0.802156102805742,1
"ENSMUSG00000038274",0.235164195062147,0.803814704590643,1
"ENSMUSG00000026172",-0.199242050158535,0.803954495286837,1
"ENSMUSG00000030835",0.0123863656708032,0.804709003595365,1
"ENSMUSG00000029713",-0.0143947676501135,0.805047984804686,1
"ENSMUSG00000014932",-0.0257273037341221,0.80591946471523,1
"ENSMUSG00000024758",0.0227711894445441,0.806185201827259,1
"ENSMUSG00000038279",0.023520132159959,0.807343231079119,1
"ENSMUSG00000037608",-0.0202122922833645,0.808236290549291,1
"ENSMUSG00000018417",-0.0149829541079747,0.809668774656965,1
"ENSMUSG00000026999",-0.023260405605857,0.810725267544214,1
"ENSMUSG00000038880",0.0195411132855057,0.811487280812079,1
"ENSMUSG00000037234",0.206066778778581,0.811555479188626,1
"ENSMUSG00000060261",0.0157359268234245,0.811765650642389,1
"ENSMUSG00000029185",-0.119111637632841,0.812783880416203,1
"ENSMUSG00000069844",-0.17024438309728,0.813956263767622,1
"ENSMUSG00000032314",-0.263075303688616,0.816652676008938,1
"ENSMUSG00000032939",0.0118670623527954,0.817182926827841,1
"ENSMUSG00000023022",-0.0276040645037767,0.817667815248054,1
"ENSMUSG00000062729",0.0132963153982821,0.817748335785828,1
"ENSMUSG00000036751",-0.0141457889674115,0.819033705459406,1
"ENSMUSG00000022817",-0.151200094316234,0.820375472001656,1
"ENSMUSG00000049287",-0.250961805508769,0.825374143293534,1
"ENSMUSG00000000171",-0.0386784856655673,0.826401035529411,1
"ENSMUSG00000026980",-0.145974648064691,0.826468424180265,1
"ENSMUSG00000027952",-0.0196534679108922,0.828783411568372,1
"ENSMUSG00000038650",-0.0149409611600042,0.830173890890912,1
"ENSMUSG00000109511",0.0208029588502789,0.830658597806543,1
"ENSMUSG00000021814",0.0427285167991762,0.830751585722222,1
"ENSMUSG00000031516",0.21848222313772,0.831375375417915,1
"ENSMUSG00000042642",0.0980595839009197,0.831778873830381,1
"ENSMUSG00000045128",0.00848870476658803,0.832009953161621,1
"ENSMUSG00000019579",0.0260734732689833,0.834279544616601,1
"ENSMUSG00000027673",0.0190525547382272,0.835618129770374,1
"ENSMUSG00000028849",0.720950995335841,0.836405402196288,1
"ENSMUSG00000034341",0.147228047578011,0.836946146871756,1
"ENSMUSG00000017831",0.0261327608491833,0.841595701667582,1
"ENSMUSG00000057335",0.0727232901383097,0.842248702636339,1
"ENSMUSG00000062014",0.101146694526687,0.842905034503463,1
"ENSMUSG00000055024",0.195836276183748,0.843046383594958,1
"ENSMUSG00000024217",-0.266599831932098,0.843062707810144,1
"ENSMUSG00000025236",0.0213416301555398,0.843512564862097,1
"ENSMUSG00000034484",-0.0191343674642539,0.844560676227536,1
"ENSMUSG00000024969",-0.508392075891233,0.846495619648265,1
"ENSMUSG00000042312",0.0148317554333914,0.847672656605754,1
"ENSMUSG00000033306",-0.0104402737942273,0.851493562600221,1
"ENSMUSG00000032667",-0.115873850111328,0.852997505075805,1
"ENSMUSG00000024959",-0.146814894772412,0.854783592894853,1
"ENSMUSG00000020368",0.0167128575862847,0.85521143802961,1
"ENSMUSG00000024826",0.0172025257857591,0.855432108917825,1
"ENSMUSG00000040253",-0.135599534731803,0.85626391427256,1
"ENSMUSG00000036112",0.14023906401232,0.856289587855549,1
"ENSMUSG00000031967",0.024547605487367,0.856900456623099,1
"ENSMUSG00000042133",-0.188413718534015,0.858350781475773,1
"ENSMUSG00000060012",0.0937582722691381,0.85852141112256,1
"ENSMUSG00000067367",-0.0193459365279303,0.860613697204655,1
"ENSMUSG00000029482",0.0121201817397747,0.86102820323742,1
"ENSMUSG00000022982",0.020888508786264,0.86211728088997,1
"ENSMUSG00000001025",-0.02569647816415,0.862747776618957,1
"ENSMUSG00000029767",0.0187138181767565,0.864434756848121,1
"ENSMUSG00000015714",0.186084305909304,0.864818395711407,1
"ENSMUSG00000005054",-0.0159858657404293,0.86508963058873,1
"ENSMUSG00000001962",0.201406222557022,0.865177722911439,1
"ENSMUSG00000030056",-0.142026684957038,0.866427396849567,1
"ENSMUSG00000030282",0.50550151228083,0.86833696666792,1
"ENSMUSG00000024972",-0.0174067647218763,0.871510942824451,1
"ENSMUSG00000025417",-0.175274827185977,0.871737282836246,1
"ENSMUSG00000062075",-0.0153882627582576,0.872394013289697,1
"ENSMUSG00000020111",0.0157368120135146,0.874158601140767,1
"ENSMUSG00000028165",0.167928401982458,0.874223678955685,1
"ENSMUSG00000025142",0.143906880454498,0.874264048657371,1
"ENSMUSG00000042215",0.0185839992000751,0.875256859962329,1
"ENSMUSG00000004667",0.103171144920776,0.875864645832013,1
"ENSMUSG00000071650",-0.00586682237969427,0.876465062804282,1
"ENSMUSG00000004591",0.152894082479698,0.87663204403207,1
"ENSMUSG00000024158",0.0117670860722683,0.877301674114824,1
"ENSMUSG00000058586",-0.0105800995449137,0.877605362625092,1
"ENSMUSG00000051285",-0.0594526738903589,0.877706402920231,1
"ENSMUSG00000030432",0.0155845462583848,0.877923193012425,1
"ENSMUSG00000026019",-0.0861788165124189,0.87905779521093,1
"ENSMUSG00000005417",-0.147559471937836,0.880091959982787,1
"ENSMUSG00000026456",0.0109502500196115,0.881711221465755,1
"ENSMUSG00000038102",0.0840381811094986,0.882639813271783,1
"ENSMUSG00000059811",-0.00988153404608028,0.88288119775574,1
"ENSMUSG00000026355",0.00436079875744255,0.883178607367419,1
"ENSMUSG00000025979",0.085847556755553,0.883237374776333,1
"ENSMUSG00000060373",-0.12699872653495,0.885568460089982,1
"ENSMUSG00000093930",0.0205521683129106,0.885617844806864,1
"ENSMUSG00000021357",0.104764209539056,0.886493775127498,1
"ENSMUSG00000071662",-0.158983650348635,0.886757955434475,1
"ENSMUSG00000009907",-0.0746643712026973,0.886842491508672,1
"ENSMUSG00000037563",0.28350182843884,0.888450384101974,1
"ENSMUSG00000068523",0.160820409660317,0.888785877669248,1
"ENSMUSG00000052533",-0.0796866739437441,0.889220624454298,1
"ENSMUSG00000021993",-0.0706298370030147,0.889916178104918,1
"ENSMUSG00000035024",-0.0104759651206656,0.890286164736476,1
"ENSMUSG00000046994",-0.175816834522795,0.890705773927832,1
"ENSMUSG00000024079",-0.0319925486801544,0.891910048244353,1
"ENSMUSG00000029814",-0.00862397022740424,0.892240293065124,1
"ENSMUSG00000028896",0.0106822586593331,0.894116495785721,1
"ENSMUSG00000020802",-0.0775654541721416,0.894550943204521,1
"ENSMUSG00000035443",0.0756865504857664,0.894725596370916,1
"ENSMUSG00000054405",-0.015535537769626,0.894874222650742,1
"ENSMUSG00000027610",0.141784617797608,0.895246532060225,1
"ENSMUSG00000021236",0.084201265490794,0.8954697078147,1
"ENSMUSG00000040824",0.0072058468617513,0.895936318609706,1
"ENSMUSG00000079508",-0.0132351874442804,0.896245159972663,1
"ENSMUSG00000026078",-0.124372383015881,0.89631629158998,1
"ENSMUSG00000022338",2.14735801715813,0.897229920302262,1
"ENSMUSG00000033712",0.00988653501029546,0.897247853965128,1
"ENSMUSG00000024781",-0.0137842266052779,0.897287346006901,1
"ENSMUSG00000026309",-0.0785932293356417,0.897645335989335,1
"ENSMUSG00000026817",0.0117607743025765,0.897745845024717,1
"ENSMUSG00000022051",-0.0872633941098648,0.898019289642094,1
"ENSMUSG00000037415",-0.0989121864888958,0.898831908675531,1
"ENSMUSG00000069874",-0.0996847443912863,0.899599545160225,1
"ENSMUSG00000038587",-0.105563000134591,0.899744483459756,1
"ENSMUSG00000031198",0.011435289429528,0.90064205201646,1
"ENSMUSG00000037470",0.00404856996883396,0.90071483312297,1
"ENSMUSG00000029265",-0.144479284556372,0.900774662850476,1
"ENSMUSG00000024400",0.0124613718685502,0.902142685806365,1
"ENSMUSG00000027984",-0.135341433325486,0.902234749863887,1
"ENSMUSG00000036860",0.135314843766238,0.902990438480954,1
"ENSMUSG00000020534",0.00988324698521481,0.903556503649724,1
"ENSMUSG00000049225",-0.1302677793675,0.904037237593282,1
"ENSMUSG00000000631",0.0621804278358269,0.905515222193939,1
"ENSMUSG00000038976",-0.09514352272042,0.905631572136528,1
"ENSMUSG00000042354",-0.0710522823475195,0.905802539370907,1
"ENSMUSG00000028063",-0.00557853999674762,0.905879403540081,1
"ENSMUSG00000018906",0.0892654357992768,0.906305190757286,1
"ENSMUSG00000002808",-0.0802675937229189,0.906343582412368,1
"ENSMUSG00000029992",-0.057070525066937,0.907271915389962,1
"ENSMUSG00000031479",0.0128188680611565,0.908253947036908,1
"ENSMUSG00000013415",-0.0588757113795175,0.908455838453593,1
"ENSMUSG00000001123",-0.0193815986923553,0.910653054263505,1
"ENSMUSG00000032328",0.115483306221741,0.911098585445899,1
"ENSMUSG00000022477",-0.33958221129005,0.912354523757629,1
"ENSMUSG00000028757",0.00607497856448447,0.912580894470207,1
"ENSMUSG00000053774",-0.107414832610569,0.913686051464875,1
"ENSMUSG00000030189",0.00909800202676081,0.914098566743951,1
"ENSMUSG00000032777",-0.0671091602070035,0.915222025709432,1
"ENSMUSG00000045624",0.331985161265909,0.915718254602281,1
"ENSMUSG00000039356",0.0961142498602747,0.91599905968459,1
"ENSMUSG00000028443",0.0633356013510031,0.916832985205423,1
"ENSMUSG00000058006",0.0685328448982254,0.916957206161459,1
"ENSMUSG00000028565",-0.0754950371417173,0.917492487444653,1
"ENSMUSG00000044080",0.0160830211092176,0.918047235391786,1
"ENSMUSG00000002221",-0.100976208937137,0.918655356931009,1
"ENSMUSG00000057530",-0.107017002525339,0.919218051823606,1
"ENSMUSG00000027303",-0.0808821080338902,0.919334501869725,1
"ENSMUSG00000024764",-0.0479710026700282,0.919991180732653,1
"ENSMUSG00000026209",-0.00713141652952132,0.920203271840343,1
"ENSMUSG00000022844",0.0984552032714952,0.920297556032102,1
"ENSMUSG00000024668",-0.0125863793732819,0.9211353552881,1
"ENSMUSG00000032621",0.0565233581474445,0.921991729603545,1
"ENSMUSG00000091512",-0.00697182347120773,0.922006829781238,1
"ENSMUSG00000038240",-0.10359452907765,0.92343664217719,1
"ENSMUSG00000025277",-0.00764441164750096,0.923961254878316,1
"ENSMUSG00000024498",-0.00757324292403894,0.92488859235105,1
"ENSMUSG00000024150",-0.0246770320126082,0.924948045650571,1
"ENSMUSG00000028106",0.133757759705198,0.925901595258139,1
"ENSMUSG00000018995",-0.100918488652475,0.926482433812524,1
"ENSMUSG00000018340",-0.0857096390762457,0.926491452245875,1
"ENSMUSG00000048351",-0.00713775315215415,0.929526828002433,1
"ENSMUSG00000005846",0.00526835349587884,0.929979746771802,1
"ENSMUSG00000026426",0.109872172353075,0.930288773805629,1
"ENSMUSG00000050029",0.00603527282366656,0.93039882202588,1
"ENSMUSG00000037722",1.31372136583998,0.931097979676993,1
"ENSMUSG00000027712",-0.00443084911947622,0.931172734121857,1
"ENSMUSG00000023020",-0.133183332704753,0.934097596903875,1
"ENSMUSG00000030894",0.0112394811078467,0.935118622222835,1
"ENSMUSG00000026761",-0.0546039284738562,0.935458894397779,1
"ENSMUSG00000000711",0.00770172445489337,0.935556730220101,1
"ENSMUSG00000026956",-0.00561673792851991,0.936711665269406,1
"ENSMUSG00000041926",0.0062734632668402,0.936845777839335,1
"ENSMUSG00000006673",0.0799233578531009,0.937388505092666,1
"ENSMUSG00000039959",0.0113427195258673,0.937564752787831,1
"ENSMUSG00000000959",-0.00693960462137966,0.937725784236681,1
"ENSMUSG00000039183",-0.107813248508155,0.937930176236323,1
"ENSMUSG00000051391",0.657439116773855,0.939424065678977,1
"ENSMUSG00000030272",0.0588992443727605,0.939715167322724,1
"ENSMUSG00000003458",-0.0605580289689023,0.940039819031752,1
"ENSMUSG00000019820",0.00270376526447436,0.941087296741768,1
"ENSMUSG00000069662",-0.0147521000616351,0.941324895443381,1
"ENSMUSG00000021241",-0.00645968916149187,0.944604605015061,1
"ENSMUSG00000002731",-0.0810255095996446,0.945862931800219,1
"ENSMUSG00000037017",-0.0723501806938742,0.946525283791563,1
"ENSMUSG00000038812",-0.0432338378068309,0.946682955720174,1
"ENSMUSG00000028292",-0.00475988675252026,0.947248938413997,1
"ENSMUSG00000010660",-0.0415758625147618,0.947256092238457,1
"ENSMUSG00000039615",0.00617714196411612,0.947294394851737,1
"ENSMUSG00000026981",-0.0592786527354718,0.947662169662115,1
"ENSMUSG00000036781",0.00841743573034393,0.947941300999376,1
"ENSMUSG00000014195",0.00568218973432977,0.948671930348027,1
"ENSMUSG00000029176",-0.0516384155879024,0.949585131231141,1
"ENSMUSG00000015776",0.0607906394885553,0.94999579177325,1
"ENSMUSG00000024944",-0.0109705971294538,0.95003046109788,1
"ENSMUSG00000038736",2.95918447483449,0.951266718129423,1
"ENSMUSG00000024121",-0.0542231524603132,0.951740325156663,1
"ENSMUSG00000010406",0.0609150657027904,0.95201599908601,1
"ENSMUSG00000041548",0.0654265570098111,0.952223142906064,1
"ENSMUSG00000026849",0.059788676197293,0.952799776434102,1
"ENSMUSG00000031683",0.0803789408022695,0.952908882527787,1
"ENSMUSG00000074218",-0.0776483421590051,0.952968175077207,1
"ENSMUSG00000005087",-0.0465204978602038,0.95313953401947,1
"ENSMUSG00000037916",-0.00407841376345885,0.953490186467379,1
"ENSMUSG00000022816",-0.0581519787144877,0.953757267092954,1
"ENSMUSG00000041645",-0.105442964975985,0.953979523014552,1
"ENSMUSG00000020076",0.00563969314734081,0.954009924701106,1
"ENSMUSG00000002844",0.0431357920355318,0.954208491291128,1
"ENSMUSG00000020593",-0.0370992999610635,0.955349314661301,1
"ENSMUSG00000022721",-0.0319552599403075,0.956030052449389,1
"ENSMUSG00000014402",-0.0401293049345206,0.956333784964377,1
"ENSMUSG00000079363",-0.037042340471082,0.956402364577401,1
"ENSMUSG00000031885",0.0367031755030958,0.95733622386597,1
"ENSMUSG00000029076",0.0522539214639686,0.960047721270615,1
"ENSMUSG00000031701",0.00430674715512325,0.962158840662621,1
"ENSMUSG00000039047",0.0226438322920366,0.962409323967588,1
"ENSMUSG00000024018",-0.0519077178627221,0.962752006820926,1
"ENSMUSG00000022351",-0.0398827512581725,0.962978497034842,1
"ENSMUSG00000000378",-0.0320587520427331,0.963161137884532,1
"ENSMUSG00000021917",2.71365675802063,0.96340853294784,1
"ENSMUSG00000013701",0.0841329966004807,0.963961267034421,1
"ENSMUSG00000055723",-0.00517383001922767,0.964717395049429,1
"ENSMUSG00000021967",-0.0624136031845488,0.964759517946388,1
"ENSMUSG00000036197",-0.025304280637247,0.964843859020422,1
"ENSMUSG00000051346",0.0488506428440338,0.96592838802875,1
"ENSMUSG00000027951",-0.0459147603888681,0.966395437424553,1
"ENSMUSG00000032026",0.0241310010160412,0.96713219672998,1
"ENSMUSG00000054604",-0.0328292922475448,0.967297262027476,1
"ENSMUSG00000028430",-0.0371549597554335,0.967645515217941,1
"ENSMUSG00000022471",0.0257525459610477,0.967697024398922,1
"ENSMUSG00000071659",-0.0025073382549472,0.967747430577082,1
"ENSMUSG00000063787",0.0348090939004706,0.967931544584644,1
"ENSMUSG00000005687",0.00305860736593289,0.968125137701079,1
"ENSMUSG00000051768",-0.0284992905797807,0.969130020483905,1
"ENSMUSG00000048007",-0.00231417835408365,0.969330891382957,1
"ENSMUSG00000031511",-0.0255788918743391,0.969572095558597,1
"ENSMUSG00000024194",0.0232032694484481,0.970264938859658,1
"ENSMUSG00000019923",-0.0224055193996158,0.971408126821192,1
"ENSMUSG00000022048",0.00195745274202608,0.971483980483493,1
"ENSMUSG00000038619",0.0396653290145075,0.971735677933766,1
"ENSMUSG00000034993",-0.00175320449201877,0.972770681222638,1
"ENSMUSG00000024683",0.00148281646844595,0.973690994996694,1
"ENSMUSG00000031840",0.0255420754726394,0.973791903049622,1
"ENSMUSG00000024604",0.0369421868827651,0.974644102456892,1
"ENSMUSG00000000826",0.0474298116645784,0.974872210419136,1
"ENSMUSG00000058351",0.0410084375619313,0.975405632162049,1
"ENSMUSG00000018287",0.0298908971351999,0.975595934791031,1
"ENSMUSG00000028447",-0.032521615314824,0.976323486445639,1
"ENSMUSG00000029500",0.00200759588026855,0.97647083542814,1
"ENSMUSG00000022905",-0.0318892810914413,0.976562041036243,1
"ENSMUSG00000019539",0.0408158452286429,0.976634627150532,1
"ENSMUSG00000026199",-0.0303380123594472,0.977256316769014,1
"ENSMUSG00000021103",0.0194711150076081,0.977284114022195,1
"ENSMUSG00000022771",0.0185591397756255,0.97755913043883,1
"ENSMUSG00000004393",-0.0241088495652306,0.977621710941928,1
"ENSMUSG00000035245",0.0167766581502633,0.978031861290263,1
"ENSMUSG00000034109",0.00240291062757336,0.97925099867147,1
"ENSMUSG00000019979",0.00775416588547628,0.97936588129814,1
"ENSMUSG00000028194",-0.016969584834186,0.980053821229218,1
"ENSMUSG00000025016",-0.00310055517121199,0.980056286755363,1
"ENSMUSG00000015289",0.032356942042032,0.980231463114353,1
"ENSMUSG00000022765",-0.0142278959021347,0.980297786452276,1
"ENSMUSG00000004043",0.0134860683309626,0.981839725645228,1
"ENSMUSG00000019782",-0.0217992042256476,0.981896531548254,1
"ENSMUSG00000001036",-0.014590903786118,0.982061044055967,1
"ENSMUSG00000031710",0.0112596776312017,0.982414461431587,1
"ENSMUSG00000068328",0.0234631098378522,0.983334242778881,1
"ENSMUSG00000031818",-0.0801433200179389,0.983443662730297,1
"ENSMUSG00000029153",-0.0117186326467262,0.983804246596858,1
"ENSMUSG00000022961",0.000828607477256327,0.983828396916282,1
"ENSMUSG00000047945",-0.0148904497247919,0.984239815380921,1
"ENSMUSG00000022235",0.0230331506801171,0.984561272894576,1
"ENSMUSG00000062949",-0.0146089547346691,0.984888033757536,1
"ENSMUSG00000006418",0.011109344636651,0.985252731629475,1
"ENSMUSG00000008682",-0.0335663481642463,0.985675027266094,1
"ENSMUSG00000020695",0.00185378493300803,0.985781782439487,1
"ENSMUSG00000015672",-0.0210423912606856,0.986131012326729,1
"ENSMUSG00000065954",-0.0114996057976278,0.986440304437972,1
"ENSMUSG00000031158",-0.0172603149310682,0.986567776171265,1
"ENSMUSG00000019763",0.0162465837991661,0.986666352377355,1
"ENSMUSG00000020650",-0.0132057350611881,0.986803814707049,1
"ENSMUSG00000038416",-0.00164702639627734,0.987444220609734,1
"ENSMUSG00000026254",0.0104071264188228,0.987737926801751,1
"ENSMUSG00000026819",0.019759809764615,0.987772586612242,1
"ENSMUSG00000030335",-0.0240616916532908,0.987972522341254,1
"ENSMUSG00000016252",0.0032674123914056,0.989318558658271,1
"ENSMUSG00000025261",-0.00107168538421831,0.989690615075219,1
"ENSMUSG00000021549",-1.1446068242032,0.98979133968143,1
"ENSMUSG00000028676",-0.00131811810639348,0.989859347981493,1
"ENSMUSG00000057421",-0.0115325080810216,0.99080284033072,1
"ENSMUSG00000024222",0.000505001765610302,0.990882803866795,1
"ENSMUSG00000027805",0.010532782534419,0.990973538252157,1
"ENSMUSG00000079477",-0.000552943761807256,0.991147501642419,1
"ENSMUSG00000028530",0.00776942061832742,0.991335322633059,1
"ENSMUSG00000033307",-0.00129463642056038,0.991440385221536,1
"ENSMUSG00000002365",0.00578241003402269,0.991601677163341,1
"ENSMUSG00000028271",-0.00951337429638599,0.991806500648661,1
"ENSMUSG00000059363",0.00953341191912571,0.99219722963202,1
"ENSMUSG00000000384",0.000735261117856822,0.992360011223169,1
"ENSMUSG00000004451",0.00099532819653092,0.992869415091107,1
"ENSMUSG00000033860",0.0117804520503206,0.993000029520312,1
"ENSMUSG00000043411",0.0149039782238063,0.993385844041404,1
"ENSMUSG00000000743",0.00568126402263047,0.993680683034403,1
"ENSMUSG00000033184",0.00100302363153304,0.994058060495554,1
"ENSMUSG00000027699",0.0109297889891735,0.994695715224416,1
"ENSMUSG00000036104",-0.000654005094556709,0.994747595561594,1
"ENSMUSG00000056851",-0.130661206867817,0.994836856252765,1
"ENSMUSG00000038121",-0.00547550497660865,0.994977025618093,1
"ENSMUSG00000034723",-0.00717467929539595,0.995020219015545,1
"ENSMUSG00000028309",-0.00530859179941956,0.995917497089427,1
"ENSMUSG00000017830",-0.00339537701304593,0.996498777078796,1
"ENSMUSG00000022246",0.976212601182453,0.996869087458044,1
"ENSMUSG00000022177",-0.563335202318452,0.998026921080292,1
"ENSMUSG00000069769",0.00121007629952175,0.998654308684163,1
"ENSMUSG00000026131",-0.00172081330957141,0.998918476956169,1
"ENSMUSG00000055401",-0.000714810630064733,0.999012469987598,1
"ENSMUSG00000058600",0.0423119536074594,0.999889974534973,1
"ENSMUSG00000032786",-3.5527136788005e-15,0.999999999999948,1
"ENSMUSG00000028427",-3.5527136788005e-15,0.999999999999995,1
"ENSMUSG00000025869",3.5527136788005e-15,0.999999999999995,1
"ENSMUSG00000027878",3.5527136788005e-15,0.999999999999995,1
"ENSMUSG00000034259",3.5527136788005e-15,0.999999999999996,1
"ENSMUSG00000025040",3.5527136788005e-15,0.999999999999996,1
"ENSMUSG00000038544",-3.5527136788005e-15,0.999999999999996,1
"ENSMUSG00000096370",3.5527136788005e-15,0.999999999999997,1
"ENSMUSG00000052214",3.5527136788005e-15,0.999999999999997,1
"ENSMUSG00000002500",-3.5527136788005e-15,0.999999999999997,1
"ENSMUSG00000068748",-3.5527136788005e-15,0.999999999999998,1
"ENSMUSG00000013663",0.389470799549791,1,1
"ENSMUSG00000064345",0,1,1
"ENSMUSG00000039656",0,1,1
"ENSMUSG00000002307",0,1,1
"ENSMUSG00000053877",0,1,1
"ENSMUSG00000052293",0,1,1
"ENSMUSG00000022587",0,1,1
"ENSMUSG00000026280",0,1,1
"ENSMUSG00000032737",0,1,1
"ENSMUSG00000014850",0,1,1
"ENSMUSG00000014602",0,1,1
"ENSMUSG00000032410",0,1,1
"ENSMUSG00000055013",0,1,1
"ENSMUSG00000026434",0,1,1
"ENSMUSG00000051590",0,1,1
"ENSMUSG00000018740",0,1,1
"ENSMUSG00000026202",0,1,1
"ENSMUSG00000032666",0,1,1
"ENSMUSG00000039382",0,1,1
"ENSMUSG00000047539",0,1,1
"ENSMUSG00000039128",0,1,1
"ENSMUSG00000038696",0,1,1
"ENSMUSG00000041355",0,1,1
"ENSMUSG00000022995",0,1,1
"ENSMUSG00000027763",0,1,1
"ENSMUSG00000037395",0,1,1
"ENSMUSG00000001420",0,1,1
"ENSMUSG00000026470",0,1,1
"ENSMUSG00000026558",0,1,1
"ENSMUSG00000028080",0,1,1
"ENSMUSG00000026857",0,1,1
"ENSMUSG00000026773",0,1,1
"ENSMUSG00000037174",0,1,1
"ENSMUSG00000038975",0,1,1
"ENSMUSG00000059741",0,1,1
"ENSMUSG00000037400",0,1,1
"ENSMUSG00000040351",0,1,1
"ENSMUSG00000005057",0,1,1
"ENSMUSG00000062127",0,1,1
"ENSMUSG00000029291",0,1,1
"ENSMUSG00000025437",0,1,1
"ENSMUSG00000070733",0,1,1
"ENSMUSG00000039456",0,1,1
"ENSMUSG00000029594",0,1,1
"ENSMUSG00000029166",0,1,1
"ENSMUSG00000078435",0,1,1
"ENSMUSG00000033788",0,1,1
"ENSMUSG00000004270",0,1,1
"ENSMUSG00000034023",0,1,1
"ENSMUSG00000035236",0,1,1
"ENSMUSG00000029569",0,1,1
"ENSMUSG00000001909",0,1,1
"ENSMUSG00000004947",0,1,1
"ENSMUSG00000023262",0,1,1
"ENSMUSG00000026307",0,1,1
"ENSMUSG00000025878",0,1,1
"ENSMUSG00000026604",0,1,1
"ENSMUSG00000030750",0,1,1
"ENSMUSG00000031532",0,1,1
"ENSMUSG00000039286",0,1,1
"ENSMUSG00000027742",0,1,1
"ENSMUSG00000043279",0,1,1
"ENSMUSG00000034951",0,1,1
"ENSMUSG00000048039",0,1,1
"ENSMUSG00000020536",0,1,1
"ENSMUSG00000034485",0,1,1
"ENSMUSG00000054277",0,1,1
"ENSMUSG00000055041",0,1,1
"ENSMUSG00000022150",0,1,1
"ENSMUSG00000038034",0,1,1
"ENSMUSG00000062604",0,1,1
"ENSMUSG00000021900",0,1,1
"ENSMUSG00000017176",0,1,1
"ENSMUSG00000050891",0,1,1
"ENSMUSG00000020258",0,1,1
"ENSMUSG00000055762",0,1,1
"ENSMUSG00000021592",0,1,1
"ENSMUSG00000024807",0,1,1
"ENSMUSG00000023994",0,1,1
"ENSMUSG00000021952",0,1,1
"ENSMUSG00000032423",0,1,1
"ENSMUSG00000022146",0,1,1
"ENSMUSG00000079043",0,1,1
"ENSMUSG00000030763",0,1,1
"ENSMUSG00000035585",0,1,1
"ENSMUSG00000034342",0,1,1
"ENSMUSG00000051793",0,1,1
"ENSMUSG00000049553",0,1,1
"ENSMUSG00000060860",0,1,1
"ENSMUSG00000042289",0,1,1
"ENSMUSG00000002968",0,1,1
"ENSMUSG00000015149",0,1,1
"ENSMUSG00000004565",0,1,1
"ENSMUSG00000087687",0,1,1
"ENSMUSG00000055670",0,1,1
"ENSMUSG00000041720",0,1,1
"ENSMUSG00000003992",0,1,1
"ENSMUSG00000030649",0,1,1
"ENSMUSG00000024236",0,1,1
"ENSMUSG00000061313",0,1,1
"ENSMUSG00000031959",0,1,1
"ENSMUSG00000030465",0,1,1
"ENSMUSG00000031858",0,1,1
"ENSMUSG00000040111",0,1,1
"ENSMUSG00000031669",0,1,1
"ENSMUSG00000034312",0,1,1
"ENSMUSG00000001472",0,1,1
"ENSMUSG00000038697",0,1,1
"ENSMUSG00000035208",0,1,1
"ENSMUSG00000032193",0,1,1
"ENSMUSG00000032254",0,1,1
"ENSMUSG00000003308",0,1,1
"ENSMUSG00000032348",0,1,1
"ENSMUSG00000032497",0,1,1
"ENSMUSG00000033392",0,1,1
"ENSMUSG00000059263",0,1,1
"ENSMUSG00000057193",0,1,1
"ENSMUSG00000018068",0,1,1
"ENSMUSG00000039914",0,1,1
"ENSMUSG00000019857",0,1,1
"ENSMUSG00000059436",0,1,1
"ENSMUSG00000032705",0,1,1
"ENSMUSG00000019873",0,1,1
"ENSMUSG00000059791",0,1,1
"ENSMUSG00000021286",0,1,1
"ENSMUSG00000021598",0,1,1
"ENSMUSG00000052180",0,1,1
"ENSMUSG00000021003",0,1,1
"ENSMUSG00000021156",0,1,1
"ENSMUSG00000020974",0,1,1
"ENSMUSG00000021068",0,1,1
"ENSMUSG00000071647",0,1,1
"ENSMUSG00000021733",0,1,1
"ENSMUSG00000074886",0,1,1
"ENSMUSG00000023923",0,1,1
"ENSMUSG00000069089",0,1,1
"ENSMUSG00000015176",0,1,1
"ENSMUSG00000021629",0,1,1
"ENSMUSG00000024068",0,1,1
"ENSMUSG00000022000",0,1,1
"ENSMUSG00000022100",0,1,1
"ENSMUSG00000018334",0,1,1
"ENSMUSG00000021840",0,1,1
"ENSMUSG00000039007",0,1,1
"ENSMUSG00000059586",0,1,1
"ENSMUSG00000037204",0,1,1
"ENSMUSG00000018830",0,1,1
"ENSMUSG00000033020",0,1,1
"ENSMUSG00000052369",0,1,1
"ENSMUSG00000022404",0,1,1
"ENSMUSG00000022671",0,1,1
"ENSMUSG00000023018",0,1,1
"ENSMUSG00000031093",0,1,1
"ENSMUSG00000041215",0,1,1
"ENSMUSG00000045975",0,1,1
"ENSMUSG00000049076",0,1,1
"ENSMUSG00000033918",0,1,1
"ENSMUSG00000069729",0,1,1
"ENSMUSG00000012017",0,1,1
"ENSMUSG00000038160",0,1,1
"ENSMUSG00000037013",0,1,1
"ENSMUSG00000024259",0,1,1
"ENSMUSG00000036103",0,1,1
"ENSMUSG00000036775",0,1,1
"ENSMUSG00000058624",0,1,1
"ENSMUSG00000002625",0,1,1
"ENSMUSG00000056612",0,1,1
"ENSMUSG00000025225",0,1,1
"ENSMUSG00000024927",0,1,1
"ENSMUSG00000034108",0,1,1
"ENSMUSG00000024926",0,1,1
"ENSMUSG00000024516",0,1,1
"ENSMUSG00000057561",0,1,1
"ENSMUSG00000013465",0,1,1
"ENSMUSG00000050953",0,1,1
"ENSMUSG00000066151",0,1,1
"ENSMUSG00000038957",0,1,1
"ENSMUSG00000000440",0,1,1
"ENSMUSG00000020226",0,1,1
"ENSMUSG00000022035",0,1,1
"ENSMUSG00000032834",0,1,1
"ENSMUSG00000015143",0,1,1
"ENSMUSG00000034889",0,1,1
"ENSMUSG00000060681",0,1,1
"ENSMUSG00000034621",0,1,1
"ENSMUSG00000042446",0,1,1
"ENSMUSG00000057637",0,1,1
"ENSMUSG00000033326",0,1,1
"ENSMUSG00000044700",0,1,1
"ENSMUSG00000025583",0,1,1
"ENSMUSG00000025531",0,1,1
"ENSMUSG00000031153",0,1,1
"ENSMUSG00000039069",0,1,1
"ENSMUSG00000027282",0,1,1
"ENSMUSG00000033792",0,1,1
"ENSMUSG00000051675",0,1,1
"ENSMUSG00000007659",0,1,1
"ENSMUSG00000036646",0,1,1
"ENSMUSG00000026643",0,1,1
"ENSMUSG00000049999",0,1,1
"ENSMUSG00000000876",0,1,1
"ENSMUSG00000025781",0,1,1
"ENSMUSG00000040174",0,1,1
"ENSMUSG00000031171",0,1,1
"ENSMUSG00000070972",0,1,1
"ENSMUSG00000002550",0,1,1
"ENSMUSG00000028212",0,1,1
"ENSMUSG00000040738",0,1,1
"ENSMUSG00000027384",0,1,1
"ENSMUSG00000039476",0,1,1
"ENSMUSG00000033526",0,1,1
"ENSMUSG00000027580",0,1,1
"ENSMUSG00000026739",0,1,1
"ENSMUSG00000043241",0,1,1
"ENSMUSG00000070953",0,1,1
"ENSMUSG00000026730",0,1,1
"ENSMUSG00000005233",0,1,1
"ENSMUSG00000074576",0,1,1
"ENSMUSG00000063019",0,1,1
"ENSMUSG00000000320",0,1,1
"ENSMUSG00000014767",0,1,1
"ENSMUSG00000024429",0,1,1
"ENSMUSG00000036391",0,1,1
"ENSMUSG00000031200",0,1,1
"ENSMUSG00000036398",0,1,1
"ENSMUSG00000033769",0,1,1
"ENSMUSG00000061759",0,1,1
"ENSMUSG00000024790",0,1,1
"ENSMUSG00000062115",0,1,1
"ENSMUSG00000037316",0,1,1
"ENSMUSG00000049128",0,1,1
"ENSMUSG00000030284",0,1,1
"ENSMUSG00000038545",0,1,1
"ENSMUSG00000003423",0,1,1
"ENSMUSG00000062070",0,1,1
"ENSMUSG00000020774",0,1,1
"ENSMUSG00000038954",0,1,1
"ENSMUSG00000024201",0,1,1
"ENSMUSG00000018395",0,1,1
"ENSMUSG00000020364",0,1,1
"ENSMUSG00000047694",0,1,1
"ENSMUSG00000073016",0,1,1
"ENSMUSG00000028277",0,1,1
"ENSMUSG00000029030",0,1,1
"ENSMUSG00000021643",0,1,1
"ENSMUSG00000028796",0,1,1
"ENSMUSG00000023026",0,1,1
"ENSMUSG00000048874",0,1,1
"ENSMUSG00000028402",0,1,1
"ENSMUSG00000025078",0,1,1
"ENSMUSG00000000708",0,1,1
"ENSMUSG00000034653",0,1,1
"ENSMUSG00000038095",0,1,1
"ENSMUSG00000039357",0,1,1
"ENSMUSG00000038039",0,1,1
"ENSMUSG00000031592",0,1,1
"ENSMUSG00000079470",0,1,1
"ENSMUSG00000024066",0,1,1
"ENSMUSG00000022125",0,1,1
"ENSMUSG00000062397",0,1,1
"ENSMUSG00000017291",0,1,1
"ENSMUSG00000028099",0,1,1
"ENSMUSG00000032232",0,1,1
"ENSMUSG00000027714",0,1,1
"ENSMUSG00000021188",0,1,1
"ENSMUSG00000030232",0,1,1
"ENSMUSG00000019087",0,1,1
"ENSMUSG00000059970",0,1,1
"ENSMUSG00000001105",0,1,1
"ENSMUSG00000058835",0,1,1
"ENSMUSG00000037652",0,1,1
"ENSMUSG00000075486",0,1,1
"ENSMUSG00000025262",0,1,1
"ENSMUSG00000024795",0,1,1
"ENSMUSG00000069171",0,1,1
"ENSMUSG00000024055",0,1,1
"ENSMUSG00000030516",0,1,1
"ENSMUSG00000034218",0,1,1
"ENSMUSG00000020268",0,1,1
"ENSMUSG00000037343",0,1,1
"ENSMUSG00000030059",0,1,1
"ENSMUSG00000034602",0,1,1
"ENSMUSG00000026064",0,1,1
"ENSMUSG00000028068",0,1,1
"ENSMUSG00000049382",0,1,1
"ENSMUSG00000031765",0,1,1
"ENSMUSG00000026113",0,1,1
"ENSMUSG00000035900",0,1,1
"ENSMUSG00000090247",0,1,1
"ENSMUSG00000022010",0,1,1
"ENSMUSG00000024830",0,1,1
"ENSMUSG00000033373",0,1,1
"ENSMUSG00000062210",0,1,1
"ENSMUSG00000025466",0,1,1
"ENSMUSG00000031851",0,1,1
"ENSMUSG00000024277",0,1,1
"ENSMUSG00000045752",0,1,1
"ENSMUSG00000027601",0,1,1
"ENSMUSG00000026289",0,1,1
"ENSMUSG00000071451",0,1,1
"ENSMUSG00000039763",0,1,1
"ENSMUSG00000034317",0,1,1
"ENSMUSG00000029276",0,1,1
"ENSMUSG00000036980",0,1,1
"ENSMUSG00000032349",0,1,1
"ENSMUSG00000029571",0,1,1
"ENSMUSG00000041890",0,1,1
"ENSMUSG00000019854",0,1,1
"ENSMUSG00000002205",0,1,1
"ENSMUSG00000020400",0,1,1
"ENSMUSG00000074457",0,1,1
"ENSMUSG00000047714",0,1,1
"ENSMUSG00000036580",0,1,1
"ENSMUSG00000032386",0,1,1
"ENSMUSG00000001663",0,1,1
"ENSMUSG00000027937",0,1,1
"ENSMUSG00000035203",0,1,1
"ENSMUSG00000003812",0,1,1
"ENSMUSG00000029470",0,1,1
"ENSMUSG00000005069",0,1,1
"ENSMUSG00000030254",0,1,1
"ENSMUSG00000036845",0,1,1
"ENSMUSG00000006732",0,1,1
"ENSMUSG00000106864",0,1,1
"ENSMUSG00000071649",0,1,1
"ENSMUSG00000074037",0,1,1
"ENSMUSG00000036873",0,1,1
"ENSMUSG00000020794",0,1,1
"ENSMUSG00000029863",0,1,1
"ENSMUSG00000038205",0,1,1
"ENSMUSG00000026240",0,1,1
"ENSMUSG00000025421",0,1,1
"ENSMUSG00000054434",0,1,1
"ENSMUSG00000038172",0,1,1
"ENSMUSG00000041625",0,1,1
"ENSMUSG00000024792",0,1,1
"ENSMUSG00000063063",0,1,1
"ENSMUSG00000012422",0,1,1
"ENSMUSG00000022558",0,1,1
"ENSMUSG00000024515",0,1,1
"ENSMUSG00000025066",0,1,1
"ENSMUSG00000039929",0,1,1
"ENSMUSG00000027506",0,1,1
"ENSMUSG00000068922",0,1,1
"ENSMUSG00000022119",0,1,1
"ENSMUSG00000027357",0,1,1
"ENSMUSG00000032648",0,1,1
"ENSMUSG00000030888",0,1,1
"ENSMUSG00000078776",0,1,1
"ENSMUSG00000021139",0,1,1
"ENSMUSG00000052337",0,1,1
"ENSMUSG00000002428",0,1,1
"ENSMUSG00000035623",0,1,1
"ENSMUSG00000047735",0,1,1
"ENSMUSG00000032332",0,1,1
"ENSMUSG00000017288",0,1,1
"ENSMUSG00000029478",0,1,1
"ENSMUSG00000026970",0,1,1
"ENSMUSG00000056234",0,1,1
"ENSMUSG00000038774",0,1,1
"ENSMUSG00000041977",0,1,1
"ENSMUSG00000023106",0,1,1
"ENSMUSG00000056917",0,1,1
"ENSMUSG00000021243",0,1,1
"ENSMUSG00000029106",0,1,1
"ENSMUSG00000052917",0,1,1
"ENSMUSG00000056938",0,1,1
"ENSMUSG00000004221",0,1,1
"ENSMUSG00000059890",0,1,1
"ENSMUSG00000007656",0,1,1
"ENSMUSG00000032215",0,1,1
"ENSMUSG00000052033",0,1,1
"ENSMUSG00000038546",0,1,1
"ENSMUSG00000071550",0,1,1
"ENSMUSG00000033237",0,1,1
"ENSMUSG00000004561",0,1,1
"ENSMUSG00000072889",0,1,1
"ENSMUSG00000002963",0,1,1
"ENSMUSG00000029761",0,1,1
"ENSMUSG00000026924",0,1,1
"ENSMUSG00000014907",0,1,1
"ENSMUSG00000035597",0,1,1
"ENSMUSG00000019792",0,1,1
"ENSMUSG00000001419",0,1,1
"ENSMUSG00000037679",0,1,1
"ENSMUSG00000040265",0,1,1
"ENSMUSG00000062510",0,1,1
"ENSMUSG00000022377",0,1,1
"ENSMUSG00000019984",0,1,1
"ENSMUSG00000037366",0,1,1
"ENSMUSG00000048279",0,1,1
"ENSMUSG00000005442",0,1,1
"ENSMUSG00000013833",0,1,1
"ENSMUSG00000030706",0,1,1
"ENSMUSG00000026014",0,1,1
"ENSMUSG00000024122",0,1,1
"ENSMUSG00000024921",0,1,1
"ENSMUSG00000022678",0,1,1
"ENSMUSG00000025173",0,1,1
"ENSMUSG00000013858",0,1,1
"ENSMUSG00000028007",0,1,1
"ENSMUSG00000036636",0,1,1
"ENSMUSG00000027981",0,1,1
"ENSMUSG00000038080",0,1,1
"ENSMUSG00000025316",0,1,1
"ENSMUSG00000002222",0,1,1
"ENSMUSG00000033880",0,1,1
"ENSMUSG00000026127",0,1,1
"ENSMUSG00000056342",0,1,1
"ENSMUSG00000027522",0,1,1
"ENSMUSG00000041870",0,1,1
"ENSMUSG00000044864",0,1,1
"ENSMUSG00000089917",0,1,1
"ENSMUSG00000039795",0,1,1
"ENSMUSG00000090523",0,1,1
"ENSMUSG00000020937",0,1,1
"ENSMUSG00000033991",0,1,1
"ENSMUSG00000022390",0,1,1
"ENSMUSG00000037112",0,1,1
"ENSMUSG00000059495",0,1,1
"ENSMUSG00000024924",0,1,1
"ENSMUSG00000032078",0,1,1
"ENSMUSG00000035247",0,1,1
"ENSMUSG00000031557",0,1,1
"ENSMUSG00000022992",0,1,1
"ENSMUSG00000006763",0,1,1
"ENSMUSG00000036167",0,1,1
"ENSMUSG00000029397",0,1,1
"ENSMUSG00000031753",0,1,1
"ENSMUSG00000048000",0,1,1
"ENSMUSG00000018727",0,1,1
"ENSMUSG00000035021",0,1,1
"ENSMUSG00000042632",0,1,1
"ENSMUSG00000031010",0,1,1
"ENSMUSG00000026586",0,1,1
"ENSMUSG00000063558",0,1,1
"ENSMUSG00000006050",0,1,1
"ENSMUSG00000032468",0,1,1
"ENSMUSG00000039828",0,1,1
"ENSMUSG00000025348",0,1,1
"ENSMUSG00000000568",0,1,1
"ENSMUSG00000071551",0,1,1
"ENSMUSG00000032400",0,1,1
"ENSMUSG00000024909",0,1,1
"ENSMUSG00000029629",0,1,1
"ENSMUSG00000038170",0,1,1
"ENSMUSG00000001418",0,1,1
"ENSMUSG00000050860",0,1,1
"ENSMUSG00000059552",0,1,1
"ENSMUSG00000018566",0,1,1
"ENSMUSG00000094018",0,1,1
"ENSMUSG00000023156",0,1,1
"ENSMUSG00000021711",0,1,1
"ENSMUSG00000094429",0,1,1
"ENSMUSG00000024963",0,1,1
"ENSMUSG00000056899",0,1,1
"ENSMUSG00000034533",0,1,1
"ENSMUSG00000030739",0,1,1
"ENSMUSG00000033075",0,1,1
"ENSMUSG00000000420",0,1,1
"ENSMUSG00000026946",0,1,1
"ENSMUSG00000026664",0,1,1
"ENSMUSG00000032316",0,1,1
"ENSMUSG00000020817",0,1,1
"ENSMUSG00000032757",0,1,1
"ENSMUSG00000007038",0,1,1
"ENSMUSG00000068566",0,1,1
"ENSMUSG00000024851",0,1,1
"ENSMUSG00000022809",0,1,1
"ENSMUSG00000020694",0,1,1
"ENSMUSG00000039989",0,1,1
"ENSMUSG00000024146",0,1,1
"ENSMUSG00000040356",0,1,1
"ENSMUSG00000047281",0,1,1
"ENSMUSG00000027109",0,1,1
"ENSMUSG00000021124",0,1,1
"ENSMUSG00000021288",0,1,1
"ENSMUSG00000036023",0,1,1
"ENSMUSG00000032582",0,1,1
"ENSMUSG00000055371",0,1,1
"ENSMUSG00000047804",0,1,1
"ENSMUSG00000029344",0,1,1
"ENSMUSG00000021258",0,1,1
"ENSMUSG00000035011",0,1,1
"ENSMUSG00000052102",0,1,1
"ENSMUSG00000053617",0,1,1
"ENSMUSG00000034994",0,1,1
"ENSMUSG00000026000",0,1,1
"ENSMUSG00000017697",0,1,1
"ENSMUSG00000031233",0,1,1
"ENSMUSG00000020029",0,1,1
"ENSMUSG00000098387",0,1,1
"ENSMUSG00000053985",0,1,1
"ENSMUSG00000066861",0,1,1
"ENSMUSG00000074743",0,1,1
"ENSMUSG00000028024",0,1,1
"ENSMUSG00000024369",0,1,1
"ENSMUSG00000030218",0,1,1
"ENSMUSG00000052131",0,1,1
"ENSMUSG00000052397",0,1,1
"ENSMUSG00000041417",0,1,1
"ENSMUSG00000020346",0,1,1
"ENSMUSG00000021948",0,1,1
"ENSMUSG00000032218",0,1,1
"ENSMUSG00000019988",0,1,1
"ENSMUSG00000004768",0,1,1
"ENSMUSG00000034789",0,1,1
"ENSMUSG00000037706",0,1,1
"ENSMUSG00000061130",0,1,1
"ENSMUSG00000032085",0,1,1
"ENSMUSG00000026942",0,1,1
"ENSMUSG00000030342",0,1,1
"ENSMUSG00000015243",0,1,1
"ENSMUSG00000028494",0,1,1
"ENSMUSG00000056220",0,1,1
"ENSMUSG00000029135",0,1,1
"ENSMUSG00000056758",0,1,1
"ENSMUSG00000056216",0,1,1
"ENSMUSG00000000957",0,1,1
"ENSMUSG00000030057",0,1,1
"ENSMUSG00000028426",0,1,1
"ENSMUSG00000027500",0,1,1
"ENSMUSG00000061032",0,1,1
"ENSMUSG00000019478",0,1,1
"ENSMUSG00000062248",0,1,1
"ENSMUSG00000031231",0,1,1
"ENSMUSG00000005360",0,1,1
"ENSMUSG00000001120",0,1,1
"ENSMUSG00000034205",0,1,1
"ENSMUSG00000017307",0,1,1
"ENSMUSG00000026176",0,1,1
"ENSMUSG00000028464",0,1,1
"ENSMUSG00000039849",0,1,1
"ENSMUSG00000034748",0,1,1
"ENSMUSG00000013822",0,1,1
"ENSMUSG00000031950",0,1,1
"ENSMUSG00000009293",0,1,1
"ENSMUSG00000036943",0,1,1
"ENSMUSG00000051853",0,1,1
"ENSMUSG00000036894",0,1,1
"ENSMUSG00000002728",0,1,1
"ENSMUSG00000030082",0,1,1
"ENSMUSG00000049354",0,1,1
"ENSMUSG00000071359",0,1,1
"ENSMUSG00000004771",0,1,1
"ENSMUSG00000009630",0,1,1
"ENSMUSG00000035783",0,1,1
"ENSMUSG00000054364",0,1,1
"ENSMUSG00000029838",0,1,1
"ENSMUSG00000042644",0,1,1
"ENSMUSG00000031168",0,1,1
"ENSMUSG00000057672",0,1,1
"ENSMUSG00000020733",0,1,1
"ENSMUSG00000020091",0,1,1
"ENSMUSG00000000127",0,1,1
"ENSMUSG00000030403",0,1,1
"ENSMUSG00000003184",0,1,1
"ENSMUSG00000038894",0,1,1
"ENSMUSG00000027996",0,1,1
"ENSMUSG00000029642",0,1,1
"ENSMUSG00000020844",0,1,1
"ENSMUSG00000021540",0,1,1
"ENSMUSG00000028886",0,1,1
"ENSMUSG00000049691",0,1,1
"ENSMUSG00000020038",0,1,1
"ENSMUSG00000030560",0,1,1
"ENSMUSG00000029591",0,1,1
"ENSMUSG00000022098",0,1,1
"ENSMUSG00000029428",0,1,1
"ENSMUSG00000020330",0,1,1
"ENSMUSG00000078317",0,1,1
"ENSMUSG00000021264",0,1,1
"ENSMUSG00000029661",0,1,1
"ENSMUSG00000021670",0,1,1
"ENSMUSG00000020122",0,1,1
"ENSMUSG00000020857",0,1,1
"ENSMUSG00000001552",0,1,1
"ENSMUSG00000020755",0,1,1
"ENSMUSG00000039480",0,1,1
"ENSMUSG00000070697",0,1,1
"ENSMUSG00000027575",0,1,1
"ENSMUSG00000020232",0,1,1
"ENSMUSG00000030867",0,1,1
"ENSMUSG00000022263",0,1,1
"ENSMUSG00000055069",0,1,1
"ENSMUSG00000050310",0,1,1
"ENSMUSG00000020962",0,1,1
"ENSMUSG00000028189",0,1,1
"ENSMUSG00000027068",0,1,1
"ENSMUSG00000031629",0,1,1
"ENSMUSG00000050373",0,1,1
"ENSMUSG00000051169",0,1,1
"ENSMUSG00000074476",0,1,1
"ENSMUSG00000023938",0,1,1
"ENSMUSG00000038886",0,1,1
"ENSMUSG00000034765",0,1,1
"ENSMUSG00000028863",0,1,1
"ENSMUSG00000000295",0,1,1
"ENSMUSG00000005312",0,1,1
"ENSMUSG00000028868",0,1,1
"ENSMUSG00000040188",0,1,1
"ENSMUSG00000031979",0,1,1
"ENSMUSG00000024525",0,1,1
"ENSMUSG00000029816",0,1,1
"ENSMUSG00000033417",0,1,1
"ENSMUSG00000025402",0,1,1
"ENSMUSG00000046201",0,1,1
"ENSMUSG00000020605",0,1,1
"ENSMUSG00000039050",0,1,1
"ENSMUSG00000041278",0,1,1
"ENSMUSG00000009905",0,1,1
"ENSMUSG00000024965",0,1,1
"ENSMUSG00000066357",0,1,1
"ENSMUSG00000006906",0,1,1
"ENSMUSG00000019977",0,1,1
"ENSMUSG00000017299",0,1,1
"ENSMUSG00000059208",0,1,1
"ENSMUSG00000026687",0,1,1
"ENSMUSG00000002658",0,1,1
"ENSMUSG00000024785",0,1,1
"ENSMUSG00000004748",0,1,1
"ENSMUSG00000046079",0,1,1
"ENSMUSG00000043702",0,1,1
"ENSMUSG00000109901",0,1,1
"ENSMUSG00000037058",0,1,1
"ENSMUSG00000004069",0,1,1
"ENSMUSG00000035683",0,1,1
"ENSMUSG00000037570",0,1,1
"ENSMUSG00000020677",0,1,1
"ENSMUSG00000041303",0,1,1
"ENSMUSG00000026393",0,1,1
"ENSMUSG00000031808",0,1,1
"ENSMUSG00000036188",0,1,1
"ENSMUSG00000028587",0,1,1
"ENSMUSG00000030315",0,1,1
"ENSMUSG00000018846",0,1,1
"ENSMUSG00000039449",0,1,1
"ENSMUSG00000049504",0,1,1
"ENSMUSG00000028678",0,1,1
"ENSMUSG00000030872",0,1,1
"ENSMUSG00000016253",0,1,1
"ENSMUSG00000033706",0,1,1
"ENSMUSG00000065990",0,1,1
"ENSMUSG00000010080",0,1,1
"ENSMUSG00000051984",0,1,1
"ENSMUSG00000028982",0,1,1
"ENSMUSG00000028948",0,1,1
"ENSMUSG00000034449",0,1,1
"ENSMUSG00000042229",0,1,1
"ENSMUSG00000012076",0,1,1
"ENSMUSG00000038838",0,1,1
"ENSMUSG00000035890",0,1,1
"ENSMUSG00000026965",0,1,1
"ENSMUSG00000026617",0,1,1
"ENSMUSG00000046861",0,1,1
"ENSMUSG00000047434",0,1,1
"ENSMUSG00000039994",0,1,1
"ENSMUSG00000031916",0,1,1
"ENSMUSG00000016831",0,1,1
"ENSMUSG00000034216",0,1,1
"ENSMUSG00000026042",0,1,1
"ENSMUSG00000021569",0,1,1
"ENSMUSG00000031722",0,1,1
"ENSMUSG00000033161",0,1,1
"ENSMUSG00000029624",0,1,1
"ENSMUSG00000028854",0,1,1
"ENSMUSG00000042015",0,1,1
"ENSMUSG00000014349",0,1,1
"ENSMUSG00000002524",0,1,1
"ENSMUSG00000024816",0,1,1
"ENSMUSG00000022443",0,1,1
"ENSMUSG00000040771",0,1,1
"ENSMUSG00000020412",0,1,1
"ENSMUSG00000022365",0,1,1
"ENSMUSG00000020628",0,1,1
"ENSMUSG00000024002",0,1,1
"ENSMUSG00000048078",0,1,1
"ENSMUSG00000027641",0,1,1
"ENSMUSG00000026816",0,1,1
"ENSMUSG00000040472",0,1,1
"ENSMUSG00000025151",0,1,1
"ENSMUSG00000078937",0,1,1
"ENSMUSG00000029111",0,1,1
"ENSMUSG00000022538",0,1,1
"ENSMUSG00000022299",0,1,1
"ENSMUSG00000030319",0,1,1
"ENSMUSG00000067995",0,1,1
"ENSMUSG00000033021",0,1,1
"ENSMUSG00000021751",0,1,1
"ENSMUSG00000017747",0,1,1
"ENSMUSG00000066880",0,1,1
"ENSMUSG00000040010",0,1,1
"ENSMUSG00000041685",0,1,1
"ENSMUSG00000029439",0,1,1
"ENSMUSG00000023074",0,1,1
"ENSMUSG00000029198",0,1,1
"ENSMUSG00000030386",0,1,1
"ENSMUSG00000036473",0,1,1
"ENSMUSG00000028145",0,1,1
"ENSMUSG00000073678",0,1,1
"ENSMUSG00000021548",0,1,1
"ENSMUSG00000018501",0,1,1
"ENSMUSG00000024797",0,1,1
"ENSMUSG00000006517",0,1,1
"ENSMUSG00000021065",0,1,1
"ENSMUSG00000020770",0,1,1
"ENSMUSG00000031918",0,1,1
"ENSMUSG00000053746",0,1,1
"ENSMUSG00000030801",0,1,1
"ENSMUSG00000032038",0,1,1
"ENSMUSG00000041132",0,1,1
"ENSMUSG00000030677",0,1,1
"ENSMUSG00000050705",0,1,1
"ENSMUSG00000027078",0,1,1
"ENSMUSG00000027828",0,1,1
"ENSMUSG00000054150",0,1,1
"ENSMUSG00000029213",0,1,1
"ENSMUSG00000062373",0,1,1
"ENSMUSG00000046985",0,1,1
"ENSMUSG00000042700",0,1,1
"ENSMUSG00000032733",0,1,1
"ENSMUSG00000003849",0,1,1
"ENSMUSG00000035686",0,1,1
"ENSMUSG00000018167",0,1,1
"ENSMUSG00000006390",0,1,1
"ENSMUSG00000029918",0,1,1
"ENSMUSG00000005907",0,1,1
"ENSMUSG00000012705",0,1,1
"ENSMUSG00000007812",0,1,1
"ENSMUSG00000023960",0,1,1
"ENSMUSG00000020120",0,1,1
"ENSMUSG00000079317",0,1,1
"ENSMUSG00000035181",0,1,1
"ENSMUSG00000020519",0,1,1
"ENSMUSG00000020176",0,1,1
"ENSMUSG00000020527",0,1,1
"ENSMUSG00000010554",0,1,1
"ENSMUSG00000034297",0,1,1
"ENSMUSG00000035441",0,1,1
"ENSMUSG00000005804",0,1,1
"ENSMUSG00000022533",0,1,1
"ENSMUSG00000090841",0,1,1
"ENSMUSG00000031077",0,1,1
"ENSMUSG00000024940",0,1,1
"ENSMUSG00000041187",0,1,1
"ENSMUSG00000024049",0,1,1
"ENSMUSG00000053289",0,1,1
"ENSMUSG00000074305",0,1,1
"ENSMUSG00000034290",0,1,1
"ENSMUSG00000042302",0,1,1
"ENSMUSG00000034543",0,1,1
"ENSMUSG00000031015",0,1,1
"ENSMUSG00000044857",0,1,1
"ENSMUSG00000029599",0,1,1
"ENSMUSG00000021916",0,1,1
"ENSMUSG00000038582",0,1,1
"ENSMUSG00000001150",0,1,1
"ENSMUSG00000040520",0,1,1
"ENSMUSG00000026806",0,1,1
"ENSMUSG00000007817",0,1,1
"ENSMUSG00000000976",0,1,1
"ENSMUSG00000036435",0,1,1
"ENSMUSG00000004891",0,1,1
"ENSMUSG00000021497",0,1,1
"ENSMUSG00000029173",0,1,1
"ENSMUSG00000014778",0,1,1
"ENSMUSG00000022300",0,1,1
"ENSMUSG00000026867",0,1,1
"ENSMUSG00000035161",0,1,1
"ENSMUSG00000051378",0,1,1
"ENSMUSG00000074030",0,1,1
"ENSMUSG00000025266",0,1,1
"ENSMUSG00000033210",0,1,1
"ENSMUSG00000090145",0,1,1
"ENSMUSG00000017713",0,1,1
"ENSMUSG00000025764",0,1,1
"ENSMUSG00000038773",0,1,1
"ENSMUSG00000027454",0,1,1
"ENSMUSG00000025785",0,1,1
"ENSMUSG00000036241",0,1,1
"ENSMUSG00000032353",0,1,1
"ENSMUSG00000023094",0,1,1
"ENSMUSG00000022013",0,1,1
"ENSMUSG00000063253",0,1,1
"ENSMUSG00000047368",0,1,1
"ENSMUSG00000058672",0,1,1
"ENSMUSG00000111997",0,1,1
"ENSMUSG00000021639",0,1,1
"ENSMUSG00000048327",0,1,1
"ENSMUSG00000036879",0,1,1
"ENSMUSG00000038671",0,1,1
"ENSMUSG00000040396",0,1,1
"ENSMUSG00000066621",0,1,1
"ENSMUSG00000041734",0,1,1
"ENSMUSG00000007476",0,1,1
"ENSMUSG00000046934",0,1,1
"ENSMUSG00000029434",0,1,1
"ENSMUSG00000063704",0,1,1
"ENSMUSG00000056665",0,1,1
"ENSMUSG00000071660",0,1,1
"ENSMUSG00000030521",0,1,1
"ENSMUSG00000055194",0,1,1
"ENSMUSG00000029326",0,1,1
"ENSMUSG00000031578",0,1,1
"ENSMUSG00000024286",0,1,1
"ENSMUSG00000049109",0,1,1
"ENSMUSG00000038497",0,1,1
"ENSMUSG00000028437",0,1,1
"ENSMUSG00000030726",0,1,1
"ENSMUSG00000032475",0,1,1
"ENSMUSG00000031729",0,1,1
"ENSMUSG00000034958",0,1,1
"ENSMUSG00000020409",0,1,1
"ENSMUSG00000051220",0,1,1
"ENSMUSG00000017670",0,1,1
"ENSMUSG00000027784",0,1,1
"ENSMUSG00000038344",0,1,1
"ENSMUSG00000032867",0,1,1
"ENSMUSG00000020375",0,1,1
"ENSMUSG00000047648",0,1,1
"ENSMUSG00000019774",0,1,1
"ENSMUSG00000050565",0,1,1
"ENSMUSG00000038861",0,1,1
"ENSMUSG00000047888",0,1,1
"ENSMUSG00000035125",0,1,1
"ENSMUSG00000034064",0,1,1
"ENSMUSG00000030515",0,1,1
"ENSMUSG00000042211",0,1,1
"ENSMUSG00000036975",0,1,1
"ENSMUSG00000025139",0,1,1
"ENSMUSG00000062421",0,1,1
"ENSMUSG00000062691",0,1,1
"ENSMUSG00000026553",0,1,1
"ENSMUSG00000002846",0,1,1
"ENSMUSG00000047379",0,1,1
"ENSMUSG00000021610",0,1,1
"ENSMUSG00000021180",0,1,1
"ENSMUSG00000030330",0,1,1
"ENSMUSG00000006931",0,1,1
"ENSMUSG00000027628",0,1,1
"ENSMUSG00000027080",0,1,1
"ENSMUSG00000021361",0,1,1
"ENSMUSG00000022554",0,1,1
"ENSMUSG00000024072",0,1,1
"ENSMUSG00000046562",0,1,1
"ENSMUSG00000039414",0,1,1
"ENSMUSG00000039704",0,1,1
"ENSMUSG00000020166",0,1,1
"ENSMUSG00000051518",0,1,1
"ENSMUSG00000034087",0,1,1
"ENSMUSG00000042364",0,1,1
"ENSMUSG00000024579",0,1,1
"ENSMUSG00000041747",0,1,1
"ENSMUSG00000037216",0,1,1
"ENSMUSG00000103529",0,1,1
"ENSMUSG00000032498",0,1,1
"ENSMUSG00000033126",0,1,1
"ENSMUSG00000058440",0,1,1
"ENSMUSG00000038949",0,1,1
"ENSMUSG00000029536",0,1,1
"ENSMUSG00000037376",0,1,1
"ENSMUSG00000050552",0,1,1
"ENSMUSG00000024943",0,1,1
"ENSMUSG00000039108",0,1,1
"ENSMUSG00000011306",0,1,1
"ENSMUSG00000029505",0,1,1
"ENSMUSG00000071652",0,1,1
"ENSMUSG00000049792",0,1,1
"ENSMUSG00000039824",0,1,1
"ENSMUSG00000022034",0,1,1
"ENSMUSG00000032491",0,1,1
"ENSMUSG00000036766",0,1,1
"ENSMUSG00000032551",0,1,1
"ENSMUSG00000043866",0,1,1
"ENSMUSG00000029561",0,1,1
"ENSMUSG00000043155",0,1,1
"ENSMUSG00000003234",0,1,1
"ENSMUSG00000037262",0,1,1
"ENSMUSG00000039187",0,1,1
"ENSMUSG00000047656",0,1,1
"ENSMUSG00000040760",0,1,1
"ENSMUSG00000031536",0,1,1
"ENSMUSG00000054226",0,1,1
"ENSMUSG00000031556",0,1,1
"ENSMUSG00000066278",0,1,1
"ENSMUSG00000048832",0,1,1
"ENSMUSG00000025786",0,1,1
"ENSMUSG00000039018",0,1,1
"ENSMUSG00000015971",0,1,1
"ENSMUSG00000019715",0,1,1
"ENSMUSG00000041895",0,1,1
"ENSMUSG00000021650",0,1,1
"ENSMUSG00000036693",0,1,1
"ENSMUSG00000033355",0,1,1
"ENSMUSG00000042729",0,1,1
"ENSMUSG00000006585",0,1,1
"ENSMUSG00000024143",0,1,1
"ENSMUSG00000032387",0,1,1
"ENSMUSG00000024391",0,1,1
"ENSMUSG00000031935",0,1,1
"ENSMUSG00000032615",0,1,1
"ENSMUSG00000025575",0,1,1
"ENSMUSG00000025921",0,1,1
"ENSMUSG00000075000",0,1,1
"ENSMUSG00000035575",0,1,1
"ENSMUSG00000025241",0,1,1
"ENSMUSG00000034075",0,1,1
"ENSMUSG00000042363",0,1,1
"ENSMUSG00000033430",0,1,1
"ENSMUSG00000027602",0,1,1
"ENSMUSG00000033940",0,1,1
"ENSMUSG00000026155",0,1,1
"ENSMUSG00000015341",0,1,1
"ENSMUSG00000032397",0,1,1
"ENSMUSG00000006191",0,1,1
"ENSMUSG00000024271",0,1,1
"ENSMUSG00000004637",0,1,1
"ENSMUSG00000026915",0,1,1
"ENSMUSG00000021400",0,1,1
"ENSMUSG00000040025",0,1,1
"ENSMUSG00000030243",0,1,1
"ENSMUSG00000050796",0,1,1
"ENSMUSG00000034663",0,1,1
"ENSMUSG00000027166",0,1,1
"ENSMUSG00000032288",0,1,1
"ENSMUSG00000029422",0,1,1
"ENSMUSG00000025439",0,1,1
"ENSMUSG00000066149",0,1,1
"ENSMUSG00000031703",0,1,1
"ENSMUSG00000027787",0,1,1
"ENSMUSG00000060429",0,1,1
"ENSMUSG00000002763",0,1,1
"ENSMUSG00000027079",0,1,1
"ENSMUSG00000031546",0,1,1
"ENSMUSG00000026112",0,1,1
"ENSMUSG00000000441",0,1,1
"ENSMUSG00000034880",0,1,1
"ENSMUSG00000019791",0,1,1
"ENSMUSG00000020116",0,1,1
"ENSMUSG00000053916",0,1,1
"ENSMUSG00000002416",0,1,1
"ENSMUSG00000026688",0,1,1
"ENSMUSG00000024982",0,1,1
"ENSMUSG00000001383",0,1,1
"ENSMUSG00000022663",0,1,1
"ENSMUSG00000024791",0,1,1
"ENSMUSG00000053119",0,1,1
"ENSMUSG00000030291",0,1,1
"ENSMUSG00000028549",0,1,1
"ENSMUSG00000022109",0,1,1
"ENSMUSG00000038622",0,1,1
"ENSMUSG00000020803",0,1,1
"ENSMUSG00000028295",0,1,1
"ENSMUSG00000027285",0,1,1
"ENSMUSG00000004996",0,1,1
"ENSMUSG00000029048",0,1,1
"ENSMUSG00000025492",0,1,1
"ENSMUSG00000030423",0,1,1
"ENSMUSG00000017837",0,1,1
"ENSMUSG00000030245",0,1,1
"ENSMUSG00000030304",0,1,1
"ENSMUSG00000031604",0,1,1
"ENSMUSG00000015757",0,1,1
"ENSMUSG00000046949",0,1,1
"ENSMUSG00000073435",0,1,1
"ENSMUSG00000030983",0,1,1
"ENSMUSG00000003135",0,1,1
"ENSMUSG00000030471",0,1,1
"ENSMUSG00000030588",0,1,1
"ENSMUSG00000027424",0,1,1
"ENSMUSG00000030871",0,1,1
"ENSMUSG00000032002",0,1,1
"ENSMUSG00000022668",0,1,1
"ENSMUSG00000029038",0,1,1
"ENSMUSG00000027635",0,1,1
"ENSMUSG00000032431",0,1,1
"ENSMUSG00000001305",0,1,1
"ENSMUSG00000024528",0,1,1
"ENSMUSG00000020883",0,1,1
"ENSMUSG00000039043",0,1,1
"ENSMUSG00000034442",0,1,1
"ENSMUSG00000016409",0,1,1
"ENSMUSG00000022339",0,1,1
"ENSMUSG00000025169",0,1,1
"ENSMUSG00000028821",0,1,1
"ENSMUSG00000006095",0,1,1
"ENSMUSG00000011096",0,1,1
"ENSMUSG00000031843",0,1,1
"ENSMUSG00000039637",0,1,1
"ENSMUSG00000020280",0,1,1
"ENSMUSG00000005951",0,1,1
"ENSMUSG00000062591",0,1,1
"ENSMUSG00000026035",0,1,1
"ENSMUSG00000063130",0,1,1
"ENSMUSG00000002661",0,1,1
"ENSMUSG00000020778",0,1,1
"ENSMUSG00000024258",0,1,1
"ENSMUSG00000006392",0,1,1
"ENSMUSG00000032673",0,1,1
"ENSMUSG00000041718",0,1,1
"ENSMUSG00000010358",0,1,1
"ENSMUSG00000014177",0,1,1
"ENSMUSG00000007721",0,1,1
"ENSMUSG00000026283",0,1,1
"ENSMUSG00000020224",0,1,1
"ENSMUSG00000002329",0,1,1
"ENSMUSG00000020246",0,1,1
"ENSMUSG00000003444",0,1,1
"ENSMUSG00000020706",0,1,1
"ENSMUSG00000022853",0,1,1
"ENSMUSG00000003546",0,1,1
"ENSMUSG00000032329",0,1,1
"ENSMUSG00000066456",0,1,1
"ENSMUSG00000024142",0,1,1
"ENSMUSG00000020521",0,1,1
"ENSMUSG00000005204",0,1,1
"ENSMUSG00000023980",0,1,1
"ENSMUSG00000024487",0,1,1
"ENSMUSG00000027167",0,1,1
"ENSMUSG00000023908",0,1,1
"ENSMUSG00000004096",0,1,1
"ENSMUSG00000019139",0,1,1
"ENSMUSG00000009640",0,1,1
"ENSMUSG00000031143",0,1,1
"ENSMUSG00000070699",0,1,1
"ENSMUSG00000033917",0,1,1
"ENSMUSG00000025340",0,1,1
"ENSMUSG00000015013",0,1,1
"ENSMUSG00000025578",0,1,1
"ENSMUSG00000021192",0,1,1
"ENSMUSG00000020109",0,1,1
"ENSMUSG00000028557",0,1,1
"ENSMUSG00000021224",0,1,1
"ENSMUSG00000004105",0,1,1
"ENSMUSG00000029621",0,1,1
"ENSMUSG00000006205",0,1,1
"ENSMUSG00000051316",0,1,1
"ENSMUSG00000059288",0,1,1
"ENSMUSG00000007107",0,1,1
"ENSMUSG00000019433",0,1,1
"ENSMUSG00000021025",0,1,1
"ENSMUSG00000039131",0,1,1
"ENSMUSG00000017561",0,1,1
"ENSMUSG00000057666",0,1,1
