"ensembl_gene_id","logFC","P.Value","adj.P.Val"
"ENSMUSG00000032557",3.52493795060754,5.85256591130807e-24,2.57571425756668e-20
"ENSMUSG00000032786",-3.68463272238928,2.56914143389027e-20,5.65339572527553e-17
"ENSMUSG00000019577",4.79165181938325,1.48579294722109e-18,2.17965825357334e-15
"ENSMUSG00000022607",3.68766656485328,8.73557026273105e-12,9.61131118156984e-09
"ENSMUSG00000025001",-0.358224275763668,1.13758066631727e-08,1.00129850249246e-05
"ENSMUSG00000030681",0.643623945355529,3.17339818641261e-08,1.99169020756289e-05
"ENSMUSG00000024742",0.392123773695296,3.61493636140633e-08,1.99169020756289e-05
"ENSMUSG00000021794",-0.3684177906398,3.62043209736494e-08,1.99169020756289e-05
"ENSMUSG00000023832",0.489469854093446,4.78577388524885e-08,2.34024342988669e-05
"ENSMUSG00000025134",-0.392561127524914,6.73380845723814e-08,2.96354910203051e-05
"ENSMUSG00000028902",-0.294595082220532,1.16697509283488e-07,4.66896125778755e-05
"ENSMUSG00000031715",-0.254597253434721,1.32077774850826e-07,4.84395239265406e-05
"ENSMUSG00000028032",0.443943560031926,2.24369162286387e-07,6.86877854062872e-05
"ENSMUSG00000024360",0.616610199462439,2.30775297672778e-07,6.86877854062872e-05
"ENSMUSG00000019868",0.527933723868358,2.34109698044605e-07,6.86877854062872e-05
"ENSMUSG00000066551",0.662224378930702,2.66732298482766e-07,7.33680528514159e-05
"ENSMUSG00000031985",-0.432644381738541,3.15881772827794e-07,8.13923463583868e-05
"ENSMUSG00000020612",0.322575903412254,3.32893032140641e-07,8.13923463583868e-05
"ENSMUSG00000021957",0.532134862498619,3.61304138330802e-07,8.36894480417821e-05
"ENSMUSG00000030058",0.383583072986816,4.24360876500382e-07,9.00935933502751e-05
"ENSMUSG00000021266",0.613197167012693,4.29894446797496e-07,9.00935933502751e-05
"ENSMUSG00000023944",0.344262642565031,4.96740329708599e-07,9.63386372329612e-05
"ENSMUSG00000025613",0.45938548453617,5.03473905102956e-07,9.63386372329612e-05
"ENSMUSG00000027810",0.423554778019877,5.38882451427301e-07,9.88175695304813e-05
"ENSMUSG00000032096",0.450267287903316,6.00720212462278e-07,0.000103037773449565
"ENSMUSG00000001416",0.425100382123031,6.28972297373364e-07,0.000103037773449565
"ENSMUSG00000068039",0.344805924581898,6.32133579445185e-07,0.000103037773449565
"ENSMUSG00000029447",0.391030125552565,6.8540538939751e-07,0.000107731039954944
"ENSMUSG00000003808",0.347364989257532,9.05406395765881e-07,0.000137403225785022
"ENSMUSG00000043424",0.600491192962842,1.03114911733391e-06,0.000141815331768791
"ENSMUSG00000036138",-0.468601027388257,1.11360840229354e-06,0.000141815331768791
"ENSMUSG00000035325",0.523051203529601,1.14495895510072e-06,0.000141815331768791
"ENSMUSG00000037742",0.420139725147052,1.18469391606195e-06,0.000141815331768791
"ENSMUSG00000020917",0.432477191349715,1.19186963656548e-06,0.000141815331768791
"ENSMUSG00000026509",0.435436525528377,1.22593679102016e-06,0.000141815331768791
"ENSMUSG00000058355",0.519921917525423,1.23924637951248e-06,0.000141815331768791
"ENSMUSG00000037712",0.480397406082002,1.24709044416328e-06,0.000141815331768791
"ENSMUSG00000025403",-0.289880872637291,1.26112339805975e-06,0.000141815331768791
"ENSMUSG00000029623",0.647640888406311,1.27782878098517e-06,0.000141815331768791
"ENSMUSG00000020532",0.526800804879031,1.32304746920731e-06,0.000141815331768791
"ENSMUSG00000008450",0.520880006566127,1.33569949151575e-06,0.000141815331768791
"ENSMUSG00000021270",0.461611358236002,1.35338421592574e-06,0.000141815331768791
"ENSMUSG00000029247",0.321651483763915,1.39913617298648e-06,0.000143199960402639
"ENSMUSG00000001100",-0.317013663124811,1.56437997141307e-06,0.000155656673610583
"ENSMUSG00000029762",0.37859746388855,1.59158152976056e-06,0.000155656673610583
"ENSMUSG00000033813",0.551165222398918,1.66979373943799e-06,0.000159755701027535
"ENSMUSG00000042699",-0.303618773427367,1.90520241301448e-06,0.000178399911056952
"ENSMUSG00000033174",0.962549045592333,2.00622237972989e-06,0.000183945514441484
"ENSMUSG00000020152",0.362585554787394,2.29252684550339e-06,0.000203128757302166
"ENSMUSG00000032479",0.623689801014557,2.30775684278762e-06,0.000203128757302166
"ENSMUSG00000071650",-0.268587951277347,2.69892770462153e-06,0.000232901584863517
"ENSMUSG00000022205",0.502756988219524,2.92468015268181e-06,0.000247529179845243
"ENSMUSG00000024892",-0.25739961892284,3.52975057931329e-06,0.000293102496218072
"ENSMUSG00000007739",0.317899169569699,3.73488709503774e-06,0.000304393298245575
"ENSMUSG00000024507",-0.431475483119854,3.91733271409645e-06,0.000309755277779109
"ENSMUSG00000025260",-0.387019745325492,3.94144411625315e-06,0.000309755277779109
"ENSMUSG00000016554",0.335460599369366,4.20931653826911e-06,0.000312893628889016
"ENSMUSG00000000339",0.405449482793784,4.21310098354535e-06,0.000312893628889016
"ENSMUSG00000032249",0.647276153006374,4.21636364189912e-06,0.000312893628889016
"ENSMUSG00000028577",0.410202459503086,4.26576181171119e-06,0.000312893628889016
"ENSMUSG00000022244",-0.37843568804529,4.59903472082586e-06,0.000326697061588986
"ENSMUSG00000028136",0.42139739718516,4.64051288231628e-06,0.000326697061588986
"ENSMUSG00000028603",-0.380170534565696,4.67664505342106e-06,0.000326697061588986
"ENSMUSG00000022452",-0.603885536374769,5.03758661728087e-06,0.000346412792228955
"ENSMUSG00000051223",0.334738436097304,5.22912786816182e-06,0.000354052180735079
"ENSMUSG00000018707",0.327234335194394,5.35738483122639e-06,0.000357240161245869
"ENSMUSG00000023044",0.605412427558143,5.47214179268933e-06,0.000359446209397399
"ENSMUSG00000031781",0.713563465675715,5.66650579119179e-06,0.000366739588044633
"ENSMUSG00000027823",0.433746973927089,6.07761864103666e-06,0.000387646371582643
"ENSMUSG00000029610",0.417456939951798,6.27756516526943e-06,0.000394679489890725
"ENSMUSG00000054717",0.556190670238525,7.24992432749706e-06,0.000440052893248407
"ENSMUSG00000001891",0.57469649537413,7.26847681788044e-06,0.000440052893248407
"ENSMUSG00000035284",0.159202723032472,7.34783198865397e-06,0.000440052893248407
"ENSMUSG00000025503",0.507152223718833,7.39920793010272e-06,0.000440052893248407
"ENSMUSG00000033105",-0.239092565439627,7.65572944551407e-06,0.000449238203862766
"ENSMUSG00000032418",0.617945986343802,8.01930392283724e-06,0.000464381007426404
"ENSMUSG00000025190",0.677092747186059,8.27034085460489e-06,0.000468136666567721
"ENSMUSG00000028691",0.547203347083073,8.29690070263173e-06,0.000468136666567721
"ENSMUSG00000032504",0.321168938099309,8.66360367738982e-06,0.000482639490939147
"ENSMUSG00000025982",-0.260413673223141,8.94087105488281e-06,0.000491859668906741
"ENSMUSG00000022234",0.44407419941189,9.41501133523361e-06,0.00051154894921436
"ENSMUSG00000028656",0.548691814468739,9.64927662585567e-06,0.000517883736955985
"ENSMUSG00000068739",0.543108476460173,1.00138056552449e-05,0.000530972996249794
"ENSMUSG00000027566",0.398587962422624,1.03056295354975e-05,0.000539941376020528
"ENSMUSG00000015806",0.457739659811867,1.04380974050466e-05,0.000540447843289532
"ENSMUSG00000028811",0.450214885224081,1.05717946178099e-05,0.000541005443174203
"ENSMUSG00000029545",-0.178528747272615,1.07198549744301e-05,0.00054227680163755
"ENSMUSG00000004040",0.474913093308782,1.11737888255509e-05,0.000558816416150562
"ENSMUSG00000036323",0.448467886866371,1.13325626445699e-05,0.000560388856165755
"ENSMUSG00000061477",0.247589092672669,1.19330957898849e-05,0.000583528384125373
"ENSMUSG00000003500",3.58348397241017,1.22050991591544e-05,0.000590270784609215
"ENSMUSG00000063904",0.518409199486612,1.23479858208522e-05,0.000590690060843157
"ENSMUSG00000021417",-0.275964113802036,1.26334972736629e-05,0.000597849693563338
"ENSMUSG00000018932",0.427644816759816,1.3028983829441e-05,0.000598047844875246
"ENSMUSG00000030417",0.453090778664546,1.30413917695343e-05,0.000598047844875246
"ENSMUSG00000028495",0.377928250351601,1.31502911528716e-05,0.000598047844875246
"ENSMUSG00000033335",0.348479130699044,1.33958494917313e-05,0.000598047844875246
"ENSMUSG00000028273",0.460534482316479,1.33970026924921e-05,0.000598047844875246
"ENSMUSG00000027293",0.473805459356814,1.3458896750037e-05,0.000598047844875246
"ENSMUSG00000020534",0.505019534668659,1.3588908086236e-05,0.000598047844875246
"ENSMUSG00000020936",0.396387191494288,1.41531273719518e-05,0.000616308308454617
"ENSMUSG00000071072",0.532222437109574,1.44729632081066e-05,0.000616308308454617
"ENSMUSG00000030246",0.69796622199171,1.45193272084843e-05,0.000616308308454617
"ENSMUSG00000030630",0.464482431937359,1.45639772959055e-05,0.000616308308454617
"ENSMUSG00000040731",0.527735332917189,1.48523458498278e-05,0.000622525467477067
"ENSMUSG00000033059",0.577722159138549,1.5406160357237e-05,0.000639245196238886
"ENSMUSG00000020114",0.448415331242256,1.55417486929245e-05,0.000639245196238886
"ENSMUSG00000020476",0.468276651949417,1.58929600349755e-05,0.000647638121425251
"ENSMUSG00000030738",0.327052568426399,1.62309471898192e-05,0.000651877136186577
"ENSMUSG00000024493",0.553260707440032,1.62932253988919e-05,0.000651877136186577
"ENSMUSG00000063273",0.425142189273064,1.66286460987934e-05,0.000659303346673782
"ENSMUSG00000039509",-0.271343703758259,1.70551116743825e-05,0.000670174522133548
"ENSMUSG00000022789",0.6746496811908,1.72857956424931e-05,0.000672350141633606
"ENSMUSG00000021585",1.24060398643827,1.74160227553354e-05,0.000672350141633606
"ENSMUSG00000018921",-0.783228306006773,1.77189273007936e-05,0.000677616187351113
"ENSMUSG00000025410",0.400858948571102,1.78603675829878e-05,0.000677616187351113
"ENSMUSG00000028419",3.00613050812799,1.80609398511549e-05,0.000678153199541663
"ENSMUSG00000018965",0.466738864917655,1.82011853311999e-05,0.000678153199541663
"ENSMUSG00000009293",-3.77080181546096,1.83367940798586e-05,0.000678153199541663
"ENSMUSG00000020361",0.476493910832737,1.93068763668567e-05,0.000689960545025336
"ENSMUSG00000020914",-0.292888716465637,1.932700335072e-05,0.000689960545025336
"ENSMUSG00000037416",2.61492408907854,1.93845904584277e-05,0.000689960545025336
"ENSMUSG00000016664",0.459086988095091,1.93937977629579e-05,0.000689960545025336
"ENSMUSG00000022451",0.44537534744957,1.94675076284751e-05,0.000689960545025336
"ENSMUSG00000027429",0.395651492776636,1.95966980522988e-05,0.000689960545025336
"ENSMUSG00000028961",0.456669740243413,1.98119934043853e-05,0.000690928877382601
"ENSMUSG00000025326",3.01217424871037,1.99381884634379e-05,0.000690928877382601
"ENSMUSG00000002718",0.516785252200314,2.02272166416948e-05,0.000695294541637635
"ENSMUSG00000049517",0.271251036376437,2.03801399389354e-05,0.000695294541637635
"ENSMUSG00000049960",-0.318608876596912,2.06408960611818e-05,0.000698773719732779
"ENSMUSG00000032458",0.343100253622961,2.11830090695606e-05,0.000710453859779346
"ENSMUSG00000062203",0.500939167568795,2.14987568921109e-05,0.000710453859779346
"ENSMUSG00000031029",0.293565009974468,2.15633121521373e-05,0.000710453859779346
"ENSMUSG00000018848",0.331992811752286,2.17036046271098e-05,0.000710453859779346
"ENSMUSG00000018322",0.447501085780711,2.18302706806976e-05,0.000710453859779346
"ENSMUSG00000026520",-0.299075311052125,2.19544932810705e-05,0.000710453859779346
"ENSMUSG00000030751",0.379220361072207,2.23221880416504e-05,0.000717079923878127
"ENSMUSG00000028179",0.555007053964125,2.25863657348385e-05,0.000720308663761047
"ENSMUSG00000010936",0.419348840426888,2.2919482130482e-05,0.000724790319374247
"ENSMUSG00000002944",-0.294576416229177,2.30562701005214e-05,0.000724790319374247
"ENSMUSG00000034993",0.302255799174137,2.39069139528834e-05,0.000746200909976171
"ENSMUSG00000010095",-0.315236787153317,2.43290291477231e-05,0.000751683146667879
"ENSMUSG00000053398",0.399751784270212,2.47397363412971e-05,0.000751683146667879
"ENSMUSG00000024966",0.486494260182699,2.48959009409009e-05,0.000751683146667879
"ENSMUSG00000024747",0.43555246100788,2.52695106501197e-05,0.000751683146667879
"ENSMUSG00000029201",0.267828231509071,2.52738661639739e-05,0.000751683146667879
"ENSMUSG00000024772",0.664311663361296,2.53779295489794e-05,0.000751683146667879
"ENSMUSG00000031360",0.544131093427698,2.55594078511908e-05,0.000751683146667879
"ENSMUSG00000027597",0.483701178011803,2.55895484183362e-05,0.000751683146667879
"ENSMUSG00000016757",0.58423435377096,2.56197391502345e-05,0.000751683146667879
"ENSMUSG00000022285",0.341308412471687,2.72375670187587e-05,0.000786447414604527
"ENSMUSG00000018326",0.584794821654604,2.73446890367594e-05,0.000786447414604527
"ENSMUSG00000020899",0.477997775153693,2.74929193090428e-05,0.000786447414604527
"ENSMUSG00000020267",0.395476760774304,2.75194051009082e-05,0.000786447414604527
"ENSMUSG00000020572",0.535021563862642,2.80300636583998e-05,0.000795872968778178
"ENSMUSG00000027108",0.448475187589434,2.83163510130279e-05,0.000798847825694461
"ENSMUSG00000026727",0.532266895644241,2.86967517799521e-05,0.000804422959131014
"ENSMUSG00000033096",-0.326249827075404,2.91964991932339e-05,0.00081325185411027
"ENSMUSG00000024683",-0.259522303009568,2.94853981179968e-05,0.000814706937637772
"ENSMUSG00000018293",0.322719272964008,2.9677810153046e-05,0.000814706937637772
"ENSMUSG00000028998",-0.893472919339054,2.98040938331473e-05,0.000814706937637772
"ENSMUSG00000020849",0.558373501706654,3.07460852649577e-05,0.00083135557488957
"ENSMUSG00000006456",-0.31128590504472,3.07909472181322e-05,0.00083135557488957
"ENSMUSG00000027804",0.446468010124605,3.11950624876847e-05,0.000833530238447101
"ENSMUSG00000022961",-0.234638442649672,3.13274509143656e-05,0.000833530238447101
"ENSMUSG00000014301",-0.33565607851941,3.1439677251129e-05,0.000833530238447101
"ENSMUSG00000031388",0.570448584468465,3.17160258446225e-05,0.000835821734983134
"ENSMUSG00000019494",0.456030558066615,3.28550997237183e-05,0.000860686273119548
"ENSMUSG00000066036",1.05414029835887,3.31214946540273e-05,0.000862530757232982
"ENSMUSG00000028945",0.585063781209119,3.39417124959408e-05,0.000875861293764155
"ENSMUSG00000001924",0.362285462289766,3.41646185270069e-05,0.000875861293764155
"ENSMUSG00000031865",0.564456500632261,3.42304345665609e-05,0.000875861293764155
"ENSMUSG00000035297",0.327018971309123,3.55891301047488e-05,0.000905362783763003
"ENSMUSG00000030744",0.207445869611526,3.6821131218964e-05,0.000931320681003795
"ENSMUSG00000037242",0.381616919046177,3.75063447991868e-05,0.000941568435773531
"ENSMUSG00000018509",-0.490335714982987,3.7654179662836e-05,0.000941568435773531
"ENSMUSG00000041459",-0.359278573845675,3.80365142541836e-05,0.000945755362896396
"ENSMUSG00000028409",-0.330530099514355,3.98243607071268e-05,0.00097981429357688
"ENSMUSG00000029064",-0.249057434739708,3.98515697682939e-05,0.00097981429357688
"ENSMUSG00000031402",-0.252281364109642,4.01918250712246e-05,0.000982690122991442
"ENSMUSG00000029171",0.493136666936756,4.18914477888149e-05,0.00101625262059032
"ENSMUSG00000090877",0.44086862593123,4.20263524079616e-05,0.00101625262059032
"ENSMUSG00000019849",0.445197739396537,4.25233405660012e-05,0.00101996227724598
"ENSMUSG00000007892",0.402384736443736,4.26432763038537e-05,0.00101996227724598
"ENSMUSG00000021048",0.333638417528817,4.35288148421182e-05,0.00103056063132696
"ENSMUSG00000037851",0.436736785927419,4.35547097084333e-05,0.00103056063132696
"ENSMUSG00000022407",0.426992443275996,4.45821829585482e-05,0.00104817429725598
"ENSMUSG00000038965",0.403792810193636,4.49866805444599e-05,0.00104817429725598
"ENSMUSG00000033065",0.422373326992965,4.50136201275574e-05,0.00104817429725598
"ENSMUSG00000063870",-0.146649547112606,4.53820758784493e-05,0.00105119218916345
"ENSMUSG00000004937",0.406908615455322,4.5788981152979e-05,0.00105506442960346
"ENSMUSG00000046865",-0.341625233804432,4.61303514589388e-05,0.00105739414984786
"ENSMUSG00000028693",0.392240013371868,4.73956237751643e-05,0.00108076756598186
"ENSMUSG00000028138",0.576531261625455,4.85223559235607e-05,0.00110075715680201
"ENSMUSG00000014226",0.485671221017526,5.05825962574357e-05,0.00113811397862842
"ENSMUSG00000046434",-0.233129751569656,5.09457240908755e-05,0.00113811397862842
"ENSMUSG00000007029",0.35775761075891,5.10494914353048e-05,0.00113811397862842
"ENSMUSG00000020088",0.429506628848223,5.12034918810331e-05,0.00113811397862842
"ENSMUSG00000031078",0.431219669197073,5.15410809620693e-05,0.00113986079052295
"ENSMUSG00000001473",0.300970295769748,5.20374263273818e-05,0.00114508356633404
"ENSMUSG00000037236",-0.278209787365689,5.36982268227794e-05,0.00117255690190719
"ENSMUSG00000035948",-0.335156798895245,5.38187898625886e-05,0.00117255690190719
"ENSMUSG00000025508",0.341655760675128,5.46468806908563e-05,0.0011847336055195
"ENSMUSG00000031730",-0.293311493481497,5.5947149683811e-05,0.0012069774792081
"ENSMUSG00000074656",0.31058023217939,5.64483513019874e-05,0.00121184972721974
"ENSMUSG00000010911",0.52591339110699,5.84541517669355e-05,0.0012488190384771
"ENSMUSG00000023456",0.419135003467229,5.89759424467945e-05,0.00125015379218994
"ENSMUSG00000031782",-0.482820701327828,5.90847509146804e-05,0.00125015379218994
"ENSMUSG00000030536",0.367566572048244,6.1508863056814e-05,0.00129521773355521
"ENSMUSG00000019920",0.476332399183011,6.30617237491802e-05,0.00131708663232657
"ENSMUSG00000029713",-0.312912732452581,6.31459394276088e-05,0.00131708663232657
"ENSMUSG00000025153",0.472661601933346,6.35692940357011e-05,0.00131966256156189
"ENSMUSG00000031672",-0.24487616834525,6.4553922031267e-05,0.00132949241034106
"ENSMUSG00000005610",0.242099460440947,6.47824807380079e-05,0.00132949241034106
"ENSMUSG00000071866",0.284480529119165,6.49490725342713e-05,0.00132949241034106
"ENSMUSG00000020075",-0.277016403452361,6.59645114015496e-05,0.00134049941625965
"ENSMUSG00000057278",-0.325373534286616,6.60959721264131e-05,0.00134049941625965
"ENSMUSG00000039630",-0.17584717072949,6.98056235115357e-05,0.0014092410507994
"ENSMUSG00000020290",0.353921679755423,7.0955602954437e-05,0.00142591602101588
"ENSMUSG00000029817",-0.43330357079293,7.31577898603067e-05,0.00146348833261459
"ENSMUSG00000032407",-0.281470232596948,7.44196689395125e-05,0.00148199530770495
"ENSMUSG00000033306",0.294222717002022,7.53982747366916e-05,0.00148561980738992
"ENSMUSG00000056076",0.318251628794773,7.54830498198653e-05,0.00148561980738992
"ENSMUSG00000036752",0.229458759200291,7.56565145865545e-05,0.00148561980738992
"ENSMUSG00000072946",0.654594619861157,7.64564445483386e-05,0.00148561980738992
"ENSMUSG00000009470",0.231323740981768,7.65738512378196e-05,0.00148561980738992
"ENSMUSG00000021116",0.420783996027946,7.66270611855289e-05,0.00148561980738992
"ENSMUSG00000027405",-0.225097915204124,7.91286001463854e-05,0.00152250074866769
"ENSMUSG00000027879",-0.238312588335255,7.92337703554191e-05,0.00152250074866769
"ENSMUSG00000030770",0.505820481038256,7.95671829569571e-05,0.00152250074866769
"ENSMUSG00000040945",0.509146023224247,8.04662636921777e-05,0.00152848688981273
"ENSMUSG00000031960",0.394475544629703,8.05746326826978e-05,0.00152848688981273
"ENSMUSG00000004980",-0.326352498375286,8.22340822034668e-05,0.00155327122651269
"ENSMUSG00000006378",-0.303317637325879,8.3619906129388e-05,0.00157269746527964
"ENSMUSG00000024587",0.429499989542268,8.4233926682855e-05,0.00157473145918773
"ENSMUSG00000030695",0.436307326644169,8.44436774297442e-05,0.00157473145918773
"ENSMUSG00000042524",-0.305597682679061,8.56214623770168e-05,0.00158719347658379
"ENSMUSG00000040618",-0.208516813280553,8.58332304991913e-05,0.00158719347658379
"ENSMUSG00000021178",0.23269847923649,8.81564716609057e-05,0.00162333318736254
"ENSMUSG00000028270",0.978004613525243,9.027174499261e-05,0.00165042445014657
"ENSMUSG00000078713",-0.500164660701998,9.03777079039591e-05,0.00165042445014657
"ENSMUSG00000025228",0.3340174782182,9.17488136271805e-05,0.00166853937509596
"ENSMUSG00000042165",0.487888556848358,9.43209639828714e-05,0.00170825745880089
"ENSMUSG00000025950",0.462640219713936,9.5496791902804e-05,0.00172246467690263
"ENSMUSG00000024767",0.35512255035535,9.78787647095589e-05,0.00175794283523021
"ENSMUSG00000062867",0.41677822981481,9.8262653366651e-05,0.00175794283523021
"ENSMUSG00000027479",0.38194737858927,9.96242839367371e-05,0.00177508693767441
"ENSMUSG00000001642",0.365822516508565,0.000100203940016911,0.00177695616073961
"ENSMUSG00000037197",-0.283483554733177,0.000100536715297469,0.00177695616073961
"ENSMUSG00000025369",-0.226555029515378,0.000104925851713493,0.00184711469356433
"ENSMUSG00000039253",3.82383938615636,0.000106945080381731,0.00187516055282867
"ENSMUSG00000027531",0.381095242412727,0.000109056223714597,0.00190389106719743
"ENSMUSG00000005103",0.450465205972577,0.000109448861622574,0.00190389106719743
"ENSMUSG00000022814",0.306909233779216,0.000110603357568404,0.00191639912070294
"ENSMUSG00000001441",0.353855773580015,0.000111117452122461,0.00191775649721942
"ENSMUSG00000037149",0.326099318314434,0.000113962131307359,0.00194236672843168
"ENSMUSG00000027406",-0.209119913145372,0.000114073068722716,0.00194236672843168
"ENSMUSG00000028911",-0.382765740506336,0.000114188962360855,0.00194236672843168
"ENSMUSG00000028954",0.434162746361508,0.000114439055996967,0.00194236672843168
"ENSMUSG00000028029",0.426510460671732,0.000114750136194555,0.00194236672843168
"ENSMUSG00000021218",0.533445918463649,0.000116185323169821,0.00195912493207044
"ENSMUSG00000026020",-0.220870475448251,0.000117492586460219,0.00197360638553979
"ENSMUSG00000035960",0.318101450539739,0.000118563852968961,0.00197442888176319
"ENSMUSG00000039367",0.586583235085513,0.00011906150173562,0.00197442888176319
"ENSMUSG00000022241",0.420121429447622,0.000119064910702409,0.00197442888176319
"ENSMUSG00000013629",0.31801130181082,0.000119336078743242,0.00197442888176319
"ENSMUSG00000018796",-0.327199097728837,0.000120234539897059,0.00198184348347175
"ENSMUSG00000022336",0.283152911467678,0.000120950644540125,0.00198620815903391
"ENSMUSG00000030861",-0.350984753834155,0.000121803393329959,0.00199277596299312
"ENSMUSG00000022052",0.366347654156876,0.000122847101137777,0.00200240774854577
"ENSMUSG00000055681",0.382064668082378,0.000124136506549994,0.00201495341248599
"ENSMUSG00000091228",0.314643480304934,0.000124532453577866,0.00201495341248599
"ENSMUSG00000032040",0.576939176170079,0.000126926069985288,0.00204615983152107
"ENSMUSG00000060803",0.396153809481426,0.00013007481457663,0.00208926736843703
"ENSMUSG00000026753",0.414451157646933,0.000131416304273265,0.00210313874584233
"ENSMUSG00000020741",0.313132410946732,0.000132175239480402,0.00210762039475815
"ENSMUSG00000058799",0.371765915087547,0.000135991549268084,0.00216064551743262
"ENSMUSG00000026511",0.374989374068257,0.000136944169525408,0.00216795428086806
"ENSMUSG00000003809",-0.261042576629013,0.000138712396045522,0.0021880761827826
"ENSMUSG00000026750",0.656702079028161,0.000140235671720936,0.00220420425444228
"ENSMUSG00000022982",0.596155345862467,0.000141049184358492,0.00220845675730957
"ENSMUSG00000027782",0.381016244268885,0.000141864270489184,0.00220845675730957
"ENSMUSG00000030754",0.371718810702106,0.000142011647879711,0.00220845675730957
"ENSMUSG00000005683",-0.280212261311462,0.000144578708365553,0.00223742434196027
"ENSMUSG00000005779",0.345313722978261,0.000145753187514455,0.00223742434196027
"ENSMUSG00000028820",-0.211259606223141,0.000146246944211256,0.00223742434196027
"ENSMUSG00000022337",-0.327256677170364,0.000146318276539102,0.00223742434196027
"ENSMUSG00000006304",0.472043620634057,0.000146416316856296,0.00223742434196027
"ENSMUSG00000026245",0.505330614658156,0.000146934933030012,0.0022375800701214
"ENSMUSG00000002831",0.461863790528039,0.000149157576712476,0.00226359481072968
"ENSMUSG00000045427",-0.39761965073534,0.000150351561380982,0.00227387361387526
"ENSMUSG00000035898",0.53714251481582,0.000151276391839391,0.00228002534412725
"ENSMUSG00000028383",-0.210470396734252,0.000151811970028924,0.00228028832797711
"ENSMUSG00000029147",0.479475362319704,0.000152770522958869,0.00228134413089034
"ENSMUSG00000038880",-0.402487718963133,0.000153308568180728,0.00228134413089034
"ENSMUSG00000004929",0.437691336639251,0.000153437369403213,0.00228134413089034
"ENSMUSG00000020840",0.279806990758768,0.000155301582051776,0.0023012870794945
"ENSMUSG00000022048",0.268479856458036,0.000157681960446777,0.00232854347501474
"ENSMUSG00000026701",0.402715914818671,0.000158199159061442,0.00232854347501474
"ENSMUSG00000020661",-0.391000710018385,0.000159863718144695,0.00234319362514616
"ENSMUSG00000020720",0.303267792096072,0.000160259323146784,0.00234319362514616
"ENSMUSG00000014195",0.4311955881921,0.000163315243125947,0.00237492962455407
"ENSMUSG00000078812",0.416745548842314,0.000163509128888862,0.00237492962455407
"ENSMUSG00000036707",3.12158658925318,0.000164955468158413,0.00238805597159597
"ENSMUSG00000051989",-0.798404415980411,0.000166619445886195,0.00240423666014802
"ENSMUSG00000028684",0.416517188048296,0.000168345755139147,0.00242120806656008
"ENSMUSG00000035530",0.552382882025746,0.000169285637024642,0.00242679507669527
"ENSMUSG00000027187",-0.307421349788932,0.000174085951162577,0.00248425206803808
"ENSMUSG00000041926",0.38414901424774,0.000174422606004037,0.00248425206803808
"ENSMUSG00000021131",-0.234161250440795,0.000178579099865816,0.00253524715648212
"ENSMUSG00000029407",0.290861682264104,0.000183576158187785,0.00259780923531975
"ENSMUSG00000028063",-0.227425242160006,0.000185526309829813,0.00260703443142442
"ENSMUSG00000026192",0.280036854018533,0.000185582560947979,0.00260703443142442
"ENSMUSG00000023019",0.462055839908796,0.000186005183246368,0.00260703443142442
"ENSMUSG00000032301",0.319731100026019,0.000188486210215193,0.00263342162272084
"ENSMUSG00000043733",0.368740440114376,0.00019394244016776,0.00270107809866554
"ENSMUSG00000025271",0.504990316419775,0.000197128543496215,0.00273679091459572
"ENSMUSG00000020900",0.207016910184024,0.000198213500021774,0.00274320004275417
"ENSMUSG00000024981",-0.264452399669523,0.000199873608634046,0.00275361496990499
"ENSMUSG00000005514",-0.200785797553721,0.000200217402946966,0.00275361496990499
"ENSMUSG00000055053",-0.403142605324689,0.00020345672545107,0.0027855193301836
"ENSMUSG00000032126",0.638535208162395,0.00020380305028837,0.0027855193301836
"ENSMUSG00000052997",0.361557434805853,0.000208279302836077,0.00283503063284525
"ENSMUSG00000029657",0.589809947423863,0.000208713911620509,0.00283503063284525
"ENSMUSG00000062908",-0.255646562328138,0.000209406051986916,0.00283568010705975
"ENSMUSG00000024538",-0.287152592973793,0.000215388663308996,0.00290774695467144
"ENSMUSG00000012443",0.552608461340071,0.000216088537017303,0.00290827416334296
"ENSMUSG00000032604",0.302179817070044,0.000218278714628439,0.00291952910127807
"ENSMUSG00000020089",0.632572398979224,0.000218673303969376,0.00291952910127807
"ENSMUSG00000055723",-0.554240395745779,0.000218914929202854,0.00291952910127807
"ENSMUSG00000055319",0.326120829438761,0.000223729349750815,0.0029747216563545
"ENSMUSG00000025047",-0.294839168947885,0.000227515112491446,0.00301594581347848
"ENSMUSG00000059119",0.459283869214111,0.000231960883752802,0.00305822254985973
"ENSMUSG00000022884",0.510350323129579,0.000232094144888242,0.00305822254985973
"ENSMUSG00000026926",-0.266885147496073,0.000235011241248674,0.00307985671437727
"ENSMUSG00000058586",-0.322973457690104,0.000235135618275565,0.00307985671437727
"ENSMUSG00000024725",0.559861097582928,0.000237624069117336,0.0030958307577976
"ENSMUSG00000063358",0.360938169149417,0.000237762053200543,0.0030958307577976
"ENSMUSG00000024019",0.597512691497457,0.000239418909533928,0.00310820832111746
"ENSMUSG00000015889",0.473802537850155,0.000241571916243057,0.00312645715890811
"ENSMUSG00000027176",-0.26450990002763,0.000242245374048549,0.00312645715890811
"ENSMUSG00000004056",0.472860956687253,0.000244343232033896,0.00314431159117304
"ENSMUSG00000005469",0.393014903986632,0.000245211771492931,0.00314628864822271
"ENSMUSG00000054405",0.549779984715723,0.000247533397618639,0.00316684442709195
"ENSMUSG00000060012",2.45754516129689,0.000248885008056707,0.00317345625516425
"ENSMUSG00000007850",-0.215976770148714,0.000249492357256721,0.00317345625516425
"ENSMUSG00000058704",0.531172304364421,0.00025202688057989,0.0031964562000925
"ENSMUSG00000007097",-0.299501893148854,0.000253589001846574,0.00320702642852521
"ENSMUSG00000003660",-0.194582689995634,0.000260346256543395,0.00328304835257158
"ENSMUSG00000066306",-0.192499806311726,0.000261615352299354,0.00328962618705559
"ENSMUSG00000079104",0.387623271727975,0.00026813567508478,0.00336200884913993
"ENSMUSG00000026421",0.31963184759238,0.000270436289067518,0.0033812218982561
"ENSMUSG00000041763",0.653365948241671,0.000273182601899418,0.00340410121594103
"ENSMUSG00000022962",0.355903960826375,0.000273813185740314,0.00340410121594103
"ENSMUSG00000028692",0.291721873297664,0.00027528451714438,0.00341275256324625
"ENSMUSG00000007564",0.248703370250389,0.000279139919787548,0.00344500837379823
"ENSMUSG00000032803",0.434436628192351,0.000279451940342188,0.00344500837379823
"ENSMUSG00000068874",0.553998472083546,0.000285389111604385,0.00350837284963938
"ENSMUSG00000031357",0.478162724454009,0.000289629796424233,0.00355058700296115
"ENSMUSG00000030826",-0.239255522522196,0.000292993266654908,0.00358184268485625
"ENSMUSG00000032382",3.24830478539482,0.000294428593252095,0.00358941894432817
"ENSMUSG00000032959",0.440233193386405,0.000296834723497891,0.00360875585114425
"ENSMUSG00000020790",0.717995783500125,0.000298940483160391,0.00362434453550656
"ENSMUSG00000028622",-0.221018948128258,0.000302376836752085,0.00365593532567562
"ENSMUSG00000028745",0.37951688915124,0.000303703604578451,0.00366191661301305
"ENSMUSG00000029455",-0.191068891730865,0.00030642455139859,0.0036846296467355
"ENSMUSG00000011752",0.350636399203118,0.000310995926587512,0.00372940891801537
"ENSMUSG00000025208",-0.409317101635082,0.000314597339782094,0.00376234481625271
"ENSMUSG00000058558",0.230124934686717,0.000316344990220828,0.00377299268824353
"ENSMUSG00000021039",-0.280976962204882,0.000318355814212263,0.00378671334688695
"ENSMUSG00000000628",-0.205589798500107,0.000319416000482828,0.00378908306772218
"ENSMUSG00000020986",0.410289993236905,0.000320829593633024,0.00379562107951327
"ENSMUSG00000035772",-0.230624763615111,0.000322756168862032,0.00380817667335603
"ENSMUSG00000001175",0.520734761451006,0.000323870640048049,0.00381110878837289
"ENSMUSG00000026341",0.294959855538981,0.000332892157007378,0.00390682235463859
"ENSMUSG00000037601",0.34586384074176,0.000334399225476012,0.00391407178542534
"ENSMUSG00000068749",0.384196357320292,0.000339303646597981,0.00396094256943691
"ENSMUSG00000022312",0.250706975853689,0.000346405146141897,0.00403314563008066
"ENSMUSG00000017686",-0.241807458193048,0.000356011731708524,0.00413405707453619
"ENSMUSG00000028798",0.26094993845852,0.000357864013269928,0.00414075407080782
"ENSMUSG00000031068",0.377588465719132,0.000358470188815674,0.00414075407080782
"ENSMUSG00000052833",0.408654990942637,0.000360166423917495,0.00414945662738454
"ENSMUSG00000023723",-0.234709338579059,0.000363602515274565,0.00417810618726726
"ENSMUSG00000029911",-0.249896174462148,0.000364561501532509,0.00417821658397024
"ENSMUSG00000059070",0.270937155418871,0.00036653407102429,0.00418991284825428
"ENSMUSG00000026209",0.318656054105645,0.000371468810512222,0.00422839128068312
"ENSMUSG00000044533",0.239186331841186,0.000372341143369282,0.00422839128068312
"ENSMUSG00000025364",0.323079103033738,0.000372782507817553,0.00422839128068312
"ENSMUSG00000027613",0.30887939532046,0.000376015014791268,0.00425409275089042
"ENSMUSG00000031948",0.283813216091609,0.000383823421343741,0.00432616384500013
"ENSMUSG00000090553",-0.412581303291603,0.000384351298203829,0.00432616384500013
"ENSMUSG00000001289",0.599582432260963,0.000390063898594406,0.00437926331049484
"ENSMUSG00000032097",0.161498646003992,0.000392304841780988,0.00439321528925732
"ENSMUSG00000059743",0.432260071281249,0.000393467252286494,0.00439504918099711
"ENSMUSG00000062580",-0.583718302221385,0.00039463480182479,0.00439693104514152
"ENSMUSG00000015291",0.54571128968885,0.000396424685201708,0.00440073806900418
"ENSMUSG00000005198",-0.276438410177491,0.000396976372050593,0.00440073806900418
"ENSMUSG00000022193",0.301639417858294,0.000399277493153673,0.00440693292088476
"ENSMUSG00000020180",-0.267495569229176,0.000399537885806185,0.00440693292088476
"ENSMUSG00000050017",0.436336331319769,0.000401792967920868,0.00442072712954935
"ENSMUSG00000037475",-0.276103473218964,0.00040520312481091,0.00444712955683994
"ENSMUSG00000024095",0.193064732033012,0.00040881280036586,0.00446321238916162
"ENSMUSG00000026104",0.548607366203473,0.00040975695395343,0.00446321238916162
"ENSMUSG00000052926",2.64566494325294,0.000410601010987283,0.00446321238916162
"ENSMUSG00000070544",-0.283158282339429,0.000410725066487265,0.00446321238916162
"ENSMUSG00000040463",-0.206082149572751,0.000412575840148652,0.00446504350472933
"ENSMUSG00000031819",-0.305190690280405,0.000412922678124253,0.00446504350472933
"ENSMUSG00000025757",0.544217335277093,0.000414255770464134,0.00446847952405062
"ENSMUSG00000004897",0.630532984176281,0.000418000775088409,0.00449785186103689
"ENSMUSG00000049090",-0.297167415630231,0.000419478240000681,0.00450274081522682
"ENSMUSG00000033845",-0.301522144538865,0.000438376807742964,0.00469289712352208
"ENSMUSG00000022400",0.477640182403206,0.000439325974753715,0.00469289712352208
"ENSMUSG00000045983",0.285981315196384,0.000440569085941335,0.00469471461064195
"ENSMUSG00000022295",0.309119743271697,0.000441629595275112,0.00469471461064195
"ENSMUSG00000029440",0.462506104520578,0.000446262754848416,0.00472192404734337
"ENSMUSG00000025068",0.427710861773196,0.000446335015608917,0.00472192404734337
"ENSMUSG00000014606",-0.347851243970499,0.000460279273036266,0.00485103936783338
"ENSMUSG00000030007",0.300157782460865,0.000460744025392946,0.00485103936783338
"ENSMUSG00000024735",-0.224071138687901,0.000472822292416798,0.00496532964398391
"ENSMUSG00000014769",0.44793324065142,0.000473855589746249,0.00496532964398391
"ENSMUSG00000032366",0.470190092097756,0.000476858069812523,0.00497505994907674
"ENSMUSG00000034781",-0.271388766380241,0.000477045057602905,0.00497505994907674
"ENSMUSG00000022707",0.560967093767271,0.000484029193265802,0.00502541465448806
"ENSMUSG00000032050",0.420725915722887,0.000485133095967251,0.00502541465448806
"ENSMUSG00000025980",-0.162727705352886,0.000485299074791508,0.00502541465448806
"ENSMUSG00000024829",-0.247997761244868,0.000486841362329221,0.00502955125730259
"ENSMUSG00000020593",2.87759046583058,0.000488269287418726,0.00503248977501127
"ENSMUSG00000023186",0.444319703352598,0.000500394978445887,0.00514541658911296
"ENSMUSG00000074088",-0.23883354777103,0.000505580406892094,0.00518661857979512
"ENSMUSG00000028330",0.294108077741217,0.000507700104243612,0.00519572101101604
"ENSMUSG00000003813",0.494482603878868,0.00050882884702293,0.00519572101101604
"ENSMUSG00000032187",-0.253759619106052,0.000512367056650955,0.00521973938963161
"ENSMUSG00000029722",2.24051552183442,0.000516573660524921,0.00525044036944614
"ENSMUSG00000027706",-0.382571635201181,0.000519074159833937,0.00526369902633446
"ENSMUSG00000017428",0.271547616512692,0.00052337908100169,0.00529078121889647
"ENSMUSG00000032562",-0.271275013181373,0.000524471422145994,0.00529078121889647
"ENSMUSG00000019471",0.427324073944998,0.000525351373019259,0.00529078121889647
"ENSMUSG00000041879",0.49114072649812,0.000530302740826917,0.00532845288214444
"ENSMUSG00000014956",0.672801088565731,0.000531626348620943,0.00532958441977397
"ENSMUSG00000050697",0.358808563250143,0.00053385400777005,0.00533975338226362
"ENSMUSG00000028757",-0.237677718405994,0.000537719254616028,0.00536075569342198
"ENSMUSG00000021024",0.484078178151133,0.000538389915131224,0.00536075569342198
"ENSMUSG00000024583",0.346153771152157,0.000545278226176965,0.00541708684741495
"ENSMUSG00000021996",0.262980717054621,0.00054760383524038,0.00542382418682288
"ENSMUSG00000038650",0.298369984150487,0.000548421214073207,0.00542382418682288
"ENSMUSG00000029028",0.459527820731868,0.000556922535231783,0.00549555174339704
"ENSMUSG00000020949",0.44994394351502,0.000560570547455883,0.0055191744504549
"ENSMUSG00000025132",0.280814249688238,0.000570782345498764,0.00560717210388406
"ENSMUSG00000030512",-0.197907804064702,0.000581335249954471,0.0056981212361907
"ENSMUSG00000040028",-0.132078267696926,0.000586421629185593,0.0057352035334351
"ENSMUSG00000024644",0.345560551978359,0.000591791726071694,0.00577488999210981
"ENSMUSG00000058135",0.469483934887297,0.000598230763491068,0.00582480882770839
"ENSMUSG00000067194",0.455007619498598,0.000613662656465448,0.00596187494725041
"ENSMUSG00000005161",0.350826066180694,0.000620263013190093,0.00601272581728986
"ENSMUSG00000028107",-0.23938453569011,0.000626721255396226,0.00605618385195076
"ENSMUSG00000022698",0.411289759964294,0.000627498258688831,0.00605618385195076
"ENSMUSG00000030612",-0.237817664140564,0.000634594356155295,0.00610014585080933
"ENSMUSG00000000399",-0.372026018626034,0.000634825448686815,0.00610014585080933
"ENSMUSG00000030884",-0.244732480299433,0.000648811796039643,0.00622096016202717
"ENSMUSG00000024197",0.368725299217367,0.00065857068769373,0.00629350382317763
"ENSMUSG00000061360",-0.249348682375892,0.00065923773289818,0.00629350382317763
"ENSMUSG00000040152",2.37383499400645,0.000666544210343841,0.0063494828348988
"ENSMUSG00000051483",0.361445324171992,0.000669438765902328,0.00635279295824944
"ENSMUSG00000059534",-0.725233198888194,0.00067090323501284,0.00635279295824944
"ENSMUSG00000063229",0.417830145381231,0.000671222159869573,0.00635279295824944
"ENSMUSG00000037070",-0.254133709986089,0.000676792869252265,0.00639177128235883
"ENSMUSG00000071054",-0.261189056969677,0.000679538743344882,0.00640396147636151
"ENSMUSG00000020929",-0.172908758763477,0.000683646866688024,0.00642890995789315
"ENSMUSG00000017776",0.525992018968644,0.000695200811357522,0.00652362211254681
"ENSMUSG00000027201",-0.326611208085261,0.000705076934833803,0.00660222040468844
"ENSMUSG00000026473",0.33654046318216,0.000713153056461912,0.00666366582057086
"ENSMUSG00000022216",0.564990198063139,0.000720090695575798,0.00671423548989214
"ENSMUSG00000034024",0.260614834930031,0.000724797354445886,0.00674383331271955
"ENSMUSG00000039234",0.598420656377773,0.000728275080438021,0.00676035568993397
"ENSMUSG00000003360",-0.255875460196478,0.000730379002183357,0.00676035568993397
"ENSMUSG00000021196",0.294665660023046,0.000731181392503652,0.00676035568993397
"ENSMUSG00000025035",0.420715849938048,0.000739157484842747,0.00681977377524723
"ENSMUSG00000005981",-0.147510882881381,0.000751667590952196,0.00692068842631928
"ENSMUSG00000026817",0.377906778127471,0.000756174474116004,0.00694764897825581
"ENSMUSG00000031256",-0.206594781064279,0.000760376089640779,0.00697169827189389
"ENSMUSG00000021773",-0.288212724402545,0.000762737690611581,0.00697832793828606
"ENSMUSG00000002102",0.201635008088022,0.000764270408146758,0.00697832793828606
"ENSMUSG00000047557",0.521111313832929,0.000777577890642382,0.00708513518989052
"ENSMUSG00000000686",-0.518199083401047,0.000781567877755068,0.00710677733471086
"ENSMUSG00000005575",0.581061889080861,0.000787256373445038,0.00714374288563219
"ENSMUSG00000024012",-0.289384733155323,0.000792936662658296,0.00718048200073901
"ENSMUSG00000036104",0.407424847508583,0.000803801995254606,0.00726392727128444
"ENSMUSG00000042032",0.754891033964892,0.000820995630443833,0.00740410198685104
"ENSMUSG00000047675",0.182748778453142,0.000824274879600153,0.00741847391640138
"ENSMUSG00000028199",0.395057233510592,0.000831724032159408,0.00747023972557868
"ENSMUSG00000028156",0.571465075775517,0.000844972625490018,0.00756517356740285
"ENSMUSG00000035150",0.222195246984011,0.000845731741686481,0.00756517356740285
"ENSMUSG00000029777",0.325924684160579,0.000848004278433443,0.00757011527258739
"ENSMUSG00000021748",-0.198479933512697,0.000851311792490618,0.00758425748735063
"ENSMUSG00000037470",-0.132017235515143,0.000858393360554338,0.00763189733292856
"ENSMUSG00000002546",-0.245858890048002,0.000875662590955032,0.00776921456042075
"ENSMUSG00000040253",3.0367346389245,0.000877368697234518,0.00776921456042075
"ENSMUSG00000027195",-0.16788530439668,0.000881139854943522,0.00778488270115748
"ENSMUSG00000073702",0.310327532491524,0.000882675861821764,0.00778488270115748
"ENSMUSG00000025027",0.399164944682905,0.000891113414669291,0.0078435802759191
"ENSMUSG00000039263",3.10592066253526,0.000907857910660964,0.00797501529903973
"ENSMUSG00000002372",0.403220714081765,0.000911150188004817,0.00798799198687092
"ENSMUSG00000020580",3.29685261649777,0.000917512505463791,0.00802777840267623
"ENSMUSG00000069744",0.321819529947486,0.000920983412018967,0.00804215872280848
"ENSMUSG00000003528",-0.210381615135994,0.000928534638086005,0.00806779151834486
"ENSMUSG00000038467",0.417269399700153,0.000929187718775078,0.00806779151834486
"ENSMUSG00000036504",0.334683967194447,0.000929418382140614,0.00806779151834486
"ENSMUSG00000040565",2.76588826263454,0.000946786625526783,0.00820237783256569
"ENSMUSG00000027593",-0.263438776324278,0.000954387702754249,0.0082383741020749
"ENSMUSG00000030224",0.346560733088676,0.000954685478768053,0.0082383741020749
"ENSMUSG00000001380",0.422489967052044,0.000960811616219369,0.00826749958120387
"ENSMUSG00000090053",0.436536036608743,0.000961817719967367,0.00826749958120387
"ENSMUSG00000022858",-0.2511661675867,0.000964561015706197,0.00827491818737421
"ENSMUSG00000004264",-0.249682227738216,0.000982819993580838,0.00840059451439035
"ENSMUSG00000017485",-0.1881133860761,0.000983027987937067,0.00840059451439035
"ENSMUSG00000029209",2.02411320298551,0.000993799722043959,0.00847618716417725
"ENSMUSG00000039067",0.272845423985306,0.00100397741719186,0.00854643058619223
"ENSMUSG00000018893",0.69376418903235,0.00102130249601167,0.00866632405844897
"ENSMUSG00000062328",0.280717015363368,0.00102235119840791,0.00866632405844897
"ENSMUSG00000002949",-0.181753269695744,0.00102396921390445,0.00866632405844897
"ENSMUSG00000021244",-0.245204083588487,0.00102831946514837,0.00868643755492898
"ENSMUSG00000024601",0.30282479885674,0.00103873669021256,0.0087522305725801
"ENSMUSG00000027712",0.203982716190762,0.00104008556906598,0.0087522305725801
"ENSMUSG00000030662",0.274436185975532,0.00105906620286949,0.00889494343287909
"ENSMUSG00000027185",-0.307766882506822,0.00106353654732633,0.0088984462343264
"ENSMUSG00000015120",0.543373648669743,0.00106819181628852,0.0088984462343264
"ENSMUSG00000022186",-0.161182617118811,0.00106916408608404,0.0088984462343264
"ENSMUSG00000027227",0.61499900462109,0.00107120673670039,0.0088984462343264
"ENSMUSG00000000902",-0.317555418746718,0.00107211763862847,0.0088984462343264
"ENSMUSG00000028470",-0.227585121472433,0.00107352586598459,0.0088984462343264
"ENSMUSG00000064120",-0.288115025984457,0.00107383430604143,0.0088984462343264
"ENSMUSG00000029575",-0.278955005624972,0.00107565857683746,0.0088984462343264
"ENSMUSG00000071172",-0.33152232814637,0.00108991174536204,0.00898528004892377
"ENSMUSG00000018882",-0.225755251466328,0.00109087959420266,0.00898528004892377
"ENSMUSG00000024556",-0.205017890764555,0.0010922801241023,0.00898528004892377
"ENSMUSG00000024941",0.364560867488105,0.00110719491665805,0.00908123023231341
"ENSMUSG00000022471",2.50939387985996,0.00110807103720798,0.00908123023231341
"ENSMUSG00000068290",2.82085991613993,0.00112382351010749,0.00919321053528451
"ENSMUSG00000068220",0.489594982359684,0.00112643310567693,0.00919746214857915
"ENSMUSG00000074513",0.268554131463947,0.00113725409012695,0.00926862083453461
"ENSMUSG00000047459",0.460271832450747,0.00114353811368724,0.00930260857363686
"ENSMUSG00000030061",0.408811291408291,0.00114801231166023,0.00932177524652526
"ENSMUSG00000027605",0.542539653937574,0.00116136480798308,0.00941282968680213
"ENSMUSG00000003865",0.394285209338097,0.00116743797536465,0.00942656932195869
"ENSMUSG00000059811",-0.262867732857849,0.00116929226761965,0.00942656932195869
"ENSMUSG00000000168",-0.191031741714006,0.00116948576455111,0.00942656932195869
"ENSMUSG00000030357",0.476936298468651,0.00117410894783878,0.00944653286917456
"ENSMUSG00000035215",0.361920421302884,0.0011806077736412,0.00947224660308826
"ENSMUSG00000058997",-0.139441089853488,0.00118160949445477,0.00947224660308826
"ENSMUSG00000016382",0.377552025105281,0.00119512600088282,0.00955564138938577
"ENSMUSG00000031320",0.181156488495049,0.00119739612321057,0.00955564138938577
"ENSMUSG00000024640",0.380905672091966,0.00119852625470142,0.00955564138938577
"ENSMUSG00000054766",0.403951892826353,0.00120080743023794,0.00955651627572726
"ENSMUSG00000018379",-0.312182412769499,0.00120726577400923,0.00959057160905163
"ENSMUSG00000032435",0.373889268395267,0.00121123465511794,0.00960476345436765
"ENSMUSG00000042535",0.475822304579623,0.00121879065286552,0.00962618681864444
"ENSMUSG00000043091",0.346126278485336,0.00122202901860933,0.00962618681864444
"ENSMUSG00000069662",0.781388478336556,0.00122237307325816,0.00962618681864444
"ENSMUSG00000024132",-0.257844914451251,0.0012226853968694,0.00962618681864444
"ENSMUSG00000022403",0.286595093153871,0.0012264783963917,0.00963880611164263
"ENSMUSG00000032540",-0.243010876406068,0.00123538096659699,0.00969146458822345
"ENSMUSG00000057497",-0.307979867188603,0.00124017339259131,0.00971174928966964
"ENSMUSG00000059316",-0.316261369434208,0.00124745925339224,0.00975145324010521
"ENSMUSG00000025240",-0.24717666858508,0.00125285051796606,0.00977136731830224
"ENSMUSG00000020321",0.422521050290921,0.00125444729262458,0.00977136731830224
"ENSMUSG00000000171",-0.684662226167013,0.00125756615219228,0.00977835448020886
"ENSMUSG00000038845",-0.240969558576417,0.00126362107490588,0.00980810643855513
"ENSMUSG00000025651",-0.248064537195866,0.0012733214629668,0.00986114792127195
"ENSMUSG00000024942",0.2782374544798,0.00127493596164593,0.00986114792127195
"ENSMUSG00000021707",0.349892062170582,0.00130710054495042,0.0100921921023277
"ENSMUSG00000022889",-0.204531372447224,0.00131763400806492,0.0101269212271972
"ENSMUSG00000030045",-0.238556163204898,0.00131911818727893,0.0101269212271972
"ENSMUSG00000021731",-0.296916090948169,0.00132173542264955,0.0101269212271972
"ENSMUSG00000033629",-0.310635961511444,0.00132355444749732,0.0101269212271972
"ENSMUSG00000020745",0.325439194755941,0.00132493241313889,0.0101269212271972
"ENSMUSG00000028851",0.30998866971634,0.00132540482319145,0.0101269212271972
"ENSMUSG00000031309",0.673411976909527,0.00133568295363868,0.0101877654748073
"ENSMUSG00000020935",-0.176302505310563,0.00134931683910164,0.0102739505344054
"ENSMUSG00000018171",3.27993180185668,0.00135281498093206,0.0102827957358929
"ENSMUSG00000020211",-0.242991559435623,0.0013555029167173,0.0102854626490911
"ENSMUSG00000030603",0.189780083465532,0.00137051305497334,0.0103653115083708
"ENSMUSG00000019143",-0.265004959875352,0.00137073649122286,0.0103653115083708
"ENSMUSG00000035198",0.238979450637153,0.00140771685902365,0.0105899382231505
"ENSMUSG00000005483",0.367270954708779,0.00141140720708613,0.0105899382231505
"ENSMUSG00000012535",3.25101109342627,0.00141177713474357,0.0105899382231505
"ENSMUSG00000032288",-2.16216173200255,0.00141325014095183,0.0105899382231505
"ENSMUSG00000020064",1.86708883826426,0.00141759369402605,0.0105899382231505
"ENSMUSG00000033752",2.30011565696048,0.00141854957911759,0.0105899382231505
"ENSMUSG00000009563",-0.315554848554985,0.00142088726641032,0.0105899382231505
"ENSMUSG00000047368",-2.31975744608472,0.00142191520456956,0.0105899382231505
"ENSMUSG00000037916",-0.267553835322893,0.00142209804359962,0.0105899382231505
"ENSMUSG00000040990",3.11258388307838,0.00142727412787811,0.0105957348609188
"ENSMUSG00000042605",0.535374091459268,0.00142769160929899,0.0105957348609188
"ENSMUSG00000016921",-0.331735307845133,0.00143386193091193,0.0106236133972111
"ENSMUSG00000116165",2.10456151167132,0.00144264264071514,0.0106707063223317
"ENSMUSG00000025487",0.31981470840843,0.00144547214640214,0.0106736961683151
"ENSMUSG00000018286",0.22700490889822,0.00145195512183055,0.0106779444132383
"ENSMUSG00000018585",0.417783491562894,0.00145389631315358,0.0106779444132383
"ENSMUSG00000036751",-0.235617155743547,0.00145905606009234,0.0106779444132383
"ENSMUSG00000025278",0.285489030777875,0.00145947504730231,0.0106779444132383
"ENSMUSG00000034211",-0.317432537859002,0.00145975747691506,0.0106779444132383
"ENSMUSG00000040850",1.63047300788296,0.00146060498449659,0.0106779444132383
"ENSMUSG00000025465",-0.18657223147969,0.0014692366541861,0.0107083476991922
"ENSMUSG00000024991",0.293720972219145,0.001470636676743,0.0107083476991922
"ENSMUSG00000024975",2.60153819634736,0.00147371510356736,0.0107083476991922
"ENSMUSG00000027068",-2.24386707449784,0.00147603012510957,0.0107083476991922
"ENSMUSG00000026709",-0.229169254957043,0.00147715134417183,0.0107083476991922
"ENSMUSG00000025937",0.326142381241716,0.00147936273599383,0.0107083476991922
"ENSMUSG00000037523",-0.241885301151452,0.0014861899137777,0.0107401014951324
"ENSMUSG00000004099",-0.128353236930881,0.00149575748373834,0.0107820681082786
"ENSMUSG00000019432",-0.204158011343448,0.0014968969811766,0.0107820681082786
"ENSMUSG00000045482",-0.261460786207348,0.00150387896805897,0.0107978974163926
"ENSMUSG00000022210",-0.298413656764808,0.0015049186081878,0.0107978974163926
"ENSMUSG00000032643",2.78931610037947,0.00150645512694048,0.0107978974163926
"ENSMUSG00000023110",0.43339471276991,0.00151292794397351,0.0108145083393958
"ENSMUSG00000022983",-0.436252125313782,0.00151368714770911,0.0108145083393958
"ENSMUSG00000021408",1.842979074174,0.00152330828794504,0.0108656074153097
"ENSMUSG00000031696",0.316363424822612,0.0015269964112947,0.010874289977521
"ENSMUSG00000061838",-0.117220907204185,0.00153515430213259,0.0109147238831753
"ENSMUSG00000029446",0.381123855085914,0.00154160606279768,0.010942916584472
"ENSMUSG00000037820",0.216043120905063,0.00156904135007829,0.0111126181218652
"ENSMUSG00000064302",1.89051939151266,0.00157475293407474,0.0111126181218652
"ENSMUSG00000032966",0.338806349496885,0.0015748587944229,0.0111126181218652
"ENSMUSG00000025792",-0.250780899950797,0.00157561320337285,0.0111126181218652
"ENSMUSG00000026662",0.31133113704626,0.00158661797925811,0.0111723291627439
"ENSMUSG00000021282",0.51164199450314,0.00161239219709748,0.0113195483014014
"ENSMUSG00000028601",-0.385880198746818,0.00161393488734142,0.0113195483014014
"ENSMUSG00000028779",-0.386871385206433,0.00161756237335885,0.0113195483014014
"ENSMUSG00000029250",-0.195258861370711,0.00161781319736003,0.0113195483014014
"ENSMUSG00000019373",0.285271025206868,0.0016222509532037,0.0113325816588087
"ENSMUSG00000029465",0.38603347722329,0.00163475464934568,0.0114018307635029
"ENSMUSG00000015733",0.294279327532372,0.00164388868953422,0.0114473957636711
"ENSMUSG00000019303",2.64496754410849,0.00165223978273283,0.0114873732761567
"ENSMUSG00000047126",0.182858473834571,0.00168099785566937,0.0116688825911686
"ENSMUSG00000089847",-0.408188709047689,0.00171070157680381,0.0118563742354544
"ENSMUSG00000015749",0.442064539693714,0.00172792073068327,0.0119568854335488
"ENSMUSG00000056201",0.291342533523331,0.00173943181033735,0.0120176442657687
"ENSMUSG00000016319",-0.229340058003928,0.00174246876439061,0.0120197571035785
"ENSMUSG00000109324",0.461014678494429,0.00174785008025936,0.0120380097077018
"ENSMUSG00000028081",0.168296829214093,0.00175717016748219,0.0120820063198095
"ENSMUSG00000070372",0.272170213882013,0.00175972870961097,0.0120820063198095
"ENSMUSG00000026547",0.226671619085717,0.00176690409953519,0.0121123752991501
"ENSMUSG00000029759",-0.189862296326108,0.0017712263429848,0.0121231215170701
"ENSMUSG00000053436",0.355821809735815,0.0017867787625866,0.0122105797114031
"ENSMUSG00000027639",0.285997305206276,0.00180180754465517,0.0122941938046937
"ENSMUSG00000013662",-0.192353874889314,0.00181144715477142,0.0123408342541006
"ENSMUSG00000000787",0.147733133565684,0.00182304136900453,0.0123994029188147
"ENSMUSG00000015023",0.338740645033173,0.00182567895737149,0.0123994029188147
"ENSMUSG00000004936",0.328475091569246,0.00183098862079437,0.0124163034208259
"ENSMUSG00000025917",0.296783279658666,0.00184154056771288,0.0124686462130836
"ENSMUSG00000031311",-0.172060759315663,0.00185061165243859,0.0125108170236286
"ENSMUSG00000047213",0.269688450726267,0.00185622055709554,0.0125294887603949
"ENSMUSG00000048007",-0.222430608940577,0.0018694960210436,0.0125997733363138
"ENSMUSG00000060679",-0.241700374901658,0.00188653783532737,0.012694909232592
"ENSMUSG00000003123",0.236249499710809,0.00188938094690928,0.012694909232592
"ENSMUSG00000032030",0.308937973629973,0.00190397575896771,0.0127734715170989
"ENSMUSG00000006699",0.219888764335646,0.00195553989792807,0.0130994384943401
"ENSMUSG00000033047",0.289163053277395,0.00196990778665751,0.0131756294362913
"ENSMUSG00000024231",0.496807427937039,0.00199256313125406,0.0133069352665389
"ENSMUSG00000021474",-0.259595832048603,0.00200010168144724,0.0133370416667413
"ENSMUSG00000029017",-0.223008511562277,0.00200374222016693,0.0133411036474352
"ENSMUSG00000024151",0.13399791894901,0.00201546211430228,0.0133988652039945
"ENSMUSG00000015016",-0.173700704593145,0.00204838846818573,0.0135972211892691
"ENSMUSG00000026150",3.71657975985246,0.00205835728734734,0.0136428169000236
"ENSMUSG00000027374",-0.261316913230331,0.00206308020024325,0.013653557836497
"ENSMUSG00000022108",2.10083999770963,0.00209495689084028,0.0138437016164986
"ENSMUSG00000018583",0.207542065201082,0.00210057807176004,0.0138600361226626
"ENSMUSG00000073422",-0.358413805530066,0.00210445257898288,0.0138648140720115
"ENSMUSG00000078919",-0.259445205493442,0.0021204984452732,0.0139431549611081
"ENSMUSG00000027133",-0.245043974790459,0.00212267980548566,0.0139431549611081
"ENSMUSG00000025607",0.252753053033718,0.00213815395194388,0.0140238681706483
"ENSMUSG00000017781",0.612888284689493,0.00214568243111961,0.0140523041359485
"ENSMUSG00000002379",-0.425190441753461,0.00215097345181461,0.014066024014021
"ENSMUSG00000029203",0.505852284502087,0.00215640221528688,0.0140806025956641
"ENSMUSG00000024646",-0.207619892189953,0.00216215841640452,0.0140972728749575
"ENSMUSG00000005656",0.28162815799271,0.00217661177088863,0.0141705153900604
"ENSMUSG00000007041",0.218999859985932,0.00219788668969123,0.0142610364321367
"ENSMUSG00000025156",0.191416816336858,0.00219829746790019,0.0142610364321367
"ENSMUSG00000003200",0.421025642250399,0.00220023715915038,0.0142610364321367
"ENSMUSG00000026478",-0.158464805834981,0.0022130898764648,0.0143232478622376
"ENSMUSG00000013593",-0.21215494803738,0.00222537355703255,0.0143815991549196
"ENSMUSG00000036678",-0.408145052263748,0.00223238766788722,0.0144057743788441
"ENSMUSG00000056999",0.311596735437316,0.0022408457530327,0.0144391832490438
"ENSMUSG00000025037",-0.181701432885308,0.00224629205139276,0.0144531159622508
"ENSMUSG00000029119",-0.237340302911267,0.00224998782049516,0.0144557611649623
"ENSMUSG00000028124",0.414874158262233,0.00225672756892901,0.0144703848158829
"ENSMUSG00000021238",-0.213421718641769,0.00225883989286789,0.0144703848158829
"ENSMUSG00000026922",-0.229450467221188,0.00228997476075116,0.0146485158750957
"ENSMUSG00000019883",0.341958799340905,0.00232623514389465,0.014858869184732
"ENSMUSG00000006010",-0.288895973211034,0.00233690981835017,0.0149054204500856
"ENSMUSG00000022437",-0.226241731914996,0.00234227231518729,0.0149180035588123
"ENSMUSG00000006442",0.251276546592823,0.00235235797047891,0.014948012419726
"ENSMUSG00000017221",0.143333905887232,0.00235377700678713,0.014948012419726
"ENSMUSG00000097239",2.35646133070058,0.00235905478545819,0.0149599425227687
"ENSMUSG00000028568",0.642476055998578,0.00237286850470704,0.0150142284129051
"ENSMUSG00000020153",-0.298530372644812,0.00237687155987647,0.0150142284129051
"ENSMUSG00000116933",-0.301730378418146,0.00237784985316856,0.0150142284129051
"ENSMUSG00000058325",2.21304031637582,0.00239846078387416,0.0151060436614927
"ENSMUSG00000060904",0.459176492287636,0.00240123315824131,0.0151060436614927
"ENSMUSG00000024164",-1.88875342698783,0.00240268815338443,0.0151060436614927
"ENSMUSG00000047879",0.409050735768815,0.00240959799928771,0.0151278755989518
"ENSMUSG00000028410",0.291008561611328,0.00242174592933793,0.0151824840954647
"ENSMUSG00000028737",-0.121612749250517,0.00242621578768388,0.0151888701018446
"ENSMUSG00000021737",0.283233521933983,0.0024344888403102,0.0152190133326778
"ENSMUSG00000021686",0.312310235386242,0.00251186845483397,0.0156723530199489
"ENSMUSG00000027111",-0.280230672711333,0.00251412888709019,0.0156723530199489
"ENSMUSG00000025533",3.04324297078517,0.00254593966093661,0.0158482043108657
"ENSMUSG00000022314",-0.206901731662768,0.00256472974134386,0.0159426208921671
"ENSMUSG00000025968",-0.21331677134355,0.00259754630709926,0.0161238382193848
"ENSMUSG00000027423",0.273973906876883,0.00262447764776579,0.0162680649687567
"ENSMUSG00000024150",0.924926166779034,0.00263661343459246,0.0163061311983267
"ENSMUSG00000058056",2.88031560926072,0.00263802895096764,0.0163061311983267
"ENSMUSG00000048755",-0.223251678320789,0.00264519338642173,0.016327484002303
"ENSMUSG00000024158",0.268556093382351,0.00267190653840862,0.0164692726548128
"ENSMUSG00000046324",-0.239242656540135,0.00276631397182262,0.0170037218452737
"ENSMUSG00000030978",0.617646539793544,0.00276634056832901,0.0170037218452737
"ENSMUSG00000026003",-0.163010317881621,0.00279212619715366,0.0171342807944025
"ENSMUSG00000032058",0.426802349019322,0.00279536778240877,0.0171342807944025
"ENSMUSG00000031862",-0.168352339469049,0.00280090218526467,0.0171443261715575
"ENSMUSG00000028676",-0.363043459545963,0.00281228684248846,0.0171702703452323
"ENSMUSG00000063550",-0.147998229061873,0.00281294363074586,0.0171702703452323
"ENSMUSG00000032883",-0.18873370305991,0.00282788627513669,0.0172152480675744
"ENSMUSG00000020078",0.319259794695842,0.00282813550394371,0.0172152480675744
"ENSMUSG00000040824",-0.19239047955309,0.00285643658557713,0.017363504714261
"ENSMUSG00000048351",-0.281705174697663,0.00286994933076131,0.0174215820754214
"ENSMUSG00000028059",0.230152712051162,0.00287761852941464,0.0174440759613689
"ENSMUSG00000021713",0.342618317895468,0.00292597003615882,0.0177127842216437
"ENSMUSG00000047187",-0.141910859239122,0.00296561250669395,0.0179281052774177
"ENSMUSG00000033128",0.328417612014885,0.00297273699449632,0.0179465233371444
"ENSMUSG00000005732",0.400800807695713,0.00300334772708624,0.0181064840368583
"ENSMUSG00000027304",2.30511430710337,0.00303348133525647,0.0182631345505659
"ENSMUSG00000025024",0.44418135720155,0.00307387687494481,0.0184810548178034
"ENSMUSG00000043445",0.25655053663429,0.00308772319466857,0.0185389765071438
"ENSMUSG00000026878",-0.13136912982899,0.00309392321844435,0.0185508938479204
"ENSMUSG00000038412",-0.621803928693353,0.00311816611633327,0.0186628857404261
"ENSMUSG00000070730",-0.243733791443351,0.00312108245965772,0.0186628857404261
"ENSMUSG00000002748",-0.160348022171021,0.00314652468713999,0.0187894913814153
"ENSMUSG00000002010",-0.213628974260473,0.00315811197426492,0.0188331311636042
"ENSMUSG00000023861",-0.384989623202095,0.0031975224327939,0.0190423494272341
"ENSMUSG00000035202",-0.157137771932959,0.00320845308457292,0.0190816243583857
"ENSMUSG00000020649",2.19069545989515,0.00321933784457835,0.0190972853775354
"ENSMUSG00000074582",0.592840917862503,0.00321976499662151,0.0190972853775354
"ENSMUSG00000025212",-0.195918736729634,0.00324384063893255,0.0192141893027485
"ENSMUSG00000006998",0.180963007612366,0.00326842393904641,0.0193119630891152
"ENSMUSG00000066148",-0.147217722143967,0.00326912349497633,0.0193119630891152
"ENSMUSG00000001794",0.407077205480959,0.00328304403948024,0.0193436865853586
"ENSMUSG00000025428",-0.18958995209325,0.00328328422614472,0.0193436865853586
"ENSMUSG00000028964",0.282299020830784,0.00329781788690252,0.0193954925780111
"ENSMUSG00000001783",0.403911580983319,0.00330089160212004,0.0193954925780111
"ENSMUSG00000025203",-3.65432158715359,0.00336162406134218,0.0197260099919559
"ENSMUSG00000010755",0.93765791402118,0.00337791366444107,0.019795203777903
"ENSMUSG00000031207",0.253494537340071,0.00340025003758708,0.019899601616251
"ENSMUSG00000010517",2.66856940626729,0.00346361937064392,0.0202349648230233
"ENSMUSG00000021823",0.176314552927469,0.00346674925620532,0.0202349648230233
"ENSMUSG00000020664",-0.17907171896891,0.00347197027089484,0.0202385975658387
"ENSMUSG00000033751",-0.248069228071017,0.00350782277447878,0.0204205397228586
"ENSMUSG00000115338",0.227428708497825,0.00354830779510086,0.0206215791397389
"ENSMUSG00000029482",0.234526401394824,0.00355172846805773,0.0206215791397389
"ENSMUSG00000029500",-0.230445067803171,0.00357981108926763,0.020734275461663
"ENSMUSG00000017716",-0.389312162758458,0.0035805610885853,0.020734275461663
"ENSMUSG00000060992",0.385118344385496,0.00360694554174329,0.0208596154128938
"ENSMUSG00000012848",0.175213497123941,0.00361567253356209,0.0208826441210062
"ENSMUSG00000017774",0.12870681770384,0.00364351998788339,0.0210151010332784
"ENSMUSG00000001525",0.210276030697241,0.00364815659836962,0.0210151010332784
"ENSMUSG00000027455",0.339590676381796,0.00368695320552208,0.0212108249117682
"ENSMUSG00000027642",-0.259546882085026,0.00370884248201256,0.0212975140268798
"ENSMUSG00000038279",-0.32454810000084,0.00371170035415061,0.0212975140268798
"ENSMUSG00000047215",-0.187455305365916,0.0037239905338888,0.0213193249911043
"ENSMUSG00000071644",0.240554777847262,0.00372518993823204,0.0213193249911043
"ENSMUSG00000032171",0.359181098575235,0.0037317406780579,0.0213268189262508
"ENSMUSG00000034484",0.328200142158046,0.00373619118203575,0.0213268189262508
"ENSMUSG00000040549",0.200874978432203,0.00376971607097957,0.0214903114357268
"ENSMUSG00000039703",0.267352100992188,0.00378157792353424,0.0215233370507642
"ENSMUSG00000022201",-0.216300995543939,0.00378529036066609,0.0215233370507642
"ENSMUSG00000029430",0.249914717561364,0.00379312607909468,0.0215400617730267
"ENSMUSG00000059796",0.172355347547892,0.00380568007676071,0.0215835026002885
"ENSMUSG00000036499",0.304183425628796,0.00382919270350271,0.0216889023013069
"ENSMUSG00000023249",0.307419714302725,0.00384658756251824,0.0217594239879727
"ENSMUSG00000027099",-0.147054130462685,0.00389398391500056,0.0219756880648928
"ENSMUSG00000036817",-0.265092528342517,0.00390091293228142,0.0219756880648928
"ENSMUSG00000048758",0.225191782066613,0.00390170150423593,0.0219756880648928
"ENSMUSG00000024960",0.407814274228027,0.00390479165343017,0.0219756880648928
"ENSMUSG00000019795",0.290389147411325,0.00392362204172349,0.0220534618207217
"ENSMUSG00000027247",0.286385777993857,0.00395975834285507,0.0222281842690117
"ENSMUSG00000004070",-0.19867560468041,0.00397886057256723,0.0223069622673482
"ENSMUSG00000004032",0.308459699488857,0.00400479544307209,0.0224184474397736
"ENSMUSG00000037331",0.321411173115195,0.00400893390936192,0.0224184474397736
"ENSMUSG00000040296",1.98321745363148,0.00401695392450299,0.0224347896214945
"ENSMUSG00000066232",0.602270132416621,0.00405520139217585,0.0226196974993231
"ENSMUSG00000024048",0.348345378241415,0.00407148768002211,0.0226817940250346
"ENSMUSG00000040383",-0.178822504911587,0.00407752746329557,0.0226867235979315
"ENSMUSG00000027710",-0.173155159075741,0.00408335067963465,0.0226904372993334
"ENSMUSG00000005506",-0.207941718491291,0.00419718912049797,0.0232936056990058
"ENSMUSG00000024661",0.235420839652814,0.00425840036407493,0.0236035516401685
"ENSMUSG00000028149",0.308067661047531,0.00426480493959683,0.0236093164014662
"ENSMUSG00000022283",0.0929438820362805,0.00429337034614212,0.0237375915745873
"ENSMUSG00000057322",0.35081901253654,0.00431370079211719,0.0238200717517036
"ENSMUSG00000025200",3.34965821406714,0.00438637981500345,0.0241910495812408
"ENSMUSG00000030934",-0.161964563709191,0.00443903538411996,0.0244508069155343
"ENSMUSG00000021226",-0.190762431433747,0.00445557054559518,0.0245092188935332
"ENSMUSG00000006678",0.309235931047073,0.0044607780808271,0.0245092188935332
"ENSMUSG00000025236",-0.354092497165883,0.00449077307907318,0.0246432572581061
"ENSMUSG00000032637",0.346958596060606,0.0044976730424728,0.0246503848815975
"ENSMUSG00000076435",-0.127517114753154,0.00451160171676607,0.024695969098865
"ENSMUSG00000068921",-0.200780673279034,0.00452710966571398,0.0247500740854748
"ENSMUSG00000008668",0.251805338797652,0.00456923423587767,0.0249194702816265
"ENSMUSG00000029578",2.89884775253303,0.00456941888599695,0.0249194702816265
"ENSMUSG00000038252",0.184496247644198,0.00459370634755389,0.0250209178658226
"ENSMUSG00000028559",0.210910258075508,0.00460045991339068,0.0250267293928707
"ENSMUSG00000038510",-0.259927885201577,0.00464882854155442,0.025258635075779
"ENSMUSG00000058655",0.498859342436013,0.00465779405261056,0.0252761425715648
"ENSMUSG00000031403",-0.191616571648858,0.00466770854110163,0.0252973883059329
"ENSMUSG00000024099",-0.315196834327519,0.00467320533804213,0.0252973883059329
"ENSMUSG00000028800",-0.116934014540558,0.00471705375800381,0.0255033827874383
"ENSMUSG00000027170",0.253390803991138,0.00477028333994516,0.0257595300357038
"ENSMUSG00000039218",-0.205185541155871,0.00487696510037105,0.0263033375082512
"ENSMUSG00000053768",-0.284499911868004,0.00488916981899061,0.0263368866259212
"ENSMUSG00000028763",-0.248563881744921,0.00493024245859625,0.0265203047430959
"ENSMUSG00000028180",0.29752517981704,0.00493527143480927,0.0265203047430959
"ENSMUSG00000027193",0.194796309292713,0.00497493216424332,0.0267008249449205
"ENSMUSG00000031246",0.298748299404522,0.00503539909186517,0.0269924377628485
"ENSMUSG00000078578",0.265122487536306,0.00506873116512605,0.0271380606541603
"ENSMUSG00000054604",2.57375747170769,0.00512548111554071,0.0274085569738696
"ENSMUSG00000024026",0.401940979195157,0.00515037383778245,0.0275082466748551
"ENSMUSG00000048076",0.28918618150637,0.00515999647602944,0.0275262357466734
"ENSMUSG00000024054",-0.136037230756955,0.00516883057340034,0.0275399798468945
"ENSMUSG00000002900",-0.170240995454471,0.005187776275854,0.0276075010762194
"ENSMUSG00000026675",2.53416656009893,0.00520855562444351,0.0276846054386182
"ENSMUSG00000031483",-0.193356384301111,0.00524506800453739,0.0278450473920013
"ENSMUSG00000030037",-0.512035866424458,0.0052701839536393,0.0279446741927308
"ENSMUSG00000025366",-0.157599101461759,0.00532689290779394,0.0281794466454443
"ENSMUSG00000028837",0.256352059380848,0.00532726644149276,0.0281794466454443
"ENSMUSG00000002660",-0.196305069695558,0.00538812582582148,0.0284302863927829
"ENSMUSG00000022204",-1.36496092678542,0.00538920263704169,0.0284302863927829
"ENSMUSG00000042520",0.206682522469482,0.00539406706157094,0.0284302863927829
"ENSMUSG00000032042",-0.254200355164421,0.00543321489744073,0.0286023669421491
"ENSMUSG00000036402",-0.275035087853212,0.00549085378331092,0.0288631626206444
"ENSMUSG00000005667",-0.303827323883105,0.00550721605584061,0.0288631626206444
"ENSMUSG00000002346",-0.440946824376471,0.00550771297191152,0.0288631626206444
"ENSMUSG00000003316",-0.126744656151114,0.00550898809391985,0.0288631626206444
"ENSMUSG00000005615",0.294442217287173,0.00551974276001229,0.0288851223386612
"ENSMUSG00000024687",0.367977949459718,0.00553400762902949,0.0289253771678846
"ENSMUSG00000042323",-0.223344964487762,0.0055576080016268,0.0290142738020872
"ENSMUSG00000035559",-0.319941038503462,0.00561715262263188,0.0292706682145222
"ENSMUSG00000074207",0.301899472280976,0.00562002150449244,0.0292706682145222
"ENSMUSG00000053604",0.362444436221342,0.00564160995063512,0.0293288241493338
"ENSMUSG00000027523",-0.171937670719593,0.00564451580424579,0.0293288241493338
"ENSMUSG00000020380",-0.145064809805842,0.00568892168974426,0.0295246985336846
"ENSMUSG00000021595",0.14762760238262,0.00576305399846952,0.0298742057093809
"ENSMUSG00000034903",1.56182304092248,0.00583099517895393,0.030190835038325
"ENSMUSG00000005370",0.175243486693816,0.00589692369724333,0.0304963116234641
"ENSMUSG00000031691",0.300716536655841,0.00594260350361217,0.0306964765485882
"ENSMUSG00000020277",0.318574754025086,0.00597315073120258,0.0308180965627462
"ENSMUSG00000034088",0.193854505248318,0.00598814270630738,0.0308491490636091
"ENSMUSG00000078652",0.214853895299274,0.00599318846839032,0.0308491490636091
"ENSMUSG00000000751",0.210181310077747,0.00601577094540982,0.0309292148723699
"ENSMUSG00000079614",-0.210016498121444,0.00604023823690182,0.0310187730228762
"ENSMUSG00000009112",-0.198510904221298,0.00606684211563958,0.0311190817609905
"ENSMUSG00000029767",0.342953939068956,0.00610865583716226,0.0312970830493028
"ENSMUSG00000025645",-0.166547815195052,0.00611814385655676,0.0313092454798911
"ENSMUSG00000031167",-0.189163455468126,0.00615233382928741,0.031447643650051
"ENSMUSG00000022024",0.41799564634648,0.00618428642354965,0.0315742976218585
"ENSMUSG00000018574",-0.140036927191204,0.00621386960445197,0.0316885748889839
"ENSMUSG00000061904",-0.221277509388337,0.00623108579852112,0.0317174637853023
"ENSMUSG00000062929",0.370473242348051,0.00623394823319392,0.0317174637853023
"ENSMUSG00000034681",-0.197538690830463,0.00629877644873679,0.0320102946315134
"ENSMUSG00000040688",-0.338969530384574,0.00631315344233395,0.0320463532868647
"ENSMUSG00000057388",-0.342937538941943,0.0063650780487088,0.0322686483213947
"ENSMUSG00000031807",0.293261029790358,0.00637160995030494,0.0322686483213947
"ENSMUSG00000037286",-0.216460271899464,0.00639142696920219,0.0323318047028263
"ENSMUSG00000031511",2.08276579519275,0.00642793935166988,0.0324791746115949
"ENSMUSG00000020238",-0.174854550851812,0.00649607733595304,0.0327662750963061
"ENSMUSG00000037772",-0.33066446361638,0.00649964966123046,0.0327662750963061
"ENSMUSG00000029814",0.197209889253276,0.00652529731626688,0.0328579330536505
"ENSMUSG00000032294",0.331073013772915,0.00662932280335287,0.0333435996086354
"ENSMUSG00000002014",-0.188025181363489,0.00673092695229723,0.0338159925993837
"ENSMUSG00000022450",-0.240314515217928,0.00674903008143827,0.0338569329412735
"ENSMUSG00000028932",0.136148131244564,0.00675446196828859,0.0338569329412735
"ENSMUSG00000027746",0.300538331360549,0.00686388921071987,0.0343662985396793
"ENSMUSG00000026083",0.672250436698807,0.00692259483289363,0.0346208407495055
"ENSMUSG00000028334",0.25340273213541,0.00697505327691236,0.0348435975842126
"ENSMUSG00000028234",0.223891526929446,0.00698654817026321,0.0348614495434562
"ENSMUSG00000027206",0.251376838172845,0.00706628740875825,0.0352194007768347
"ENSMUSG00000021241",-0.284144852718782,0.00712610203172589,0.0354773473321557
"ENSMUSG00000031386",-0.105836971721672,0.00718870547757823,0.0357485794427365
"ENSMUSG00000042043",0.203613920056966,0.00726864493465183,0.0361053119158044
"ENSMUSG00000030591",0.319347159969247,0.00730062769699096,0.0361833543048008
"ENSMUSG00000029705",-0.244620928377149,0.00730079950526314,0.0361833543048008
"ENSMUSG00000000838",0.165621812923593,0.00731448957491453,0.036210425893362
"ENSMUSG00000009927",0.444884061603663,0.00734288296828538,0.036272208032579
"ENSMUSG00000036202",-0.316123248164633,0.00735121472231502,0.036272208032579
"ENSMUSG00000036197",-1.74621120078429,0.00735169497047501,0.036272208032579
"ENSMUSG00000030298",0.213778176269535,0.00739079714662326,0.0364242981436606
"ENSMUSG00000017286",0.201831517039643,0.00740555802392489,0.0364562202050262
"ENSMUSG00000038372",0.377810414423656,0.00742115156932639,0.0364921654263748
"ENSMUSG00000014294",-0.318235720259942,0.00746493177310562,0.0366664784971404
"ENSMUSG00000031004",-0.194362849053483,0.00751753191220024,0.0368755888695741
"ENSMUSG00000040725",-0.11723830629175,0.00752426239601852,0.0368755888695741
"ENSMUSG00000025041",0.553877552199985,0.00756718666692413,0.0370447035830179
"ENSMUSG00000031969",-0.204416827943053,0.00759673482725901,0.0371480333052965
"ENSMUSG00000060036",0.135155191276336,0.0076221130613853,0.0372307653531151
"ENSMUSG00000034101",-0.17149935857972,0.00768411463740947,0.0374920050102429
"ENSMUSG00000027207",1.99615574320146,0.00769774430097454,0.0375169132542513
"ENSMUSG00000024073",1.9042152576835,0.00774243967180657,0.0376930055261291
"ENSMUSG00000071415",0.121107018571148,0.00775199295222531,0.0376978132406006
"ENSMUSG00000046032",0.349442564888154,0.00776647513055782,0.037726553034862
"ENSMUSG00000033400",2.21504329779744,0.00786231750900458,0.0381500103165702
"ENSMUSG00000001017",-0.350111108288573,0.00791664872676557,0.0383713337516468
"ENSMUSG00000055239",2.42750259283001,0.00794342092931372,0.0384249689475535
"ENSMUSG00000002455",-0.13644719822172,0.00794517649222306,0.0384249689475535
"ENSMUSG00000074797",0.458234048981108,0.00796638428268187,0.0384852439386201
"ENSMUSG00000021376",2.17009704626795,0.0080058998884814,0.0386337340013231
"ENSMUSG00000020198",0.167320755757707,0.00803230072714553,0.0386978651029951
"ENSMUSG00000038366",0.344096849455784,0.00803677543834071,0.0386978651029951
"ENSMUSG00000096210",-0.269448932057813,0.0080580063075614,0.0387576893547298
"ENSMUSG00000075296",0.441670773648173,0.00807362665786523,0.0387850709809127
"ENSMUSG00000079553",-0.723686469797514,0.00808385878316858,0.0387850709809127
"ENSMUSG00000022354",-0.190159213390039,0.00809013750522105,0.0387850709809127
"ENSMUSG00000033581",0.120357155708135,0.00818197558446267,0.0391189055059026
"ENSMUSG00000042410",-0.201509834738427,0.00818363053448223,0.0391189055059026
"ENSMUSG00000038759",-0.150392056929761,0.00818643762120798,0.0391189055059026
"ENSMUSG00000102252",-0.215863151540777,0.00820095417707516,0.0391457693419824
"ENSMUSG00000024135",-0.281901982534411,0.00822347324685436,0.039210732133701
"ENSMUSG00000031161",1.9338514734873,0.00826570777898649,0.0393072357721832
"ENSMUSG00000040249",-0.137358570668784,0.00827509281832154,0.0393072357721832
"ENSMUSG00000037062",0.315987549191256,0.00827521315881881,0.0393072357721832
"ENSMUSG00000025873",-0.318448209717914,0.00827943820968275,0.0393072357721832
"ENSMUSG00000046364",0.226139732067121,0.00828972365925828,0.0393136571383574
"ENSMUSG00000038429",0.238802636753764,0.00830883150097132,0.0393618594572387
"ENSMUSG00000029388",0.315077070212137,0.00833741385360981,0.0394547939459535
"ENSMUSG00000028207",-0.201589831939806,0.00835538268246209,0.0394659040101038
"ENSMUSG00000024603",2.92910956274834,0.00835769655474137,0.0394659040101038
"ENSMUSG00000063884",-0.178249481935197,0.00843437067063296,0.0397486169115039
"ENSMUSG00000069539",2.08629882858969,0.00843563012845821,0.0397486169115039
"ENSMUSG00000002227",0.351046184132233,0.00866655858700436,0.0407811671837003
"ENSMUSG00000027618",-0.189050450199552,0.00867329527015304,0.0407811671837003
"ENSMUSG00000000275",2.34243069610605,0.00874200900894249,0.0410603859640938
"ENSMUSG00000027893",0.188207704866194,0.00879541834805837,0.0412521261214925
"ENSMUSG00000061479",-0.201469281101904,0.0088015783749333,0.0412521261214925
"ENSMUSG00000003161",0.296964458029969,0.00881280376553878,0.0412607972044002
"ENSMUSG00000028393",0.431540753533191,0.00885948853567939,0.0414352912279756
"ENSMUSG00000023004",0.128138156068466,0.00887362164051864,0.0414573342249708
"ENSMUSG00000022781",0.235013441140843,0.00894714000360697,0.0417564826679473
"ENSMUSG00000030890",0.168302057303208,0.00896100322693585,0.0417768805103227
"ENSMUSG00000058267",-0.261393431512019,0.00902071211587777,0.0420107449968022
"ENSMUSG00000025016",0.364761525114112,0.00906828617220582,0.0421876611457482
"ENSMUSG00000024346",2.81410618360872,0.00912539523301663,0.0424085157555504
"ENSMUSG00000010392",-0.368189119141949,0.00915837904279511,0.0424330697617966
"ENSMUSG00000032788",0.466276356529317,0.00916289361675421,0.0424330697617966
"ENSMUSG00000028719",0.30754773481727,0.00917021195819108,0.0424330697617966
"ENSMUSG00000021102",-0.183752590849107,0.00918588025063088,0.0424330697617966
"ENSMUSG00000029456",-0.174070880015474,0.00918830792559149,0.0424330697617966
"ENSMUSG00000032178",-0.183832260554567,0.00918852885321339,0.0424330697617966
"ENSMUSG00000019978",-0.127053968463596,0.00931494079926274,0.0429717551965989
"ENSMUSG00000024067",-0.173921702376884,0.00939865000260531,0.0433125221586031
"ENSMUSG00000056394",0.262126578648218,0.00942853259911869,0.0433863992706702
"ENSMUSG00000017778",-0.541370761570718,0.00943439766008438,0.0433863992706702
"ENSMUSG00000019863",-0.179542878280834,0.00949962136346861,0.043640744906707
"ENSMUSG00000010097",-0.156459678317916,0.0095438008028231,0.0437979847061778
"ENSMUSG00000038102",1.65921853224095,0.0095563083940285,0.0438097012938744
"ENSMUSG00000042447",2.47573758378827,0.00959928365776023,0.0439609233900133
"ENSMUSG00000030541",-0.143817659502407,0.00965949829866374,0.044174648685788
"ENSMUSG00000003955",0.314403211227855,0.00966602742204359,0.044174648685788
"ENSMUSG00000060376",-0.140589726090514,0.00975183655628285,0.0445205733238598
"ENSMUSG00000062054",2.01900533311706,0.00982326042792226,0.0448001752780164
"ENSMUSG00000016427",4.19621372300849,0.00990198227184378,0.0450777183614459
"ENSMUSG00000001751",-0.13605373960397,0.00990460205760467,0.0450777183614459
"ENSMUSG00000030671",-0.190165162710269,0.00992724702275668,0.0451252135163456
"ENSMUSG00000022351",-2.48908866836164,0.00993554462561665,0.0451252135163456
"ENSMUSG00000031799",0.295322663996973,0.0099991460219516,0.0453672594253701
"ENSMUSG00000031299",-0.203055023752228,0.0100811119378488,0.0456867179069438
"ENSMUSG00000015656",0.0918585819507669,0.0100996725434176,0.0456867179069438
"ENSMUSG00000031502",-0.302387395355783,0.0101008370015939,0.0456867179069438
"ENSMUSG00000089704",-0.135642968833793,0.0101110800366651,0.0456867179069438
"ENSMUSG00000020629",0.277191891197027,0.0101220589766475,0.0456894169807442
"ENSMUSG00000025580",-0.106321240486519,0.0102075668236675,0.0460281778595909
"ENSMUSG00000031060",-0.210346017268058,0.0102389901641913,0.0461226158777954
"ENSMUSG00000028223",-0.222782714142738,0.0102697224094127,0.0462137508423569
"ENSMUSG00000027651",0.217319205925087,0.0103435182982442,0.0464982880802584
"ENSMUSG00000007836",-0.126023628774465,0.0104263755599837,0.0468229375913145
"ENSMUSG00000025393",-0.179647567165141,0.0104647211377205,0.0469472351958285
"ENSMUSG00000024436",-0.172254619112827,0.0106050778192721,0.0475284597582655
"ENSMUSG00000001228",-0.206062414345801,0.0107315222278124,0.0480462149792495
"ENSMUSG00000077450",-0.15090926099122,0.0107430009188455,0.0480487266705683
"ENSMUSG00000006740",0.721737140272406,0.0108339229021746,0.0484061875050462
"ENSMUSG00000024120",-0.136034446396824,0.0109338127426137,0.0488029511970007
"ENSMUSG00000027671",-0.18496697823036,0.0110041888087683,0.0490440512996705
"ENSMUSG00000005142",-0.262985241000788,0.0110101164926322,0.0490440512996705
"ENSMUSG00000037353",-0.162807747983102,0.0110412220594749,0.0491197113317867
"ENSMUSG00000030619",-0.231483599173608,0.0110543972546859,0.0491197113317867
"ENSMUSG00000052459",0.0917052347867262,0.0110686020526534,0.0491197113317867
"ENSMUSG00000070327",0.713766041615106,0.0110717458852834,0.0491197113317867
"ENSMUSG00000031349",-0.137491559821264,0.0110883805650674,0.0491439706614922
"ENSMUSG00000032459",-0.146534260707806,0.0111197008177635,0.0492283178283034
"ENSMUSG00000048661",-0.351848831011807,0.0111297832854265,0.0492283178283034
"ENSMUSG00000031221",0.273839330227137,0.0111593507619003,0.0493095408665894
"ENSMUSG00000032602",-0.19805755375376,0.0111908298784106,0.0493990394131246
"ENSMUSG00000026275",0.312851699114233,0.0112109871076575,0.0494112984828367
"ENSMUSG00000054309",-0.273008670402859,0.0112160616188034,0.0494112984828367
"ENSMUSG00000028607",-0.148308665377822,0.0113736888182721,0.0500556044892154
"ENSMUSG00000022247",-0.168995552353252,0.0114128003782469,0.0501775569077569
"ENSMUSG00000031447",0.27558944822588,0.011437784776002,0.0502372163664517
"ENSMUSG00000042787",-0.206349082819429,0.0114787316958061,0.0503324361195666
"ENSMUSG00000066839",-0.150986190518701,0.0114823371651999,0.0503324361195666
"ENSMUSG00000024590",-0.125800079878363,0.011538051167418,0.0505263315301559
"ENSMUSG00000001440",0.0902874204974502,0.0116209346828099,0.0508387013310599
"ENSMUSG00000026896",1.7915972634392,0.0117074809220684,0.0511664583297149
"ENSMUSG00000040562",0.179416665875273,0.0120165132789888,0.0524649552984421
"ENSMUSG00000015671",0.275248779844613,0.0120421977365115,0.0525249873522174
"ENSMUSG00000029103",-0.187862920181288,0.0120561884962208,0.0525339461107602
"ENSMUSG00000001674",-0.416840957865531,0.0121237275388159,0.0527759890191186
"ENSMUSG00000015217",2.24180054336457,0.0121373338661222,0.0527830102221383
"ENSMUSG00000020780",0.281202509748631,0.0121650850854604,0.0528514703466054
"ENSMUSG00000019470",-0.165016809982831,0.0122154059110469,0.0530177528742777
"ENSMUSG00000049858",-3.01661684425859,0.0122613828366506,0.0531431327240952
"ENSMUSG00000035637",0.222218338275727,0.0122684441826132,0.0531431327240952
"ENSMUSG00000001285",0.255601076250002,0.0123797532342791,0.0535725604563053
"ENSMUSG00000007603",1.95274343203915,0.012516948410947,0.0541130549671687
"ENSMUSG00000029310",2.03110046164254,0.0125398026456042,0.0541586569610442
"ENSMUSG00000026356",0.211060501193472,0.0125682315590886,0.0542282226387736
"ENSMUSG00000034022",-0.267220758665456,0.0126284662267285,0.0544347501114907
"ENSMUSG00000036777",0.732340939692957,0.0127215605482263,0.0547823757071861
"ENSMUSG00000029191",-0.143300449394964,0.012822073872788,0.0551612386257476
"ENSMUSG00000021660",0.186560935287076,0.0129883057186778,0.0558218100272469
"ENSMUSG00000024826",-0.261084984431307,0.0130068403754867,0.0558469312122118
"ENSMUSG00000078517",-0.14965547177593,0.0130831941528433,0.0561200170240385
"ENSMUSG00000020549",0.473485714901241,0.0131144555236201,0.0561993366693789
"ENSMUSG00000027184",0.229045866336424,0.0132477921352861,0.0567154992095272
"ENSMUSG00000028896",-0.220456916110081,0.0135277858265192,0.0578579061443256
"ENSMUSG00000026305",2.86717501825866,0.0135973373197648,0.058098914120665
"ENSMUSG00000012483",0.266573505844161,0.0136195040202932,0.0581371844745979
"ENSMUSG00000027889",2.38594794086127,0.0136333776975516,0.0581400147741519
"ENSMUSG00000021591",0.499298465149337,0.0136600064985228,0.0581699026109686
"ENSMUSG00000030272",2.13579609321728,0.0136668210178917,0.0581699026109686
"ENSMUSG00000055044",0.27391269365592,0.0137973694902881,0.058668814615225
"ENSMUSG00000038374",0.278190517738448,0.0138617440602849,0.0588856521325424
"ENSMUSG00000022185",-0.164137309220465,0.0139082837056481,0.0590263805096983
"ENSMUSG00000024870",0.0966161809348627,0.0139432132142535,0.0591125169896547
"ENSMUSG00000031229",-0.123477793397868,0.0139615878962175,0.0591125169896547
"ENSMUSG00000003923",-0.191752515771373,0.0139688747260261,0.0591125169896547
"ENSMUSG00000029062",-0.218574776808936,0.0141260427067743,0.0597201863136538
"ENSMUSG00000025810",-0.231465925153604,0.0141645700984773,0.0598255978919371
"ENSMUSG00000030942",2.50712554910574,0.0141892655601907,0.0598724426945341
"ENSMUSG00000040940",2.33367725582793,0.0142710136601083,0.0601094086922936
"ENSMUSG00000035049",-0.244444356604294,0.0142727407597016,0.0601094086922936
"ENSMUSG00000048126",-0.168795583603245,0.0143919825949785,0.060553647610421
"ENSMUSG00000038900",0.0991562035601419,0.0145207187765731,0.0610369468344778
"ENSMUSG00000028986",-5.82845557474604,0.0145702373830349,0.0611866552697868
"ENSMUSG00000033166",0.426094882508206,0.014586324137408,0.0611958174725763
"ENSMUSG00000021877",0.580449511771533,0.0146654747321431,0.0613286698881412
"ENSMUSG00000029763",1.47405603417381,0.0146703154623171,0.0613286698881412
"ENSMUSG00000025287",-0.154778254425455,0.0146799166328037,0.0613286698881412
"ENSMUSG00000021096",1.67087194295883,0.0146834375479977,0.0613286698881412
"ENSMUSG00000006058",1.99282031961459,0.0146971658353946,0.0613286698881412
"ENSMUSG00000020608",1.35652456338844,0.0147016011660961,0.0613286698881412
"ENSMUSG00000000759",1.85371195853117,0.0147260925136756,0.0613497483384123
"ENSMUSG00000003031",1.42030748346919,0.0147721780861922,0.0613497483384123
"ENSMUSG00000005813",0.135926012671412,0.0147761315951793,0.0613497483384123
"ENSMUSG00000022808",1.56508183104093,0.0147762550676244,0.0613497483384123
"ENSMUSG00000024878",2.10461293466613,0.0147763538374726,0.0613497483384123
"ENSMUSG00000028465",0.136612597627188,0.0147941924316137,0.0613659197846673
"ENSMUSG00000029287",1.42049370177572,0.0148228324341216,0.0614268225447919
"ENSMUSG00000042590",1.55681193699364,0.0148432200406685,0.0614534444016764
"ENSMUSG00000039246",1.86099222757113,0.0148614204051624,0.0614709691758644
"ENSMUSG00000070284",1.48987331292557,0.0148883616221185,0.061524581689149
"ENSMUSG00000059741",-2.82356783759836,0.0149588935226004,0.0616822475624878
"ENSMUSG00000025040",-1.92128678079876,0.0149657079293119,0.0616822475624878
"ENSMUSG00000028127",-0.336991741889424,0.0149685617806719,0.0616822475624878
"ENSMUSG00000027878",-1.53846371351256,0.01503419593665,0.0618947580142158
"ENSMUSG00000022568",-0.200254369662101,0.0150529658307646,0.0619141145992476
"ENSMUSG00000023938",-1.71253396790434,0.0151317068002543,0.0621798708010451
"ENSMUSG00000052299",1.69412605807372,0.0151640305985993,0.0622545696496601
"ENSMUSG00000038722",0.152344072769061,0.0151987025795185,0.0623387605335145
"ENSMUSG00000034667",1.88078351564651,0.0152221348121047,0.0623767367859151
"ENSMUSG00000022551",-0.198651921452445,0.0153349286187367,0.0627804845126144
"ENSMUSG00000037461",2.54994205087238,0.0153543352172208,0.0628015142109561
"ENSMUSG00000006289",1.85435452709855,0.0153956344662235,0.0628956961905103
"ENSMUSG00000026568",-0.18260549415719,0.0154062166434475,0.0628956961905103
"ENSMUSG00000022109",-1.03073371797229,0.0154202354441174,0.0628956961905103
"ENSMUSG00000035770",2.1485968253433,0.0154653904818219,0.0630214662134244
"ENSMUSG00000029014",1.361418280827,0.015550836845769,0.0632189162753129
"ENSMUSG00000022013",-1.46290136547492,0.0155556637859194,0.0632189162753129
"ENSMUSG00000006005",-0.118252628210701,0.015556938497197,0.0632189162753129
"ENSMUSG00000086784",-0.209771216907615,0.0156026542489817,0.0633462005071666
"ENSMUSG00000028161",0.240507807192518,0.0156217798951013,0.0633653947634476
"ENSMUSG00000028884",0.206905025717624,0.0156455486741326,0.0634033699031836
"ENSMUSG00000074781",0.310491500554534,0.0156636630330419,0.0634183817924722
"ENSMUSG00000025509",2.20144974188398,0.0156844435764162,0.0634441509005584
"ENSMUSG00000040532",-0.170529596772546,0.0158694436012404,0.0640804533489174
"ENSMUSG00000021494",-0.21921966732366,0.0158708689275892,0.0640804533489174
"ENSMUSG00000060743",0.59819079217764,0.0159774980597919,0.0644518505601688
"ENSMUSG00000060261",-0.175979477569673,0.0160017581515952,0.0644906022208523
"ENSMUSG00000027010",-0.136281371043335,0.0160662438409152,0.0646912526476374
"ENSMUSG00000070319",0.229528941475078,0.0161156212837998,0.0648307580164561
"ENSMUSG00000039000",0.31364579733955,0.0161552941581171,0.0649310041916651
"ENSMUSG00000031209",-0.261899705881834,0.0162236458030745,0.0651462273534042
"ENSMUSG00000034729",-0.201843422390816,0.0162663885551934,0.065258319080589
"ENSMUSG00000026914",0.145093758165359,0.016300824285224,0.0653369104547093
"ENSMUSG00000031490",2.99566116466356,0.0165225365872735,0.0661653171251963
"ENSMUSG00000079508",-0.268660591169866,0.0166014450005401,0.0664208722248882
"ENSMUSG00000004788",2.60649264448935,0.0166589019246243,0.0665619390335539
"ENSMUSG00000022913",2.04580766901565,0.0166669522415306,0.0665619390335539
"ENSMUSG00000079435",0.20012516603596,0.0167750360142013,0.0668917076514399
"ENSMUSG00000044894",-0.242299376292479,0.0167799239371029,0.0668917076514399
"ENSMUSG00000027245",3.44406692545648,0.0168973816844569,0.0672866126615289
"ENSMUSG00000065954",1.78553793398996,0.0169095645543401,0.0672866126615289
"ENSMUSG00000003779",-0.227415100161764,0.0169591154364405,0.0673830219475495
"ENSMUSG00000002103",-0.242833091199625,0.0169749738695508,0.0673830219475495
"ENSMUSG00000027475",3.63252851135207,0.016979725366924,0.0673830219475495
"ENSMUSG00000037958",1.2720119841363,0.0170482537262381,0.0675940222064631
"ENSMUSG00000032374",0.152319706108599,0.0170642157171809,0.0675964116753493
"ENSMUSG00000068856",-0.106806787090445,0.0170888700741082,0.0676331989174014
"ENSMUSG00000015880",0.215763146495565,0.0171279001978307,0.0677267643941178
"ENSMUSG00000047945",1.98143997883022,0.0172681597853192,0.0682200818807806
"ENSMUSG00000020719",-0.176252807869833,0.0173497150266002,0.0684808034368319
"ENSMUSG00000042079",-0.171558619392773,0.0175850485646952,0.0693328366113907
"ENSMUSG00000025133",-0.180126316800092,0.0175970866836908,0.0693328366113907
"ENSMUSG00000026339",2.11591178926115,0.0178211053464545,0.0701526696151577
"ENSMUSG00000032518",0.143258195564801,0.0179523161421022,0.0706060262210831
"ENSMUSG00000026981",2.35583719136534,0.0179749111720491,0.0706317714894535
"ENSMUSG00000023175",-0.210493298247609,0.0180113103740208,0.0707116654380603
"ENSMUSG00000017721",-2.41781625720798,0.0181451733783645,0.0711737148290393
"ENSMUSG00000031527",2.88561103934352,0.0182034164406209,0.0713385892744191
"ENSMUSG00000033499",1.86189587516701,0.0182835540654139,0.0715888980799703
"ENSMUSG00000027998",-0.202809996003101,0.0183170040257524,0.0716561197487435
"ENSMUSG00000029405",0.14113977847088,0.0183751555231759,0.0718197686123421
"ENSMUSG00000004610",-0.108407300126572,0.018400106084536,0.0718534754907213
"ENSMUSG00000044303",-0.23489158596783,0.0184408544590362,0.0719487592856546
"ENSMUSG00000022253",-0.210169090766474,0.0184816886112655,0.0720442086609208
"ENSMUSG00000099083",2.0830521998898,0.0186603586916958,0.0726763173470382
"ENSMUSG00000029840",0.399228179291022,0.0186978297626221,0.0727578680683464
"ENSMUSG00000066979",0.176732967100428,0.0187902679706922,0.073042535911356
"ENSMUSG00000031095",0.435488381502001,0.018804179320056,0.073042535911356
"ENSMUSG00000031878",2.51438351227145,0.0188607674608079,0.0731977403836115
"ENSMUSG00000019082",-0.211251576199633,0.0188833444590875,0.0732207920391577
"ENSMUSG00000028614",-0.439135074365065,0.018943678051377,0.0733900766761534
"ENSMUSG00000015961",0.330074479826667,0.0190238660795884,0.0736359143502801
"ENSMUSG00000011960",2.37767133944198,0.0190915238357228,0.0738328615123165
"ENSMUSG00000020547",1.6829636379073,0.0191547139598277,0.0740122002960505
"ENSMUSG00000021037",0.765101258731889,0.0192517249517085,0.0743011356531922
"ENSMUSG00000028394",2.29569203549234,0.0192632573915684,0.0743011356531922
"ENSMUSG00000025076",2.08898298139813,0.0192921018025945,0.0743253683981843
"ENSMUSG00000037938",-2.44153313988384,0.0193033165369517,0.0743253683981843
"ENSMUSG00000024431",1.44856534279068,0.0194766945515319,0.074927388742388
"ENSMUSG00000021576",-0.234241695603203,0.0196116580290468,0.0753807047911223
"ENSMUSG00000028085",-0.262631939661759,0.0196434231572841,0.0754369156328161
"ENSMUSG00000027634",0.267414496462308,0.0197636957360767,0.075817408695916
"ENSMUSG00000052488",-0.153457504730934,0.0197884647682778,0.075817408695916
"ENSMUSG00000056870",-1.61425019394586,0.0197941837290633,0.075817408695916
"ENSMUSG00000068823",0.14363452939612,0.0198441827309532,0.0759146892637936
"ENSMUSG00000020869",-0.138080924788035,0.0198540802868953,0.0759146892637936
"ENSMUSG00000025204",-3.1625872673742,0.0198866879440492,0.0759733625362505
"ENSMUSG00000022453",-0.193469533614149,0.0199856813540505,0.0762853283947757
"ENSMUSG00000006273",-0.119645799249874,0.0200078169036337,0.0762926746069436
"ENSMUSG00000036550",0.361309228644568,0.0200403002931212,0.0762926746069436
"ENSMUSG00000028274",4.42083144041876,0.0200478964046737,0.0762926746069436
"ENSMUSG00000031701",0.231928148021019,0.020056947175695,0.0762926746069436
"ENSMUSG00000045763",0.456883890248264,0.0201004605121437,0.076358788513543
"ENSMUSG00000022360",-0.173291181923009,0.0201090288314466,0.076358788513543
"ENSMUSG00000025903",0.281066077197824,0.0201953496963085,0.0766204603564256
"ENSMUSG00000027809",-0.154029994735154,0.0204676325257937,0.0775866070163808
"ENSMUSG00000039680",-0.224522523394253,0.0205134066829139,0.0776932037964749
"ENSMUSG00000052962",-0.278269293944884,0.0206552303486651,0.0781630857820079
"ENSMUSG00000007050",0.19398113766357,0.0206741466348362,0.0781674564775896
"ENSMUSG00000061136",-0.153741799481761,0.0206974018087402,0.07818821060967
"ENSMUSG00000031584",0.127679887318084,0.020831135523102,0.0786259240456021
"ENSMUSG00000014313",-0.206628709103413,0.0208619707782752,0.0786748358142153
"ENSMUSG00000004846",-0.0921952990624604,0.0209190580780305,0.0788225809943596
"ENSMUSG00000020130",1.60114133172743,0.0210007419428002,0.0790626734732794
"ENSMUSG00000039016",-0.312314532077774,0.021150896807855,0.0795599118387777
"ENSMUSG00000026843",0.210204669286934,0.0213879040836338,0.0803827206422479
"ENSMUSG00000034473",-2.02149804603858,0.0217142801150937,0.0815397156881634
"ENSMUSG00000067150",0.27451246128928,0.0220468044059035,0.0827178057889014
"ENSMUSG00000068699",0.335394522843508,0.0221697456515425,0.0831082202831674
"ENSMUSG00000001506",2.3087920674624,0.0222640994089604,0.0833908948926253
"ENSMUSG00000033735",0.193345925727986,0.0226426661500885,0.0847367123524997
"ENSMUSG00000057234",-2.21251615224924,0.0227027856448456,0.0848895153975919
"ENSMUSG00000026036",0.180145512976853,0.0227473752409122,0.084984039418722
"ENSMUSG00000057841",0.144783391568843,0.0227948493328218,0.0850891704103042
"ENSMUSG00000041168",-0.127112539607438,0.0228325789499513,0.0851577796260471
"ENSMUSG00000019179",-0.129736308102878,0.0229264193717402,0.085392634079288
"ENSMUSG00000041133",-0.103943778416035,0.0229343543471298,0.085392634079288
"ENSMUSG00000001999",0.382834218266524,0.0230000129862129,0.0855647144144743
"ENSMUSG00000012428",-0.219072938122707,0.023118986358619,0.0859346781792923
"ENSMUSG00000063065",0.23792254703379,0.0233815566177564,0.0868373254639207
"ENSMUSG00000071659",-0.153504794934531,0.023562784446534,0.087436605690722
"ENSMUSG00000058258",0.179705018561648,0.0236151265101046,0.087499144831235
"ENSMUSG00000040466",0.204167581286793,0.0236194010587383,0.087499144831235
"ENSMUSG00000018362",-0.163070669209102,0.0240515997679391,0.0890253074673676
"ENSMUSG00000046909",-1.3715031004808,0.0241260250600741,0.0892257447809966
"ENSMUSG00000028960",2.10179884733263,0.0242388122176632,0.0895676008143876
"ENSMUSG00000029066",-0.167777395407001,0.0245378038158425,0.0905963713032908
"ENSMUSG00000060475",-1.87662882651011,0.0245620213211183,0.0906097701879646
"ENSMUSG00000030842",-0.18783867540068,0.0246022186351333,0.0906820470797501
"ENSMUSG00000005374",-0.1453128120123,0.0248611854612946,0.091559897251178
"ENSMUSG00000032046",-0.169768609798147,0.0250770081579601,0.092277519149818
"ENSMUSG00000052738",-0.129546802391761,0.025117770858052,0.0923207060268747
"ENSMUSG00000028832",0.362346600954957,0.0251306988912056,0.0923207060268747
"ENSMUSG00000004677",1.46200112695897,0.0251602107963719,0.0923520331232966
"ENSMUSG00000026229",0.121158197776026,0.025205028537457,0.0924394421611235
"ENSMUSG00000026159",1.4385979336191,0.0252719051026912,0.0926075390149408
"ENSMUSG00000015568",-0.272918460193235,0.0253193020072058,0.0926469732233961
"ENSMUSG00000018428",-0.179560367631296,0.0253247690951478,0.0926469732233961
"ENSMUSG00000004789",-0.144956061252024,0.0254033561597763,0.092857284434531
"ENSMUSG00000078619",-0.299200564563261,0.0256214157181065,0.0935290022385616
"ENSMUSG00000057363",-0.300800577528616,0.0256296243353114,0.0935290022385616
"ENSMUSG00000015165",-0.128062659343712,0.0259117988782565,0.0944803867963602
"ENSMUSG00000034341",1.7352590846412,0.0259598060972531,0.0945770750281546
"ENSMUSG00000078656",0.330256404204494,0.0260392163752584,0.0947879166811514
"ENSMUSG00000026960",-1.88905581449357,0.0261391333414819,0.0950729965585635
"ENSMUSG00000040813",-0.158433953335443,0.0262280046539575,0.0953174636515831
"ENSMUSG00000061024",-0.228264442061096,0.0262661610252264,0.0953773718416019
"ENSMUSG00000020097",-0.0915681125018928,0.0266937305763854,0.096850048035179
"ENSMUSG00000030287",0.522090872988347,0.0267361924508824,0.096924203440143
"ENSMUSG00000075229",-0.169198911309746,0.0268815187492867,0.0973708345807495
"ENSMUSG00000001750",-0.16484074517204,0.026928346278993,0.0974602401100726
"ENSMUSG00000059734",-0.192114457440063,0.0269859575419632,0.0975884955975184
"ENSMUSG00000091625",0.167709653411755,0.0270885057807304,0.0978789112816047
"ENSMUSG00000019907",1.21951054926073,0.0272787458816861,0.0984283348273264
"ENSMUSG00000025007",-0.0965067965946638,0.0272852916358414,0.0984283348273264
"ENSMUSG00000026869",0.187934015351082,0.0273263138855413,0.0984955834645925
"ENSMUSG00000032560",0.146286118924067,0.0273874082591996,0.0986350112510126
"ENSMUSG00000055065",-0.114733362076826,0.0276100183281889,0.0993554298138672
"ENSMUSG00000050029",-0.1655318877337,0.0276488990982555,0.0993609629822836
"ENSMUSG00000001767",-0.179447992254705,0.0276573915747776,0.0993609629822836
"ENSMUSG00000033382",1.6076147151867,0.0276792866658213,0.0993609629822836
"ENSMUSG00000039163",-0.200040842134232,0.027727189132578,0.0994518006295646
"ENSMUSG00000001119",-0.13424060209751,0.0277520683360961,0.0994542433928894
"ENSMUSG00000029311",0.305253933565574,0.0277730663780643,0.0994542433928894
"ENSMUSG00000024817",-0.157930017211271,0.0279140710305198,0.0998397070489792
"ENSMUSG00000053931",0.298182752924422,0.0279260802947724,0.0998397070489792
"ENSMUSG00000041650",-0.129014637193897,0.028052174166306,0.100161921054354
"ENSMUSG00000014504",0.210713786754312,0.0280617243035715,0.100161921054354
"ENSMUSG00000029836",-0.216769280666124,0.0284903964876858,0.101609590714996
"ENSMUSG00000025762",1.30852122609677,0.0288042260230593,0.102607650400698
"ENSMUSG00000061787",0.232651753827405,0.028816872505172,0.102607650400698
"ENSMUSG00000041815",-0.169360127747009,0.0292693374287193,0.104134481830068
"ENSMUSG00000020219",-0.178720699466911,0.0294077690947635,0.104542481248832
"ENSMUSG00000029622",0.13698842845999,0.02949425345964,0.104765302240416
"ENSMUSG00000064254",-0.189849697798646,0.0296245328763257,0.105143200958637
"ENSMUSG00000027433",-0.138140558660616,0.0296574295962937,0.105175139124326
"ENSMUSG00000022792",-0.171127340886184,0.0298188528216948,0.105662456737745
"ENSMUSG00000030086",-0.162837779330371,0.0306063111741511,0.108365547447658
"ENSMUSG00000028484",-0.116590824297106,0.0306459328005906,0.108418609530064
"ENSMUSG00000020841",-0.138859089356934,0.0312693149458845,0.11053514464003
"ENSMUSG00000068882",0.138553146480962,0.0313177454737039,0.110617494245402
"ENSMUSG00000057440",-2.0098403896986,0.0315619102412654,0.111390510803375
"ENSMUSG00000078515",1.76351572643669,0.0318496912404955,0.112316098677421
"ENSMUSG00000038286",-0.124916252740157,0.0320973085991628,0.113088875347116
"ENSMUSG00000027668",-1.19910624669394,0.0321202213551228,0.113088875347116
"ENSMUSG00000027012",1.96250944905924,0.0322079509400042,0.11330710798318
"ENSMUSG00000025579",-0.229316920312467,0.0322490754490961,0.113361166974019
"ENSMUSG00000026032",-0.270544200038589,0.0322840444261402,0.113393519169547
"ENSMUSG00000028683",1.65947324086992,0.0324552979227231,0.113901582580391
"ENSMUSG00000030647",-0.204082775340801,0.032480455836944,0.113901582580391
"ENSMUSG00000020069",-0.189245816517563,0.0326536935489207,0.114323852360635
"ENSMUSG00000109865",0.246922727582287,0.0326645068746308,0.114323852360635
"ENSMUSG00000026248",-0.189357902243515,0.0326788016972684,0.114323852360635
"ENSMUSG00000025060",1.17831777272468,0.0327208894653698,0.114380170402774
"ENSMUSG00000031521",-0.168373135563286,0.0329038687434443,0.114885060131784
"ENSMUSG00000025059",0.243815360583827,0.0329175325667302,0.114885060131784
"ENSMUSG00000018189",0.158146615385895,0.0329983385734307,0.115075822552828
"ENSMUSG00000032481",-0.1866581855733,0.0331364350570009,0.115465915032352
"ENSMUSG00000026029",1.76632691779745,0.0332686970478219,0.11583507571793
"ENSMUSG00000036737",1.05877604874318,0.033297135979755,0.115842446993598
"ENSMUSG00000033916",1.99210754117648,0.0335636701521922,0.116588529153532
"ENSMUSG00000063457",0.27468809874766,0.0335645686065723,0.116588529153532
"ENSMUSG00000013736",0.125745316491294,0.0338478330464962,0.117379273848075
"ENSMUSG00000020256",-0.131986873781827,0.0338681655902981,0.117379273848075
"ENSMUSG00000052681",-0.233892943586149,0.033872228536027,0.117379273848075
"ENSMUSG00000039804",-0.265190621524834,0.0339764377405537,0.117647759635072
"ENSMUSG00000029145",1.20245872148913,0.0340768925213489,0.117855743647416
"ENSMUSG00000002997",0.145915581253497,0.0340900617275985,0.117855743647416
"ENSMUSG00000054408",2.37095184480394,0.0343806834515734,0.118767180432005
"ENSMUSG00000042569",-0.161141198160344,0.0344465451101804,0.118901368650905
"ENSMUSG00000042814",2.08441616786671,0.0346464286441195,0.119497595973958
"ENSMUSG00000053644",1.29164124043235,0.0346760622940405,0.119506147342265
"ENSMUSG00000006024",0.11607194906502,0.0349852489937983,0.120477371534982
"ENSMUSG00000027907",0.198388306293843,0.0350139028772744,0.120481772136735
"ENSMUSG00000024847",0.265231284641899,0.0352826154131904,0.121311555026133
"ENSMUSG00000030605",-0.122923450973182,0.0355973798142557,0.122298258050382
"ENSMUSG00000025371",-2.22527800602236,0.0356778515220597,0.122479114312469
"ENSMUSG00000031198",-0.207545984118418,0.0357494431518576,0.122629227834236
"ENSMUSG00000024498",0.181781774483177,0.0359813425212951,0.123328573548458
"ENSMUSG00000029686",1.2064044283469,0.0361630956932163,0.123826298263127
"ENSMUSG00000028034",0.0703258420592832,0.0361928866921564,0.123826298263127
"ENSMUSG00000079363",1.53129938649867,0.0362109624777652,0.123826298263127
"ENSMUSG00000026718",2.04004298227625,0.0364324315273292,0.124486903068149
"ENSMUSG00000015932",0.149503353758504,0.0364702599709728,0.124519483423003
"ENSMUSG00000026775",-0.115088171082032,0.0365681722111379,0.12475699682265
"ENSMUSG00000038776",0.0677990216494209,0.0366252158025659,0.124854821647632
"ENSMUSG00000008604",1.79355102153364,0.0367614579210427,0.125222272686152
"ENSMUSG00000000827",1.40736441958991,0.0367926860014829,0.125231717782309
"ENSMUSG00000071711",-0.125541947692277,0.036974672010602,0.125753888345177
"ENSMUSG00000032047",-0.116996469412449,0.0370678688782479,0.1259735065121
"ENSMUSG00000019822",2.33477441270231,0.0371437590538985,0.12613401512053
"ENSMUSG00000038507",1.85562402058414,0.0371950676965045,0.126155731160733
"ENSMUSG00000022957",2.08300187808175,0.0372074844459513,0.126155731160733
"ENSMUSG00000020260",-0.167759175349175,0.0372507129342567,0.126205071303821
"ENSMUSG00000002107",-0.19293350809631,0.0374240868618199,0.126643201239228
"ENSMUSG00000041426",-0.130773259416706,0.0374375834610852,0.126643201239228
"ENSMUSG00000024474",-0.198497385072226,0.0376417950063678,0.127236205701248
"ENSMUSG00000038023",-0.236358848108793,0.0377845016545297,0.127620561612882
"ENSMUSG00000027599",-0.186399933945793,0.0380563608365655,0.128407940949921
"ENSMUSG00000025911",-0.14648973247143,0.0380759743103037,0.128407940949921
"ENSMUSG00000029752",0.188449163524307,0.0381422553590617,0.128532975371539
"ENSMUSG00000029730",-0.0913114421909853,0.0381732891176054,0.128539131910162
"ENSMUSG00000035692",0.623830179381567,0.0383705298858843,0.129104512253652
"ENSMUSG00000078566",1.88587440070686,0.0384235153894023,0.129180688470012
"ENSMUSG00000027774",-0.111814090837193,0.038451875004707,0.129180688470012
"ENSMUSG00000060935",0.323774535568422,0.0385154257118076,0.129295490890668
"ENSMUSG00000000740",0.125879336820383,0.0387406521068552,0.129952446587096
"ENSMUSG00000009647",-0.25243440305541,0.0388923921341362,0.13036208513506
"ENSMUSG00000056050",-0.171502355805707,0.0390640514307708,0.130837816093472
"ENSMUSG00000031479",0.246569474551379,0.0393980731220154,0.131856212783262
"ENSMUSG00000030122",0.343362933859268,0.0396239098039954,0.132367507417646
"ENSMUSG00000039318",1.86666853314535,0.039643706751694,0.132367507417646
"ENSMUSG00000046139",1.53171141472582,0.0396510374026242,0.132367507417646
"ENSMUSG00000031146",1.85528260792273,0.0396711525298511,0.132367507417646
"ENSMUSG00000055932",1.43131779186396,0.0399246616071918,0.133112451313069
"ENSMUSG00000026309",1.34936380678945,0.0400185464193853,0.133324468426733
"ENSMUSG00000003402",0.268067710581121,0.0400860663343633,0.133448394809026
"ENSMUSG00000030095",-0.147400301727977,0.0404459924181726,0.134544831921676
"ENSMUSG00000022614",-1.42898923081994,0.0409426947868062,0.136065063022313
"ENSMUSG00000020952",-0.0966102328734486,0.0409648281082857,0.136065063022313
"ENSMUSG00000028879",0.254032280762544,0.0410107386601042,0.136114827181839
"ENSMUSG00000053898",-0.185502472823128,0.0410701000444646,0.136209126070602
"ENSMUSG00000029098",-0.339419164123015,0.0412211061085823,0.136606993963758
"ENSMUSG00000031400",0.171346930956982,0.0412944499323702,0.136747083636088
"ENSMUSG00000032263",-0.168013300105077,0.0414544795969174,0.137173808049649
"ENSMUSG00000063235",-0.193989611466559,0.0415997195502141,0.137550988535306
"ENSMUSG00000027342",0.0906908025317605,0.041875776624192,0.138359829521823
"ENSMUSG00000029265",2.52852411168901,0.0421482041320512,0.139090774992269
"ENSMUSG00000000088",-0.147571260483041,0.042160212188068,0.139090774992269
"ENSMUSG00000061613",-0.119029575643342,0.0426314268727462,0.140362984432758
"ENSMUSG00000039105",0.30099153143518,0.0426370220207927,0.140362984432758
"ENSMUSG00000028455",-0.169616651477828,0.0426415156070433,0.140362984432758
"ENSMUSG00000020814",1.4287551105731,0.0427950888622526,0.140763218298037
"ENSMUSG00000030879",-0.165900444651001,0.0429033155425093,0.14101381008408
"ENSMUSG00000021932",1.76405956325477,0.0429493667505624,0.141059823185989
"ENSMUSG00000042626",1.71353199044796,0.0433520656791705,0.142218647863779
"ENSMUSG00000030546",-0.136185479478932,0.0433668315003844,0.142218647863779
"ENSMUSG00000028792",-0.0956363040778214,0.0434031305654012,0.142231703364356
"ENSMUSG00000027287",0.223630390656684,0.0438374148820498,0.143547963464212
"ENSMUSG00000021811",0.291109971172322,0.0438867073912699,0.143602527307791
"ENSMUSG00000034566",-0.132909581485986,0.0439648961285305,0.143751491724861
"ENSMUSG00000009090",0.165287753736941,0.0441222419969367,0.144158861936539
"ENSMUSG00000001666",0.209873373682921,0.0442229105437479,0.144380585536376
"ENSMUSG00000109511",0.209526748866843,0.0444244948236448,0.144836164132249
"ENSMUSG00000022797",-0.107700818035568,0.0444282712062112,0.144836164132249
"ENSMUSG00000005846",-0.129074172822467,0.0446437224491256,0.145430808659217
"ENSMUSG00000087260",0.342112282907625,0.0447179864142281,0.14556498388241
"ENSMUSG00000040483",1.63435953830879,0.0449282895542389,0.146141465135407
"ENSMUSG00000091512",0.152975057405168,0.0450357055764437,0.146369337536145
"ENSMUSG00000031885",1.47381678147773,0.0450648607956091,0.146369337536145
"ENSMUSG00000032508",1.33677399550823,0.0452238132803126,0.146677705576832
"ENSMUSG00000039197",0.238123132753582,0.0452372406984324,0.146677705576832
"ENSMUSG00000031012",-0.173216495325981,0.0452597873604493,0.146677705576832
"ENSMUSG00000032437",-0.280825139251252,0.0452934044424106,0.146678640876416
"ENSMUSG00000023021",2.16929001693592,0.0454561701649742,0.147097503600038
"ENSMUSG00000041548",2.33813696416652,0.0456769489252261,0.147685037888221
"ENSMUSG00000036180",-1.83170137554761,0.0457048447179633,0.147685037888221
"ENSMUSG00000054079",-1.56693692101326,0.0458721699054774,0.148097578719226
"ENSMUSG00000023089",-0.140467396840386,0.0458998176262267,0.148097578719226
"ENSMUSG00000020358",-0.164529803282289,0.0465718855688121,0.150155947537247
"ENSMUSG00000026827",-0.126702448761684,0.046702566135709,0.150467052388913
"ENSMUSG00000029614",0.0904680185482611,0.0468701101152906,0.150896382309725
"ENSMUSG00000061315",0.172934643526943,0.0469588058009803,0.151063716063449
"ENSMUSG00000018593",0.27688688325571,0.0469907355807456,0.151063716063449
"ENSMUSG00000029507",0.210344250376803,0.0475588101742772,0.152778338377368
"ENSMUSG00000026958",-0.174882580711124,0.0478544445917701,0.153615908569205
"ENSMUSG00000028165",2.243420525194,0.0480051166309343,0.153987258230861
"ENSMUSG00000028910",-0.133750543856269,0.0480853978326716,0.154132436898462
"ENSMUSG00000026848",-0.192673616901445,0.0481274614501762,0.154154991151547
"ENSMUSG00000042396",-1.71084949739549,0.048515465269202,0.155284772836188
"ENSMUSG00000018666",0.272776247137607,0.0485770678926276,0.155368950432743
"ENSMUSG00000022391",0.0940365620403441,0.0489713138182034,0.156516159850336
"ENSMUSG00000024937",2.22058202648533,0.0491525471736669,0.156981393404432
"ENSMUSG00000031429",1.17235318840112,0.049353114030299,0.157507653986473
"ENSMUSG00000002365",1.15199519331684,0.0497605538214675,0.15869289664368
"ENSMUSG00000079477",-0.104308112182881,0.05014606884589,0.1598065524915
"ENSMUSG00000032399",0.0972496331888983,0.0502100389185579,0.159894631896218
"ENSMUSG00000032590",1.8293074094163,0.0504439469434633,0.160523362616184
"ENSMUSG00000040521",-0.101817056835344,0.0505269641826377,0.160671365150136
"ENSMUSG00000031453",-0.224678673639779,0.0506583970340277,0.160973000250365
"ENSMUSG00000069565",-0.159495102594004,0.0507286164173754,0.161079827455172
"ENSMUSG00000044080",0.32583316972547,0.0509311790806026,0.161606430521797
"ENSMUSG00000029221",0.199820706171085,0.0509903405402548,0.161677585531456
"ENSMUSG00000030127",0.150752672477953,0.0512130379890371,0.16226679639291
"ENSMUSG00000020440",0.318557772103023,0.0515592742484362,0.163246306451344
"ENSMUSG00000027997",1.63741754124142,0.0522119742620967,0.165194032154916
"ENSMUSG00000027680",0.0985791477138775,0.0522935070329693,0.165333135382254
"ENSMUSG00000028249",-1.96052096089454,0.0525609763356569,0.166059480870945
"ENSMUSG00000017478",2.32450872570153,0.052695652668981,0.166365543325815
"ENSMUSG00000034459",0.855293620651473,0.0530034434060679,0.167217315003659
"ENSMUSG00000021577",-0.100350523483847,0.0531396365179516,0.167526891343485
"ENSMUSG00000035376",-1.88289308295109,0.0533089087372541,0.167940234325451
"ENSMUSG00000063895",-0.213368116195191,0.0534107509336008,0.168140711630027
"ENSMUSG00000027349",0.10209388173654,0.0535111941139266,0.168336501283339
"ENSMUSG00000020988",-0.205677940271372,0.0539442236021975,0.169411778485576
"ENSMUSG00000039756",-1.35265241802705,0.0539527747865764,0.169411778485576
"ENSMUSG00000020018",-0.33668379252877,0.0539684874884748,0.169411778485576
"ENSMUSG00000051934",1.10782341923307,0.0544383887658743,0.170765038459453
"ENSMUSG00000027203",0.110732944616966,0.0547194311661703,0.17152437077088
"ENSMUSG00000020738",-0.795964188225049,0.0548197104415666,0.171716402600238
"ENSMUSG00000033953",2.06201119148728,0.0549516263759941,0.172007188962127
"ENSMUSG00000047866",-0.94153724969792,0.0552216824894067,0.172522284935804
"ENSMUSG00000021377",0.164234765303313,0.0552310705141583,0.172522284935804
"ENSMUSG00000019326",-0.118811584571709,0.0552337876561116,0.172522284935804
"ENSMUSG00000002741",2.28751590933299,0.0553024283522967,0.172614175303871
"ENSMUSG00000026078",1.94663257318821,0.055487790788414,0.17306999805798
"ENSMUSG00000070283",1.72192888098152,0.0555715009405128,0.173208339687816
"ENSMUSG00000027488",-2.18312225214348,0.055944963691468,0.174248963344763
"ENSMUSG00000055436",-0.0970255665855788,0.0560547890903605,0.174461148065435
"ENSMUSG00000049502",1.74315760147594,0.0560923709412839,0.174461148065435
"ENSMUSG00000040269",-0.145328512000358,0.0562306355160055,0.174767674368602
"ENSMUSG00000036112",1.571177406881,0.0565748034824979,0.175713274612896
"ENSMUSG00000032051",-0.150402930272374,0.0567026005762904,0.175919130591966
"ENSMUSG00000020422",1.57342207284779,0.056772338270967,0.175919130591966
"ENSMUSG00000009907",1.06382298471978,0.056778010534106,0.175919130591966
"ENSMUSG00000040952",0.0882199795894252,0.056800973544918,0.175919130591966
"ENSMUSG00000027540",-0.218671129589254,0.0568432230620712,0.175926177704765
"ENSMUSG00000020834",-0.248086235850153,0.0569632594390406,0.176173791139296
"ENSMUSG00000005687",-0.154938167966506,0.0572045712535417,0.176743157574042
"ENSMUSG00000024287",-0.210446325367808,0.0572276754244514,0.176743157574042
"ENSMUSG00000039168",0.293924066225156,0.0574459405966555,0.177292836301459
"ENSMUSG00000009535",2.15527027984064,0.0577444688094627,0.178089283272912
"ENSMUSG00000005413",0.157640107826332,0.0579125542995677,0.178446906796014
"ENSMUSG00000041781",-0.275007359450029,0.0579415200662358,0.178446906796014
"ENSMUSG00000021114",0.182212404717617,0.0580379180874347,0.178618795456504
"ENSMUSG00000045136",0.523917056800332,0.0582795340618101,0.179237057586322
"ENSMUSG00000029547",-1.81822264852956,0.0586259453826861,0.180176526277375
"ENSMUSG00000038422",-0.153854961172506,0.0587971823966766,0.180576692064043
"ENSMUSG00000044155",-0.167757009283235,0.0589306592746384,0.180835644542278
"ENSMUSG00000037351",1.31785513453256,0.0589636786907904,0.180835644542278
"ENSMUSG00000028969",0.221183155128756,0.0590099838105862,0.18085162865626
"ENSMUSG00000028035",1.9345291246466,0.0591980661743801,0.1813018018326
"ENSMUSG00000004043",1.18608763195535,0.0596853391235813,0.18266702189352
"ENSMUSG00000063268",1.67721255289009,0.0597682201023509,0.182793562661881
"ENSMUSG00000003131",0.17403040585743,0.0599385013892916,0.183109790926994
"ENSMUSG00000025817",0.197912028586099,0.0599949184527908,0.183109790926994
"ENSMUSG00000033955",1.19738202131352,0.0599964368363383,0.183109790926994
"ENSMUSG00000023977",1.40868615653494,0.0605765938187639,0.184752314204005
"ENSMUSG00000020698",2.80169086990802,0.0610544553541022,0.186080788097925
"ENSMUSG00000000001",-0.174536150346569,0.0611126445616115,0.186129237865503
"ENSMUSG00000052144",0.20419664038209,0.0613263785448344,0.186541375937141
"ENSMUSG00000051695",0.124300863654462,0.0613327359647904,0.186541375937141
"ENSMUSG00000003226",-0.0782854272929328,0.061459064241855,0.186796506718511
"ENSMUSG00000028729",1.64816334255696,0.061571675504365,0.187009623115742
"ENSMUSG00000025474",1.66845669472622,0.0616996546309463,0.18726908967641
"ENSMUSG00000060073",0.168637901618478,0.061888694703283,0.187713401370881
"ENSMUSG00000063146",1.59548845142804,0.0619776467783277,0.187853735173155
"ENSMUSG00000022945",-0.154212094362368,0.0624210373475667,0.188968713136024
"ENSMUSG00000027805",1.84174560495071,0.0624313812542101,0.188968713136024
"ENSMUSG00000027255",0.998980195119756,0.062627151813585,0.189312685917946
"ENSMUSG00000063334",-2.05813893697142,0.0626310544641057,0.189312685917946
"ENSMUSG00000027332",-0.166551149974268,0.0627165162094821,0.189440897623837
"ENSMUSG00000028551",1.83904870915824,0.0632783930532905,0.191007001253451
"ENSMUSG00000004100",-0.90838150781833,0.0633689042591467,0.191149107364294
"ENSMUSG00000038387",-0.190001121401391,0.0635101036374014,0.19138023170867
"ENSMUSG00000005447",1.61640694613863,0.063532496824896,0.19138023170867
"ENSMUSG00000005882",1.55640614312023,0.0636529599510677,0.191611953997708
"ENSMUSG00000031590",1.76485004469895,0.0639033962741699,0.192234345182927
"ENSMUSG00000014355",1.25571057221936,0.063953574184567,0.192253879772049
"ENSMUSG00000048701",1.77291741475815,0.0641745301230939,0.192786421209376
"ENSMUSG00000038335",1.12586306991208,0.064240176903594,0.192851990827229
"ENSMUSG00000025747",0.149717801155077,0.0642876432931081,0.192862929879324
"ENSMUSG00000038967",1.42955165043415,0.0644548154088269,0.193232726576463
"ENSMUSG00000069833",0.188251369053237,0.0645767448214785,0.193466476486948
"ENSMUSG00000019916",2.45482355419985,0.0650196759253545,0.194568093972523
"ENSMUSG00000032330",-2.15184474042706,0.0650328712187187,0.194568093972523
"ENSMUSG00000005566",-0.0439162278395102,0.0650866670982751,0.194596754007818
"ENSMUSG00000022620",-0.234511009235813,0.06565414027152,0.196160129894745
"ENSMUSG00000031864",-0.145215689097785,0.0657348696081877,0.196163533900832
"ENSMUSG00000008226",1.57759614526767,0.0657495981691635,0.196163533900832
"ENSMUSG00000021786",-1.99719755983361,0.0657983489376288,0.196163533900832
"ENSMUSG00000029141",2.0114588945627,0.0658335695459052,0.196163533900832
"ENSMUSG00000028639",0.252480327973,0.0660255135625829,0.19658395071023
"ENSMUSG00000062647",-0.106794092977225,0.0660639997955988,0.19658395071023
"ENSMUSG00000033938",-0.156787057702026,0.0662771398687957,0.197084927407142
"ENSMUSG00000063406",-2.68602445073622,0.06681306916402,0.198533370782593
"ENSMUSG00000055204",1.50889729640052,0.066854454782959,0.198533370782593
"ENSMUSG00000041733",-0.172018437801754,0.0669559139453177,0.198700591553165
"ENSMUSG00000019942",-0.121483167063694,0.0670085390984696,0.198722763188925
"ENSMUSG00000002332",-0.124415109123102,0.0674375412877244,0.199860349634529
"ENSMUSG00000038936",-0.163985058264469,0.0676528558361562,0.200229789437141
"ENSMUSG00000032328",2.00156141628025,0.0676531917502904,0.200229789437141
"ENSMUSG00000039221",-1.97547209010914,0.0679034809343835,0.200835497037783
"ENSMUSG00000037296",1.91148736138567,0.0679871414289281,0.200947890818477
"ENSMUSG00000061518",-0.161414569934465,0.0682507440333557,0.201410588729413
"ENSMUSG00000062078",0.100968691260647,0.0682626590514503,0.201410588729413
"ENSMUSG00000056737",0.259279243554598,0.0683925182705617,0.201410588729413
"ENSMUSG00000018287",1.88418264061889,0.0685800879616053,0.201410588729413
"ENSMUSG00000038690",-0.125739784344066,0.0686025774687703,0.201410588729413
"ENSMUSG00000029860",1.39392701140172,0.0687574221195153,0.201410588729413
"ENSMUSG00000027797",1.29648656952381,0.0688216303009828,0.201410588729413
"ENSMUSG00000016541",0.24464251097379,0.068835898832857,0.201410588729413
"ENSMUSG00000021929",0.180052211251816,0.0690473207088439,0.201410588729413
"ENSMUSG00000002844",1.44523882811313,0.0691358424630308,0.201410588729413
"ENSMUSG00000028309",1.99536855480661,0.0692375911062875,0.201410588729413
"ENSMUSG00000026864",-0.0965657364723711,0.0692851881353792,0.201410588729413
"ENSMUSG00000019066",-1.9865951309835,0.0695060362158893,0.201410588729413
"ENSMUSG00000022370",-0.118353490278672,0.0699470041376537,0.201410588729413
"ENSMUSG00000003873",2.54125675781998,0.0700234374020352,0.201410588729413
"ENSMUSG00000020671",-0.165420046352306,0.0700721578295991,0.201410588729413
"ENSMUSG00000012519",1.18503885525057,0.0701784410097538,0.201410588729413
"ENSMUSG00000032350",1.03870731266433,0.0701924268125109,0.201410588729413
"ENSMUSG00000052214",-2.05703737749906,0.0701983004744172,0.201410588729413
"ENSMUSG00000038544",-1.53701173493997,0.0701995420223243,0.201410588729413
"ENSMUSG00000039678",1.04218898227893,0.0702104575436174,0.201410588729413
"ENSMUSG00000039159",1.49164125481951,0.0702193138118573,0.201410588729413
"ENSMUSG00000002500",-2.10586646249932,0.070239705452392,0.201410588729413
"ENSMUSG00000041939",1.19165069232966,0.0702467549484732,0.201410588729413
"ENSMUSG00000056493",0.998108639121789,0.0702488386855523,0.201410588729413
"ENSMUSG00000006356",1.13135764791137,0.0702524750443932,0.201410588729413
"ENSMUSG00000024563",1.05471166051805,0.0702627244367726,0.201410588729413
"ENSMUSG00000062646",1.04043200524037,0.0702645885315666,0.201410588729413
"ENSMUSG00000024142",-0.921571451432545,0.070294682224577,0.201410588729413
"ENSMUSG00000057230",0.874214257940714,0.0703105493965707,0.201410588729413
"ENSMUSG00000022828",0.860602829656351,0.0703118463091639,0.201410588729413
"ENSMUSG00000096370",-1.73771481207191,0.0703361832258222,0.201410588729413
"ENSMUSG00000034259",-1.22032891835947,0.0703523885904755,0.201410588729413
"ENSMUSG00000040658",0.949269847601315,0.0703531740281273,0.201410588729413
"ENSMUSG00000029246",1.07247747578136,0.070355146770232,0.201410588729413
"ENSMUSG00000038489",1.53149630154442,0.0703569351372925,0.201410588729413
"ENSMUSG00000029684",1.25541605487516,0.0703621562830078,0.201410588729413
"ENSMUSG00000017307",-1.0666870593491,0.0703808751113933,0.201410588729413
"ENSMUSG00000031821",1.22073537405787,0.0703933193505254,0.201410588729413
"ENSMUSG00000058240",1.22827873318137,0.0704276180513858,0.201410588729413
"ENSMUSG00000057789",1.13461405182281,0.0704425550990229,0.201410588729413
"ENSMUSG00000039929",-1.16169312400515,0.0704908254409013,0.201410588729413
"ENSMUSG00000031157",1.44365629209874,0.0705103886127738,0.201410588729413
"ENSMUSG00000018547",1.03861872829992,0.0705115675479991,0.201410588729413
"ENSMUSG00000038546",-1.13598038581823,0.0705319280479079,0.201410588729413
"ENSMUSG00000029920",0.984580004678222,0.0705408942478248,0.201410588729413
"ENSMUSG00000036990",0.958124180038677,0.0706799658066603,0.201410588729413
"ENSMUSG00000028990",1.14948506004457,0.070686516386332,0.201410588729413
"ENSMUSG00000025036",-0.161091959680103,0.0707604160673834,0.201410588729413
"ENSMUSG00000031578",-0.962289799108486,0.0707957688966421,0.201410588729413
"ENSMUSG00000051177",0.854300443585487,0.0708019034283922,0.201410588729413
"ENSMUSG00000022031",0.955637481741107,0.0708198896670239,0.201410588729413
"ENSMUSG00000023008",0.849394402482169,0.07083329600779,0.201410588729413
"ENSMUSG00000025178",0.968400783628496,0.0708518532895362,0.201410588729413
"ENSMUSG00000023010",1.96567467089231,0.0708809822400616,0.201410588729413
"ENSMUSG00000032512",1.32331621469243,0.0708817605147684,0.201410588729413
"ENSMUSG00000020109",-0.934567239282199,0.0709209817327283,0.201410588729413
"ENSMUSG00000037275",0.905557005269831,0.0709260830430504,0.201410588729413
"ENSMUSG00000006736",0.885595624491831,0.0709401899102224,0.201410588729413
"ENSMUSG00000025869",-1.07405369355194,0.0710020100810347,0.201410588729413
"ENSMUSG00000028292",-0.137381748261632,0.0710085687582645,0.201410588729413
"ENSMUSG00000062981",-1.7439044565916,0.071020996567008,0.201410588729413
"ENSMUSG00000022779",0.849005380696116,0.07103839055807,0.201410588729413
"ENSMUSG00000052917",-0.940476292574594,0.0710726299242851,0.201410588729413
"ENSMUSG00000030314",0.833786984155548,0.0711518363466922,0.20150529714401
"ENSMUSG00000020124",0.259806132113372,0.0713234026324227,0.201861282948741
"ENSMUSG00000030614",1.01688875394696,0.0714224223775076,0.20201162010502
"ENSMUSG00000018909",1.13236278388464,0.0714854044323005,0.202040340573011
"ENSMUSG00000028427",-1.05394346471167,0.0715551747726026,0.202040340573011
"ENSMUSG00000025374",1.58976409910682,0.071570300148449,0.202040340573011
"ENSMUSG00000028847",1.5812431354967,0.0717767976095782,0.202441027445714
"ENSMUSG00000037411",0.905609637694138,0.0718042362742013,0.202441027445714
"ENSMUSG00000029632",-0.238143938149044,0.0719963589096955,0.202782894754504
"ENSMUSG00000026463",0.697203522956514,0.0720176470123358,0.202782894754504
"ENSMUSG00000061950",0.703910440578849,0.0721119043814191,0.202918472623162
"ENSMUSG00000019782",1.82607441293379,0.0722000053453847,0.203003493134707
"ENSMUSG00000036580",-1.4773583020819,0.0722707073446855,0.203003493134707
"ENSMUSG00000018377",-0.214049673655389,0.0723077107847132,0.203003493134707
"ENSMUSG00000057177",0.756329235115004,0.0723266251386551,0.203003493134707
"ENSMUSG00000022947",1.0627941465252,0.072424566930752,0.203148833054327
"ENSMUSG00000026385",0.193294705775209,0.0725863615885833,0.203451177861167
"ENSMUSG00000057134",1.1430739065104,0.0726248126380126,0.203451177861167
"ENSMUSG00000038462",-0.132051669490888,0.0727136350667808,0.203570424891159
"ENSMUSG00000024491",-1.90913691009509,0.0728261059165443,0.203727545695431
"ENSMUSG00000036256",1.11373858361916,0.0728919536674405,0.203727545695431
"ENSMUSG00000032299",0.821967611720893,0.072908630872598,0.203727545695431
"ENSMUSG00000032280",1.00279170096494,0.0729791765175765,0.203795276557014
"ENSMUSG00000020250",0.212823413142612,0.0730780550203563,0.20394199121407
"ENSMUSG00000028163",1.73541832064233,0.0733370488691545,0.20453507735941
"ENSMUSG00000025995",0.763474894498952,0.0734035613377631,0.204590926819186
"ENSMUSG00000032527",-0.116491890725328,0.0735294831417966,0.204812186903194
"ENSMUSG00000038121",1.64232589658043,0.0739106409690344,0.205743662811335
"ENSMUSG00000029152",-0.128887131634162,0.0739913161305333,0.205838041902956
"ENSMUSG00000031924",0.168940690471548,0.0743507646795641,0.206707337558283
"ENSMUSG00000030847",1.6150756278302,0.0749433224272851,0.2082232083349
"ENSMUSG00000017969",0.918389240251262,0.0750060529753613,0.208266018387738
"ENSMUSG00000040044",1.66267658009078,0.0751237899500152,0.208461412087022
"ENSMUSG00000115987",1.90066121906248,0.0754082654571252,0.209118951655203
"ENSMUSG00000029433",-0.185268009078534,0.0757453205054661,0.209921382584733
"ENSMUSG00000042426",1.16653854650209,0.0758477365474318,0.210072931746537
"ENSMUSG00000068748",-2.29006217557513,0.0758972028975399,0.210077729529606
"ENSMUSG00000064068",-0.135659201582797,0.0762836662334224,0.210917470199864
"ENSMUSG00000044627",1.96724769568574,0.0762964354824321,0.210917470199864
"ENSMUSG00000029502",2.60881038572968,0.0764648377536015,0.211250314471814
"ENSMUSG00000061559",0.153496885655361,0.0765378552577114,0.211319385815049
"ENSMUSG00000035024",-0.141707744132056,0.0769516814509341,0.212328746122609
"ENSMUSG00000020460",-0.155880466214633,0.0773380280712066,0.213261066128684
"ENSMUSG00000033732",-0.20532667319738,0.0775144269713962,0.213527614263296
"ENSMUSG00000038417",0.598253858063824,0.077531726333276,0.213527614263296
"ENSMUSG00000073838",-0.0853745465205158,0.0780276712422848,0.214759087640585
"ENSMUSG00000009863",-0.127853987192942,0.0781175115905057,0.214865960350163
"ENSMUSG00000025793",1.13209635205376,0.0781799255155373,0.214865960350163
"ENSMUSG00000059273",1.49117891371075,0.078212967162227,0.214865960350163
"ENSMUSG00000026374",1.26261148531072,0.0786307900652593,0.215879043716286
"ENSMUSG00000052146",0.211576954939723,0.0786987364677157,0.215930884784549
"ENSMUSG00000020994",-0.111654181269092,0.0788378373149919,0.216177770731015
"ENSMUSG00000030835",-0.0927072465626253,0.078970185383212,0.216405844253746
"ENSMUSG00000021072",-0.207394091882893,0.0790778900011816,0.216566144303174
"ENSMUSG00000040018",2.62583671723207,0.0793908953653649,0.217258910498066
"ENSMUSG00000015357",-0.0596015053420977,0.0794295812295815,0.217258910498066
"ENSMUSG00000041912",-0.227565624346507,0.0795939389878532,0.217573245643194
"ENSMUSG00000022742",-0.149059984838846,0.0797155921352186,0.217770528235318
"ENSMUSG00000005087",1.46092009403441,0.0799981992713691,0.218406994412714
"ENSMUSG00000002343",1.23306051326706,0.0802880966372127,0.219062562492482
"ENSMUSG00000021235",-0.168620814702603,0.0804920398956599,0.219482941499876
"ENSMUSG00000038991",-0.0829831860060288,0.0808668647831153,0.220368465579251
"ENSMUSG00000034109",-0.169886031691345,0.0810013407299318,0.220598329549771
"ENSMUSG00000014633",-0.230943368777137,0.0810701739639776,0.220649248989156
"ENSMUSG00000026820",-0.116777890550978,0.081137348912725,0.220695594910323
"ENSMUSG00000038069",-0.116028285248586,0.0812423736370662,0.220844772314224
"ENSMUSG00000020993",2.00217303207305,0.0813187077961951,0.22091582284633
"ENSMUSG00000042073",0.126802991033706,0.0815486099629777,0.221403721435573
"ENSMUSG00000024639",-0.108751595738013,0.0818591550889034,0.22210982832692
"ENSMUSG00000001774",1.72568819441967,0.0822506940109349,0.222985853953662
"ENSMUSG00000074364",0.14172405540312,0.082292230287041,0.222985853953662
"ENSMUSG00000041028",-2.35651626298304,0.0823676123586913,0.222985853953662
"ENSMUSG00000029427",-0.247379549202023,0.082396289614955,0.222985853953662
"ENSMUSG00000009575",-0.130304532845464,0.0824353520523991,0.222985853953662
"ENSMUSG00000033307",0.22048082590938,0.0827731513283734,0.2236480976595
"ENSMUSG00000024759",-0.129729094576319,0.0827818111991197,0.2236480976595
"ENSMUSG00000031710",0.932108718994431,0.0831266736951857,0.224306712607906
"ENSMUSG00000014867",0.272636333541083,0.0831275274400125,0.224306712607906
"ENSMUSG00000020514",-0.155028076561432,0.0833897057468437,0.224876283695992
"ENSMUSG00000028766",-0.201371377716242,0.0835328836777642,0.225065857308545
"ENSMUSG00000030316",-0.239861344992065,0.0835622837632724,0.225065857308545
"ENSMUSG00000038848",2.31077538092856,0.0838218464158456,0.225626878334029
"ENSMUSG00000022974",1.38076099333461,0.0844404019891074,0.227152939580722
"ENSMUSG00000031197",1.98613675349851,0.084527616513901,0.227248650139083
"ENSMUSG00000020903",1.46964046263421,0.0848259665555473,0.227777507156837
"ENSMUSG00000022427",-0.13969793580841,0.0848278423608397,0.227777507156837
"ENSMUSG00000050627",1.69129680698465,0.0853418366804496,0.229017940994304
"ENSMUSG00000032116",0.276440177857058,0.0854624855136527,0.229201949266048
"ENSMUSG00000029484",0.197134969387164,0.0855466397024427,0.22928791798444
"ENSMUSG00000027327",2.18505394897184,0.0857639224380191,0.229730385057652
"ENSMUSG00000036371",2.41832243322378,0.0860918990100877,0.230411321754612
"ENSMUSG00000002732",-0.164421056552928,0.0861228412375225,0.230411321754612
"ENSMUSG00000006498",-0.0983927518950445,0.0862746288790638,0.230670790680357
"ENSMUSG00000020477",-0.160913441809001,0.0863246517270047,0.230670790680357
"ENSMUSG00000042642",0.831968137530055,0.0864059122798523,0.230747827635698
"ENSMUSG00000056820",1.03321095961654,0.0866643234523394,0.231297566715431
"ENSMUSG00000020571",0.0947839823460583,0.087091242712471,0.232200549239961
"ENSMUSG00000052428",2.35443532212822,0.0871081815031072,0.232200549239961
"ENSMUSG00000027679",-0.113758892358316,0.0874188254055089,0.232782658603833
"ENSMUSG00000035199",1.71791602402662,0.0874323414387947,0.232782658603833
"ENSMUSG00000061981",-0.226631606154477,0.0876239746548675,0.233151821315642
"ENSMUSG00000093930",0.256413800161805,0.087722228851867,0.233272223067714
"ENSMUSG00000029992",0.878711478231789,0.0879631379147191,0.233771600219009
"ENSMUSG00000003420",2.4293758965622,0.0880671445163544,0.233810417133428
"ENSMUSG00000070493",0.148011366097155,0.0880839971840997,0.233810417133428
"ENSMUSG00000054312",-0.135065104158492,0.0881958918671485,0.233966317123159
"ENSMUSG00000056167",1.29926463493853,0.0884348062559407,0.234348748325159
"ENSMUSG00000019428",-0.112179743282521,0.0884465510038831,0.234348748325159
"ENSMUSG00000019961",-1.67319319434101,0.0892709269791734,0.23639070375171
"ENSMUSG00000026377",-0.939926024170394,0.0898668681817478,0.237825668591625
"ENSMUSG00000026554",0.880517995073841,0.0900921540632803,0.238278587759914
"ENSMUSG00000030265",-0.126627566613458,0.0906511845398717,0.239613131027012
"ENSMUSG00000028843",-2.22384270569125,0.0909326161921006,0.240212751417428
"ENSMUSG00000016256",0.133499877286209,0.0910053652805065,0.240260715416622
"ENSMUSG00000008540",-0.16360644778247,0.0910981532034747,0.240361494153772
"ENSMUSG00000025159",0.17900781438561,0.0913798027509012,0.240852062790771
"ENSMUSG00000025224",0.322464254960568,0.0913935343923169,0.240852062790771
"ENSMUSG00000004207",0.10193908395663,0.0915101376540389,0.241015030410189
"ENSMUSG00000020832",2.47497400495182,0.0916234403408605,0.241169115394813
"ENSMUSG00000005510",-0.170814096656077,0.0917947038523287,0.241475488137536
"ENSMUSG00000009291",3.70989613540045,0.0921135064642317,0.242169379897899
"ENSMUSG00000028580",1.64716929605376,0.092813084361092,0.24386291598398
"ENSMUSG00000025150",-0.170365245774086,0.0930894354406988,0.244443081965701
"ENSMUSG00000002984",-0.116532508097499,0.093444410938926,0.245228892392494
"ENSMUSG00000028973",-0.185591670024188,0.0944098115430301,0.247614767938543
"ENSMUSG00000051149",-0.146951407844217,0.0958223100946502,0.25116973598961
"ENSMUSG00000045973",-0.142101055245856,0.0969681215890635,0.25402184709135
"ENSMUSG00000024660",-1.46086520131797,0.0974294977783057,0.255006969757856
"ENSMUSG00000050708",0.118391113915433,0.097460059789301,0.255006969757856
"ENSMUSG00000021012",1.68913967714909,0.0978821814587976,0.255959287344128
"ENSMUSG00000015112",2.2044359294014,0.0979514483702875,0.255988316079356
"ENSMUSG00000084786",1.21414494833211,0.0982733962044075,0.256645227051186
"ENSMUSG00000028062",-0.104455530735205,0.0983194394020222,0.256645227051186
"ENSMUSG00000072772",-1.33609687795657,0.0985604947073028,0.257121954479455
"ENSMUSG00000031226",0.190219744768513,0.0996865498264484,0.259753099318189
"ENSMUSG00000001052",0.107154678992561,0.0996871130989369,0.259753099318189
"ENSMUSG00000046516",0.280045111553626,0.10013058338406,0.260660637028602
"ENSMUSG00000005397",-0.12196545197521,0.100153859853526,0.260660637028602
"ENSMUSG00000024764",0.821280728102455,0.100571747722343,0.261593535299072
"ENSMUSG00000020766",0.12527849816842,0.101012746432628,0.262585408771409
"ENSMUSG00000023022",-0.205264676315,0.101307764504359,0.263196854535824
"ENSMUSG00000032185",1.69082933400019,0.101413250296524,0.263315465814162
"ENSMUSG00000024308",-0.278406838295975,0.101700142557472,0.263904674171837
"ENSMUSG00000029718",-0.956615383605918,0.101917258297414,0.264312229679977
"ENSMUSG00000024234",1.90925121872717,0.102758484352624,0.266336919691342
"ENSMUSG00000022033",1.61728188293563,0.102888698814767,0.266517459378335
"ENSMUSG00000027708",1.32825756013871,0.10296387645887,0.266555306056168
"ENSMUSG00000057181",1.38443425533873,0.103123487135853,0.26676939771623
"ENSMUSG00000029185",0.857055062629467,0.103167806160651,0.26676939771623
"ENSMUSG00000047454",1.20599141523109,0.103470794091482,0.267395751495369
"ENSMUSG00000028076",-0.169475557914819,0.103745457501913,0.26794821506216
"ENSMUSG00000039220",-0.156333712576199,0.103939549861836,0.268292058030463
"ENSMUSG00000054808",0.0823057280192572,0.104220236060563,0.26885888564041
"ENSMUSG00000027242",-1.52586208403076,0.104557696292968,0.26957142436166
"ENSMUSG00000020877",1.40508111251589,0.104827412792492,0.270108573594706
"ENSMUSG00000045160",0.188319992018624,0.105094647811385,0.27048542024051
"ENSMUSG00000007880",1.47576792600048,0.105096584551527,0.27048542024051
"ENSMUSG00000005698",-0.136727216059086,0.105494207289607,0.27135009133931
"ENSMUSG00000031917",-1.81459709757375,0.105875454778953,0.272171656823699
"ENSMUSG00000015247",-0.155997955929632,0.106292729564014,0.273084823590909
"ENSMUSG00000022807",0.140600983207246,0.106598110111059,0.273622031943556
"ENSMUSG00000042111",-1.48622136315444,0.106626172411542,0.273622031943556
"ENSMUSG00000021646",-0.174868748000186,0.106781861929541,0.273751029401072
"ENSMUSG00000029467",-0.0765046252132002,0.106800844690216,0.273751029401072
"ENSMUSG00000004268",-0.798262266191244,0.106906688813993,0.27386282739836
"ENSMUSG00000058587",0.139492445714158,0.10706118976835,0.274004488800357
"ENSMUSG00000071547",-0.40854637097592,0.107086507779281,0.274004488800357
"ENSMUSG00000029462",0.175328001056663,0.107586665096414,0.275124295810179
"ENSMUSG00000028647",2.18862446131626,0.107736962858236,0.275204960673217
"ENSMUSG00000019278",-0.143907230442874,0.10774327362871,0.275204960673217
"ENSMUSG00000072582",-0.11604226636717,0.107884414862603,0.275350286950334
"ENSMUSG00000044221",-0.0854879402281448,0.107925299929408,0.275350286950334
"ENSMUSG00000024588",-0.106955209016085,0.108944783425417,0.277790261793314
"ENSMUSG00000032212",-0.927940542202766,0.109463926267401,0.278952367980794
"ENSMUSG00000026670",1.3486160207771,0.109773408624904,0.27956392648313
"ENSMUSG00000038587",1.39950874793315,0.109830954076194,0.27956392648313
"ENSMUSG00000078923",0.183465203770965,0.109983277793717,0.279789829809334
"ENSMUSG00000021236",1.06748080958635,0.110717780711088,0.281495640040148
"ENSMUSG00000030447",0.922200180713066,0.111247195115631,0.282678352023034
"ENSMUSG00000025395",0.122262998130129,0.111399939726664,0.282903136028304
"ENSMUSG00000026999",-0.16129216625033,0.111483077696202,0.282950994775655
"ENSMUSG00000032612",1.47183765068176,0.111745443031895,0.283453426388108
"ENSMUSG00000003429",0.0749063730327322,0.112942684478562,0.286325319349166
"ENSMUSG00000040048",-0.0964842973327862,0.113795572928135,0.288321425709108
"ENSMUSG00000029538",-0.183994261063123,0.114005074528343,0.288677196897698
"ENSMUSG00000025234",1.42767039965197,0.114067176870051,0.288677196897698
"ENSMUSG00000014554",-0.187551261778484,0.115064184296844,0.291033031661156
"ENSMUSG00000033352",1.4405634011955,0.115233309742201,0.291293392404036
"ENSMUSG00000024527",-0.0991560481363365,0.116179659062906,0.293517037621039
"ENSMUSG00000031379",1.25800513066811,0.116254041003485,0.293536451208456
"ENSMUSG00000013160",-0.0896057804264814,0.116333228161119,0.293567968541908
"ENSMUSG00000045128",0.0654550096010595,0.116604231489697,0.294083222227023
"ENSMUSG00000025745",-0.104592519681091,0.116752114206093,0.294287545601957
"ENSMUSG00000029776",-0.112876170323631,0.116938647654472,0.294589003049416
"ENSMUSG00000003438",-0.105533788559502,0.117031326109179,0.294653813619277
"ENSMUSG00000021171",-0.120486054701033,0.117120540255602,0.294709832855862
"ENSMUSG00000020863",-0.123372613829741,0.117522927219385,0.295553372967151
"ENSMUSG00000024194",1.01515581967675,0.117848071849548,0.296201807087298
"ENSMUSG00000038909",-0.243439516714808,0.11809934619645,0.296528178699112
"ENSMUSG00000038828",-1.59309507717935,0.118112678313916,0.296528178699112
"ENSMUSG00000078902",-0.674922435285414,0.1186571943988,0.297725377736098
"ENSMUSG00000071253",-0.238525075219613,0.119133632004536,0.298696907269805
"ENSMUSG00000022111",1.09528047365805,0.119180133870888,0.298696907269805
"ENSMUSG00000020430",-0.766702333129516,0.119257417716415,0.298697058267215
"ENSMUSG00000024581",0.784436099461775,0.119315934658887,0.298697058267215
"ENSMUSG00000029176",1.32556261632949,0.119458362137233,0.298883599639548
"ENSMUSG00000000278",0.084358985190736,0.120544762933686,0.30143039867679
"ENSMUSG00000033565",-1.34442513454179,0.120673249585294,0.301580335846042
"ENSMUSG00000022708",-0.129668991108325,0.121266087023797,0.302889925647975
"ENSMUSG00000053293",-1.35543871227621,0.121360579041049,0.302943831118708
"ENSMUSG00000040054",-1.05251679040708,0.121425339262304,0.302943831118708
"ENSMUSG00000028128",1.8986196405443,0.121859741614523,0.303855367051284
"ENSMUSG00000041308",-0.19041147945304,0.122255284831581,0.304669030885497
"ENSMUSG00000024740",0.086840157903616,0.122868231330073,0.306023251886617
"ENSMUSG00000037012",-0.0719645182198505,0.123089157929205,0.306400104098661
"ENSMUSG00000039745",-1.16187732842097,0.124114740937179,0.308778391670166
"ENSMUSG00000030225",0.820497335551952,0.124540260686086,0.309661970214387
"ENSMUSG00000055531",-0.11145434067037,0.124828091636081,0.310202389209707
"ENSMUSG00000020186",0.857592175972481,0.125101593198162,0.310706609291823
"ENSMUSG00000027306",1.5127539260149,0.125574952712553,0.311611533361948
"ENSMUSG00000024594",0.106155938341079,0.125607557415155,0.311611533361948
"ENSMUSG00000053510",1.14585135706892,0.126343617709862,0.313003251442628
"ENSMUSG00000036880",-0.0861736497137002,0.126407307667095,0.313003251442628
"ENSMUSG00000038346",-1.2948119536008,0.126425255078475,0.313003251442628
"ENSMUSG00000062014",0.81131199996565,0.126453029099067,0.313003251442628
"ENSMUSG00000032306",1.40870998229686,0.12653888545254,0.31303970482104
"ENSMUSG00000026193",0.144104393305881,0.12703840757177,0.314098894226608
"ENSMUSG00000015363",0.169476888389095,0.127186133618674,0.314239198331594
"ENSMUSG00000003662",1.48459329806072,0.127237957606658,0.314239198331594
"ENSMUSG00000036199",-0.138232886365543,0.127496194519111,0.314591862691952
"ENSMUSG00000018042",-0.0855672269255514,0.127523718028276,0.314591862691952
"ENSMUSG00000004880",-0.144061112855884,0.128023874212293,0.315648778940225
"ENSMUSG00000028224",-0.168843440595762,0.128486393315729,0.316611767627393
"ENSMUSG00000028953",0.0931036437608235,0.12893234426257,0.31753287470597
"ENSMUSG00000028552",0.976968859617493,0.130040243133591,0.320082276303655
"ENSMUSG00000067847",-1.57278828125096,0.130333761464495,0.320625424374087
"ENSMUSG00000011884",1.0245089454127,0.130468150181496,0.320753044914895
"ENSMUSG00000031555",0.226181731518277,0.130531402736327,0.320753044914895
"ENSMUSG00000050335",1.18162380251487,0.130932137658298,0.321558224237817
"ENSMUSG00000020576",-0.21595380203345,0.131192375773279,0.32201764962532
"ENSMUSG00000024668",-0.19943569846631,0.131310620641041,0.322128228228105
"ENSMUSG00000060126",0.189391434723841,0.131743928756535,0.323011159029253
"ENSMUSG00000024853",-0.0986944451480412,0.133123119257488,0.326210939784079
"ENSMUSG00000021460",-0.144512982130781,0.133525634886662,0.326844405689045
"ENSMUSG00000031353",0.149376532911088,0.133530161651648,0.326844405689045
"ENSMUSG00000008683",0.0740370197703868,0.133985884519551,0.327777586309362
"ENSMUSG00000027722",1.68586519645347,0.134224652412389,0.328109197043764
"ENSMUSG00000021806",-0.171322793939371,0.134336951676626,0.328109197043764
"ENSMUSG00000060961",-1.54740079813146,0.134380133204488,0.328109197043764
"ENSMUSG00000028790",0.228831332119785,0.134419650595298,0.328109197043764
"ENSMUSG00000030189",0.131107161371229,0.134587000222347,0.328335580919372
"ENSMUSG00000021111",1.14528235104433,0.134823408541272,0.328730094731377
"ENSMUSG00000020074",-0.0608256191680496,0.135216854263023,0.329506852498099
"ENSMUSG00000002477",-0.168193531815007,0.13541943152667,0.329817884974475
"ENSMUSG00000044986",-0.0976465794632588,0.136276292635265,0.331721218964492
"ENSMUSG00000067274",0.0418901005891215,0.136450251220699,0.331961058939909
"ENSMUSG00000057098",-0.925386458915984,0.136646932724575,0.332079747443166
"ENSMUSG00000022820",-0.157202354439907,0.136649948334373,0.332079747443166
"ENSMUSG00000027002",1.17265925973695,0.137292707861755,0.333457619922509
"ENSMUSG00000037608",-0.128301408393508,0.137555107811561,0.333910661598831
"ENSMUSG00000008393",0.308291544149,0.138538019769115,0.336111259649325
"ENSMUSG00000042312",-0.11862148286302,0.138717114333352,0.336360341697566
"ENSMUSG00000024782",-0.096434642883537,0.139389263248187,0.337780492974241
"ENSMUSG00000019846",-0.187334562776698,0.139456295327016,0.337780492974241
"ENSMUSG00000003868",0.093081059004529,0.139754209472841,0.338160261049063
"ENSMUSG00000046707",-0.21663450462642,0.139766760928936,0.338160261049063
"ENSMUSG00000020697",-1.27215175468981,0.140504095939265,0.339757431993794
"ENSMUSG00000025794",-0.175276772553111,0.14063669153828,0.339891312169121
"ENSMUSG00000034868",1.52468157905893,0.140792709375945,0.340081621275266
"ENSMUSG00000039230",-0.948599977390668,0.141071631621424,0.340187503616155
"ENSMUSG00000001016",-0.13200235164129,0.141115131095912,0.340187503616155
"ENSMUSG00000040548",-1.0361203871788,0.141205468845563,0.340187503616155
"ENSMUSG00000039087",-1.20924265757186,0.141230326377163,0.340187503616155
"ENSMUSG00000031328",0.216965290043262,0.141266902734939,0.340187503616155
"ENSMUSG00000037572",1.29812483881918,0.141300330972581,0.340187503616155
"ENSMUSG00000021477",0.16613962502035,0.141479267317687,0.340432069691164
"ENSMUSG00000044252",0.71450415341091,0.141809567060799,0.341040385046217
"ENSMUSG00000025862",-0.102379894554179,0.141939168136456,0.341165635701007
"ENSMUSG00000054428",-0.19666586453193,0.142226110963505,0.341668730540604
"ENSMUSG00000071014",-0.38734446458508,0.142666911594626,0.342527205732082
"ENSMUSG00000035504",1.5622192128835,0.142742936590511,0.342527205732082
"ENSMUSG00000057541",0.841222512040265,0.142819718516833,0.342527205732082
"ENSMUSG00000041959",-0.195234959285049,0.142992699475252,0.342527205732082
"ENSMUSG00000031059",-0.11541581353509,0.143052483000824,0.342527205732082
"ENSMUSG00000026172",1.21802280464155,0.143106407752024,0.342527205732082
"ENSMUSG00000029501",-1.0857015315375,0.143128273424517,0.342527205732082
"ENSMUSG00000034321",-1.21045201261992,0.143391907966946,0.3429716233492
"ENSMUSG00000039148",-0.228360574461476,0.143497981539072,0.343038901006765
"ENSMUSG00000028333",0.118160042381405,0.144682627620928,0.345683085863031
"ENSMUSG00000020954",1.36568842369746,0.145086619694403,0.346460235092278
"ENSMUSG00000040225",0.711735264279717,0.145987098889739,0.348352437589693
"ENSMUSG00000028048",-0.0997584725667799,0.146057522626398,0.348352437589693
"ENSMUSG00000039886",-0.153901534717846,0.146116473481157,0.348352437589693
"ENSMUSG00000030435",-0.0787621716682416,0.146892567074487,0.350013095665846
"ENSMUSG00000025277",-0.120162091407522,0.147718656950205,0.351791022314855
"ENSMUSG00000036057",1.18861214150149,0.148219082062166,0.352791876774253
"ENSMUSG00000046671",-0.217354771319393,0.148632948137453,0.35358573229888
"ENSMUSG00000030036",-0.174763728788886,0.149258751227136,0.354717503159087
"ENSMUSG00000031482",1.18082947417041,0.149269896807687,0.354717503159087
"ENSMUSG00000020739",0.188122138607671,0.149414427809941,0.354869345273369
"ENSMUSG00000025232",0.09729036120698,0.149957717933788,0.355967592570983
"ENSMUSG00000022811",-1.53209960940656,0.150453677184813,0.356896854292013
"ENSMUSG00000003033",1.24815253532331,0.150556521239869,0.356896854292013
"ENSMUSG00000026623",-0.195104347042513,0.150630719514357,0.356896854292013
"ENSMUSG00000000738",-0.127552282133028,0.150673564025122,0.356896854292013
"ENSMUSG00000018765",0.110143654035337,0.150809084924041,0.35696730017853
"ENSMUSG00000028433",1.59102429306496,0.150865525637825,0.35696730017853
"ENSMUSG00000034892",0.106863373125279,0.151584522920555,0.358475811592349
"ENSMUSG00000014551",0.244565681970688,0.151669198104889,0.358483426884865
"ENSMUSG00000037896",-1.17014181310781,0.151790004819478,0.358576388196737
"ENSMUSG00000061607",-0.100955185306233,0.152031334668096,0.358953811091359
"ENSMUSG00000026615",-1.69454679595242,0.153013871956535,0.361079919828799
"ENSMUSG00000053460",1.22990888196027,0.15321956960902,0.361371557261146
"ENSMUSG00000061665",1.12196678648885,0.153438615707835,0.361694348007596
"ENSMUSG00000018433",-1.28582955347597,0.154083255485768,0.363019490039007
"ENSMUSG00000013997",0.803878302605074,0.154926086181156,0.364641012471467
"ENSMUSG00000025940",1.93474480026543,0.155001770424101,0.364641012471467
"ENSMUSG00000029781",0.131539318329811,0.155020071423339,0.364641012471467
"ENSMUSG00000032763",-1.04263390519331,0.155719233274902,0.366089928228014
"ENSMUSG00000041697",-0.208347256828326,0.155833874920572,0.366163845982616
"ENSMUSG00000003235",1.15654700182075,0.156738954203799,0.367917826065411
"ENSMUSG00000021144",-0.832734890628302,0.156747540075584,0.367917826065411
"ENSMUSG00000074896",1.13593733894108,0.157069940022883,0.36845617627754
"ENSMUSG00000007670",-0.108180758538527,0.157144340575538,0.36845617627754
"ENSMUSG00000017760",0.0610063128077805,0.157358377703013,0.368745600452924
"ENSMUSG00000025290",0.105022588595922,0.157435351795284,0.368745600452924
"ENSMUSG00000028565",1.06461151730592,0.157924848039372,0.369388286828052
"ENSMUSG00000029518",-0.0868804297799812,0.157926179958845,0.369388286828052
"ENSMUSG00000022555",-1.63910810270636,0.157971807990282,0.369388286828052
"ENSMUSG00000037643",-0.950212460780342,0.15812016447101,0.369388286828052
"ENSMUSG00000063049",-0.571032573847152,0.158129409766882,0.369388286828052
"ENSMUSG00000079562",0.969480605403763,0.158733178729336,0.370601973256131
"ENSMUSG00000038812",0.94224294702725,0.158875019133743,0.37073645769226
"ENSMUSG00000024866",1.51762210608566,0.159279748287875,0.371483928041834
"ENSMUSG00000022752",-0.0691222594985277,0.159421589714387,0.371516857003977
"ENSMUSG00000007080",-1.13590549202709,0.159462700041016,0.371516857003977
"ENSMUSG00000024908",0.731306684557424,0.160425320961774,0.373561818810988
"ENSMUSG00000034349",0.0599341569710496,0.160570736815928,0.373592896413126
"ENSMUSG00000070394",0.108941918139802,0.160608443538658,0.373592896413126
"ENSMUSG00000031708",-0.099572090884525,0.161961914189191,0.376542199866155
"ENSMUSG00000022200",0.209516099289317,0.162499638138961,0.377592876161333
"ENSMUSG00000026134",0.0828261458804569,0.162791628500822,0.378071745135681
"ENSMUSG00000008333",-1.10855240833977,0.163071884451834,0.378522871029811
"ENSMUSG00000062937",0.0926179928695099,0.163198809640833,0.378617797168849
"ENSMUSG00000024949",0.0482469367846008,0.1635054999939,0.379129454938437
"ENSMUSG00000029056",0.963353643887942,0.163688881093171,0.379174488136687
"ENSMUSG00000022053",-0.120660408442983,0.163697234142173,0.379174488136687
"ENSMUSG00000022672",1.04300105885971,0.164214686178738,0.380172979417478
"ENSMUSG00000015714",1.57027414592987,0.164365095407556,0.380321127701711
"ENSMUSG00000032216",0.0945975322207246,0.164485196083819,0.380399026781338
"ENSMUSG00000031754",-0.0663992145523196,0.164992359279957,0.381371519533137
"ENSMUSG00000034274",-0.228230948898776,0.165099314669391,0.381418416724404
"ENSMUSG00000016252",-0.348878161656916,0.16653492500524,0.384533161043054
"ENSMUSG00000071655",0.189896693802197,0.166706884647093,0.384728368815865
"ENSMUSG00000063694",-0.123727239528911,0.167523536218871,0.386377907074405
"ENSMUSG00000036983",-0.132487549980187,0.167597233493533,0.386377907074405
"ENSMUSG00000028164",-0.082077601647228,0.167839055836742,0.386732819234293
"ENSMUSG00000071533",1.11917328668092,0.16996669534906,0.391430364328212
"ENSMUSG00000022141",-0.146894629148395,0.1702672329134,0.391917412161021
"ENSMUSG00000050732",1.58927579298865,0.170584125900002,0.39224268655779
"ENSMUSG00000022329",0.362885731552211,0.17058679892561,0.39224268655779
"ENSMUSG00000058076",1.05685843573609,0.171635593995676,0.394448171892935
"ENSMUSG00000033712",-0.107967365877752,0.171829727140325,0.394688219804055
"ENSMUSG00000029131",1.26381816014541,0.172013554869644,0.394904358362704
"ENSMUSG00000033793",0.0516476261206051,0.17317991388359,0.397374765902856
"ENSMUSG00000031375",0.507633459275244,0.173671823684999,0.39829582909728
"ENSMUSG00000070780",1.0818964743251,0.174488103338787,0.399959449371876
"ENSMUSG00000031903",-1.270689211053,0.174896209428324,0.400686214312365
"ENSMUSG00000093904",0.152880882520428,0.175069185083751,0.400873820787507
"ENSMUSG00000008435",-0.0930943007708969,0.175608276713653,0.401899129389904
"ENSMUSG00000026755",-1.35320593114659,0.175911850969031,0.402279270496614
"ENSMUSG00000026426",1.75352539781415,0.175957190571684,0.402279270496614
"ENSMUSG00000031347",0.977600654012928,0.176377834492547,0.402985671005934
"ENSMUSG00000020349",0.138209718869227,0.176449304255495,0.402985671005934
"ENSMUSG00000040462",1.282778549636,0.176563741811277,0.403037877443689
"ENSMUSG00000045210",0.854269240615935,0.177096855607974,0.404045236667025
"ENSMUSG00000071337",1.36467647087645,0.17735958060381,0.404434981470138
"ENSMUSG00000024181",-0.121572096769622,0.177582331958653,0.404733217478008
"ENSMUSG00000015747",-0.142587023174112,0.177893717528525,0.405174293032778
"ENSMUSG00000031158",-1.42455711807771,0.177959988282745,0.405174293032778
"ENSMUSG00000024359",-0.073659498427368,0.178144231494164,0.405384055225344
"ENSMUSG00000020528",0.964583980034025,0.178650601240749,0.406326251194076
"ENSMUSG00000064210",-0.195157913767815,0.179943534810791,0.408865568791666
"ENSMUSG00000052533",0.790801778202749,0.179952875880358,0.408865568791666
"ENSMUSG00000024260",-1.08486232355155,0.18007235401084,0.408925918473533
"ENSMUSG00000030611",-0.159446820640234,0.180445873219508,0.409562809715861
"ENSMUSG00000033557",-1.67615426565442,0.180577480582718,0.409650253631207
"ENSMUSG00000007815",-0.126882573490505,0.181150456936716,0.410629499249959
"ENSMUSG00000031996",0.166145162494875,0.181195748135292,0.410629499249959
"ENSMUSG00000025289",-0.0745505801543942,0.181536460731435,0.411018110162238
"ENSMUSG00000029528",-1.06640302328206,0.181554011850804,0.411018110162238
"ENSMUSG00000020570",1.76593930383005,0.182378749838933,0.412428289643932
"ENSMUSG00000041881",-0.122754114421284,0.182398607308825,0.412428289643932
"ENSMUSG00000025809",-0.0644023949355628,0.182458050428706,0.412428289643932
"ENSMUSG00000071646",-0.0807503231310562,0.182613950257616,0.412461709852178
"ENSMUSG00000027770",0.182762667999427,0.182660275505998,0.412461709852178
"ENSMUSG00000035351",-0.162127586841365,0.183148800558551,0.413352754491375
"ENSMUSG00000030779",0.904652658265107,0.183579790432844,0.414113099792387
"ENSMUSG00000018861",-0.157342552041658,0.183754017675724,0.414232087827791
"ENSMUSG00000029672",-1.75041003321843,0.183820783350983,0.414232087827791
"ENSMUSG00000028443",0.829124871060873,0.18459492955881,0.415763707772939
"ENSMUSG00000019054",-0.111091213614483,0.185170256829967,0.416846189416207
"ENSMUSG00000030138",-1.63078867165216,0.18608828393565,0.418698638855214
"ENSMUSG00000062963",0.77774842670205,0.187141294428552,0.420852752570291
"ENSMUSG00000035151",-0.123342213384042,0.187488751406916,0.421418792105127
"ENSMUSG00000000743",0.973340178500578,0.187746994837216,0.421783830667987
"ENSMUSG00000022881",-0.068196601294698,0.187889841980381,0.421889384977377
"ENSMUSG00000029208",-0.721052609622447,0.188553983876356,0.423164754227356
"ENSMUSG00000008976",0.107335990310613,0.188697146536396,0.423270204845402
"ENSMUSG00000028158",-0.11166187803066,0.189265659787976,0.424329174083996
"ENSMUSG00000010663",-0.893761965429913,0.189985990712724,0.425727263302799
"ENSMUSG00000024304",-1.13066864731042,0.190949741864782,0.42766911651242
"ENSMUSG00000060923",1.22337407590467,0.191671516829902,0.429067317176195
"ENSMUSG00000021115",0.143915598525012,0.192027532538498,0.429645740061987
"ENSMUSG00000021040",-0.492229057967396,0.192220914277738,0.429813889242312
"ENSMUSG00000025337",1.58814539102001,0.192298011342448,0.429813889242312
"ENSMUSG00000026199",1.42643136500295,0.192859123121009,0.430849239012975
"ENSMUSG00000022536",-0.10043557388714,0.193079459344266,0.431076429323776
"ENSMUSG00000021866",-0.0926783333271111,0.193244234893844,0.431076429323776
"ENSMUSG00000042055",0.917455017227329,0.193254668269895,0.431076429323776
"ENSMUSG00000025733",0.108208480833333,0.193561470703491,0.431542063103377
"ENSMUSG00000031628",1.29894191935564,0.194766942858716,0.43385509168572
"ENSMUSG00000019055",-0.0542889431068367,0.194796105696656,0.43385509168572
"ENSMUSG00000027533",0.122671191866978,0.195337308683919,0.434840412502745
"ENSMUSG00000042487",1.111253767349,0.195455260065455,0.434883012916111
"ENSMUSG00000031839",-1.46479027308315,0.196512569266015,0.437014561566313
"ENSMUSG00000025958",1.13660623834759,0.196632196174365,0.437059745133021
"ENSMUSG00000025137",1.33250697531472,0.196862341011045,0.437350410292584
"ENSMUSG00000043162",-1.30686676033961,0.19749466778801,0.438533820855213
"ENSMUSG00000031921",0.963004665467679,0.197980371474743,0.439390627766184
"ENSMUSG00000000378",0.91863916459862,0.198223645029873,0.439708801298624
"ENSMUSG00000062997",0.0863078769895615,0.198409526946563,0.43972695546484
"ENSMUSG00000022386",1.2250747229619,0.198431659521284,0.43972695546484
"ENSMUSG00000040464",0.911116527205191,0.198709318058428,0.440120638538067
"ENSMUSG00000032231",-0.104991716886566,0.198813905691671,0.440130784179599
"ENSMUSG00000030615",-0.165848761605357,0.19926163416495,0.440900176953215
"ENSMUSG00000022673",-0.0572095228656337,0.199858689644709,0.441999041772043
"ENSMUSG00000068798",-0.0864245721926871,0.200142445593823,0.442404270747572
"ENSMUSG00000003617",0.309685239915389,0.201783016989972,0.445716681218066
"ENSMUSG00000068040",-0.821591199346305,0.202109590700043,0.445716681218066
"ENSMUSG00000027940",1.27083798383259,0.202199865987449,0.445716681218066
"ENSMUSG00000039640",-0.0732538723941047,0.202321153585125,0.445716681218066
"ENSMUSG00000030204",0.219964739165242,0.202446351805746,0.445716681218066
"ENSMUSG00000039356",-1.1938932468905,0.20246691367797,0.445716681218066
"ENSMUSG00000003355",-1.26525900531318,0.202589639622087,0.445716681218066
"ENSMUSG00000029994",-0.123385929012642,0.202673609158931,0.445716681218066
"ENSMUSG00000026761",-0.882902927539096,0.202762439773532,0.445716681218066
"ENSMUSG00000021910",1.01947711777069,0.202827114968914,0.445716681218066
"ENSMUSG00000030264",1.32796320912163,0.202853116187944,0.445716681218066
"ENSMUSG00000027067",-0.063634587731503,0.202856285498702,0.445716681218066
"ENSMUSG00000041297",0.852426806111275,0.203245599672989,0.446064790329199
"ENSMUSG00000026853",-0.0906734040134829,0.203373225484885,0.446064790329199
"ENSMUSG00000002064",-0.102015578030414,0.203385970172597,0.446064790329199
"ENSMUSG00000027835",1.70466879934986,0.203422083123604,0.446064790329199
"ENSMUSG00000041231",1.05129961060831,0.203521494883215,0.446064790329199
"ENSMUSG00000024222",-0.0577503665926464,0.203663682290242,0.446154238805055
"ENSMUSG00000045302",-0.171062245484308,0.203847798767246,0.446335404166492
"ENSMUSG00000074643",1.19729900006108,0.204629885016591,0.447825024345109
"ENSMUSG00000028042",0.716658237366744,0.205151286582989,0.448630386644892
"ENSMUSG00000027303",1.03973619056794,0.205201765125237,0.448630386644892
"ENSMUSG00000060288",0.109375138409707,0.205648664979577,0.449384197902243
"ENSMUSG00000028430",-1.1905638939859,0.205967564307302,0.449857692563988
"ENSMUSG00000019763",-1.2599232657415,0.207204222595361,0.452248202357891
"ENSMUSG00000025417",1.40615546351411,0.207267581039733,0.452248202357891
"ENSMUSG00000024914",0.955284830230333,0.208757407760974,0.455126028837235
"ENSMUSG00000008136",1.10991133697988,0.208793331566094,0.455126028837235
"ENSMUSG00000020328",0.710983346220637,0.209431513312824,0.456291133707792
"ENSMUSG00000027091",0.82208985758238,0.210331414564939,0.458025015091685
"ENSMUSG00000061461",-0.119968309867549,0.210701991359126,0.458605076148128
"ENSMUSG00000027018",0.147817189441646,0.210961574451924,0.458943098943607
"ENSMUSG00000010376",-1.79410046618983,0.21180838547997,0.460557660324776
"ENSMUSG00000078452",0.914463029914039,0.213267077492385,0.463427932045875
"ENSMUSG00000031954",1.66879038968402,0.213420443952321,0.463427932045875
"ENSMUSG00000024121",1.14445356371117,0.213444312260165,0.463427932045875
"ENSMUSG00000038024",0.937703826020993,0.214005968520787,0.46441827784023
"ENSMUSG00000055553",-1.95573628621723,0.21443553379609,0.465121135651352
"ENSMUSG00000027498",-1.06419527716749,0.214742141479376,0.465496924843707
"ENSMUSG00000029625",1.24397569718671,0.214820325916285,0.465496924843707
"ENSMUSG00000013415",0.651621001428872,0.214994099085377,0.46553348963231
"ENSMUSG00000024712",-1.44635147165612,0.215048758105541,0.46553348963231
"ENSMUSG00000054693",-0.117848636153585,0.215595677010676,0.466487991408056
"ENSMUSG00000038762",0.0931387329935411,0.215907499320796,0.466933122609741
"ENSMUSG00000041453",-0.0994181693675458,0.216678255737749,0.468369844549035
"ENSMUSG00000047963",1.23979015729304,0.217535434872441,0.469991874753859
"ENSMUSG00000043284",-0.114195966428575,0.218013812712393,0.470794303114446
"ENSMUSG00000036932",-0.0826545830239418,0.218462856821956,0.471532630148813
"ENSMUSG00000019261",1.22022396677588,0.218811759493917,0.4720541929082
"ENSMUSG00000005534",-0.4842559469474,0.219762708614308,0.47387343489053
"ENSMUSG00000028312",0.0433801315876643,0.220087194266014,0.474072817964072
"ENSMUSG00000035863",1.26211299422255,0.220170644593115,0.474072817964072
"ENSMUSG00000006932",-0.218424627548487,0.220178332178724,0.474072817964072
"ENSMUSG00000022844",1.23723936374188,0.220287394887227,0.474075708996912
"ENSMUSG00000004394",0.845756878657394,0.220478177760061,0.474254379434032
"ENSMUSG00000026715",1.81898362411492,0.220626696971046,0.474342009462419
"ENSMUSG00000000581",-0.845521605715668,0.220923854824864,0.474521304679635
"ENSMUSG00000021193",-0.05204312690433,0.220925733535236,0.474521304679635
"ENSMUSG00000005881",1.2844444370016,0.22115770533995,0.474583157413446
"ENSMUSG00000020850",-0.0537835025612807,0.22117020128493,0.474583157413446
"ENSMUSG00000056305",0.0960214823509133,0.221385865893764,0.47481442290373
"ENSMUSG00000020076",-0.122304513151786,0.222683453066084,0.477364772013559
"ENSMUSG00000038683",1.41098050197034,0.223435139114781,0.478742963604748
"ENSMUSG00000027163",1.35366170758578,0.224386829761151,0.480548144904538
"ENSMUSG00000042215",-0.147207035046403,0.225066392210224,0.481769062313812
"ENSMUSG00000001911",0.111956528074877,0.225884635712225,0.483285504020176
"ENSMUSG00000033216",1.19050362635412,0.226152195555961,0.483622843849264
"ENSMUSG00000016833",-0.897131243839986,0.226729350627716,0.484621598889062
"ENSMUSG00000031827",0.142615269162729,0.22697550788199,0.484698877806578
"ENSMUSG00000051671",-1.58263625726129,0.227032968217785,0.484698877806578
"ENSMUSG00000032309",0.990784621392596,0.227095906847799,0.484698877806578
"ENSMUSG00000021884",1.21284687645336,0.228009514324606,0.486344419170649
"ENSMUSG00000020366",0.827136147830778,0.228133795295782,0.486344419170649
"ENSMUSG00000038240",-1.33128817583203,0.228198415266392,0.486344419170649
"ENSMUSG00000022817",0.820810168372073,0.228747226496383,0.487278094777629
"ENSMUSG00000038299",1.03557510234731,0.229013423778426,0.487609133066691
"ENSMUSG00000040843",-1.13169159709526,0.230573115425695,0.490692592354198
"ENSMUSG00000020264",-1.32257998741435,0.230759850017092,0.490852634086623
"ENSMUSG00000028412",1.25925271006902,0.231204124634228,0.491550581207727
"ENSMUSG00000032312",0.883814859750704,0.231311350529698,0.491550581207727
"ENSMUSG00000031533",-0.087517441210732,0.231767008981748,0.492281180757082
"ENSMUSG00000033860",1.6402969050824,0.233139268771921,0.494957029360939
"ENSMUSG00000002233",-0.180124578301808,0.233610191923698,0.495717673411858
"ENSMUSG00000002059",0.12970504736683,0.234275656243105,0.496833603361299
"ENSMUSG00000021666",-0.128828827748066,0.234414810840748,0.496833603361299
"ENSMUSG00000070934",0.134652197672185,0.234474754415228,0.496833603361299
"ENSMUSG00000040043",0.113665684003138,0.234860156678413,0.497410755313616
"ENSMUSG00000062729",-0.0700644365034151,0.235403574326458,0.498321852145619
"ENSMUSG00000030802",-0.711849302917862,0.235672470008898,0.498651221398635
"ENSMUSG00000031134",1.6131440094484,0.236312123810026,0.499764371402173
"ENSMUSG00000029916",0.13445781882016,0.23679230324117,0.500539349934864
"ENSMUSG00000025538",-0.137035694147404,0.237073222960889,0.500557202936956
"ENSMUSG00000019864",-0.0741637425385271,0.237211433424798,0.500557202936956
"ENSMUSG00000020163",-2.03886140022428,0.2372168781095,0.500557202936956
"ENSMUSG00000036327",-1.336460328669,0.23725569764292,0.500557202936956
"ENSMUSG00000023272",-0.154940455594001,0.239128793256704,0.504267282761262
"ENSMUSG00000030795",0.142185366109697,0.23956312541584,0.504746898689855
"ENSMUSG00000038976",0.966126538738596,0.239585610398343,0.504746898689855
"ENSMUSG00000031333",-0.0733066889095504,0.240160507061675,0.505715976831786
"ENSMUSG00000043572",-1.62772958086977,0.240548403130914,0.506156068114673
"ENSMUSG00000025142",1.09206509896,0.240599521585071,0.506156068114673
"ENSMUSG00000032571",1.38604643475559,0.243898342039214,0.512850742147435
"ENSMUSG00000021248",0.0877106687313365,0.244034386061531,0.512891754086342
"ENSMUSG00000037815",0.0748822679095582,0.244818538409403,0.514294218396078
"ENSMUSG00000040459",0.799180209432386,0.245448921842947,0.515372473774242
"ENSMUSG00000005125",1.40127328037648,0.245571145820272,0.51538322019791
"ENSMUSG00000042719",1.34773856147357,0.245703096480179,0.515414360156943
"ENSMUSG00000046020",-0.171993868120154,0.246298727437043,0.51586487116497
"ENSMUSG00000004530",0.0655871222583819,0.246314640579429,0.51586487116497
"ENSMUSG00000025823",0.0685324333856059,0.246353047616949,0.51586487116497
"ENSMUSG00000008036",1.54711958675014,0.246386721015398,0.51586487116497
"ENSMUSG00000021036",-1.06899219167555,0.246623433443835,0.516114945595016
"ENSMUSG00000018446",-0.133781370843476,0.247267581514389,0.517086830428646
"ENSMUSG00000032026",0.69311971232014,0.247322830732174,0.517086830428646
"ENSMUSG00000021687",1.2393773495921,0.247450412415466,0.517098823707719
"ENSMUSG00000003970",0.0719437328034331,0.247563558634893,0.517098823707719
"ENSMUSG00000015943",-0.159764501675781,0.247696549127125,0.517131173011612
"ENSMUSG00000028759",-0.0631607441563276,0.247936675370757,0.517387059415221
"ENSMUSG00000002319",-0.106356786906485,0.248291246422682,0.517881410192523
"ENSMUSG00000001707",0.0925622775900834,0.248649753901925,0.518235759313033
"ENSMUSG00000047710",-0.134934597426213,0.24873555621671,0.518235759313033
"ENSMUSG00000001445",-0.0804815242916241,0.248814396598146,0.518235759313033
"ENSMUSG00000029125",1.07512207623921,0.249007196342281,0.518391992006802
"ENSMUSG00000000538",1.04917240801521,0.249324268611278,0.518806669578362
"ENSMUSG00000028980",-0.13486094533414,0.250070802715655,0.52011417899414
"ENSMUSG00000021003",-1.91770082286225,0.250340412539295,0.520428982326612
"ENSMUSG00000019943",0.100585100743796,0.2517239819728,0.52305818917011
"ENSMUSG00000024976",1.07021038970141,0.252255840129593,0.523915975653769
"ENSMUSG00000031575",1.2650303428606,0.252700531206108,0.524368178531117
"ENSMUSG00000028955",0.141324729419132,0.252783505588939,0.524368178531117
"ENSMUSG00000002129",-0.0639696270623986,0.252831009962061,0.524368178531117
"ENSMUSG00000006169",0.0940669485978383,0.252953551264922,0.524375213903401
"ENSMUSG00000002812",0.118788283089135,0.253318858461974,0.524885261813158
"ENSMUSG00000020537",0.147424144647747,0.253596979366061,0.525214261736487
"ENSMUSG00000028106",1.67758941747242,0.253870603635411,0.52553364374386
"ENSMUSG00000031848",-0.0725039234801699,0.254098714482397,0.525758553096864
"ENSMUSG00000009614",-0.115799682760525,0.2545061073682,0.526354031262898
"ENSMUSG00000017756",-0.101500733604425,0.255531977417229,0.528227446037212
"ENSMUSG00000026219",-0.0847609478626374,0.256113244328464,0.529180463985714
"ENSMUSG00000010914",-0.0756109071638988,0.256395494021039,0.529401352200057
"ENSMUSG00000026849",1.17162335765386,0.256460732308685,0.529401352200057
"ENSMUSG00000004667",0.765411813759709,0.256688484747892,0.529623076125397
"ENSMUSG00000024085",0.0847023793272506,0.257829293440121,0.531727610323323
"ENSMUSG00000036986",-0.123288571848022,0.25830738212912,0.532464069672251
"ENSMUSG00000001025",0.171562916594439,0.258501555672184,0.53261486259985
"ENSMUSG00000058301",0.0430626209130693,0.259974902707086,0.535215793582685
"ENSMUSG00000005354",-0.102567892819767,0.260007127171048,0.535215793582685
"ENSMUSG00000003814",0.108095611933777,0.262190489278075,0.53945785101113
"ENSMUSG00000020457",-0.644796910942112,0.262386694649307,0.539609272500747
"ENSMUSG00000033083",1.36075850115985,0.262733281407334,0.540069673738289
"ENSMUSG00000044030",-1.2650613146406,0.263155140160315,0.540684300581488
"ENSMUSG00000025140",-0.138883905282885,0.263728428682752,0.541504886794163
"ENSMUSG00000053907",0.0960306902667298,0.263902076042194,0.541504886794163
"ENSMUSG00000029726",-1.18811152770288,0.263923649664503,0.541504886794163
"ENSMUSG00000027305",-0.118231205351186,0.264145167933653,0.541706842533087
"ENSMUSG00000002870",-0.0329910177280617,0.264595930744,0.542378524082135
"ENSMUSG00000006333",0.09284055938598,0.265094633676276,0.543147803914939
"ENSMUSG00000036565",1.13772935548018,0.266446602248573,0.545663795484397
"ENSMUSG00000003099",0.973497366868902,0.266982791105862,0.546262908209105
"ENSMUSG00000025358",-0.0960814658062148,0.266987392764778,0.546262908209105
"ENSMUSG00000007833",0.756506240351236,0.267229877486862,0.546504967853012
"ENSMUSG00000022878",1.20186821828736,0.268052592302126,0.547932865174944
"ENSMUSG00000017999",1.24354858425065,0.268698250509564,0.548997678965921
"ENSMUSG00000000711",-0.107497062171024,0.268982017585201,0.549139073782676
"ENSMUSG00000051329",-0.10587963061533,0.269017005924892,0.549139073782676
"ENSMUSG00000015092",1.69158404792674,0.269350980160919,0.549438357605071
"ENSMUSG00000029199",-0.0928295233920657,0.269413309636842,0.549438357605071
"ENSMUSG00000028657",0.649917274699462,0.269909965604055,0.550196275416139
"ENSMUSG00000015289",1.46756734303946,0.270943992031154,0.552048383763476
"ENSMUSG00000024800",-0.865010870470527,0.271299309421133,0.552516548247295
"ENSMUSG00000034432",0.08301879949056,0.27166749613482,0.553010476637068
"ENSMUSG00000020621",1.19182085259178,0.272057537987434,0.55354841640439
"ENSMUSG00000026918",1.53874902583321,0.272251942831333,0.553687985397733
"ENSMUSG00000011257",0.110384794701059,0.273587620600263,0.556147398735224
"ENSMUSG00000036529",0.93922359186514,0.273716254714027,0.556152002306755
"ENSMUSG00000032336",-0.682341963274865,0.274100731345187,0.556676196885172
"ENSMUSG00000004460",0.0891826429839035,0.27468323477063,0.557358218036873
"ENSMUSG00000020544",-0.149130735366064,0.274689837519195,0.557358218036873
"ENSMUSG00000005054",0.104774265505146,0.274966504566423,0.557662482302685
"ENSMUSG00000027447",-0.895037887525568,0.275106320299176,0.557689044512516
"ENSMUSG00000094483",0.0829048930404923,0.277031579662269,0.561333325089155
"ENSMUSG00000024454",0.826747606967054,0.277448832941928,0.561920070767338
"ENSMUSG00000042082",-0.0824090247286264,0.279193957001417,0.564980171508974
"ENSMUSG00000046994",-1.41196195751894,0.279216512845267,0.564980171508974
"ENSMUSG00000029390",1.09353077162991,0.279537618839559,0.565369972662178
"ENSMUSG00000038274",1.04048117398559,0.280741130731573,0.567313172858829
"ENSMUSG00000020594",0.866704724607434,0.280756212335044,0.567313172858829
"ENSMUSG00000020464",-0.0705554435319975,0.281022731870203,0.567591116549226
"ENSMUSG00000029598",-0.0592903132294431,0.281465897201783,0.56822541907571
"ENSMUSG00000041841",0.121760390253652,0.281874927887776,0.568790260263229
"ENSMUSG00000062075",-0.105054552387084,0.282106508544662,0.568996674658596
"ENSMUSG00000026181",0.896587777825484,0.282504547418572,0.569538485198871
"ENSMUSG00000071662",1.21938990029057,0.283958992655453,0.572208574485645
"ENSMUSG00000079316",-0.666551128165029,0.285057726377494,0.574159750017094
"ENSMUSG00000026074",1.02949908502646,0.286690215609681,0.577183732341356
"ENSMUSG00000024413",-1.75398538952823,0.286989207409747,0.577521491454182
"ENSMUSG00000025362",0.0879513781134449,0.287310888039482,0.577904578730238
"ENSMUSG00000018417",-0.0673540822083929,0.287724755327623,0.578239521328187
"ENSMUSG00000046718",0.231453558658348,0.287740184437339,0.578239521328187
"ENSMUSG00000034187",0.0473872956573125,0.288968600823195,0.580443090927833
"ENSMUSG00000034021",-0.0343453910308078,0.290206348413187,0.582663384747462
"ENSMUSG00000028093",-0.0812060541118846,0.290467219399611,0.582921218685677
"ENSMUSG00000025534",-0.0712867708535896,0.290937797222517,0.583599473826937
"ENSMUSG00000033577",0.925035831968739,0.291424802186071,0.584310047572163
"ENSMUSG00000058569",0.155345118197388,0.293284705440413,0.587704354277831
"ENSMUSG00000034875",-0.736634502066053,0.29343470028976,0.587704354277831
"ENSMUSG00000040675",-0.0527191792942361,0.293577148102161,0.587704354277831
"ENSMUSG00000031245",0.0981541171348823,0.293651868906374,0.587704354277831
"ENSMUSG00000021868",-0.0791051322069904,0.294110653688135,0.588354994037038
"ENSMUSG00000061458",-0.928535199971748,0.294315579063295,0.588497439099301
"ENSMUSG00000046879",0.196941435605446,0.294646093307879,0.588890761420516
"ENSMUSG00000020079",-0.059076726625932,0.295181221621201,0.589692490401682
"ENSMUSG00000009549",-0.782232472588166,0.295676216363665,0.590272160730949
"ENSMUSG00000022751",0.0763757191074035,0.295739630632071,0.590272160730949
"ENSMUSG00000027905",1.05946191507829,0.295951461420725,0.59042719025957
"ENSMUSG00000037234",0.917052552022959,0.297144742523793,0.592462987710875
"ENSMUSG00000021993",0.541671268642858,0.297241144482075,0.592462987710875
"ENSMUSG00000067713",0.850194834933486,0.298364187791119,0.594432227464334
"ENSMUSG00000036257",-0.106428692877373,0.299553348032822,0.59653135053957
"ENSMUSG00000026499",-0.0977639190845565,0.300429516443725,0.598005563938867
"ENSMUSG00000034723",1.21102182011732,0.30092601512846,0.59852876544285
"ENSMUSG00000066037",-0.0556184533586581,0.300964362173376,0.59852876544285
"ENSMUSG00000024079",0.247539765342825,0.30168910971763,0.599699083950898
"ENSMUSG00000049225",1.13505743586224,0.302130107218236,0.600018644351142
"ENSMUSG00000024902",-0.0680192322011486,0.302210182520003,0.600018644351142
"ENSMUSG00000024997",-0.0396079698603344,0.302258880828558,0.600018644351142
"ENSMUSG00000073987",0.0638504220245011,0.302838345339593,0.600897907051194
"ENSMUSG00000028671",1.02541764667258,0.303730610113083,0.602396762103505
"ENSMUSG00000051346",1.19572011261976,0.304433679925394,0.603519200608856
"ENSMUSG00000020022",-0.0747862853442847,0.304964785850299,0.604299875068512
"ENSMUSG00000026019",0.590326944245458,0.305706163754598,0.605496321639958
"ENSMUSG00000063445",-0.110705335013275,0.308356448309373,0.61047086325216
"ENSMUSG00000020777",-0.0669635875088836,0.308843345489256,0.611159875673658
"ENSMUSG00000040511",-1.31161501011071,0.309637173630874,0.612287603655312
"ENSMUSG00000031796",-0.934271832869243,0.309691480512775,0.612287603655312
"ENSMUSG00000038644",0.098933538633748,0.310659991519996,0.613926637934217
"ENSMUSG00000022721",0.595503468342375,0.312563005812824,0.617410138501901
"ENSMUSG00000029513",0.937092428389597,0.312813988418694,0.617628695841486
"ENSMUSG00000021496",-0.0760650892967973,0.313679183660367,0.618944485381177
"ENSMUSG00000015869",0.777494806771337,0.313783954390237,0.618944485381177
"ENSMUSG00000062515",0.0962380127601676,0.313902315694339,0.618944485381177
"ENSMUSG00000026980",-0.680994048007179,0.314366202087599,0.619581574289084
"ENSMUSG00000028741",-0.0971436515138464,0.31484949993161,0.620256333571627
"ENSMUSG00000027620",-0.0547005296593248,0.315000523098015,0.62027619783193
"ENSMUSG00000020708",0.0470104831886147,0.315700036495209,0.621375608504211
"ENSMUSG00000028378",0.916784068159359,0.316422744619485,0.622519668784243
"ENSMUSG00000067873",0.0668654439136418,0.316694132098469,0.622775190064952
"ENSMUSG00000028609",0.0998258748970429,0.316963199695347,0.622810221298979
"ENSMUSG00000020744",-0.110081092763192,0.316994977439153,0.622810221298979
"ENSMUSG00000007458",0.957047928019897,0.317293129746268,0.623117833116165
"ENSMUSG00000021814",0.202924788043674,0.317911593053981,0.623815104283855
"ENSMUSG00000039781",1.19105013595999,0.317954485830167,0.623815104283855
"ENSMUSG00000049287",1.15412580177146,0.318073413772545,0.623815104283855
"ENSMUSG00000024414",0.729151783014427,0.318416491756547,0.623825858889407
"ENSMUSG00000036968",-0.112424490663397,0.318440001246158,0.623825858889407
"ENSMUSG00000020329",-0.785470184281607,0.318504136542717,0.623825858889407
"ENSMUSG00000025261",0.0839685367376291,0.319505560330527,0.625508883903313
"ENSMUSG00000028648",-0.0783912824214958,0.319737431866454,0.625684498730219
"ENSMUSG00000024384",-0.092125732819234,0.320500322708316,0.626898631217467
"ENSMUSG00000017548",-0.518047013929412,0.321922085449551,0.629399865865604
"ENSMUSG00000003299",-0.109442230313981,0.322756702625289,0.630751442386277
"ENSMUSG00000000384",-0.0770726716597991,0.323533397876152,0.631988674679513
"ENSMUSG00000019362",1.59173008047589,0.32387103285839,0.63236753132643
"ENSMUSG00000032667",0.625772836726636,0.324688053882643,0.633681651945681
"ENSMUSG00000040236",0.846902683127361,0.32496406937618,0.633939215126139
"ENSMUSG00000079426",0.0666414420902868,0.326007457741502,0.635692876172064
"ENSMUSG00000024038",-0.0650340878095577,0.327045306226183,0.637434186315957
"ENSMUSG00000042709",-0.0675598256739889,0.327381326645278,0.637806648324864
"ENSMUSG00000040667",0.579715648643049,0.328087115208998,0.638898846918053
"ENSMUSG00000040385",0.0694828257607405,0.328358186823553,0.639143909867518
"ENSMUSG00000021906",0.101849129116147,0.328529386780456,0.639194443510515
"ENSMUSG00000023830",0.0582793129091606,0.328796947367252,0.639432331137108
"ENSMUSG00000028452",0.0544831928140539,0.329760915347453,0.641023758146706
"ENSMUSG00000027999",-0.131095437017336,0.330077445804119,0.64135577880085
"ENSMUSG00000004451",-0.110054012563413,0.330853409995583,0.642579813499806
"ENSMUSG00000043962",0.101528981545318,0.333026123033576,0.64643487776971
"ENSMUSG00000021079",-0.0712151347936434,0.333354066677749,0.64643487776971
"ENSMUSG00000035754",0.821748414538021,0.333361912532757,0.64643487776971
"ENSMUSG00000057130",1.07916047333216,0.333425851519482,0.64643487776971
"ENSMUSG00000043716",0.048176174783066,0.333774701038158,0.646826270043564
"ENSMUSG00000059005",-1.4972582975025,0.334183665907548,0.647333764814752
"ENSMUSG00000039361",0.0767892931371534,0.334525866176276,0.647711542913238
"ENSMUSG00000032383",0.0938463081513525,0.335195676194117,0.648318245217627
"ENSMUSG00000061232",-0.121377230428561,0.335236211334222,0.648318245217627
"ENSMUSG00000005410",-0.0365988405600532,0.335281146583803,0.648318245217627
"ENSMUSG00000058546",0.0816328731745877,0.336935029156015,0.651161416909692
"ENSMUSG00000039671",-0.711188647725891,0.337047422794882,0.651161416909692
"ENSMUSG00000037710",-0.0591505555690262,0.337877209126586,0.652478103276045
"ENSMUSG00000009079",0.0841611817433652,0.338346914996294,0.653098584604689
"ENSMUSG00000030987",-0.134594939643485,0.338970295052265,0.654015023465593
"ENSMUSG00000024217",-1.30503427663517,0.339659741173428,0.654908132859124
"ENSMUSG00000060802",-0.118938428902695,0.339730803753097,0.654908132859124
"ENSMUSG00000020132",-0.0934579718806532,0.339984181170647,0.655109624050796
"ENSMUSG00000048109",-0.103571759948242,0.341488697189978,0.657720681108574
"ENSMUSG00000023104",-0.0500151624282701,0.342052234566425,0.658517884657408
"ENSMUSG00000024695",-0.881188108806931,0.342324170694226,0.65875324670979
"ENSMUSG00000002808",0.657290167663248,0.342623791713989,0.659041655303001
"ENSMUSG00000037935",0.0713974291818076,0.343221154874529,0.659902272871473
"ENSMUSG00000031928",-0.0737768574087099,0.344173751750342,0.661444839062557
"ENSMUSG00000034120",-0.118271456398048,0.344646458062985,0.662064191154603
"ENSMUSG00000052911",-0.101768956224554,0.34530619408986,0.663000412360832
"ENSMUSG00000008373",-0.0491660404352814,0.345482636515877,0.663000412360832
"ENSMUSG00000022255",0.0900822048665546,0.345617205251469,0.663000412360832
"ENSMUSG00000024082",0.103263824732888,0.345736411353808,0.663000412360832
"ENSMUSG00000049047",-0.628572399220332,0.346397904530715,0.66397960707303
"ENSMUSG00000023939",0.64877167686511,0.348144048734941,0.667036116013267
"ENSMUSG00000020523",0.78576909168337,0.348851279381724,0.667681711866099
"ENSMUSG00000027573",0.933012800064031,0.348918451676198,0.667681711866099
"ENSMUSG00000031840",-0.739154687910752,0.348936136626228,0.667681711866099
"ENSMUSG00000022841",0.0539534361113745,0.350335099989012,0.670067264255385
"ENSMUSG00000001576",0.104943863384726,0.351905434638803,0.672778374389822
"ENSMUSG00000015994",0.760691303007956,0.352416314414096,0.673462527024071
"ENSMUSG00000029993",0.107523492526443,0.352610699817512,0.673541532073295
"ENSMUSG00000005299",0.0456614478360429,0.353011378969294,0.674014350908401
"ENSMUSG00000026500",-0.688086206077987,0.353542488394987,0.674599522563823
"ENSMUSG00000047250",-0.070140488959769,0.353624425938364,0.674599522563823
"ENSMUSG00000037808",-0.072068849196544,0.354656500172555,0.676275241446888
"ENSMUSG00000019302",-0.0934078749154352,0.35550118736366,0.677455525044283
"ENSMUSG00000069844",0.677462177469781,0.355583336253646,0.677455525044283
"ENSMUSG00000039063",-0.0640808004942137,0.35617189083937,0.678283207089601
"ENSMUSG00000041506",-0.566635232923815,0.356524388056397,0.678660826918774
"ENSMUSG00000030105",0.057237628003012,0.357052963527158,0.678937318185596
"ENSMUSG00000022674",1.20035153929618,0.357171343716065,0.678937318185596
"ENSMUSG00000043991",0.622547485704978,0.357266155247468,0.678937318185596
"ENSMUSG00000042133",0.985391309602552,0.357286714137205,0.678937318185596
"ENSMUSG00000032115",-0.0378022447271391,0.358408026027849,0.680774157336454
"ENSMUSG00000048612",0.0693251168338733,0.359337271018746,0.682110773317694
"ENSMUSG00000068523",-1.06877040041454,0.359421695824525,0.682110773317694
"ENSMUSG00000037949",-0.0709139366513618,0.36187415979566,0.686469041922716
"ENSMUSG00000027076",-0.0847072325792517,0.362564507139697,0.687482290358383
"ENSMUSG00000039615",0.0862332237966399,0.362827941305571,0.68768551666056
"ENSMUSG00000032939",-0.047289504455037,0.363264841835035,0.688217205732239
"ENSMUSG00000029535",-0.843175337702064,0.363482801788666,0.688333825590327
"ENSMUSG00000016619",0.0876916872650284,0.364011913049968,0.68879589430179
"ENSMUSG00000035443",0.526338943025536,0.364039820528508,0.68879589430179
"ENSMUSG00000037344",-0.48500719695344,0.364216022324021,0.68883313891191
"ENSMUSG00000054027",-0.672595559681071,0.364572780614124,0.689211687063042
"ENSMUSG00000031767",1.08394777290364,0.364846120836227,0.689432279003966
"ENSMUSG00000032621",0.529611657407152,0.365468297919311,0.690119150534679
"ENSMUSG00000030678",0.526764004108074,0.36552323106029,0.690119150534679
"ENSMUSG00000018906",0.692812944054165,0.367489424818732,0.693533858759536
"ENSMUSG00000000631",0.47824526124035,0.367779875244477,0.693784496764228
"ENSMUSG00000025858",1.01404784381596,0.368333101191533,0.694530410601515
"ENSMUSG00000046785",0.696505879695287,0.368682055303606,0.694890674685727
"ENSMUSG00000062006",0.0465457780735008,0.369787155395646,0.696675201582294
"ENSMUSG00000040713",-1.23923130395684,0.370544542050052,0.697803393051896
"ENSMUSG00000037415",-0.704175506189301,0.371768963270409,0.699788496534749
"ENSMUSG00000001123",0.156289948785915,0.371916676526875,0.699788496534749
"ENSMUSG00000027935",0.611185278855729,0.372315540775654,0.70006726356882
"ENSMUSG00000056310",-0.0670652063110104,0.37238297296401,0.70006726356882
"ENSMUSG00000008892",-0.048217412784556,0.37274965023922,0.70045739141879
"ENSMUSG00000057421",-0.903224073532577,0.37308311850619,0.700784807744661
"ENSMUSG00000029366",0.630896964145279,0.373335996165829,0.700960631026371
"ENSMUSG00000021665",0.0744968608020926,0.375771477633108,0.705232525826571
"ENSMUSG00000053286",0.521955498987406,0.376155196778352,0.705651756616166
"ENSMUSG00000029516",-0.386467058779317,0.376629155463493,0.70623984371318
"ENSMUSG00000030869",-0.0504010233811591,0.377651471312,0.707855249252178
"ENSMUSG00000033039",-0.635328876737546,0.378433945258636,0.708906768283351
"ENSMUSG00000028809",-0.0524355656883166,0.378534629735486,0.708906768283351
"ENSMUSG00000020456",-0.0479165522416061,0.37879787592168,0.709068820184563
"ENSMUSG00000020736",-0.605201092471805,0.378943391291545,0.709068820184563
"ENSMUSG00000036698",1.27733346634955,0.379394903477207,0.709611972037053
"ENSMUSG00000054099",-0.0723011021352242,0.380033904497301,0.710505188484546
"ENSMUSG00000029020",0.491410475590019,0.380280478970987,0.710664283631131
"ENSMUSG00000024077",0.0622746864662496,0.381717562855899,0.713047111260107
"ENSMUSG00000043207",0.151721662974666,0.382082935325072,0.713426813052881
"ENSMUSG00000024529",-0.108224584229884,0.38254464210592,0.713985992327461
"ENSMUSG00000024812",0.685250350426525,0.383237950541862,0.714976778437785
"ENSMUSG00000026956",0.0623373246158252,0.384254386929804,0.716569303761894
"ENSMUSG00000024513",0.770401938720006,0.38488791642569,0.717335491772441
"ENSMUSG00000019173",0.0907047483742751,0.385136995001153,0.717335491772441
"ENSMUSG00000026887",-0.0707209557530497,0.385258750584263,0.717335491772441
"ENSMUSG00000030704",-0.0561822292852838,0.385317223937753,0.717335491772441
"ENSMUSG00000018340",-0.814764412401292,0.386464218137915,0.719166606353051
"ENSMUSG00000038619",0.978840143860779,0.387934295905952,0.721256360135597
"ENSMUSG00000030868",0.550741551311596,0.387982939899729,0.721256360135597
"ENSMUSG00000003458",0.703657810865273,0.388078859532173,0.721256360135597
"ENSMUSG00000024392",0.755752543529233,0.388323812124973,0.721406963766149
"ENSMUSG00000024335",-0.638307632753321,0.389091321893006,0.722527809135494
"ENSMUSG00000027131",0.878505178248716,0.389913527498151,0.72324714424266
"ENSMUSG00000023967",-0.0791188411353652,0.389939941653641,0.72324714424266
"ENSMUSG00000035245",0.530369089603347,0.389971704905211,0.72324714424266
"ENSMUSG00000019979",0.260742176563841,0.390409225677336,0.723753581384144
"ENSMUSG00000032601",0.0903592770566739,0.39091371249265,0.724383683654801
"ENSMUSG00000050244",-0.0758266149743925,0.391192849485166,0.724595846205479
"ENSMUSG00000004591",0.853975533109097,0.391621843437661,0.725085289427491
"ENSMUSG00000006418",0.520526157717129,0.392348255416321,0.726124756975285
"ENSMUSG00000035027",0.093177337289994,0.392913814808998,0.726865783511727
"ENSMUSG00000026254",0.585419239306116,0.393171262946855,0.727036440432398
"ENSMUSG00000032271",0.516042817503795,0.393964166218151,0.728196680187352
"ENSMUSG00000026021",-0.0627352648654735,0.396011333061173,0.731673331990858
"ENSMUSG00000016534",0.145554830473376,0.396336301483425,0.731966455236489
"ENSMUSG00000069769",0.615393485815957,0.396817622981489,0.732508898457672
"ENSMUSG00000028140",-0.0667990800046852,0.396962899982174,0.732508898457672
"ENSMUSG00000025979",0.50069753511654,0.397259905618798,0.732749725326208
"ENSMUSG00000055401",0.494521900850334,0.397603660805212,0.732828023648259
"ENSMUSG00000026131",1.08695829329218,0.397635382974788,0.732828023648259
"ENSMUSG00000001983",-0.0559978572775144,0.397948912691059,0.733098855066284
"ENSMUSG00000028673",-0.0624093141725197,0.399046608263104,0.734813440571515
"ENSMUSG00000027952",0.0774436823852369,0.399441807678657,0.73513643152532
"ENSMUSG00000035152",0.055943090443364,0.399556088209172,0.73513643152532
"ENSMUSG00000061474",-0.0698175151486709,0.399892656882216,0.735448216856929
"ENSMUSG00000024097",-0.338840001125917,0.400083349998202,0.735491571989176
"ENSMUSG00000022706",-0.0914846002693999,0.400437857229089,0.735835912177545
"ENSMUSG00000063410",0.420140929673718,0.400929269801224,0.736431434221697
"ENSMUSG00000006262",0.65297156300435,0.401421587051983,0.737028120407082
"ENSMUSG00000020650",0.67751502776585,0.401755748102929,0.737334048123849
"ENSMUSG00000025477",-0.671348459810154,0.402409849210203,0.737993913671878
"ENSMUSG00000008475",1.37545032173632,0.402561688075721,0.737993913671878
"ENSMUSG00000016495",0.121775998811156,0.402707034735771,0.737993913671878
"ENSMUSG00000029153",0.488760245762915,0.402786044226278,0.737993913671878
"ENSMUSG00000001036",0.548693485992182,0.403386696533154,0.738595809577778
"ENSMUSG00000030970",0.0838024391257406,0.403536027666945,0.738595809577778
"ENSMUSG00000023883",-0.537888892726524,0.403741350844568,0.738595809577778
"ENSMUSG00000022765",0.486503797661772,0.403995631922866,0.738595809577778
"ENSMUSG00000028194",0.573047995335457,0.404080079156006,0.738595809577778
"ENSMUSG00000022774",-0.796980431164382,0.404121497265005,0.738595809577778
"ENSMUSG00000028480",-0.94229459972188,0.404323304540239,0.738657892603401
"ENSMUSG00000046836",0.71048794053203,0.404803301167473,0.739227937111224
"ENSMUSG00000026781",-0.47228994756755,0.405290888518238,0.739811364731964
"ENSMUSG00000033157",0.0719722319857823,0.4069622124424,0.742554186135574
"ENSMUSG00000034192",-0.922839099608868,0.408009477331177,0.743701970740949
"ENSMUSG00000030894",-0.11554959181634,0.408049521079863,0.743701970740949
"ENSMUSG00000021371",0.524458709746874,0.408098218436581,0.743701970740949
"ENSMUSG00000061079",-0.325208330982626,0.408717896301422,0.744522955969602
"ENSMUSG00000023961",-0.562406179012786,0.409159306995887,0.744918713227501
"ENSMUSG00000042613",-0.645104593427945,0.409273676115451,0.744918713227501
"ENSMUSG00000025372",0.466378939903606,0.409669408339161,0.745328271189641
"ENSMUSG00000068114",0.797649115629593,0.409837404289691,0.745328271189641
"ENSMUSG00000017210",-0.48006415317781,0.41141163543324,0.747882117943697
"ENSMUSG00000041891",-0.0592998219141556,0.412079772675185,0.748787398655445
"ENSMUSG00000025969",-0.708069102760174,0.412273364303803,0.74882999434628
"ENSMUSG00000070436",0.0478108204634964,0.41322337823991,0.750245910740034
"ENSMUSG00000018160",0.556967289880042,0.413636377794353,0.750686061308433
"ENSMUSG00000030216",0.0770176491257928,0.41384524859793,0.750755539604077
"ENSMUSG00000022361",-0.401069408437923,0.414886570054125,0.75233448488183
"ENSMUSG00000010660",0.517302295246431,0.415675630930014,0.753454881269767
"ENSMUSG00000024613",-0.0501008081979109,0.416390849770702,0.754440563952597
"ENSMUSG00000074064",-0.425746279310744,0.417231289699095,0.755411497071019
"ENSMUSG00000019809",-0.491452325659907,0.417270018036729,0.755411497071019
"ENSMUSG00000021939",0.0790159801142636,0.418936290544012,0.758116206695805
"ENSMUSG00000029560",0.424438110937523,0.41915424008045,0.758198853511739
"ENSMUSG00000049775",-0.68927673715822,0.419490236744442,0.758494877531754
"ENSMUSG00000064080",0.656732309885399,0.42005762043725,0.758990457508262
"ENSMUSG00000073982",-0.0590312085004321,0.420109237557402,0.758990457508262
"ENSMUSG00000068184",-0.0580377820702793,0.421304567034005,0.760837669067155
"ENSMUSG00000020228",0.597879129530536,0.421636113430824,0.761124091554167
"ENSMUSG00000060636",0.0551195008024941,0.422047753260994,0.761554802009691
"ENSMUSG00000026456",-0.0596095342064089,0.42282632059199,0.762455665768526
"ENSMUSG00000034160",-0.0543388607046431,0.42294450041883,0.762455665768526
"ENSMUSG00000031503",-0.0702749225502579,0.423066742969039,0.762455665768526
"ENSMUSG00000028962",-0.618917865993421,0.423312424651464,0.762510121898335
"ENSMUSG00000030286",-0.0675398892775938,0.423523638475021,0.762510121898335
"ENSMUSG00000038914",-0.733239374716508,0.423749704096956,0.762510121898335
"ENSMUSG00000021033",0.066511154796153,0.423789992766037,0.762510121898335
"ENSMUSG00000037857",1.51499041438009,0.424528462592104,0.763526670971741
"ENSMUSG00000029581",0.0916470940009759,0.425696046463668,0.765313848237991
"ENSMUSG00000025049",-0.550726050343918,0.426122008390904,0.765766826838861
"ENSMUSG00000020257",0.0928606886487167,0.42639049295639,0.765936554898397
"ENSMUSG00000025544",0.165798712048712,0.426996690513558,0.766712539759351
"ENSMUSG00000032777",0.504973182681006,0.427965177961006,0.768138151797058
"ENSMUSG00000068614",0.118127899844293,0.428487031773558,0.768761282851785
"ENSMUSG00000029413",0.639208207177074,0.429739458015559,0.770012260553935
"ENSMUSG00000000594",-0.0663894342921019,0.429823043370805,0.770012260553935
"ENSMUSG00000029486",-0.0577991246915417,0.429872833532532,0.770012260553935
"ENSMUSG00000021484",-0.0595458194954794,0.430008850183148,0.770012260553935
"ENSMUSG00000032127",0.518084458413199,0.430059108484793,0.770012260553935
"ENSMUSG00000042354",0.477623203931106,0.431096542279499,0.771555869285106
"ENSMUSG00000031378",-0.59765239687513,0.432120188838209,0.772998122990798
"ENSMUSG00000025130",0.036774750347,0.432269229167854,0.772998122990798
"ENSMUSG00000026043",-0.0961740954737635,0.432429306703782,0.772998122990798
"ENSMUSG00000022051",0.537997119442704,0.434093741539142,0.775231472305104
"ENSMUSG00000061462",1.04798713378324,0.434177237240133,0.775231472305104
"ENSMUSG00000020471",0.615585526856531,0.434520296006724,0.775231472305104
"ENSMUSG00000062110",0.602695470277745,0.434716989448793,0.775231472305104
"ENSMUSG00000041736",-0.952047368685921,0.434732203765947,0.775231472305104
"ENSMUSG00000034957",-0.599151988986517,0.434911773096423,0.775231472305104
"ENSMUSG00000024006",0.475314213026888,0.435245819446602,0.775231472305104
"ENSMUSG00000036513",0.53709347455592,0.435276305633884,0.775231472305104
"ENSMUSG00000034708",-0.0677750150604837,0.435384318529932,0.775231472305104
"ENSMUSG00000020802",0.461000231045407,0.435440172583099,0.775231472305104
"ENSMUSG00000028710",0.094931779720028,0.436108877768418,0.775844688478736
"ENSMUSG00000039047",0.377915957281559,0.436239800102483,0.775844688478736
"ENSMUSG00000032575",0.0658547305012398,0.436681710875743,0.775844688478736
"ENSMUSG00000047547",0.969579343961126,0.436714392346644,0.775844688478736
"ENSMUSG00000021820",0.684573287508009,0.436840549021259,0.775844688478736
"ENSMUSG00000020248",-0.697484525318483,0.436842339934176,0.775844688478736
"ENSMUSG00000040158",-0.883402055451651,0.437626006138938,0.776922974190184
"ENSMUSG00000029012",-0.0979158199425605,0.437915921498861,0.777124181659874
"ENSMUSG00000022722",-0.503397490836779,0.438183423139798,0.777228108352868
"ENSMUSG00000090150",-0.507136508255037,0.438820233237728,0.777228108352868
"ENSMUSG00000027962",1.08760142047851,0.438833807434185,0.777228108352868
"ENSMUSG00000060373",0.689726633065472,0.438958794845833,0.777228108352868
"ENSMUSG00000028882",0.114290872788715,0.438978062959492,0.777228108352868
"ENSMUSG00000051256",0.581241319910006,0.439078461955187,0.777228108352868
"ENSMUSG00000015027",-0.603543926331064,0.439308441018548,0.777228108352868
"ENSMUSG00000028649",0.897568203037483,0.439569411880016,0.777228108352868
"ENSMUSG00000001424",-0.0316689035344169,0.439620787295549,0.777228108352868
"ENSMUSG00000023452",0.470600546331006,0.439740511201691,0.777228108352868
"ENSMUSG00000039183",1.07862627880855,0.440517385443771,0.77799974049286
"ENSMUSG00000024191",-0.534499925437835,0.440530641515157,0.77799974049286
"ENSMUSG00000027509",-0.0527254729238464,0.441007998501201,0.778530365585153
"ENSMUSG00000028447",0.852354858378632,0.441266466873455,0.778674306619918
"ENSMUSG00000021546",-0.0391055807822731,0.441609124231176,0.778966635567697
"ENSMUSG00000031352",0.0826814952605588,0.442024464372054,0.779386886098321
"ENSMUSG00000022235",0.923705216442741,0.442312322323531,0.779532763531892
"ENSMUSG00000021962",-0.487046330599611,0.442461450420965,0.779532763531892
"ENSMUSG00000024944",0.13547903618133,0.443507782578142,0.78055845646647
"ENSMUSG00000026260",-0.0505418949080223,0.443539760354999,0.78055845646647
"ENSMUSG00000051285",0.29885279127727,0.443595571649098,0.78055845646647
"ENSMUSG00000038733",0.605005477488262,0.443875739077636,0.78055845646647
"ENSMUSG00000039536",-0.610882686488534,0.443930428660662,0.78055845646647
"ENSMUSG00000024604",-0.897130580173723,0.4447087543067,0.781614707549436
"ENSMUSG00000021427",-0.897104355299906,0.444935329647666,0.781664369981369
"ENSMUSG00000076432",0.458404971724011,0.445092231577666,0.781664369981369
"ENSMUSG00000027752",0.655627674294962,0.448219797748362,0.786842971635636
"ENSMUSG00000026618",-0.0532173737041255,0.448752522193727,0.787464055093537
"ENSMUSG00000018697",-0.45988066172778,0.449082363284448,0.787728768758412
"ENSMUSG00000039768",-0.0594540588968968,0.450211421741155,0.789394608399531
"ENSMUSG00000057113",-0.102845954056868,0.450608834366526,0.789478515147286
"ENSMUSG00000034203",0.171178255688698,0.450656942072868,0.789478515147286
"ENSMUSG00000021413",-0.0412152851611189,0.450797434347905,0.789478515147286
"ENSMUSG00000025868",-0.978952930191234,0.45202955683481,0.791321431833731
"ENSMUSG00000031826",0.0637467295447713,0.453350410337264,0.793259815872114
"ENSMUSG00000035851",-0.077626814305912,0.453497318049134,0.793259815872114
"ENSMUSG00000024955",-0.538146111057344,0.453912456068068,0.793553727666972
"ENSMUSG00000007036",-0.822488481294602,0.45402596824936,0.793553727666972
"ENSMUSG00000007039",-0.69720808560816,0.454375780331274,0.793849864723278
"ENSMUSG00000022685",0.78101030253135,0.454649717516812,0.794013256663289
"ENSMUSG00000027215",-0.666798866343868,0.454859019011223,0.794063682137403
"ENSMUSG00000022812",0.360540344362633,0.456212361496227,0.795880111366294
"ENSMUSG00000078622",-0.0434590296237332,0.456261195404944,0.795880111366294
"ENSMUSG00000049940",0.0596003018913365,0.456473918862901,0.795935704007777
"ENSMUSG00000028937",0.0518376877675486,0.456817033216137,0.796218520072959
"ENSMUSG00000001847",0.0539754405846651,0.457780510979392,0.797153602435661
"ENSMUSG00000071074",0.683972592328836,0.458112486259754,0.797153602435661
"ENSMUSG00000023932",-0.0487517301663694,0.45826858745032,0.797153602435661
"ENSMUSG00000028670",-0.480573367981378,0.458331128338692,0.797153602435661
"ENSMUSG00000026491",0.591803787512923,0.458355247959654,0.797153602435661
"ENSMUSG00000030545",-0.648751558991307,0.458440301696128,0.797153602435661
"ENSMUSG00000034066",0.597237709513461,0.458942483904618,0.797708059716183
"ENSMUSG00000046330",-0.0594001796687849,0.459121680359257,0.797708059716183
"ENSMUSG00000000326",0.0670018830259203,0.459855584240603,0.79792858326503
"ENSMUSG00000026037",0.529405847557832,0.459954384133251,0.79792858326503
"ENSMUSG00000068328",-0.837680049800611,0.459966938964631,0.79792858326503
"ENSMUSG00000024974",-0.0246766715306599,0.459973827708107,0.79792858326503
"ENSMUSG00000001962",0.878421786792664,0.462870082576755,0.80241052268279
"ENSMUSG00000064090",-0.49757991579197,0.462922135217361,0.80241052268279
"ENSMUSG00000027715",0.808276629022259,0.463429104119281,0.802566736098312
"ENSMUSG00000045438",-0.670536323644914,0.463505318243156,0.802566736098312
"ENSMUSG00000029782",0.583550323351528,0.463724653955358,0.802566736098312
"ENSMUSG00000024338",0.615069345206777,0.463741697318338,0.802566736098312
"ENSMUSG00000001964",-0.0647523624564776,0.464128541894311,0.802920484621408
"ENSMUSG00000032320",-0.0558290712813516,0.464901214437978,0.803891725854218
"ENSMUSG00000019579",-0.0917590113804891,0.465274434342678,0.803891725854218
"ENSMUSG00000041958",0.707954380118473,0.465279521749228,0.803891725854218
"ENSMUSG00000028229",0.0726979033691322,0.465560070582642,0.803891725854218
"ENSMUSG00000079641",1.19511296928282,0.46560327407462,0.803891725854218
"ENSMUSG00000009741",0.603854411284296,0.466441690593456,0.805023482471294
"ENSMUSG00000021044",-0.600628525244019,0.467879640927344,0.807188671000095
"ENSMUSG00000024576",0.0477249172824799,0.46812292063852,0.807291917605848
"ENSMUSG00000026496",-0.0322122322360023,0.469946653081771,0.810119553549891
"ENSMUSG00000022565",-0.0517217087477455,0.47025364382825,0.810331357278045
"ENSMUSG00000016255",0.117598610064135,0.470527509551655,0.810485937196412
"ENSMUSG00000019659",0.705209805522315,0.471110392964526,0.811172472393145
"ENSMUSG00000023277",0.58277151310163,0.471922333547443,0.81199830825923
"ENSMUSG00000033970",-0.0486716229856974,0.471959025795753,0.81199830825923
"ENSMUSG00000017715",-0.620337528394685,0.473169629758071,0.813763009208781
"ENSMUSG00000041084",0.951328725120476,0.473659253213584,0.813975714140533
"ENSMUSG00000021000",0.543112924717899,0.47366321379548,0.813975714140533
"ENSMUSG00000004356",0.85066895362505,0.47407391689647,0.814363508298738
"ENSMUSG00000092305",-0.892769395550683,0.474562558670401,0.814884830553427
"ENSMUSG00000019998",0.618585646848246,0.475565527942692,0.816288568048279
"ENSMUSG00000031657",0.567775812223829,0.475853632014267,0.81646465282448
"ENSMUSG00000035478",-0.0585441750528766,0.476607628625852,0.817011697681328
"ENSMUSG00000023118",-0.0506260636608253,0.476687142276523,0.817011697681328
"ENSMUSG00000055980",0.682222866420005,0.476729388694763,0.817011697681328
"ENSMUSG00000053317",0.10309164576676,0.47710130066211,0.817230747272643
"ENSMUSG00000018669",0.0756187809112525,0.477392590633022,0.817230747272643
"ENSMUSG00000020611",0.514699701518452,0.477557867215789,0.817230747272643
"ENSMUSG00000044018",-0.9416537351598,0.477599973184558,0.817230747272643
"ENSMUSG00000027933",0.0578051765679355,0.478176039644694,0.817898465012164
"ENSMUSG00000061780",0.590358368964086,0.478888592196573,0.818799026517917
"ENSMUSG00000036270",-0.0349917833752471,0.479243171356246,0.819087066850034
"ENSMUSG00000031633",-0.0490340684400543,0.479669183903447,0.819496924828832
"ENSMUSG00000021715",-0.760985212258667,0.480422628354951,0.820363188241308
"ENSMUSG00000041313",-0.797046144684767,0.480549034148169,0.820363188241308
"ENSMUSG00000039130",0.559326745744396,0.481425942401274,0.821541517063981
"ENSMUSG00000001507",-0.663753659711269,0.481708394458566,0.821704900779903
"ENSMUSG00000020311",-0.602488520014347,0.48248623621793,0.822712873148047
"ENSMUSG00000011877",0.729324671670756,0.483496760832513,0.824116670962002
"ENSMUSG00000022711",0.464646029718754,0.484404773208891,0.825344718115498
"ENSMUSG00000000555",-0.657368691474773,0.484804692052413,0.825536825509285
"ENSMUSG00000052798",-0.0407389441779813,0.484892682104408,0.825536825509285
"ENSMUSG00000038268",0.634439481782238,0.485875132055819,0.826889580888499
"ENSMUSG00000037370",0.450834978789704,0.487782356455798,0.82981451517664
"ENSMUSG00000020444",-0.467849728471172,0.488101379522763,0.830036387666027
"ENSMUSG00000004393",-0.598875554743081,0.48945529497358,0.832017285893675
"ENSMUSG00000024953",0.0423785101947338,0.489832565217399,0.832337111784469
"ENSMUSG00000037993",-0.0849165565963901,0.490636333015551,0.833381127596078
"ENSMUSG00000002981",-0.0586341021790915,0.492361747713656,0.835989217472146
"ENSMUSG00000055817",0.55196417208122,0.493122394330109,0.836957831641655
"ENSMUSG00000042275",0.457205528561211,0.49361445486348,0.837470013821964
"ENSMUSG00000073639",-0.0397832697442269,0.495692286715379,0.840241601793587
"ENSMUSG00000010205",-0.0485549054575536,0.495919175881025,0.840241601793587
"ENSMUSG00000038084",0.0386873031719404,0.496014744568533,0.840241601793587
"ENSMUSG00000034807",-0.0337297843191671,0.496073294684647,0.840241601793587
"ENSMUSG00000026516",0.559342108908115,0.496278984295798,0.840241601793587
"ENSMUSG00000002147",0.459304037050522,0.496393584336134,0.840241601793587
"ENSMUSG00000040034",-0.664511806966047,0.496969532489725,0.840893084385728
"ENSMUSG00000050144",-0.919450650753308,0.497697581092521,0.841801327589618
"ENSMUSG00000061983",0.0409025191731232,0.498094349013552,0.841889349600642
"ENSMUSG00000029363",-0.0448768991278143,0.498276904310373,0.841889349600642
"ENSMUSG00000024248",0.114652960878477,0.498323507318717,0.841889349600642
"ENSMUSG00000001229",-0.438845475782255,0.498824945626624,0.84241311807474
"ENSMUSG00000022906",0.487161454744438,0.499385114066513,0.84303562984531
"ENSMUSG00000020111",-0.0673809917253259,0.500803642701571,0.845106147058901
"ENSMUSG00000026103",0.677946494815107,0.501346105977397,0.845697283406104
"ENSMUSG00000021704",0.503066811943622,0.502305628261788,0.846991214551773
"ENSMUSG00000021357",0.495619972731195,0.50261081112542,0.847181225493287
"ENSMUSG00000015776",-0.651624434580906,0.504640617830376,0.850276936857382
"ENSMUSG00000022110",-0.0392588365119444,0.504944290199667,0.850463000829979
"ENSMUSG00000041859",-0.0212509929365012,0.505661614023313,0.850978683378529
"ENSMUSG00000022710",0.0262802156056878,0.505742040314587,0.850978683378529
"ENSMUSG00000059363",-0.653251252568388,0.505985281356362,0.850978683378529
"ENSMUSG00000027610",0.721095283862798,0.50615462553363,0.850978683378529
"ENSMUSG00000030659",0.505398420441111,0.506217267231309,0.850978683378529
"ENSMUSG00000063511",-0.137847692006964,0.506763748632998,0.851572072445142
"ENSMUSG00000071654",-0.765125266416089,0.507258860310802,0.852078719170931
"ENSMUSG00000024972",-0.0715709141799508,0.508991350025284,0.854662698001249
"ENSMUSG00000002289",0.410525577559007,0.509743657801978,0.855599480544053
"ENSMUSG00000066735",-0.712420170481799,0.510928239215641,0.857260839034707
"ENSMUSG00000029554",0.331040773757991,0.511237189782101,0.857452314112433
"ENSMUSG00000008859",0.713009587645494,0.511467426399215,0.857511673745885
"ENSMUSG00000033429",0.820027510179475,0.512214266792453,0.85843678147509
"ENSMUSG00000024393",0.79951418150085,0.514298414855935,0.861601569768165
"ENSMUSG00000056131",0.417102925628591,0.515768113989911,0.863734958017351
"ENSMUSG00000037364",-0.0278268245850768,0.516214500017287,0.863882575345213
"ENSMUSG00000024959",-0.5241692796838,0.516248846434426,0.863882575345213
"ENSMUSG00000002395",0.532367816470764,0.517257083491273,0.865240754255071
"ENSMUSG00000026797",0.497029035186934,0.517589416070524,0.865467712813973
"ENSMUSG00000031278",0.0397560053196244,0.518400411002055,0.866379330407614
"ENSMUSG00000021018",0.853112021618234,0.518528324538436,0.866379330407614
"ENSMUSG00000021134",-0.0421214779678039,0.51930226920103,0.867343182828741
"ENSMUSG00000022040",-0.506244296664512,0.519988438646113,0.868129944744092
"ENSMUSG00000044573",0.055617195226155,0.520337653216507,0.868129944744092
"ENSMUSG00000051236",0.675276172360192,0.520616827101672,0.868129944744092
"ENSMUSG00000032525",0.471927439919607,0.520791896659043,0.868129944744092
"ENSMUSG00000027469",-0.323158821935174,0.520872723567624,0.868129944744092
"ENSMUSG00000037022",-0.0773549368261968,0.520956869818029,0.868129944744092
"ENSMUSG00000012405",0.0442861077612591,0.521420645198692,0.868376011833786
"ENSMUSG00000024835",0.0556988749795444,0.521499159117632,0.868376011833786
"ENSMUSG00000073609",-0.649863251202603,0.521788821868796,0.868529729593258
"ENSMUSG00000008690",0.497305517857651,0.522253449050799,0.868974453411178
"ENSMUSG00000021094",-0.0480641696685424,0.523271849901582,0.869808266901081
"ENSMUSG00000040681",0.069051798706397,0.523388836861246,0.869808266901081
"ENSMUSG00000029616",-0.0479013675845543,0.523484116023599,0.869808266901081
"ENSMUSG00000016481",0.51159508193189,0.523545125885245,0.869808266901081
"ENSMUSG00000025198",-0.0527860032263447,0.523829498572143,0.869933780958061
"ENSMUSG00000024620",1.35209907508047,0.52401600847985,0.869933780958061
"ENSMUSG00000020831",0.597154732859671,0.525158558211707,0.871501815493863
"ENSMUSG00000020171",-0.505894144908712,0.527512894021514,0.875077645015184
"ENSMUSG00000015672",0.769627813281026,0.527710990654465,0.875077645015184
"ENSMUSG00000021578",-0.109570829675217,0.528016385519432,0.875254279725431
"ENSMUSG00000062190",0.610729372266416,0.528839104569632,0.876287989160749
"ENSMUSG00000006412",0.410887573894257,0.530696368901916,0.879034519961359
"ENSMUSG00000006589",0.0786096652210126,0.531496516622019,0.879946603861912
"ENSMUSG00000057335",0.229881777757832,0.531731874002765,0.879946603861912
"ENSMUSG00000040888",-0.589166348237352,0.5318468453244,0.879946603861912
"ENSMUSG00000006276",0.721476447629218,0.53205402189404,0.879958568341102
"ENSMUSG00000021420",-0.946717705344373,0.532318437146162,0.880065154725867
"ENSMUSG00000063802",0.485188608834044,0.53321270126971,0.881212579154334
"ENSMUSG00000031913",0.76380646510794,0.534501309865893,0.883010609879802
"ENSMUSG00000026626",0.417418320048441,0.535863992036369,0.884929616867564
"ENSMUSG00000020922",0.386307777084149,0.539496781130109,0.890594648819809
"ENSMUSG00000026837",0.437599727194545,0.539793241316144,0.890698959186469
"ENSMUSG00000036632",-0.027943207238831,0.5399647405384,0.890698959186469
"ENSMUSG00000053819",-0.0442894611066933,0.541244637669152,0.892234175482016
"ENSMUSG00000021500",0.034506158688238,0.541300897190861,0.892234175482016
"ENSMUSG00000063052",0.0761165013384399,0.542073320852682,0.893172851019338
"ENSMUSG00000030335",0.978416891770653,0.542431807056052,0.893429035499133
"ENSMUSG00000000561",0.34472972653522,0.543253324435227,0.894447392756989
"ENSMUSG00000023015",0.42257041806868,0.543900669004988,0.894653769155021
"ENSMUSG00000069045",1.03011374667923,0.543932666214392,0.894653769155021
"ENSMUSG00000026634",0.0820216291347968,0.54407688841767,0.894653769155021
"ENSMUSG00000030654",-0.811195514151368,0.544191806413995,0.894653769155021
"ENSMUSG00000029826",-0.112467597699965,0.544572873248329,0.8949459354615
"ENSMUSG00000040147",0.722232039686542,0.544934324985165,0.895205660417958
"ENSMUSG00000094724",0.528435883154668,0.545660385944572,0.8960639397545
"ENSMUSG00000026860",0.3297939773487,0.546006449177814,0.896297792924864
"ENSMUSG00000063787",-0.525192744640417,0.546602653328011,0.896941937843615
"ENSMUSG00000026439",-0.298382387823207,0.547503369401102,0.898085102025437
"ENSMUSG00000022800",0.448584571528883,0.548024371261765,0.898489285971734
"ENSMUSG00000060938",0.0593693164267037,0.548307160700688,0.898489285971734
"ENSMUSG00000021242",0.0739382631156147,0.548362240881636,0.898489285971734
"ENSMUSG00000017188",0.998537179780918,0.548963733226024,0.899140078127179
"ENSMUSG00000004895",0.681310923107862,0.549622885214161,0.899884790858454
"ENSMUSG00000027673",-0.0551325291010585,0.55033226169931,0.900711150516424
"ENSMUSG00000062825",-0.0449074791939097,0.550655380157198,0.900904954673542
"ENSMUSG00000017765",0.54893890903524,0.551784092403947,0.902416124366322
"ENSMUSG00000031967",0.0812724545566823,0.552661668583133,0.903153389687119
"ENSMUSG00000029701",-0.417007922224364,0.552811188445427,0.903153389687119
"ENSMUSG00000026187",0.714408752613817,0.552850541199068,0.903153389687119
"ENSMUSG00000032469",0.56950122968593,0.553834252930374,0.904424692818767
"ENSMUSG00000039542",0.0510445814011753,0.55461093254852,0.905357089816779
"ENSMUSG00000057236",0.0427569775722567,0.554919398839853,0.905524758729772
"ENSMUSG00000039191",0.504022157914378,0.556135317944016,0.907161940482506
"ENSMUSG00000001785",0.626610527920437,0.556421467152059,0.907161940482506
"ENSMUSG00000039427",0.657777009452861,0.556750003791014,0.907161940482506
"ENSMUSG00000029815",0.38113744159056,0.556785773857761,0.907161940482506
"ENSMUSG00000048170",0.303811359223481,0.556953320423479,0.907161940482506
"ENSMUSG00000025246",0.494421068263996,0.557373725870523,0.907510827804726
"ENSMUSG00000037017",-0.636144648857492,0.557645739448177,0.907617936135882
"ENSMUSG00000001403",-0.618091457065631,0.557949511180876,0.907776635381528
"ENSMUSG00000015846",-0.0336527388770449,0.558456732831662,0.908266105392514
"ENSMUSG00000034926",-0.736528493072747,0.558861994120524,0.908295161645263
"ENSMUSG00000049396",0.357554795134174,0.558887365993041,0.908295161645263
"ENSMUSG00000026087",-0.0558604675167622,0.55915918405174,0.9084014651206
"ENSMUSG00000024228",0.427057373362203,0.559916556486329,0.909296223282781
"ENSMUSG00000024283",-0.565575607408448,0.563584543724614,0.914915373268915
"ENSMUSG00000036860",-0.643238004643059,0.564421792866803,0.915133429837338
"ENSMUSG00000042029",0.163911076445125,0.564478295684762,0.915133429837338
"ENSMUSG00000028322",-0.751316013843919,0.564501251797449,0.915133429837338
"ENSMUSG00000031660",-0.686289626768271,0.564550616225488,0.915133429837338
"ENSMUSG00000034908",0.329817276497327,0.565008808152309,0.915538941339585
"ENSMUSG00000021468",0.647362560561778,0.565660878907674,0.916258199511473
"ENSMUSG00000024188",0.617526561068534,0.566316698650389,0.916898762636262
"ENSMUSG00000034659",-1.1104999214526,0.566473014225857,0.916898762636262
"ENSMUSG00000055024",-0.567258188020745,0.568175903744719,0.919316967786952
"ENSMUSG00000037966",0.477314470936431,0.568726877495357,0.919870263821045
"ENSMUSG00000029592",0.572027121500241,0.569476679635432,0.920171462396399
"ENSMUSG00000027087",0.044689131866491,0.569522424646914,0.920171462396399
"ENSMUSG00000002731",-0.682117532443044,0.569652506996782,0.920171462396399
"ENSMUSG00000020402",-0.156412274601685,0.569749428545827,0.920171462396399
"ENSMUSG00000027222",0.628479813004542,0.569974906192088,0.920197931823689
"ENSMUSG00000028861",-0.0470377378046862,0.570384911954267,0.920522184639065
"ENSMUSG00000026466",0.0436577676528707,0.570652325125677,0.920616159412796
"ENSMUSG00000098274",-0.0516788271240962,0.57107152867322,0.92095485441218
"ENSMUSG00000006728",0.0675880499765746,0.571611262935481,0.921487607391595
"ENSMUSG00000074746",-0.548541653227595,0.571872720365996,0.92157152776666
"ENSMUSG00000096054",0.634012093661489,0.572128140653212,0.921645661425617
"ENSMUSG00000040711",0.67303463772836,0.572656974630445,0.922032652370794
"ENSMUSG00000042390",-0.0407965561399806,0.572928788985642,0.922032652370794
"ENSMUSG00000008822",0.678986595270356,0.572996888033202,0.922032652370794
"ENSMUSG00000030432",0.0572373204910761,0.574556864429195,0.924055679055474
"ENSMUSG00000032370",0.0528014049293901,0.574674027169923,0.924055679055474
"ENSMUSG00000024357",-0.0643368229781807,0.575432265804998,0.924936961945871
"ENSMUSG00000005470",-0.532938043850084,0.57593922407273,0.925203305789059
"ENSMUSG00000058351",0.747790134650604,0.576018418055447,0.925203305789059
"ENSMUSG00000025574",0.588732051257185,0.576530027394317,0.925499549192302
"ENSMUSG00000034826",-0.0598710811864898,0.576623441010064,0.925499549192302
"ENSMUSG00000073676",-0.116246441119387,0.57686882538939,0.92555585145414
"ENSMUSG00000053774",0.55426608735733,0.577881891583315,0.926743113366536
"ENSMUSG00000019214",0.398420671254669,0.578029958234752,0.926743113366536
"ENSMUSG00000024580",0.523966864032477,0.57844540021936,0.927071451698982
"ENSMUSG00000024050",-0.555323220205988,0.580171184382839,0.929498865114261
"ENSMUSG00000004849",0.47276619720024,0.580468182765029,0.92963627086932
"ENSMUSG00000031266",0.653176886158036,0.581000107978209,0.930149681779592
"ENSMUSG00000034462",0.601374271384348,0.581620225570966,0.93080385917739
"ENSMUSG00000026728",-0.0465605853751256,0.5820667152927,0.931096848685021
"ENSMUSG00000038235",0.62227984849148,0.58222643207934,0.931096848685021
"ENSMUSG00000038943",0.459880650057016,0.583527616677703,0.932838736287167
"ENSMUSG00000026819",0.709572433399849,0.584004636713453,0.933262311610715
"ENSMUSG00000030697",-0.536197960595217,0.584673656031592,0.933992290451919
"ENSMUSG00000003623",0.624719085745053,0.585514378827371,0.934814191895198
"ENSMUSG00000023020",0.882453632642548,0.585612980471497,0.934814191895198
"ENSMUSG00000028247",-0.0477331661864824,0.587934782827029,0.938180195511876
"ENSMUSG00000014959",0.452081061811377,0.588552025874173,0.938726477268936
"ENSMUSG00000042997",0.772652891617032,0.588904507959568,0.938726477268936
"ENSMUSG00000027944",0.378293019483536,0.589031643036417,0.938726477268936
"ENSMUSG00000030062",-0.027521536002812,0.589130318158782,0.938726477268936
"ENSMUSG00000027881",0.0504930480638635,0.589394466759845,0.938807473112587
"ENSMUSG00000032279",-0.0402069973645922,0.590025599030272,0.939472742884308
"ENSMUSG00000001020",1.3524242248189,0.590991988446137,0.940671154123489
"ENSMUSG00000029328",0.0290123300248233,0.591426966301443,0.94102316655555
"ENSMUSG00000036644",-0.427351089963558,0.591861578321697,0.941194235497051
"ENSMUSG00000029910",-0.475836702775606,0.591962200376241,0.941194235497051
"ENSMUSG00000026198",-0.437115532009358,0.592753311709297,0.941916947999499
"ENSMUSG00000063931",1.1216688392441,0.593000203518065,0.941916947999499
"ENSMUSG00000020315",0.0207500576685682,0.593058819110796,0.941916947999499
"ENSMUSG00000079523",-1.01338634533666,0.594472427002064,0.942756059871872
"ENSMUSG00000026353",-0.0624417976879919,0.594560088926591,0.942756059871872
"ENSMUSG00000050323",0.391566312993561,0.594879031860784,0.942756059871872
"ENSMUSG00000030846",-0.0311430805421189,0.594908888276548,0.942756059871872
"ENSMUSG00000051154",0.541957143998186,0.594913281787096,0.942756059871872
"ENSMUSG00000061286",0.650170927001728,0.594979148048612,0.942756059871872
"ENSMUSG00000102976",-0.230918210053172,0.595373639946205,0.942756059871872
"ENSMUSG00000021583",-0.0418332529552288,0.595380652464093,0.942756059871872
"ENSMUSG00000005043",-0.52259423444881,0.595566511417973,0.942756059871872
"ENSMUSG00000055943",-0.375877714347453,0.595729289366889,0.942756059871872
"ENSMUSG00000061778",0.496157616465926,0.596050086419269,0.942786023718778
"ENSMUSG00000004865",0.273934047717439,0.596176665305466,0.942786023718778
"ENSMUSG00000020386",0.486724379232751,0.597932666158401,0.94522329876549
"ENSMUSG00000040550",0.646082984427249,0.598351436675248,0.945545663485733
"ENSMUSG00000029466",-0.0480049802720579,0.600862632735455,0.949173168222806
"ENSMUSG00000028413",0.47388377482358,0.602837907730965,0.951713114358845
"ENSMUSG00000051495",0.352096601379206,0.602903013595197,0.951713114358845
"ENSMUSG00000023845",-0.0177140517747603,0.603862801092507,0.952593383918779
"ENSMUSG00000015474",-0.44829627360329,0.604059161252594,0.952593383918779
"ENSMUSG00000066441",0.603261899057205,0.604313240928258,0.952593383918779
"ENSMUSG00000020919",0.723542906058714,0.604326454874172,0.952593383918779
"ENSMUSG00000024896",0.5342404921875,0.605221687104839,0.953662959165198
"ENSMUSG00000067367",0.0570899166320267,0.605777462668083,0.954038250592348
"ENSMUSG00000007891",-0.0258768176310937,0.605893412952878,0.954038250592348
"ENSMUSG00000028066",-0.471442090101316,0.606576668372632,0.954772502685248
"ENSMUSG00000040151",-0.563069698946205,0.607966535984346,0.956422532927153
"ENSMUSG00000054469",-0.627072009795654,0.608059588077749,0.956422532927153
"ENSMUSG00000019710",-0.0439251085465742,0.608505299350128,0.956723422552675
"ENSMUSG00000021809",0.352601642669828,0.60868565852022,0.956723422552675
"ENSMUSG00000030079",-0.0240026492523846,0.611077370394543,0.959960142920447
"ENSMUSG00000039959",-0.0739327074658718,0.611181168021607,0.959960142920447
"ENSMUSG00000028672",-0.0386559292368176,0.613224871811658,0.962826493343956
"ENSMUSG00000019804",0.0386021340279505,0.613559586120238,0.963008465946921
"ENSMUSG00000032902",-0.698748226888519,0.615628371123102,0.965911037901166
"ENSMUSG00000020705",0.0347250853148005,0.616341302935177,0.966684987247938
"ENSMUSG00000028873",-0.395089138208395,0.616732093521711,0.966921103355512
"ENSMUSG00000034424",-0.0453833780683546,0.61693125612867,0.966921103355512
"ENSMUSG00000032555",0.352808537971274,0.619300105753148,0.970288275336278
"ENSMUSG00000031974",0.446943255381875,0.621025253437953,0.972514021987958
"ENSMUSG00000023025",-0.0314915613664972,0.621162671167496,0.972514021987958
"ENSMUSG00000045948",-0.0549271820609398,0.622210933772649,0.973660173447043
"ENSMUSG00000026201",0.497996234982914,0.622337211521593,0.973660173447043
"ENSMUSG00000039740",0.455074495959362,0.623795470709652,0.975594835320959
"ENSMUSG00000036285",0.413227154444858,0.624204754588651,0.975888143852451
"ENSMUSG00000063450",-0.2800537944699,0.624669187060791,0.975966954731927
"ENSMUSG00000029772",0.419170445030858,0.624698684726162,0.975966954731927
"ENSMUSG00000090862",-0.0427152826296755,0.625020446894099,0.976123132285639
"ENSMUSG00000028343",0.0314794901830275,0.62562789575328,0.976725210787578
"ENSMUSG00000062270",1.04912885726368,0.626497511618868,0.977736010154127
"ENSMUSG00000021843",0.0410308896836185,0.628125599896999,0.979411037652482
"ENSMUSG00000005034",0.0622234277919063,0.628132293070887,0.979411037652482
"ENSMUSG00000021973",-0.0502353759080876,0.628238436558272,0.979411037652482
"ENSMUSG00000024614",-0.0630849297298184,0.629945104137092,0.981723938848209
"ENSMUSG00000006134",0.553433540087276,0.632256124436462,0.984976709254821
"ENSMUSG00000019210",-0.0262556902124089,0.632565900033939,0.9851105895433
"ENSMUSG00000028527",0.443838761843757,0.634187529313183,0.987286634774431
"ENSMUSG00000037725",-0.504152708899809,0.634797454081108,0.987737683774289
"ENSMUSG00000003731",-0.0441551568351386,0.634926132105763,0.987737683774289
"ENSMUSG00000022770",-0.0915310414663857,0.635575880231474,0.988399098550783
"ENSMUSG00000004455",-0.0579432701019691,0.636132531306278,0.988878476008623
"ENSMUSG00000021938",0.0282893532731698,0.63633352512075,0.988878476008623
"ENSMUSG00000091537",-0.526988629353706,0.636887130226947,0.989389431743308
"ENSMUSG00000028936",-0.042758128768245,0.637589978368631,0.990131790684666
"ENSMUSG00000030102",-0.0226481903156568,0.640881431208355,0.994621559279739
"ENSMUSG00000042557",-0.0376622402833604,0.641002821747768,0.994621559279739
"ENSMUSG00000028567",-0.0326771709612643,0.641159137395278,0.994621559279739
"ENSMUSG00000032580",0.337647150128181,0.641395962821348,0.994638348265241
"ENSMUSG00000045594",-0.0399895364542964,0.642424459992057,0.995882369998255
"ENSMUSG00000032932",0.0482058286883849,0.644114581998935,0.998128591534147
"ENSMUSG00000016510",-0.552607882799808,0.64442097629321,0.998128591534147
"ENSMUSG00000021606",-0.0770763711304596,0.644553841658724,0.998128591534147
"ENSMUSG00000018995",0.504016296474028,0.646053229785997,1
"ENSMUSG00000028651",0.0471845396144239,0.649371220380297,1
"ENSMUSG00000005973",0.0524108306423265,0.652053017950427,1
"ENSMUSG00000015647",-0.0720265698441374,0.653981483703472,1
"ENSMUSG00000025162",0.0331211036502772,0.654049454788144,1
"ENSMUSG00000029480",0.460703916359343,0.65469458968376,1
"ENSMUSG00000027882",-0.0497544434439376,0.655029842378245,1
"ENSMUSG00000005417",0.436934069165275,0.656061036979666,1
"ENSMUSG00000038416",0.0467673384006382,0.656063686358201,1
"ENSMUSG00000029823",0.0245844803133188,0.6561159380988,1
"ENSMUSG00000020483",-0.0416766455771196,0.656207739294892,1
"ENSMUSG00000072235",0.476303324950738,0.657634393513945,1
"ENSMUSG00000040359",-0.232738013362997,0.658271309761135,1
"ENSMUSG00000040322",0.0201278774866296,0.660456624536927,1
"ENSMUSG00000062234",1.08218031568867,0.661023182141105,1
"ENSMUSG00000037936",-0.0549575652584053,0.661522351947801,1
"ENSMUSG00000071379",0.40792720962256,0.662159796573081,1
"ENSMUSG00000038902",0.406594856967118,0.662662707319025,1
"ENSMUSG00000118671",-0.46694452133276,0.662822696917383,1
"ENSMUSG00000024007",-0.034001191015026,0.663064236342707,1
"ENSMUSG00000061455",-0.355418192604965,0.663069428370374,1
"ENSMUSG00000030824",-0.0281440914137256,0.663750402275225,1
"ENSMUSG00000033323",0.41067184965026,0.66390022025419,1
"ENSMUSG00000006717",-0.0315969417498323,0.665350057079643,1
"ENSMUSG00000031119",-0.339732153905455,0.665601596083998,1
"ENSMUSG00000038717",-0.0461458781630384,0.666965913095751,1
"ENSMUSG00000008301",0.609593886329115,0.671088266598336,1
"ENSMUSG00000091780",0.490126382418474,0.671336656551834,1
"ENSMUSG00000036992",-0.205618437249292,0.672801554410952,1
"ENSMUSG00000018567",-0.490109074542584,0.674886003694858,1
"ENSMUSG00000001755",0.0328154334200761,0.675897501252875,1
"ENSMUSG00000037361",-0.0362257506773922,0.676091578113971,1
"ENSMUSG00000026234",-0.0201428781050303,0.676332592217857,1
"ENSMUSG00000002017",-0.848286145090331,0.676340523511047,1
"ENSMUSG00000001056",0.0306860542147653,0.676730683491149,1
"ENSMUSG00000020458",0.245033666584828,0.676812346917564,1
"ENSMUSG00000000340",-0.026674665951294,0.677229086893402,1
"ENSMUSG00000031641",0.023070484323874,0.677605293888527,1
"ENSMUSG00000033423",-0.549345792101864,0.678383447114207,1
"ENSMUSG00000042650",0.285662207950132,0.678632224454841,1
"ENSMUSG00000033285",-0.207865351287605,0.679756495228624,1
"ENSMUSG00000021374",-0.0450104353390941,0.680905013816088,1
"ENSMUSG00000026005",0.286704136022763,0.682003655087163,1
"ENSMUSG00000022136",-0.0181228905772102,0.682239315353661,1
"ENSMUSG00000028345",-0.23503299513203,0.683408984904663,1
"ENSMUSG00000024781",0.0436517572956774,0.683448188713534,1
"ENSMUSG00000073411",-0.0364849138528065,0.683871750253983,1
"ENSMUSG00000022557",-0.30182477185204,0.684103302411328,1
"ENSMUSG00000045316",-0.0272491726898849,0.684358870540509,1
"ENSMUSG00000024400",0.0412561934860847,0.684713988213274,1
"ENSMUSG00000042647",0.386248849265719,0.685443117064213,1
"ENSMUSG00000026355",0.0120169889551001,0.686247460143787,1
"ENSMUSG00000025724",0.0504049489353378,0.686464676268573,1
"ENSMUSG00000026784",-0.26460150943295,0.686909721154832,1
"ENSMUSG00000019820",-0.0146829104198503,0.688947233371178,1
"ENSMUSG00000036278",-0.0313186629455338,0.692295468046435,1
"ENSMUSG00000002835",-0.0424866760319027,0.695375185332614,1
"ENSMUSG00000033014",0.385182332582033,0.696665902778818,1
"ENSMUSG00000049038",-0.0387434445593442,0.696743487406982,1
"ENSMUSG00000068329",-0.259231760267589,0.697230205817976,1
"ENSMUSG00000067288",0.0387648300125356,0.697869099606788,1
"ENSMUSG00000056209",-0.256704390784208,0.697944762186813,1
"ENSMUSG00000068747",-0.231427703729523,0.699171942380562,1
"ENSMUSG00000027852",0.410829971493957,0.700265643791928,1
"ENSMUSG00000032135",-0.0361569768552634,0.70109461069333,1
"ENSMUSG00000012114",0.556737367123151,0.703125127018771,1
"ENSMUSG00000020459",0.0448246158546617,0.703192941616831,1
"ENSMUSG00000024875",-0.66627683679371,0.703224648922408,1
"ENSMUSG00000059923",0.211835053054028,0.703680245908371,1
"ENSMUSG00000027014",-0.236698041821885,0.705126840083988,1
"ENSMUSG00000001280",0.0581031951646587,0.705364847967773,1
"ENSMUSG00000022890",0.0504522518748516,0.707959135779161,1
"ENSMUSG00000031591",-0.0238069862579167,0.710687410011793,1
"ENSMUSG00000002957",0.0151465545899683,0.711077877857633,1
"ENSMUSG00000028478",0.0294043500594299,0.712060958279795,1
"ENSMUSG00000031446",-0.19733811725316,0.712136332810005,1
"ENSMUSG00000025545",-0.0271392015131084,0.713556128285883,1
"ENSMUSG00000020265",-0.44054343833313,0.714319196377079,1
"ENSMUSG00000046897",0.409056999376403,0.714746585923969,1
"ENSMUSG00000024978",-0.371168952715134,0.716850826823634,1
"ENSMUSG00000025026",-0.0305979534905383,0.717273693966511,1
"ENSMUSG00000028641",0.0370257592205654,0.718491377464291,1
"ENSMUSG00000058793",0.898481092056667,0.71923237235906,1
"ENSMUSG00000020085",-0.0251224132434302,0.719744171917709,1
"ENSMUSG00000029094",-0.0293581608984503,0.720168694214682,1
"ENSMUSG00000044147",0.0448553800164397,0.722722011372197,1
"ENSMUSG00000059291",0.0240801918660623,0.723829965431871,1
"ENSMUSG00000032480",0.193144022478087,0.724092529361959,1
"ENSMUSG00000021764",-0.0294477574660341,0.72411711463063,1
"ENSMUSG00000020897",-0.199095511193839,0.725430998934238,1
"ENSMUSG00000024665",-0.159704270986037,0.725559484946202,1
"ENSMUSG00000002767",0.0305119379748078,0.725646586214408,1
"ENSMUSG00000020368",0.0319468181447071,0.727630053974794,1
"ENSMUSG00000029345",-0.252093884260017,0.727945665550209,1
"ENSMUSG00000035726",0.0281305669836058,0.730489613024258,1
"ENSMUSG00000003437",-0.171033989930997,0.731600145130476,1
"ENSMUSG00000059714",-0.0298818601964435,0.734004959379709,1
"ENSMUSG00000038542",0.484926596105897,0.734379625031825,1
"ENSMUSG00000021975",-0.174050086717045,0.737109473233433,1
"ENSMUSG00000021520",-0.0428248206616573,0.737490886725129,1
"ENSMUSG00000019975",-0.051938157784619,0.737509583809796,1
"ENSMUSG00000046841",-0.0142383716101335,0.738552789620278,1
"ENSMUSG00000050965",0.0383093498887632,0.739740481143399,1
"ENSMUSG00000022680",0.0468129105485815,0.739807452011727,1
"ENSMUSG00000010608",-0.0282278100700211,0.740283443545611,1
"ENSMUSG00000033808",0.47937998743771,0.740468268893592,1
"ENSMUSG00000010025",0.021645655880473,0.741778082207278,1
"ENSMUSG00000029148",0.325459681243281,0.742606325518415,1
"ENSMUSG00000020241",0.0342876011759898,0.743062499465242,1
"ENSMUSG00000020923",0.0249666779162077,0.743219044377285,1
"ENSMUSG00000033475",-0.507947604976501,0.743893982250106,1
"ENSMUSG00000043510",0.0311487342210341,0.745349958691151,1
"ENSMUSG00000003038",0.0697554263600537,0.745377400854037,1
"ENSMUSG00000009013",0.0293233414223089,0.748196909195278,1
"ENSMUSG00000027649",-0.0277570850389814,0.74986342794622,1
"ENSMUSG00000025006",-0.0343382035867528,0.75117078194434,1
"ENSMUSG00000031201",0.262706206290893,0.751702556953076,1
"ENSMUSG00000054611",0.167626635056667,0.755003265657963,1
"ENSMUSG00000025381",0.02065482026617,0.755377754844623,1
"ENSMUSG00000046573",-0.0307905597223694,0.755840203277548,1
"ENSMUSG00000036676",-0.022635736714367,0.756665248347781,1
"ENSMUSG00000032849",-0.154640116885368,0.757171448117045,1
"ENSMUSG00000028339",-0.599378808454563,0.75729900600339,1
"ENSMUSG00000056973",-0.0342455020079271,0.757459803816464,1
"ENSMUSG00000031783",-0.176622793145288,0.758699678761675,1
"ENSMUSG00000015337",-0.259127517561915,0.760773104876726,1
"ENSMUSG00000037373",-0.0165947283201895,0.762605889617524,1
"ENSMUSG00000027968",-0.0139339206462417,0.764533267574008,1
"ENSMUSG00000026238",-0.0501952050698087,0.764711284127592,1
"ENSMUSG00000057863",-0.0164721253712088,0.766248611484547,1
"ENSMUSG00000021149",0.0411468199518765,0.766614330671949,1
"ENSMUSG00000032563",-0.0213640266470421,0.766819120242379,1
"ENSMUSG00000038766",0.244896559953752,0.76711655892099,1
"ENSMUSG00000028382",-0.00989108588198917,0.768868496748055,1
"ENSMUSG00000056962",-0.31463357654318,0.769464770956692,1
"ENSMUSG00000027162",-0.0297136915930096,0.77184874125912,1
"ENSMUSG00000053565",0.0278524091587649,0.773192421347777,1
"ENSMUSG00000022757",0.370714751338109,0.775433717378013,1
"ENSMUSG00000024091",0.0253726735981346,0.77561705273987,1
"ENSMUSG00000063888",-0.265977092495262,0.77655015383678,1
"ENSMUSG00000027699",-0.467243272665641,0.776555267046971,1
"ENSMUSG00000017831",-0.0371049521188809,0.77674051990427,1
"ENSMUSG00000015837",0.0280035737252113,0.780245433947446,1
"ENSMUSG00000001918",-0.0713998208205098,0.781521432066392,1
"ENSMUSG00000025525",-0.0158622192747693,0.782531050820456,1
"ENSMUSG00000029202",-0.0137529176248847,0.782814947191752,1
"ENSMUSG00000028049",0.0370146065772374,0.783138774247048,1
"ENSMUSG00000060519",-0.0350644691867537,0.783280495562569,1
"ENSMUSG00000078695",0.0406726164289246,0.783312776647371,1
"ENSMUSG00000036850",0.0297942109463598,0.78513195145559,1
"ENSMUSG00000029998",0.0193430842664029,0.785557390807371,1
"ENSMUSG00000027422",0.0403652214951116,0.788454037013995,1
"ENSMUSG00000032412",0.0397080746852794,0.789193126812406,1
"ENSMUSG00000025626",-0.146289180936865,0.78949818496634,1
"ENSMUSG00000034932",0.204435898598479,0.790196803145957,1
"ENSMUSG00000017264",-0.242028287433378,0.793379424980546,1
"ENSMUSG00000058006",-0.172003167316134,0.793757321290714,1
"ENSMUSG00000026917",-0.0226042911431712,0.794574723191498,1
"ENSMUSG00000026895",-0.0238305807354848,0.798485084563209,1
"ENSMUSG00000037487",0.17674252053428,0.799459149919475,1
"ENSMUSG00000034906",0.0402296799310768,0.800824288841127,1
"ENSMUSG00000036606",0.181537527609297,0.800864009009274,1
"ENSMUSG00000063882",-0.0314003288716833,0.80304709770002,1
"ENSMUSG00000060279",0.0285386238173935,0.803642962532102,1
"ENSMUSG00000031731",0.0215969486658487,0.804165262495397,1
"ENSMUSG00000049439",0.14204845444867,0.804879098932728,1
"ENSMUSG00000024645",-0.0346614871195499,0.805366451747574,1
"ENSMUSG00000037499",0.0280060455453714,0.806038002911057,1
"ENSMUSG00000078920",-0.175691400062085,0.806300172122974,1
"ENSMUSG00000029426",-0.024625352877198,0.806679626825442,1
"ENSMUSG00000035936",0.015517537353567,0.806906334815017,1
"ENSMUSG00000023973",0.0224368921327169,0.808115161561098,1
"ENSMUSG00000048878",0.133823763854917,0.808531600562526,1
"ENSMUSG00000030613",0.23268417682544,0.810519290358587,1
"ENSMUSG00000003464",0.172957993620518,0.811389338659472,1
"ENSMUSG00000031516",0.242206300981398,0.813418275052869,1
"ENSMUSG00000020189",-0.0154240225750968,0.81565080402345,1
"ENSMUSG00000020092",0.161584789124426,0.816129051236539,1
"ENSMUSG00000024309",-0.263620668746704,0.816345657541738,1
"ENSMUSG00000001855",0.0338625839491193,0.817914588504741,1
"ENSMUSG00000039682",-0.00826098576809287,0.818279535789991,1
"ENSMUSG00000029394",-0.176262047709471,0.819439496285134,1
"ENSMUSG00000038446",-0.0178008048706779,0.819920231801377,1
"ENSMUSG00000001555",-0.0228292150944647,0.820472766258851,1
"ENSMUSG00000056666",-0.199295719648742,0.822243770941882,1
"ENSMUSG00000036781",-0.0286742798031945,0.824118964109386,1
"ENSMUSG00000017404",0.0203281910429354,0.82602641027331,1
"ENSMUSG00000021824",0.139394189486332,0.826076326582902,1
"ENSMUSG00000021710",-0.0112258699439174,0.827858776901286,1
"ENSMUSG00000042625",-0.194231088606429,0.827891986502271,1
"ENSMUSG00000056629",-0.0186467227848404,0.828299560121344,1
"ENSMUSG00000022401",-0.0178557832168451,0.828519484804554,1
"ENSMUSG00000020775",-0.151847383966263,0.830527102424297,1
"ENSMUSG00000038525",0.0224501674532647,0.830871469993004,1
"ENSMUSG00000022571",0.0318811260285337,0.833587948150736,1
"ENSMUSG00000035232",-0.0209599173925064,0.833914231710574,1
"ENSMUSG00000024969",-0.545244551230176,0.835537372935212,1
"ENSMUSG00000005609",-0.0288606972490228,0.83601878384572,1
"ENSMUSG00000028849",0.720950995335841,0.836405402196288,1
"ENSMUSG00000022139",0.262895714126028,0.837519691493864,1
"ENSMUSG00000029580",0.0213978809020077,0.840735833181819,1
"ENSMUSG00000034361",-0.134231104364193,0.841131308378388,1
"ENSMUSG00000015748",0.0167614775338834,0.841589846503698,1
"ENSMUSG00000051747",0.251406034903528,0.841783882816048,1
"ENSMUSG00000021771",0.0325848615909479,0.844311733892899,1
"ENSMUSG00000037071",-0.0452569500621784,0.844735197179951,1
"ENSMUSG00000002015",-0.0161319028830498,0.845241079820646,1
"ENSMUSG00000061758",-0.0207564246782397,0.845926423038339,1
"ENSMUSG00000028102",-0.148422130830969,0.846721937467949,1
"ENSMUSG00000059447",-0.111015130049303,0.846895936530531,1
"ENSMUSG00000006373",-0.0152548301708713,0.847008957919038,1
"ENSMUSG00000024045",-0.0147133281760645,0.847758682311102,1
"ENSMUSG00000032253",0.0183176301756838,0.849273614217869,1
"ENSMUSG00000078974",0.0250780342106403,0.850831588242837,1
"ENSMUSG00000027006",0.0204579337430424,0.850856487262869,1
"ENSMUSG00000008575",0.156338575149636,0.851201404861865,1
"ENSMUSG00000035227",0.0135940847706273,0.851494497670254,1
"ENSMUSG00000046230",-0.0139790605369363,0.852699156126112,1
"ENSMUSG00000078348",-0.19051043465371,0.853121278088455,1
"ENSMUSG00000044763",-0.108585632461235,0.853393175362352,1
"ENSMUSG00000030056",0.155468885369231,0.853935086527818,1
"ENSMUSG00000074698",-0.010663754859447,0.854941866952019,1
"ENSMUSG00000021103",0.123899381229307,0.856297922776482,1
"ENSMUSG00000063200",-0.129664888409227,0.856728338739554,1
"ENSMUSG00000030718",0.178810230800625,0.857489269880696,1
"ENSMUSG00000031634",-0.015773477623096,0.857603353151731,1
"ENSMUSG00000030759",-0.0977817263706626,0.858265102497226,1
"ENSMUSG00000014077",-0.0186706708810469,0.859355379860044,1
"ENSMUSG00000026880",-0.0139725446595271,0.859666221273604,1
"ENSMUSG00000040481",0.0739486194524233,0.859770013239675,1
"ENSMUSG00000020680",-0.0185586781740241,0.862417621798846,1
"ENSMUSG00000029169",0.0059243900038517,0.862469720838845,1
"ENSMUSG00000024208",-0.0153867340650145,0.862943640108679,1
"ENSMUSG00000028991",0.154181640231794,0.864061852916271,1
"ENSMUSG00000025351",0.30790813707117,0.865169016951138,1
"ENSMUSG00000063316",-0.0144146081062502,0.865243218669363,1
"ENSMUSG00000028416",0.16243381464388,0.865591975330522,1
"ENSMUSG00000063171",0.0201579551061215,0.866306951119898,1
"ENSMUSG00000046756",0.0131649006200334,0.866465037298909,1
"ENSMUSG00000025825",0.0131052489694241,0.867148846517929,1
"ENSMUSG00000057738",0.0328237666589501,0.867261455300294,1
"ENSMUSG00000041632",-0.0113266349242345,0.867933294198363,1
"ENSMUSG00000056228",-0.111770740401276,0.868111276676498,1
"ENSMUSG00000052698",0.0117475204592665,0.86812522321635,1
"ENSMUSG00000006818",0.0145730608200516,0.868547874096378,1
"ENSMUSG00000019777",-0.0126676389707683,0.868898163627742,1
"ENSMUSG00000004665",0.0227191569261329,0.869123634780499,1
"ENSMUSG00000027984",-0.181539215483596,0.869152338375199,1
"ENSMUSG00000045193",-0.0877666822715355,0.869712195209012,1
"ENSMUSG00000022769",-0.0173496353299107,0.869723859791391,1
"ENSMUSG00000064105",-0.103288079261642,0.869848449665875,1
"ENSMUSG00000036733",-0.0931894568040654,0.86994949177311,1
"ENSMUSG00000021870",0.148108344288868,0.870801958717178,1
"ENSMUSG00000066568",0.21873396744968,0.871079636549924,1
"ENSMUSG00000075706",0.130115054852915,0.871240189901746,1
"ENSMUSG00000068245",0.245753914021357,0.871244213541702,1
"ENSMUSG00000055447",0.122342348257945,0.871307039197535,1
"ENSMUSG00000017830",0.123510603129731,0.873231666696872,1
"ENSMUSG00000029227",-0.0116011404423517,0.873326244888256,1
"ENSMUSG00000020048",-0.00548934873424045,0.873958166336787,1
"ENSMUSG00000028530",-0.112971807558715,0.87458204067295,1
"ENSMUSG00000050148",0.197672230408383,0.875752221062576,1
"ENSMUSG00000024900",-0.0171013275018943,0.875834411451558,1
"ENSMUSG00000067148",-0.0873974439430256,0.877832104722884,1
"ENSMUSG00000039048",-0.115363408028468,0.879041456376297,1
"ENSMUSG00000006676",0.115344705943148,0.879591961429698,1
"ENSMUSG00000042284",0.0682749825364048,0.881130767932039,1
"ENSMUSG00000027709",-0.00615900032379457,0.881321909475342,1
"ENSMUSG00000001211",0.025830815404003,0.881852725813246,1
"ENSMUSG00000038393",-0.140479268568658,0.882653676148721,1
"ENSMUSG00000021692",-0.15854704743067,0.883530507160858,1
"ENSMUSG00000020687",-0.12273364843157,0.883547310934599,1
"ENSMUSG00000024387",0.0109634798442428,0.884730339241713,1
"ENSMUSG00000027248",-0.00819867604411684,0.885093715092412,1
"ENSMUSG00000022142",-0.0511501991281875,0.886258625283395,1
"ENSMUSG00000033272",0.0153596061443473,0.887468745727177,1
"ENSMUSG00000028992",0.0138238971638103,0.88765632138657,1
"ENSMUSG00000005625",-0.137098859241778,0.888467217476946,1
"ENSMUSG00000042870",0.0898828928619295,0.889271134670705,1
"ENSMUSG00000024589",0.0766613568002192,0.889732583649495,1
"ENSMUSG00000014932",-0.0144857733249886,0.889897066267321,1
"ENSMUSG00000003072",0.0394398689967161,0.890405158170237,1
"ENSMUSG00000024844",0.00723102984957791,0.890441738734995,1
"ENSMUSG00000050043",0.0108746867165479,0.890783939958509,1
"ENSMUSG00000029472",-0.0984031286871847,0.892991216825011,1
"ENSMUSG00000061273",-0.119836837917134,0.892996040175009,1
"ENSMUSG00000036114",0.116884773686756,0.893137841018969,1
"ENSMUSG00000003363",0.131911463009242,0.893251203394136,1
"ENSMUSG00000037722",2.01212414495334,0.894662528089854,1
"ENSMUSG00000030652",-0.0125957456501524,0.894838371892915,1
"ENSMUSG00000063800",-0.122745620375987,0.896161591576516,1
"ENSMUSG00000030157",-0.0697182165148718,0.896392220244711,1
"ENSMUSG00000037740",0.0121363005913118,0.897743065395146,1
"ENSMUSG00000000058",-0.0223928716093091,0.899092580722953,1
"ENSMUSG00000033184",-0.0167191981534778,0.901233417958544,1
"ENSMUSG00000057530",-0.129952822613124,0.901992605947535,1
"ENSMUSG00000021832",-0.00785962751815816,0.903638685094137,1
"ENSMUSG00000037531",0.0112030576097126,0.903783041763149,1
"ENSMUSG00000021693",0.100483867666217,0.904026258031756,1
"ENSMUSG00000079509",-0.0985006424096468,0.904447751685264,1
"ENSMUSG00000004233",-0.136557582826491,0.904525046124754,1
"ENSMUSG00000029104",-0.0747476649810395,0.905071748663629,1
"ENSMUSG00000013701",-0.221141857931421,0.905482189316923,1
"ENSMUSG00000074129",0.00613612588540846,0.905708611983831,1
"ENSMUSG00000032314",-0.134096594113444,0.905860824434089,1
"ENSMUSG00000048486",0.116321498555894,0.90592911259571,1
"ENSMUSG00000029687",0.0582608805162934,0.907542700972168,1
"ENSMUSG00000020898",-0.082312217419517,0.908589004594752,1
"ENSMUSG00000036940",-0.0554112032579752,0.908737845827379,1
"ENSMUSG00000079480",0.156433537489942,0.909520855520919,1
"ENSMUSG00000024758",0.0105324390323993,0.909575750980139,1
"ENSMUSG00000061755",0.0623260718647671,0.910693038254768,1
"ENSMUSG00000055322",0.0167334089498716,0.911157255255372,1
"ENSMUSG00000031820",-0.0701357992753593,0.911808657662236,1
"ENSMUSG00000001143",-0.0821082907907353,0.912452726951727,1
"ENSMUSG00000007338",-0.0100773244776704,0.912544338793537,1
"ENSMUSG00000015790",-0.17537148658884,0.912580961297603,1
"ENSMUSG00000033624",-0.0838093907746718,0.913312818611697,1
"ENSMUSG00000078453",0.0114874348798715,0.915080836149337,1
"ENSMUSG00000018974",0.00690393021169555,0.915309021083807,1
"ENSMUSG00000031232",-0.0801504061326739,0.915463425816014,1
"ENSMUSG00000028975",0.0789899832773777,0.916058194293535,1
"ENSMUSG00000024659",-0.0102378694516112,0.91686264762395,1
"ENSMUSG00000039428",0.0495547358746116,0.918532486250496,1
"ENSMUSG00000003279",0.140584978903942,0.921189697915985,1
"ENSMUSG00000022194",0.0111519416988237,0.921885171213071,1
"ENSMUSG00000020695",0.0101795452180475,0.922057087431078,1
"ENSMUSG00000090733",0.195567882689023,0.922458604846455,1
"ENSMUSG00000024697",-0.065019881319202,0.922968096881494,1
"ENSMUSG00000023988",-0.0559098232570321,0.923160195784504,1
"ENSMUSG00000031585",0.0387826261824173,0.923188159575554,1
"ENSMUSG00000002221",-0.0947560165884731,0.923648803677202,1
"ENSMUSG00000026484",-0.0794491343536379,0.923725353068791,1
"ENSMUSG00000025512",-0.0765152024440283,0.924919823628954,1
"ENSMUSG00000019802",-0.005832860121739,0.925961016267973,1
"ENSMUSG00000001089",0.0400825857138543,0.925973099494419,1
"ENSMUSG00000031838",-0.0595041909680347,0.9283496897517,1
"ENSMUSG00000007655",-0.0101208151470118,0.929109772562076,1
"ENSMUSG00000028228",0.00884474449502903,0.929461077188372,1
"ENSMUSG00000024381",0.0971885800133556,0.932243067617801,1
"ENSMUSG00000022636",-0.0643650155379873,0.932337639602065,1
"ENSMUSG00000027496",-0.0431810982784704,0.933309653306607,1
"ENSMUSG00000006494",0.00852495683426469,0.933677625089147,1
"ENSMUSG00000069874",-0.0650660178523559,0.934356983269659,1
"ENSMUSG00000018761",-0.0496291710952086,0.934371515224384,1
"ENSMUSG00000041057",-0.0773879791685204,0.934418624843028,1
"ENSMUSG00000026361",-0.0408969729598212,0.934615667179774,1
"ENSMUSG00000034675",0.116940217853067,0.935247089364143,1
"ENSMUSG00000038633",0.0530439286341782,0.935923355270418,1
"ENSMUSG00000020023",-0.0667537491524257,0.936385641628291,1
"ENSMUSG00000041645",-0.145835144772171,0.936385886643953,1
"ENSMUSG00000034820",-0.00640904312303547,0.938281493495105,1
"ENSMUSG00000026281",0.00503942266873736,0.938559696233163,1
"ENSMUSG00000026576",-0.0659088076319492,0.938791931081612,1
"ENSMUSG00000058729",-0.0296613369571368,0.938804344109797,1
"ENSMUSG00000028646",-0.056125861611303,0.939403629201621,1
"ENSMUSG00000025555",-0.0553786361662887,0.94225044896213,1
"ENSMUSG00000056770",0.0586987820942078,0.942251747272989,1
"ENSMUSG00000028013",0.00318413882546054,0.942278307450081,1
"ENSMUSG00000054455",0.00529578077226134,0.942584801671905,1
"ENSMUSG00000054733",-0.0581762388523366,0.942808906751729,1
"ENSMUSG00000024833",0.0822582187306367,0.943006593586729,1
"ENSMUSG00000040774",-0.0571356920493571,0.943119800268776,1
"ENSMUSG00000008682",0.130881312092693,0.944191231911678,1
"ENSMUSG00000026389",0.0534208025982679,0.945286966296055,1
"ENSMUSG00000029499",0.0469315853954839,0.946005914988918,1
"ENSMUSG00000076441",0.0370531626681654,0.946849396576132,1
"ENSMUSG00000025510",0.0822652529932384,0.947139478073771,1
"ENSMUSG00000031586",-0.0337208896869505,0.947858850166164,1
"ENSMUSG00000003037",-0.00859130657318374,0.948413223615382,1
"ENSMUSG00000006673",0.0658161352051039,0.948421232085567,1
"ENSMUSG00000001632",-0.0273213464047259,0.949202422094862,1
"ENSMUSG00000034593",-0.052560300447162,0.949416957179262,1
"ENSMUSG00000032553",-0.00509606171043231,0.949862469494949,1
"ENSMUSG00000106918",-0.0561164932765124,0.950535749113458,1
"ENSMUSG00000037805",0.0295860530641257,0.95053943835993,1
"ENSMUSG00000004285",-0.0875612188216159,0.95113850235658,1
"ENSMUSG00000038736",2.95918447483449,0.951266718129423,1
"ENSMUSG00000044792",-0.044543479144906,0.951899694757655,1
"ENSMUSG00000037563",0.121533462759491,0.952039182958368,1
"ENSMUSG00000019539",0.0837935957056644,0.952055923064231,1
"ENSMUSG00000041431",-0.0915812486331475,0.952426448191578,1
"ENSMUSG00000028134",-0.066115988240071,0.952766943945795,1
"ENSMUSG00000020964",0.0054893776907825,0.953965803916447,1
"ENSMUSG00000029076",-0.0598203824349497,0.954269100862335,1
"ENSMUSG00000027963",-0.0361317306234454,0.954431713697182,1
"ENSMUSG00000026154",0.0394379560118807,0.954450258203037,1
"ENSMUSG00000028016",-0.0431132757561876,0.954899121444955,1
"ENSMUSG00000053453",-0.0714943495809877,0.95602368967266,1
"ENSMUSG00000031818",-0.212192906487747,0.956185133409816,1
"ENSMUSG00000037321",-0.0499454557691124,0.956394888651455,1
"ENSMUSG00000024480",0.0463578768668818,0.956880577341886,1
"ENSMUSG00000005899",0.0288446255182961,0.957099986138071,1
"ENSMUSG00000041319",-0.0393197881646081,0.95728299264772,1
"ENSMUSG00000034744",0.0386977761478065,0.957745225170195,1
"ENSMUSG00000019923",0.0322095890172314,0.958907406123854,1
"ENSMUSG00000024018",-0.0538007592966245,0.961394743862227,1
"ENSMUSG00000001829",0.0049060719230809,0.961761889995168,1
"ENSMUSG00000021190",0.0760836375483862,0.961897455218968,1
"ENSMUSG00000039952",-0.0114644815807488,0.961986982514589,1
"ENSMUSG00000023852",0.0232567915626092,0.962246600693543,1
"ENSMUSG00000051391",0.407529265621822,0.962426057866161,1
"ENSMUSG00000038612",-0.0336756541027796,0.962593892995602,1
"ENSMUSG00000037905",0.0561164501491156,0.962696803239271,1
"ENSMUSG00000065979",0.03918549182848,0.962865425330657,1
"ENSMUSG00000021917",2.71365675802063,0.96340853294784,1
"ENSMUSG00000034311",-0.00234945138770115,0.963933771461671,1
"ENSMUSG00000020843",-0.00474409578159651,0.964105389531392,1
"ENSMUSG00000036503",-0.00337802805310616,0.964508969362388,1
"ENSMUSG00000024044",0.0363602735097359,0.966207167022658,1
"ENSMUSG00000021076",0.0466348507912215,0.966234549015376,1
"ENSMUSG00000022477",-0.128825735939976,0.966687023271686,1
"ENSMUSG00000028556",-0.0411671758460948,0.966875055056429,1
"ENSMUSG00000042198",-0.0327860576841594,0.967022384378851,1
"ENSMUSG00000034707",0.00224569554055165,0.967457980289547,1
"ENSMUSG00000040112",-0.00328647982656349,0.96753395511198,1
"ENSMUSG00000024370",0.00404090943412072,0.969015157231373,1
"ENSMUSG00000048578",0.0018514468842632,0.969129728221885,1
"ENSMUSG00000075704",-0.0256212018333173,0.969677813507159,1
"ENSMUSG00000034189",-0.0364210962591898,0.969864383088416,1
"ENSMUSG00000107283",0.00457647339623435,0.97014475068086,1
"ENSMUSG00000027951",0.040342646288611,0.970471419900839,1
"ENSMUSG00000020946",0.0376496460672868,0.970684704788046,1
"ENSMUSG00000056501",0.0441924794915742,0.970813049869871,1
"ENSMUSG00000035666",-0.032747731516146,0.971578066064687,1
"ENSMUSG00000000826",-0.0525229939457574,0.972175045567885,1
"ENSMUSG00000022771",-0.0229190298081079,0.972289462494531,1
"ENSMUSG00000033228",-0.0225777633001663,0.972289533249868,1
"ENSMUSG00000035674",-0.0688018028717536,0.972373184255424,1
"ENSMUSG00000053110",-0.027820024175103,0.972390983016278,1
"ENSMUSG00000009555",-0.0206470654415902,0.972560718702122,1
"ENSMUSG00000031393",-0.0222414941559137,0.972758234521221,1
"ENSMUSG00000014402",0.0248192926967548,0.972984010526463,1
"ENSMUSG00000020150",-0.0314851003423087,0.973212627126217,1
"ENSMUSG00000005873",0.00506765908534845,0.973283901214723,1
"ENSMUSG00000032194",-0.0171762258912374,0.973678517570171,1
"ENSMUSG00000023088",0.0297933130923269,0.973819481778939,1
"ENSMUSG00000028688",-0.0259994634353049,0.974483314288044,1
"ENSMUSG00000042010",0.0309558998970338,0.974668900316613,1
"ENSMUSG00000022905",-0.0336984576172092,0.975232791790974,1
"ENSMUSG00000018196",-0.0245517204653858,0.975362234776341,1
"ENSMUSG00000031683",-0.0402515621209041,0.976406752132225,1
"ENSMUSG00000027820",-0.00158415531742406,0.977619712878145,1
"ENSMUSG00000046711",-0.0396652897936818,0.978167863340924,1
"ENSMUSG00000033411",-0.0241709434667428,0.978413453690927,1
"ENSMUSG00000026879",-0.000944524636114608,0.978661702244456,1
"ENSMUSG00000034243",0.0058361743135471,0.978672966439355,1
"ENSMUSG00000010406",-0.0269800400499456,0.978735932238024,1
"ENSMUSG00000021967",-0.0375970446392166,0.978766800504504,1
"ENSMUSG00000064127",0.0257600774894868,0.97905709514654,1
"ENSMUSG00000004934",0.0108883765788441,0.979618166455085,1
"ENSMUSG00000022325",-0.0170336690509707,0.980801994952287,1
"ENSMUSG00000049401",0.00222155137791802,0.9829456824274,1
"ENSMUSG00000062949",-0.0154649317176343,0.984002711100203,1
"ENSMUSG00000066442",0.0144223273019861,0.984173475953306,1
"ENSMUSG00000032264",-0.0015700316396412,0.984294865910311,1
"ENSMUSG00000030816",0.0170080050234702,0.98598304062524,1
"ENSMUSG00000073643",-0.020434777904736,0.986761279893203,1
"ENSMUSG00000078853",-0.00477368341818263,0.986811766258533,1
"ENSMUSG00000045410",-0.0177256771254442,0.986896738309677,1
"ENSMUSG00000052605",-0.0127707073098016,0.987036493862095,1
"ENSMUSG00000027884",-0.0178257229867214,0.98733848092618,1
"ENSMUSG00000029551",-0.0182404894560229,0.987357784453907,1
"ENSMUSG00000027630",-0.016200974306102,0.987386391643997,1
"ENSMUSG00000028010",0.00244405186264629,0.988441496043965,1
"ENSMUSG00000074218",-0.0179458446053431,0.989123578350941,1
"ENSMUSG00000079487",0.0123499842947297,0.989193334148654,1
"ENSMUSG00000036893",0.00723839199324061,0.989384128417628,1
"ENSMUSG00000016194",0.00818039643688451,0.989645455040247,1
"ENSMUSG00000022748",0.0137742911551086,0.99035094448562,1
"ENSMUSG00000021549",-1.06465816574329,0.990504357146357,1
"ENSMUSG00000027428",0.0122406571578182,0.991469297811452,1
"ENSMUSG00000024098",-0.00597106084980936,0.992087771163717,1
"ENSMUSG00000023963",0.0122024054089493,0.992239438362571,1
"ENSMUSG00000042348",0.00505152611950521,0.992365195201804,1
"ENSMUSG00000030282",0.0289571283199273,0.992419860741098,1
"ENSMUSG00000016487",0.011628449397417,0.992590592182373,1
"ENSMUSG00000028271",0.00716735332603946,0.993826985607191,1
"ENSMUSG00000023460",-0.0122044028768968,0.99474188831636,1
"ENSMUSG00000031988",0.00516034416812161,0.994890277265513,1
"ENSMUSG00000060090",0.0036440705497256,0.995026692181352,1
"ENSMUSG00000024539",-0.00516238317505824,0.995757989043852,1
"ENSMUSG00000027411",-0.00415122383224542,0.995876626301421,1
"ENSMUSG00000024537",-0.00547853144153265,0.996184622721144,1
"ENSMUSG00000051768",-0.00346957474189225,0.996240793592087,1
"ENSMUSG00000035473",-0.0051667346803832,0.996358190331203,1
"ENSMUSG00000000959",0.000396355532544135,0.996439234274102,1
"ENSMUSG00000024691",0.00266455115716724,0.99649814146818,1
"ENSMUSG00000022246",0.976212601182453,0.996869087458044,1
"ENSMUSG00000001942",0.00262583610257039,0.996944698609165,1
"ENSMUSG00000043411",-0.00662160017703428,0.997061406082571,1
"ENSMUSG00000027519",0.00644629864568458,0.997104819687687,1
"ENSMUSG00000028044",-0.00356937713959482,0.997342688413053,1
"ENSMUSG00000025872",-0.00315146610694939,0.997421000424362,1
"ENSMUSG00000035632",-0.00220958310288211,0.997743033529968,1
"ENSMUSG00000022177",-0.518509300055648,0.998183923282402,1
"ENSMUSG00000056851",0.0384651639064479,0.998480018899278,1
"ENSMUSG00000022816",0.00189826328551135,0.998489560865548,1
"ENSMUSG00000008140",0.00148122090295288,0.99873565101896,1
"ENSMUSG00000045624",0.0049486560526546,0.998741091053592,1
"ENSMUSG00000034931",-0.00052665023329368,0.999102419979873,1
"ENSMUSG00000022338",-0.00303584439697602,0.999854262743919,1
"ENSMUSG00000058600",0.0409536847282226,0.999893506495834,1
"ENSMUSG00000013663",0.061353159046682,1,1
"ENSMUSG00000064345",0,1,1
"ENSMUSG00000039656",0,1,1
"ENSMUSG00000002307",0,1,1
"ENSMUSG00000024339",0,1,1
"ENSMUSG00000053877",0,1,1
"ENSMUSG00000052293",0,1,1
"ENSMUSG00000026600",0,1,1
"ENSMUSG00000022587",0,1,1
"ENSMUSG00000026280",0,1,1
"ENSMUSG00000032737",0,1,1
"ENSMUSG00000014850",0,1,1
"ENSMUSG00000014602",0,1,1
"ENSMUSG00000032410",0,1,1
"ENSMUSG00000055013",0,1,1
"ENSMUSG00000026434",0,1,1
"ENSMUSG00000051590",0,1,1
"ENSMUSG00000018740",0,1,1
"ENSMUSG00000026202",0,1,1
"ENSMUSG00000032666",0,1,1
"ENSMUSG00000039382",0,1,1
"ENSMUSG00000047539",0,1,1
"ENSMUSG00000039128",0,1,1
"ENSMUSG00000038696",0,1,1
"ENSMUSG00000041355",0,1,1
"ENSMUSG00000022995",0,1,1
"ENSMUSG00000027763",0,1,1
"ENSMUSG00000037395",0,1,1
"ENSMUSG00000001420",0,1,1
"ENSMUSG00000026470",0,1,1
"ENSMUSG00000026558",0,1,1
"ENSMUSG00000028080",0,1,1
"ENSMUSG00000026857",0,1,1
"ENSMUSG00000026773",0,1,1
"ENSMUSG00000037174",0,1,1
"ENSMUSG00000038975",0,1,1
"ENSMUSG00000037400",0,1,1
"ENSMUSG00000040351",0,1,1
"ENSMUSG00000005057",0,1,1
"ENSMUSG00000062127",0,1,1
"ENSMUSG00000029291",0,1,1
"ENSMUSG00000025437",0,1,1
"ENSMUSG00000070733",0,1,1
"ENSMUSG00000039456",0,1,1
"ENSMUSG00000029594",0,1,1
"ENSMUSG00000026872",0,1,1
"ENSMUSG00000029166",0,1,1
"ENSMUSG00000078435",0,1,1
"ENSMUSG00000033788",0,1,1
"ENSMUSG00000004270",0,1,1
"ENSMUSG00000034023",0,1,1
"ENSMUSG00000035236",0,1,1
"ENSMUSG00000029569",0,1,1
"ENSMUSG00000001909",0,1,1
"ENSMUSG00000004947",0,1,1
"ENSMUSG00000023262",0,1,1
"ENSMUSG00000026307",0,1,1
"ENSMUSG00000025878",0,1,1
"ENSMUSG00000026604",0,1,1
"ENSMUSG00000030750",0,1,1
"ENSMUSG00000031532",0,1,1
"ENSMUSG00000039286",0,1,1
"ENSMUSG00000027742",0,1,1
"ENSMUSG00000043279",0,1,1
"ENSMUSG00000034951",0,1,1
"ENSMUSG00000048039",0,1,1
"ENSMUSG00000020536",0,1,1
"ENSMUSG00000034485",0,1,1
"ENSMUSG00000054277",0,1,1
"ENSMUSG00000055041",0,1,1
"ENSMUSG00000022150",0,1,1
"ENSMUSG00000038034",0,1,1
"ENSMUSG00000062604",0,1,1
"ENSMUSG00000021900",0,1,1
"ENSMUSG00000017176",0,1,1
"ENSMUSG00000050891",0,1,1
"ENSMUSG00000020258",0,1,1
"ENSMUSG00000055762",0,1,1
"ENSMUSG00000021592",0,1,1
"ENSMUSG00000024807",0,1,1
"ENSMUSG00000023994",0,1,1
"ENSMUSG00000021952",0,1,1
"ENSMUSG00000032423",0,1,1
"ENSMUSG00000022146",0,1,1
"ENSMUSG00000079043",0,1,1
"ENSMUSG00000030763",0,1,1
"ENSMUSG00000035585",0,1,1
"ENSMUSG00000034342",0,1,1
"ENSMUSG00000051793",0,1,1
"ENSMUSG00000049553",0,1,1
"ENSMUSG00000060860",0,1,1
"ENSMUSG00000042289",0,1,1
"ENSMUSG00000002968",0,1,1
"ENSMUSG00000015149",0,1,1
"ENSMUSG00000004565",0,1,1
"ENSMUSG00000087687",0,1,1
"ENSMUSG00000055670",0,1,1
"ENSMUSG00000041720",0,1,1
"ENSMUSG00000003992",0,1,1
"ENSMUSG00000030649",0,1,1
"ENSMUSG00000024236",0,1,1
"ENSMUSG00000061313",0,1,1
"ENSMUSG00000031959",0,1,1
"ENSMUSG00000030465",0,1,1
"ENSMUSG00000031858",0,1,1
"ENSMUSG00000040111",0,1,1
"ENSMUSG00000031669",0,1,1
"ENSMUSG00000034312",0,1,1
"ENSMUSG00000001472",0,1,1
"ENSMUSG00000038697",0,1,1
"ENSMUSG00000035208",0,1,1
"ENSMUSG00000032193",0,1,1
"ENSMUSG00000032254",0,1,1
"ENSMUSG00000003308",0,1,1
"ENSMUSG00000032348",0,1,1
"ENSMUSG00000032497",0,1,1
"ENSMUSG00000033392",0,1,1
"ENSMUSG00000059263",0,1,1
"ENSMUSG00000057193",0,1,1
"ENSMUSG00000018068",0,1,1
"ENSMUSG00000039914",0,1,1
"ENSMUSG00000019857",0,1,1
"ENSMUSG00000059436",0,1,1
"ENSMUSG00000032705",0,1,1
"ENSMUSG00000019873",0,1,1
"ENSMUSG00000059791",0,1,1
"ENSMUSG00000021286",0,1,1
"ENSMUSG00000021598",0,1,1
"ENSMUSG00000052180",0,1,1
"ENSMUSG00000021156",0,1,1
"ENSMUSG00000020974",0,1,1
"ENSMUSG00000021068",0,1,1
"ENSMUSG00000071647",0,1,1
"ENSMUSG00000021733",0,1,1
"ENSMUSG00000074886",0,1,1
"ENSMUSG00000023923",0,1,1
"ENSMUSG00000069089",0,1,1
"ENSMUSG00000015176",0,1,1
"ENSMUSG00000021629",0,1,1
"ENSMUSG00000024068",0,1,1
"ENSMUSG00000022000",0,1,1
"ENSMUSG00000022100",0,1,1
"ENSMUSG00000018334",0,1,1
"ENSMUSG00000021840",0,1,1
"ENSMUSG00000039007",0,1,1
"ENSMUSG00000059586",0,1,1
"ENSMUSG00000037204",0,1,1
"ENSMUSG00000018830",0,1,1
"ENSMUSG00000033020",0,1,1
"ENSMUSG00000052369",0,1,1
"ENSMUSG00000022404",0,1,1
"ENSMUSG00000022671",0,1,1
"ENSMUSG00000023018",0,1,1
"ENSMUSG00000022436",0,1,1
"ENSMUSG00000033088",0,1,1
"ENSMUSG00000031093",0,1,1
"ENSMUSG00000041215",0,1,1
"ENSMUSG00000045975",0,1,1
"ENSMUSG00000049076",0,1,1
"ENSMUSG00000033918",0,1,1
"ENSMUSG00000069729",0,1,1
"ENSMUSG00000012017",0,1,1
"ENSMUSG00000038160",0,1,1
"ENSMUSG00000037013",0,1,1
"ENSMUSG00000024259",0,1,1
"ENSMUSG00000036103",0,1,1
"ENSMUSG00000036775",0,1,1
"ENSMUSG00000058624",0,1,1
"ENSMUSG00000002625",0,1,1
"ENSMUSG00000056612",0,1,1
"ENSMUSG00000025225",0,1,1
"ENSMUSG00000024927",0,1,1
"ENSMUSG00000034108",0,1,1
"ENSMUSG00000024926",0,1,1
"ENSMUSG00000024516",0,1,1
"ENSMUSG00000057561",0,1,1
"ENSMUSG00000013465",0,1,1
"ENSMUSG00000050953",0,1,1
"ENSMUSG00000066151",0,1,1
"ENSMUSG00000038957",0,1,1
"ENSMUSG00000000440",0,1,1
"ENSMUSG00000020226",0,1,1
"ENSMUSG00000022035",0,1,1
"ENSMUSG00000032834",0,1,1
"ENSMUSG00000015143",0,1,1
"ENSMUSG00000034889",0,1,1
"ENSMUSG00000060681",0,1,1
"ENSMUSG00000034621",0,1,1
"ENSMUSG00000042446",0,1,1
"ENSMUSG00000057637",0,1,1
"ENSMUSG00000033326",0,1,1
"ENSMUSG00000044700",0,1,1
"ENSMUSG00000025583",0,1,1
"ENSMUSG00000025531",0,1,1
"ENSMUSG00000031153",0,1,1
"ENSMUSG00000039069",0,1,1
"ENSMUSG00000027282",0,1,1
"ENSMUSG00000033792",0,1,1
"ENSMUSG00000051675",0,1,1
"ENSMUSG00000007659",0,1,1
"ENSMUSG00000036646",0,1,1
"ENSMUSG00000026643",0,1,1
"ENSMUSG00000049999",0,1,1
"ENSMUSG00000000876",0,1,1
"ENSMUSG00000025781",0,1,1
"ENSMUSG00000040174",0,1,1
"ENSMUSG00000031171",0,1,1
"ENSMUSG00000070972",0,1,1
"ENSMUSG00000002550",0,1,1
"ENSMUSG00000028212",0,1,1
"ENSMUSG00000040738",0,1,1
"ENSMUSG00000027384",0,1,1
"ENSMUSG00000039476",0,1,1
"ENSMUSG00000033526",0,1,1
"ENSMUSG00000027580",0,1,1
"ENSMUSG00000026739",0,1,1
"ENSMUSG00000043241",0,1,1
"ENSMUSG00000070953",0,1,1
"ENSMUSG00000026730",0,1,1
"ENSMUSG00000005233",0,1,1
"ENSMUSG00000074576",0,1,1
"ENSMUSG00000063019",0,1,1
"ENSMUSG00000000320",0,1,1
"ENSMUSG00000014767",0,1,1
"ENSMUSG00000024429",0,1,1
"ENSMUSG00000036391",0,1,1
"ENSMUSG00000031200",0,1,1
"ENSMUSG00000036398",0,1,1
"ENSMUSG00000033769",0,1,1
"ENSMUSG00000061759",0,1,1
"ENSMUSG00000024790",0,1,1
"ENSMUSG00000062115",0,1,1
"ENSMUSG00000037316",0,1,1
"ENSMUSG00000049128",0,1,1
"ENSMUSG00000030284",0,1,1
"ENSMUSG00000038545",0,1,1
"ENSMUSG00000003423",0,1,1
"ENSMUSG00000062070",0,1,1
"ENSMUSG00000020774",0,1,1
"ENSMUSG00000038954",0,1,1
"ENSMUSG00000024201",0,1,1
"ENSMUSG00000018395",0,1,1
"ENSMUSG00000020364",0,1,1
"ENSMUSG00000047694",0,1,1
"ENSMUSG00000073016",0,1,1
"ENSMUSG00000028277",0,1,1
"ENSMUSG00000029030",0,1,1
"ENSMUSG00000021643",0,1,1
"ENSMUSG00000028796",0,1,1
"ENSMUSG00000023026",0,1,1
"ENSMUSG00000048874",0,1,1
"ENSMUSG00000021279",0,1,1
"ENSMUSG00000028402",0,1,1
"ENSMUSG00000025078",0,1,1
"ENSMUSG00000000708",0,1,1
"ENSMUSG00000034653",0,1,1
"ENSMUSG00000038095",0,1,1
"ENSMUSG00000039357",0,1,1
"ENSMUSG00000038039",0,1,1
"ENSMUSG00000031592",0,1,1
"ENSMUSG00000079470",0,1,1
"ENSMUSG00000024066",0,1,1
"ENSMUSG00000022125",0,1,1
"ENSMUSG00000062397",0,1,1
"ENSMUSG00000017291",0,1,1
"ENSMUSG00000028099",0,1,1
"ENSMUSG00000032232",0,1,1
"ENSMUSG00000027714",0,1,1
"ENSMUSG00000021188",0,1,1
"ENSMUSG00000030232",0,1,1
"ENSMUSG00000019087",0,1,1
"ENSMUSG00000059970",0,1,1
"ENSMUSG00000001105",0,1,1
"ENSMUSG00000058835",0,1,1
"ENSMUSG00000037652",0,1,1
"ENSMUSG00000075486",0,1,1
"ENSMUSG00000025262",0,1,1
"ENSMUSG00000024795",0,1,1
"ENSMUSG00000069171",0,1,1
"ENSMUSG00000024055",0,1,1
"ENSMUSG00000030516",0,1,1
"ENSMUSG00000034218",0,1,1
"ENSMUSG00000020268",0,1,1
"ENSMUSG00000037343",0,1,1
"ENSMUSG00000030059",0,1,1
"ENSMUSG00000034602",0,1,1
"ENSMUSG00000026064",0,1,1
"ENSMUSG00000028068",0,1,1
"ENSMUSG00000049382",0,1,1
"ENSMUSG00000031765",0,1,1
"ENSMUSG00000026113",0,1,1
"ENSMUSG00000035900",0,1,1
"ENSMUSG00000090247",0,1,1
"ENSMUSG00000022010",0,1,1
"ENSMUSG00000024830",0,1,1
"ENSMUSG00000033373",0,1,1
"ENSMUSG00000062210",0,1,1
"ENSMUSG00000025466",0,1,1
"ENSMUSG00000031851",0,1,1
"ENSMUSG00000024277",0,1,1
"ENSMUSG00000045752",0,1,1
"ENSMUSG00000027601",0,1,1
"ENSMUSG00000026289",0,1,1
"ENSMUSG00000071451",0,1,1
"ENSMUSG00000039763",0,1,1
"ENSMUSG00000034317",0,1,1
"ENSMUSG00000029276",0,1,1
"ENSMUSG00000036980",0,1,1
"ENSMUSG00000032349",0,1,1
"ENSMUSG00000029571",0,1,1
"ENSMUSG00000041890",0,1,1
"ENSMUSG00000019854",0,1,1
"ENSMUSG00000002205",0,1,1
"ENSMUSG00000020400",0,1,1
"ENSMUSG00000074457",0,1,1
"ENSMUSG00000047714",0,1,1
"ENSMUSG00000032386",0,1,1
"ENSMUSG00000001663",0,1,1
"ENSMUSG00000027937",0,1,1
"ENSMUSG00000035203",0,1,1
"ENSMUSG00000003812",0,1,1
"ENSMUSG00000029470",0,1,1
"ENSMUSG00000005069",0,1,1
"ENSMUSG00000030254",0,1,1
"ENSMUSG00000036845",0,1,1
"ENSMUSG00000006732",0,1,1
"ENSMUSG00000106864",0,1,1
"ENSMUSG00000071649",0,1,1
"ENSMUSG00000074037",0,1,1
"ENSMUSG00000036873",0,1,1
"ENSMUSG00000020794",0,1,1
"ENSMUSG00000029863",0,1,1
"ENSMUSG00000038205",0,1,1
"ENSMUSG00000026240",0,1,1
"ENSMUSG00000025421",0,1,1
"ENSMUSG00000054434",0,1,1
"ENSMUSG00000038172",0,1,1
"ENSMUSG00000041625",0,1,1
"ENSMUSG00000024792",0,1,1
"ENSMUSG00000063063",0,1,1
"ENSMUSG00000012422",0,1,1
"ENSMUSG00000022558",0,1,1
"ENSMUSG00000024515",0,1,1
"ENSMUSG00000025066",0,1,1
"ENSMUSG00000027506",0,1,1
"ENSMUSG00000068922",0,1,1
"ENSMUSG00000022119",0,1,1
"ENSMUSG00000027357",0,1,1
"ENSMUSG00000032648",0,1,1
"ENSMUSG00000030888",0,1,1
"ENSMUSG00000078776",0,1,1
"ENSMUSG00000021139",0,1,1
"ENSMUSG00000052337",0,1,1
"ENSMUSG00000002428",0,1,1
"ENSMUSG00000035623",0,1,1
"ENSMUSG00000047735",0,1,1
"ENSMUSG00000032332",0,1,1
"ENSMUSG00000017288",0,1,1
"ENSMUSG00000029478",0,1,1
"ENSMUSG00000026970",0,1,1
"ENSMUSG00000056234",0,1,1
"ENSMUSG00000038774",0,1,1
"ENSMUSG00000041977",0,1,1
"ENSMUSG00000023106",0,1,1
"ENSMUSG00000056917",0,1,1
"ENSMUSG00000021243",0,1,1
"ENSMUSG00000029106",0,1,1
"ENSMUSG00000056938",0,1,1
"ENSMUSG00000004221",0,1,1
"ENSMUSG00000059890",0,1,1
"ENSMUSG00000007656",0,1,1
"ENSMUSG00000032215",0,1,1
"ENSMUSG00000052033",0,1,1
"ENSMUSG00000071550",0,1,1
"ENSMUSG00000033237",0,1,1
"ENSMUSG00000004561",0,1,1
"ENSMUSG00000072889",0,1,1
"ENSMUSG00000002963",0,1,1
"ENSMUSG00000029761",0,1,1
"ENSMUSG00000026924",0,1,1
"ENSMUSG00000014907",0,1,1
"ENSMUSG00000035597",0,1,1
"ENSMUSG00000019792",0,1,1
"ENSMUSG00000001419",0,1,1
"ENSMUSG00000034893",0,1,1
"ENSMUSG00000037679",0,1,1
"ENSMUSG00000040265",0,1,1
"ENSMUSG00000062510",0,1,1
"ENSMUSG00000022377",0,1,1
"ENSMUSG00000019984",0,1,1
"ENSMUSG00000037366",0,1,1
"ENSMUSG00000048279",0,1,1
"ENSMUSG00000005442",0,1,1
"ENSMUSG00000013833",0,1,1
"ENSMUSG00000030706",0,1,1
"ENSMUSG00000026014",0,1,1
"ENSMUSG00000024122",0,1,1
"ENSMUSG00000024921",0,1,1
"ENSMUSG00000022678",0,1,1
"ENSMUSG00000025173",0,1,1
"ENSMUSG00000013858",0,1,1
"ENSMUSG00000028007",0,1,1
"ENSMUSG00000036636",0,1,1
"ENSMUSG00000027981",0,1,1
"ENSMUSG00000038080",0,1,1
"ENSMUSG00000025316",0,1,1
"ENSMUSG00000002222",0,1,1
"ENSMUSG00000033880",0,1,1
"ENSMUSG00000026127",0,1,1
"ENSMUSG00000056342",0,1,1
"ENSMUSG00000027522",0,1,1
"ENSMUSG00000041870",0,1,1
"ENSMUSG00000044864",0,1,1
"ENSMUSG00000089917",0,1,1
"ENSMUSG00000039795",0,1,1
"ENSMUSG00000090523",0,1,1
"ENSMUSG00000020937",0,1,1
"ENSMUSG00000033991",0,1,1
"ENSMUSG00000022390",0,1,1
"ENSMUSG00000037112",0,1,1
"ENSMUSG00000059495",0,1,1
"ENSMUSG00000024924",0,1,1
"ENSMUSG00000032078",0,1,1
"ENSMUSG00000035247",0,1,1
"ENSMUSG00000031557",0,1,1
"ENSMUSG00000022992",0,1,1
"ENSMUSG00000006763",0,1,1
"ENSMUSG00000036167",0,1,1
"ENSMUSG00000029397",0,1,1
"ENSMUSG00000031753",0,1,1
"ENSMUSG00000048000",0,1,1
"ENSMUSG00000018727",0,1,1
"ENSMUSG00000035021",0,1,1
"ENSMUSG00000042632",0,1,1
"ENSMUSG00000031010",0,1,1
"ENSMUSG00000026586",0,1,1
"ENSMUSG00000063558",0,1,1
"ENSMUSG00000006050",0,1,1
"ENSMUSG00000032468",0,1,1
"ENSMUSG00000039828",0,1,1
"ENSMUSG00000025348",0,1,1
"ENSMUSG00000000568",0,1,1
"ENSMUSG00000071551",0,1,1
"ENSMUSG00000032400",0,1,1
"ENSMUSG00000024909",0,1,1
"ENSMUSG00000029629",0,1,1
"ENSMUSG00000038170",0,1,1
"ENSMUSG00000001418",0,1,1
"ENSMUSG00000050860",0,1,1
"ENSMUSG00000021756",0,1,1
"ENSMUSG00000061353",0,1,1
"ENSMUSG00000059552",0,1,1
"ENSMUSG00000046311",0,1,1
"ENSMUSG00000018566",0,1,1
"ENSMUSG00000094018",0,1,1
"ENSMUSG00000023156",0,1,1
"ENSMUSG00000021711",0,1,1
"ENSMUSG00000094429",0,1,1
"ENSMUSG00000024963",0,1,1
"ENSMUSG00000056899",0,1,1
"ENSMUSG00000034533",0,1,1
"ENSMUSG00000030739",0,1,1
"ENSMUSG00000033075",0,1,1
"ENSMUSG00000000420",0,1,1
"ENSMUSG00000026946",0,1,1
"ENSMUSG00000026664",0,1,1
"ENSMUSG00000032316",0,1,1
"ENSMUSG00000020817",0,1,1
"ENSMUSG00000032757",0,1,1
"ENSMUSG00000007038",0,1,1
"ENSMUSG00000068566",0,1,1
"ENSMUSG00000024851",0,1,1
"ENSMUSG00000022809",0,1,1
"ENSMUSG00000020694",0,1,1
"ENSMUSG00000024423",0,1,1
"ENSMUSG00000039989",0,1,1
"ENSMUSG00000024146",0,1,1
"ENSMUSG00000040356",0,1,1
"ENSMUSG00000047281",0,1,1
"ENSMUSG00000027109",0,1,1
"ENSMUSG00000021124",0,1,1
"ENSMUSG00000021288",0,1,1
"ENSMUSG00000036023",0,1,1
"ENSMUSG00000032582",0,1,1
"ENSMUSG00000055371",0,1,1
"ENSMUSG00000047804",0,1,1
"ENSMUSG00000029344",0,1,1
"ENSMUSG00000021258",0,1,1
"ENSMUSG00000035011",0,1,1
"ENSMUSG00000052102",0,1,1
"ENSMUSG00000053617",0,1,1
"ENSMUSG00000034994",0,1,1
"ENSMUSG00000026000",0,1,1
"ENSMUSG00000017697",0,1,1
"ENSMUSG00000031233",0,1,1
"ENSMUSG00000020029",0,1,1
"ENSMUSG00000098387",0,1,1
"ENSMUSG00000053985",0,1,1
"ENSMUSG00000066861",0,1,1
"ENSMUSG00000074743",0,1,1
"ENSMUSG00000028024",0,1,1
"ENSMUSG00000024369",0,1,1
"ENSMUSG00000030218",0,1,1
"ENSMUSG00000052131",0,1,1
"ENSMUSG00000052397",0,1,1
"ENSMUSG00000041417",0,1,1
"ENSMUSG00000020346",0,1,1
"ENSMUSG00000021948",0,1,1
"ENSMUSG00000032218",0,1,1
"ENSMUSG00000019988",0,1,1
"ENSMUSG00000004768",0,1,1
"ENSMUSG00000034789",0,1,1
"ENSMUSG00000037706",0,1,1
"ENSMUSG00000061130",0,1,1
"ENSMUSG00000032085",0,1,1
"ENSMUSG00000026942",0,1,1
"ENSMUSG00000030342",0,1,1
"ENSMUSG00000015243",0,1,1
"ENSMUSG00000028494",0,1,1
"ENSMUSG00000056220",0,1,1
"ENSMUSG00000029135",0,1,1
"ENSMUSG00000056758",0,1,1
"ENSMUSG00000056216",0,1,1
"ENSMUSG00000000957",0,1,1
"ENSMUSG00000030057",0,1,1
"ENSMUSG00000028426",0,1,1
"ENSMUSG00000027500",0,1,1
"ENSMUSG00000061032",0,1,1
"ENSMUSG00000019478",0,1,1
"ENSMUSG00000062248",0,1,1
"ENSMUSG00000031231",0,1,1
"ENSMUSG00000005360",0,1,1
"ENSMUSG00000001120",0,1,1
"ENSMUSG00000034205",0,1,1
"ENSMUSG00000026176",0,1,1
"ENSMUSG00000028464",0,1,1
"ENSMUSG00000039849",0,1,1
"ENSMUSG00000034748",0,1,1
"ENSMUSG00000013822",0,1,1
"ENSMUSG00000031950",0,1,1
"ENSMUSG00000036943",0,1,1
"ENSMUSG00000051853",0,1,1
"ENSMUSG00000036894",0,1,1
"ENSMUSG00000002728",0,1,1
"ENSMUSG00000030082",0,1,1
"ENSMUSG00000049354",0,1,1
"ENSMUSG00000071359",0,1,1
"ENSMUSG00000004771",0,1,1
"ENSMUSG00000009630",0,1,1
"ENSMUSG00000035783",0,1,1
"ENSMUSG00000054364",0,1,1
"ENSMUSG00000029838",0,1,1
"ENSMUSG00000042644",0,1,1
"ENSMUSG00000031168",0,1,1
"ENSMUSG00000057672",0,1,1
"ENSMUSG00000020733",0,1,1
"ENSMUSG00000020091",0,1,1
"ENSMUSG00000000127",0,1,1
"ENSMUSG00000030403",0,1,1
"ENSMUSG00000003184",0,1,1
"ENSMUSG00000038894",0,1,1
"ENSMUSG00000027996",0,1,1
"ENSMUSG00000029642",0,1,1
"ENSMUSG00000020844",0,1,1
"ENSMUSG00000021540",0,1,1
"ENSMUSG00000028886",0,1,1
"ENSMUSG00000049691",0,1,1
"ENSMUSG00000020038",0,1,1
"ENSMUSG00000030560",0,1,1
"ENSMUSG00000029591",0,1,1
"ENSMUSG00000022098",0,1,1
"ENSMUSG00000029428",0,1,1
"ENSMUSG00000020330",0,1,1
"ENSMUSG00000078317",0,1,1
"ENSMUSG00000068196",0,1,1
"ENSMUSG00000021264",0,1,1
"ENSMUSG00000029661",0,1,1
"ENSMUSG00000021670",0,1,1
"ENSMUSG00000020122",0,1,1
"ENSMUSG00000020857",0,1,1
"ENSMUSG00000001552",0,1,1
"ENSMUSG00000020755",0,1,1
"ENSMUSG00000023885",0,1,1
"ENSMUSG00000039480",0,1,1
"ENSMUSG00000070697",0,1,1
"ENSMUSG00000027575",0,1,1
"ENSMUSG00000020232",0,1,1
"ENSMUSG00000030867",0,1,1
"ENSMUSG00000022263",0,1,1
"ENSMUSG00000055069",0,1,1
"ENSMUSG00000050310",0,1,1
"ENSMUSG00000020962",0,1,1
"ENSMUSG00000028189",0,1,1
"ENSMUSG00000031629",0,1,1
"ENSMUSG00000050373",0,1,1
"ENSMUSG00000051169",0,1,1
"ENSMUSG00000074476",0,1,1
"ENSMUSG00000038886",0,1,1
"ENSMUSG00000034765",0,1,1
"ENSMUSG00000031007",0,1,1
"ENSMUSG00000031812",0,1,1
"ENSMUSG00000028863",0,1,1
"ENSMUSG00000000295",0,1,1
"ENSMUSG00000005312",0,1,1
"ENSMUSG00000028868",0,1,1
"ENSMUSG00000040188",0,1,1
"ENSMUSG00000031979",0,1,1
"ENSMUSG00000024525",0,1,1
"ENSMUSG00000029816",0,1,1
"ENSMUSG00000033417",0,1,1
"ENSMUSG00000025402",0,1,1
"ENSMUSG00000046201",0,1,1
"ENSMUSG00000020605",0,1,1
"ENSMUSG00000039050",0,1,1
"ENSMUSG00000041278",0,1,1
"ENSMUSG00000009905",0,1,1
"ENSMUSG00000024965",0,1,1
"ENSMUSG00000066357",0,1,1
"ENSMUSG00000006906",0,1,1
"ENSMUSG00000019977",0,1,1
"ENSMUSG00000017299",0,1,1
"ENSMUSG00000059208",0,1,1
"ENSMUSG00000026687",0,1,1
"ENSMUSG00000002658",0,1,1
"ENSMUSG00000024785",0,1,1
"ENSMUSG00000004748",0,1,1
"ENSMUSG00000046079",0,1,1
"ENSMUSG00000043702",0,1,1
"ENSMUSG00000109901",0,1,1
"ENSMUSG00000037058",0,1,1
"ENSMUSG00000004069",0,1,1
"ENSMUSG00000035683",0,1,1
"ENSMUSG00000037570",0,1,1
"ENSMUSG00000020677",0,1,1
"ENSMUSG00000041303",0,1,1
"ENSMUSG00000026393",0,1,1
"ENSMUSG00000031808",0,1,1
"ENSMUSG00000036188",0,1,1
"ENSMUSG00000028587",0,1,1
"ENSMUSG00000030315",0,1,1
"ENSMUSG00000018846",0,1,1
"ENSMUSG00000039449",0,1,1
"ENSMUSG00000049504",0,1,1
"ENSMUSG00000028678",0,1,1
"ENSMUSG00000030872",0,1,1
"ENSMUSG00000016253",0,1,1
"ENSMUSG00000033706",0,1,1
"ENSMUSG00000065990",0,1,1
"ENSMUSG00000010080",0,1,1
"ENSMUSG00000051984",0,1,1
"ENSMUSG00000028982",0,1,1
"ENSMUSG00000028948",0,1,1
"ENSMUSG00000034449",0,1,1
"ENSMUSG00000042229",0,1,1
"ENSMUSG00000012076",0,1,1
"ENSMUSG00000038838",0,1,1
"ENSMUSG00000035890",0,1,1
"ENSMUSG00000026965",0,1,1
"ENSMUSG00000026617",0,1,1
"ENSMUSG00000046861",0,1,1
"ENSMUSG00000047434",0,1,1
"ENSMUSG00000039994",0,1,1
"ENSMUSG00000031916",0,1,1
"ENSMUSG00000016831",0,1,1
"ENSMUSG00000034216",0,1,1
"ENSMUSG00000018442",0,1,1
"ENSMUSG00000026042",0,1,1
"ENSMUSG00000021569",0,1,1
"ENSMUSG00000031722",0,1,1
"ENSMUSG00000033161",0,1,1
"ENSMUSG00000029624",0,1,1
"ENSMUSG00000053841",0,1,1
"ENSMUSG00000028854",0,1,1
"ENSMUSG00000042015",0,1,1
"ENSMUSG00000014349",0,1,1
"ENSMUSG00000002524",0,1,1
"ENSMUSG00000024816",0,1,1
"ENSMUSG00000022443",0,1,1
"ENSMUSG00000040771",0,1,1
"ENSMUSG00000020412",0,1,1
"ENSMUSG00000022365",0,1,1
"ENSMUSG00000020628",0,1,1
"ENSMUSG00000024002",0,1,1
"ENSMUSG00000048078",0,1,1
"ENSMUSG00000027641",0,1,1
"ENSMUSG00000026816",0,1,1
"ENSMUSG00000040472",0,1,1
"ENSMUSG00000025151",0,1,1
"ENSMUSG00000078937",0,1,1
"ENSMUSG00000029111",0,1,1
"ENSMUSG00000022538",0,1,1
"ENSMUSG00000022299",0,1,1
"ENSMUSG00000030319",0,1,1
"ENSMUSG00000067995",0,1,1
"ENSMUSG00000033021",0,1,1
"ENSMUSG00000021751",0,1,1
"ENSMUSG00000017747",0,1,1
"ENSMUSG00000066880",0,1,1
"ENSMUSG00000040010",0,1,1
"ENSMUSG00000041685",0,1,1
"ENSMUSG00000029439",0,1,1
"ENSMUSG00000023074",0,1,1
"ENSMUSG00000029198",0,1,1
"ENSMUSG00000030386",0,1,1
"ENSMUSG00000036473",0,1,1
"ENSMUSG00000028145",0,1,1
"ENSMUSG00000073678",0,1,1
"ENSMUSG00000021548",0,1,1
"ENSMUSG00000018501",0,1,1
"ENSMUSG00000024797",0,1,1
"ENSMUSG00000006517",0,1,1
"ENSMUSG00000021065",0,1,1
"ENSMUSG00000020770",0,1,1
"ENSMUSG00000031918",0,1,1
"ENSMUSG00000053746",0,1,1
"ENSMUSG00000031601",0,1,1
"ENSMUSG00000030801",0,1,1
"ENSMUSG00000032038",0,1,1
"ENSMUSG00000041132",0,1,1
"ENSMUSG00000030677",0,1,1
"ENSMUSG00000050705",0,1,1
"ENSMUSG00000027078",0,1,1
"ENSMUSG00000027828",0,1,1
"ENSMUSG00000054150",0,1,1
"ENSMUSG00000029213",0,1,1
"ENSMUSG00000062373",0,1,1
"ENSMUSG00000046985",0,1,1
"ENSMUSG00000042700",0,1,1
"ENSMUSG00000032733",0,1,1
"ENSMUSG00000003849",0,1,1
"ENSMUSG00000035686",0,1,1
"ENSMUSG00000018167",0,1,1
"ENSMUSG00000006390",0,1,1
"ENSMUSG00000029918",0,1,1
"ENSMUSG00000005907",0,1,1
"ENSMUSG00000012705",0,1,1
"ENSMUSG00000007812",0,1,1
"ENSMUSG00000023960",0,1,1
"ENSMUSG00000020120",0,1,1
"ENSMUSG00000079317",0,1,1
"ENSMUSG00000035181",0,1,1
"ENSMUSG00000020519",0,1,1
"ENSMUSG00000020176",0,1,1
"ENSMUSG00000020527",0,1,1
"ENSMUSG00000010554",0,1,1
"ENSMUSG00000034297",0,1,1
"ENSMUSG00000035441",0,1,1
"ENSMUSG00000005804",0,1,1
"ENSMUSG00000022533",0,1,1
"ENSMUSG00000053801",0,1,1
"ENSMUSG00000090841",0,1,1
"ENSMUSG00000031077",0,1,1
"ENSMUSG00000024940",0,1,1
"ENSMUSG00000041187",0,1,1
"ENSMUSG00000024049",0,1,1
"ENSMUSG00000053289",0,1,1
"ENSMUSG00000074305",0,1,1
"ENSMUSG00000034290",0,1,1
"ENSMUSG00000042302",0,1,1
"ENSMUSG00000034543",0,1,1
"ENSMUSG00000031015",0,1,1
"ENSMUSG00000044857",0,1,1
"ENSMUSG00000019989",0,1,1
"ENSMUSG00000029599",0,1,1
"ENSMUSG00000021916",0,1,1
"ENSMUSG00000038582",0,1,1
"ENSMUSG00000001150",0,1,1
"ENSMUSG00000040520",0,1,1
"ENSMUSG00000026806",0,1,1
"ENSMUSG00000007817",0,1,1
"ENSMUSG00000000976",0,1,1
"ENSMUSG00000036435",0,1,1
"ENSMUSG00000004891",0,1,1
"ENSMUSG00000021497",0,1,1
"ENSMUSG00000029173",0,1,1
"ENSMUSG00000014778",0,1,1
"ENSMUSG00000022300",0,1,1
"ENSMUSG00000026867",0,1,1
"ENSMUSG00000035161",0,1,1
"ENSMUSG00000051378",0,1,1
"ENSMUSG00000074030",0,1,1
"ENSMUSG00000025266",0,1,1
"ENSMUSG00000033210",0,1,1
"ENSMUSG00000090145",0,1,1
"ENSMUSG00000017713",0,1,1
"ENSMUSG00000025764",0,1,1
"ENSMUSG00000038773",0,1,1
"ENSMUSG00000027454",0,1,1
"ENSMUSG00000025785",0,1,1
"ENSMUSG00000036241",0,1,1
"ENSMUSG00000032353",0,1,1
"ENSMUSG00000023094",0,1,1
"ENSMUSG00000063253",0,1,1
"ENSMUSG00000058672",0,1,1
"ENSMUSG00000061119",0,1,1
"ENSMUSG00000111997",0,1,1
"ENSMUSG00000021639",0,1,1
"ENSMUSG00000048327",0,1,1
"ENSMUSG00000036879",0,1,1
"ENSMUSG00000038671",0,1,1
"ENSMUSG00000040396",0,1,1
"ENSMUSG00000066621",0,1,1
"ENSMUSG00000041734",0,1,1
"ENSMUSG00000007476",0,1,1
"ENSMUSG00000046934",0,1,1
"ENSMUSG00000029434",0,1,1
"ENSMUSG00000063704",0,1,1
"ENSMUSG00000056665",0,1,1
"ENSMUSG00000071660",0,1,1
"ENSMUSG00000030521",0,1,1
"ENSMUSG00000055194",0,1,1
"ENSMUSG00000029326",0,1,1
"ENSMUSG00000024286",0,1,1
"ENSMUSG00000049109",0,1,1
"ENSMUSG00000038497",0,1,1
"ENSMUSG00000028437",0,1,1
"ENSMUSG00000030726",0,1,1
"ENSMUSG00000032475",0,1,1
"ENSMUSG00000031729",0,1,1
"ENSMUSG00000034958",0,1,1
"ENSMUSG00000020409",0,1,1
"ENSMUSG00000051220",0,1,1
"ENSMUSG00000017670",0,1,1
"ENSMUSG00000027784",0,1,1
"ENSMUSG00000038344",0,1,1
"ENSMUSG00000032867",0,1,1
"ENSMUSG00000020375",0,1,1
"ENSMUSG00000047648",0,1,1
"ENSMUSG00000019774",0,1,1
"ENSMUSG00000050565",0,1,1
"ENSMUSG00000038861",0,1,1
"ENSMUSG00000047888",0,1,1
"ENSMUSG00000035125",0,1,1
"ENSMUSG00000034064",0,1,1
"ENSMUSG00000030515",0,1,1
"ENSMUSG00000042211",0,1,1
"ENSMUSG00000055675",0,1,1
"ENSMUSG00000036975",0,1,1
"ENSMUSG00000025139",0,1,1
"ENSMUSG00000062421",0,1,1
"ENSMUSG00000062691",0,1,1
"ENSMUSG00000026553",0,1,1
"ENSMUSG00000002846",0,1,1
"ENSMUSG00000047379",0,1,1
"ENSMUSG00000021610",0,1,1
"ENSMUSG00000021180",0,1,1
"ENSMUSG00000030330",0,1,1
"ENSMUSG00000006931",0,1,1
"ENSMUSG00000027628",0,1,1
"ENSMUSG00000027080",0,1,1
"ENSMUSG00000021361",0,1,1
"ENSMUSG00000022554",0,1,1
"ENSMUSG00000029414",0,1,1
"ENSMUSG00000024072",0,1,1
"ENSMUSG00000046562",0,1,1
"ENSMUSG00000039414",0,1,1
"ENSMUSG00000039704",0,1,1
"ENSMUSG00000020166",0,1,1
"ENSMUSG00000051518",0,1,1
"ENSMUSG00000034087",0,1,1
"ENSMUSG00000042364",0,1,1
"ENSMUSG00000024579",0,1,1
"ENSMUSG00000041747",0,1,1
"ENSMUSG00000037216",0,1,1
"ENSMUSG00000103529",0,1,1
"ENSMUSG00000032498",0,1,1
"ENSMUSG00000033126",0,1,1
"ENSMUSG00000058440",0,1,1
"ENSMUSG00000038949",0,1,1
"ENSMUSG00000029536",0,1,1
"ENSMUSG00000037376",0,1,1
"ENSMUSG00000050552",0,1,1
"ENSMUSG00000024943",0,1,1
"ENSMUSG00000039108",0,1,1
"ENSMUSG00000011306",0,1,1
"ENSMUSG00000029505",0,1,1
"ENSMUSG00000071652",0,1,1
"ENSMUSG00000049792",0,1,1
"ENSMUSG00000039824",0,1,1
"ENSMUSG00000022034",0,1,1
"ENSMUSG00000032491",0,1,1
"ENSMUSG00000036766",0,1,1
"ENSMUSG00000032551",0,1,1
"ENSMUSG00000043866",0,1,1
"ENSMUSG00000029561",0,1,1
"ENSMUSG00000043155",0,1,1
"ENSMUSG00000003234",0,1,1
"ENSMUSG00000037262",0,1,1
"ENSMUSG00000039187",0,1,1
"ENSMUSG00000047656",0,1,1
"ENSMUSG00000040760",0,1,1
"ENSMUSG00000031536",0,1,1
"ENSMUSG00000054226",0,1,1
"ENSMUSG00000031556",0,1,1
"ENSMUSG00000066278",0,1,1
"ENSMUSG00000048832",0,1,1
"ENSMUSG00000025786",0,1,1
"ENSMUSG00000039018",0,1,1
"ENSMUSG00000015971",0,1,1
"ENSMUSG00000019715",0,1,1
"ENSMUSG00000041895",0,1,1
"ENSMUSG00000021650",0,1,1
"ENSMUSG00000036693",0,1,1
"ENSMUSG00000033355",0,1,1
"ENSMUSG00000042729",0,1,1
"ENSMUSG00000006585",0,1,1
"ENSMUSG00000024143",0,1,1
"ENSMUSG00000032387",0,1,1
"ENSMUSG00000024391",0,1,1
"ENSMUSG00000031935",0,1,1
"ENSMUSG00000032615",0,1,1
"ENSMUSG00000025575",0,1,1
"ENSMUSG00000025921",0,1,1
"ENSMUSG00000075000",0,1,1
"ENSMUSG00000035575",0,1,1
"ENSMUSG00000025241",0,1,1
"ENSMUSG00000034075",0,1,1
"ENSMUSG00000042363",0,1,1
"ENSMUSG00000033430",0,1,1
"ENSMUSG00000027602",0,1,1
"ENSMUSG00000033940",0,1,1
"ENSMUSG00000026155",0,1,1
"ENSMUSG00000015341",0,1,1
"ENSMUSG00000032397",0,1,1
"ENSMUSG00000006191",0,1,1
"ENSMUSG00000024271",0,1,1
"ENSMUSG00000004637",0,1,1
"ENSMUSG00000026915",0,1,1
"ENSMUSG00000021400",0,1,1
"ENSMUSG00000040025",0,1,1
"ENSMUSG00000030243",0,1,1
"ENSMUSG00000050796",0,1,1
"ENSMUSG00000034663",0,1,1
"ENSMUSG00000027166",0,1,1
"ENSMUSG00000029422",0,1,1
"ENSMUSG00000025439",0,1,1
"ENSMUSG00000066149",0,1,1
"ENSMUSG00000032456",0,1,1
"ENSMUSG00000031703",0,1,1
"ENSMUSG00000002326",0,1,1
"ENSMUSG00000027787",0,1,1
"ENSMUSG00000060429",0,1,1
"ENSMUSG00000002763",0,1,1
"ENSMUSG00000027079",0,1,1
"ENSMUSG00000031546",0,1,1
"ENSMUSG00000026112",0,1,1
"ENSMUSG00000000441",0,1,1
"ENSMUSG00000034880",0,1,1
"ENSMUSG00000019791",0,1,1
"ENSMUSG00000020116",0,1,1
"ENSMUSG00000053916",0,1,1
"ENSMUSG00000002416",0,1,1
"ENSMUSG00000026688",0,1,1
"ENSMUSG00000024982",0,1,1
"ENSMUSG00000001383",0,1,1
"ENSMUSG00000041921",0,1,1
"ENSMUSG00000022663",0,1,1
"ENSMUSG00000024791",0,1,1
"ENSMUSG00000053119",0,1,1
"ENSMUSG00000030291",0,1,1
"ENSMUSG00000028549",0,1,1
"ENSMUSG00000038622",0,1,1
"ENSMUSG00000020803",0,1,1
"ENSMUSG00000028295",0,1,1
"ENSMUSG00000027285",0,1,1
"ENSMUSG00000004996",0,1,1
"ENSMUSG00000029048",0,1,1
"ENSMUSG00000025492",0,1,1
"ENSMUSG00000030423",0,1,1
"ENSMUSG00000017837",0,1,1
"ENSMUSG00000030245",0,1,1
"ENSMUSG00000030304",0,1,1
"ENSMUSG00000031604",0,1,1
"ENSMUSG00000015757",0,1,1
"ENSMUSG00000046949",0,1,1
"ENSMUSG00000073435",0,1,1
"ENSMUSG00000030983",0,1,1
"ENSMUSG00000003135",0,1,1
"ENSMUSG00000030471",0,1,1
"ENSMUSG00000030588",0,1,1
"ENSMUSG00000027424",0,1,1
"ENSMUSG00000030871",0,1,1
"ENSMUSG00000032002",0,1,1
"ENSMUSG00000022668",0,1,1
"ENSMUSG00000029038",0,1,1
"ENSMUSG00000027635",0,1,1
"ENSMUSG00000032431",0,1,1
"ENSMUSG00000001305",0,1,1
"ENSMUSG00000024528",0,1,1
"ENSMUSG00000020883",0,1,1
"ENSMUSG00000039043",0,1,1
"ENSMUSG00000034442",0,1,1
"ENSMUSG00000016409",0,1,1
"ENSMUSG00000022339",0,1,1
"ENSMUSG00000025169",0,1,1
"ENSMUSG00000028821",0,1,1
"ENSMUSG00000006095",0,1,1
"ENSMUSG00000011096",0,1,1
"ENSMUSG00000028261",0,1,1
"ENSMUSG00000031843",0,1,1
"ENSMUSG00000039637",0,1,1
"ENSMUSG00000020280",0,1,1
"ENSMUSG00000005951",0,1,1
"ENSMUSG00000062591",0,1,1
"ENSMUSG00000026035",0,1,1
"ENSMUSG00000063130",0,1,1
"ENSMUSG00000002661",0,1,1
"ENSMUSG00000020778",0,1,1
"ENSMUSG00000024258",0,1,1
"ENSMUSG00000006392",0,1,1
"ENSMUSG00000032673",0,1,1
"ENSMUSG00000041718",0,1,1
"ENSMUSG00000010358",0,1,1
"ENSMUSG00000014177",0,1,1
"ENSMUSG00000007721",0,1,1
"ENSMUSG00000026283",0,1,1
"ENSMUSG00000020224",0,1,1
"ENSMUSG00000002329",0,1,1
"ENSMUSG00000020246",0,1,1
"ENSMUSG00000003444",0,1,1
"ENSMUSG00000020706",0,1,1
"ENSMUSG00000022853",0,1,1
"ENSMUSG00000003546",0,1,1
"ENSMUSG00000032329",0,1,1
"ENSMUSG00000066456",0,1,1
"ENSMUSG00000020521",0,1,1
"ENSMUSG00000005204",0,1,1
"ENSMUSG00000023980",0,1,1
"ENSMUSG00000024487",0,1,1
"ENSMUSG00000027167",0,1,1
"ENSMUSG00000023908",0,1,1
"ENSMUSG00000056204",0,1,1
"ENSMUSG00000004096",0,1,1
"ENSMUSG00000019139",0,1,1
"ENSMUSG00000009640",0,1,1
"ENSMUSG00000031143",0,1,1
"ENSMUSG00000070699",0,1,1
"ENSMUSG00000033917",0,1,1
"ENSMUSG00000025340",0,1,1
"ENSMUSG00000015013",0,1,1
"ENSMUSG00000025578",0,1,1
"ENSMUSG00000021192",0,1,1
"ENSMUSG00000028557",0,1,1
"ENSMUSG00000021224",0,1,1
"ENSMUSG00000004105",0,1,1
"ENSMUSG00000029621",0,1,1
"ENSMUSG00000006205",0,1,1
"ENSMUSG00000051316",0,1,1
"ENSMUSG00000059288",0,1,1
"ENSMUSG00000038025",0,1,1
"ENSMUSG00000007107",0,1,1
"ENSMUSG00000019433",0,1,1
"ENSMUSG00000021025",0,1,1
"ENSMUSG00000039131",0,1,1
"ENSMUSG00000017561",0,1,1
"ENSMUSG00000057666",0,1,1
