"ensembl_gene_id","logFC","P.Value","adj.P.Val"
"ENSMUSG00000032786",-3.68463272238927,5.93453877929283e-16,2.61179051676677e-12
"ENSMUSG00000021794",-0.368417790639803,1.76452279525447e-08,3.88283241095747e-05
"ENSMUSG00000025134",-0.392561127524914,1.14699571365105e-07,0.000168264271192609
"ENSMUSG00000024742",0.392123773695296,1.89181671491423e-07,0.000173963054533972
"ENSMUSG00000066551",0.662224378930702,2.60781224430311e-07,0.000173963054533972
"ENSMUSG00000037742",0.420139725147052,2.73966297894253e-07,0.000173963054533972
"ENSMUSG00000023944",0.344262642565031,2.76696519367827e-07,0.000173963054533972
"ENSMUSG00000021957",0.532134862498619,3.74568709089463e-07,0.000206059611087841
"ENSMUSG00000023832",0.489469854093446,7.71710816787659e-07,0.000377366589409165
"ENSMUSG00000020719",-0.176252807869833,9.58578323118366e-07,0.000421870320004393
"ENSMUSG00000025403",-0.289880872637291,1.24859491916214e-06,0.000499551476293872
"ENSMUSG00000025260",-0.387019745325485,1.50765333340255e-06,0.000552931860025386
"ENSMUSG00000068039",0.344805924581898,1.65816590095288e-06,0.000561352933084124
"ENSMUSG00000042699",-0.303618773427367,1.89495883576721e-06,0.000595693845443679
"ENSMUSG00000021270",0.461611358236002,2.90788687282404e-06,0.000853174008486572
"ENSMUSG00000001416",0.425100382123023,3.48051279258725e-06,0.000913313481200002
"ENSMUSG00000024892",-0.25739961892284,3.52790937977733e-06,0.000913313481200002
"ENSMUSG00000029447",0.391030125552561,3.78072231762881e-06,0.000924386606660243
"ENSMUSG00000020917",0.432477191349715,4.27936884949107e-06,0.000980678523238058
"ENSMUSG00000036138",-0.468601027388264,4.45661678363126e-06,0.000980678523238058
"ENSMUSG00000032249",0.647276153006374,4.87557686856743e-06,0.00102178160945549
"ENSMUSG00000054717",0.556190670238525,6.48979632363878e-06,0.00129825425546974
"ENSMUSG00000003808",0.347364989257532,6.79122376142422e-06,0.00129948590321861
"ENSMUSG00000019577",4.79165181938325,7.60918970046945e-06,0.00139533516132359
"ENSMUSG00000028691",0.547203347083073,8.34114079385344e-06,0.00146837442534996
"ENSMUSG00000029623",0.647640888406315,1.0039948683825e-05,0.00169945439067362
"ENSMUSG00000029545",-0.178528747272615,1.07457710273767e-05,0.00175156067746241
"ENSMUSG00000032418",0.617945986343809,1.13909542739671e-05,0.00177709767494175
"ENSMUSG00000028603",-0.380170534565696,1.17100278512408e-05,0.00177709767494175
"ENSMUSG00000027823",0.433746973927082,1.25942651900525e-05,0.0018475787033807
"ENSMUSG00000032504",0.321168938099309,1.30704232065713e-05,0.00185557846877807
"ENSMUSG00000003500",3.58348397241017,1.5122083565786e-05,0.00207975905540701
"ENSMUSG00000024493",0.553260707440032,1.77048925163635e-05,0.00228067452480817
"ENSMUSG00000027810",0.423554778019877,1.82341874012007e-05,0.00228067452480817
"ENSMUSG00000038736",2.95918447483449,1.85526885191057e-05,0.00228067452480817
"ENSMUSG00000028419",3.00613050812799,1.86558243338091e-05,0.00228067452480817
"ENSMUSG00000071866",0.284480529119165,1.94359371827396e-05,0.00231182593354694
"ENSMUSG00000002718",0.516785252200307,2.02661235256826e-05,0.00234713709569814
"ENSMUSG00000022789",0.674649681190807,2.10487275627747e-05,0.00237526794881466
"ENSMUSG00000024966",0.486494260182692,2.2809051666796e-05,0.00247956464693605
"ENSMUSG00000002944",-0.294576416229177,2.3099784259118e-05,0.00247956464693605
"ENSMUSG00000010936",0.419348840426895,2.49400931226385e-05,0.00261336547220791
"ENSMUSG00000062203",0.500939167568795,2.68113028527206e-05,0.00270004670859177
"ENSMUSG00000020267",0.395476760774297,2.76289287418351e-05,0.00270004670859177
"ENSMUSG00000028961",0.45666974024342,2.77699624558369e-05,0.00270004670859177
"ENSMUSG00000000339",0.405449482793788,2.82213471018454e-05,0.00270004670859177
"ENSMUSG00000033096",-0.326249827075404,2.92511411991244e-05,0.0027390270727095
"ENSMUSG00000031672",-0.244876168345257,3.00494790361134e-05,0.00275516160912364
"ENSMUSG00000020849",0.558373501706654,3.2648517797954e-05,0.00293236993528154
"ENSMUSG00000024772",0.664311663361296,3.45607244873235e-05,0.00304203496937421
"ENSMUSG00000061477",0.247589092672669,3.64320534813876e-05,0.00311755911959995
"ENSMUSG00000053398",0.399751784270212,3.68355087978181e-05,0.00311755911959995
"ENSMUSG00000015806",0.457739659811864,3.93572789827216e-05,0.00326813933590486
"ENSMUSG00000021218",0.533445918463656,4.13327358532762e-05,0.00336286101537534
"ENSMUSG00000022234",0.44407419941189,4.2026211280537e-05,0.00336286101537534
"ENSMUSG00000007892",0.402384736443736,4.30858711307811e-05,0.00338608783654585
"ENSMUSG00000020361",0.476493910832737,4.50560802619061e-05,0.00342196735241115
"ENSMUSG00000022285",0.341308412471687,4.54998832661341e-05,0.00342196735241115
"ENSMUSG00000022205",0.502756988219524,4.66348339164409e-05,0.00342196735241115
"ENSMUSG00000004980",-0.326352498375286,4.66525883082638e-05,0.00342196735241115
"ENSMUSG00000006456",-0.31128590504472,4.92089689185681e-05,0.00355030610181341
"ENSMUSG00000025508",0.341655760675128,5.47409534094211e-05,0.00388572477346552
"ENSMUSG00000046434",-0.233129751569656,5.57892542450934e-05,0.00389727790369295
"ENSMUSG00000023456",0.419135003467229,5.92740181780259e-05,0.00407601490627331
"ENSMUSG00000025153",0.47266160193335,6.04770150761004e-05,0.00409475912846028
"ENSMUSG00000030695",0.436307326644169,6.19203844956925e-05,0.00412896382069004
"ENSMUSG00000028495",0.377928250351594,6.2954374685058e-05,0.00413525676102896
"ENSMUSG00000024747",0.43555246100788,6.4028645045629e-05,0.00414397157126196
"ENSMUSG00000041459",-0.359278573845678,6.59945469862992e-05,0.00420930436647395
"ENSMUSG00000049517",0.271251036376444,7.59341128019253e-05,0.00477408614916105
"ENSMUSG00000039630",-0.175847170729483,8.02670512604599e-05,0.00492074363183994
"ENSMUSG00000036752",0.229458759200291,8.05029633020849e-05,0.00492074363183994
"ENSMUSG00000018293",0.322719272964008,8.31444689038967e-05,0.00501258640611027
"ENSMUSG00000027187",-0.307421349788932,8.45507797358652e-05,0.0050284862380749
"ENSMUSG00000016554",0.335460599369373,8.84023300112616e-05,0.00518744872506083
"ENSMUSG00000033306",0.294222717002022,9.07908459369302e-05,0.00521146893142003
"ENSMUSG00000025950",0.462640219713936,9.1450745111401e-05,0.00521146893142003
"ENSMUSG00000010095",-0.315236787153314,9.23641392071716e-05,0.00521146893142003
"ENSMUSG00000091228",0.314643480304927,9.8506879882666e-05,0.00533763190295679
"ENSMUSG00000025190",0.677092747186059,9.90749022927878e-05,0.00533763190295679
"ENSMUSG00000020114",0.448415331242256,0.000100348116470096,0.00533763190295679
"ENSMUSG00000025982",-0.260413673223145,0.000101339917396629,0.00533763190295679
"ENSMUSG00000031960",0.39447554462971,0.000101639321291177,0.00533763190295679
"ENSMUSG00000037197",-0.283483554733177,0.000101877091535644,0.00533763190295679
"ENSMUSG00000039367",0.586583235085513,0.000106658619867407,0.00548853360916697
"ENSMUSG00000039253",3.82383938615637,0.000107251508836255,0.00548853360916697
"ENSMUSG00000025613",0.45938548453617,0.000108609105194738,0.00549412266623037
"ENSMUSG00000042524",-0.305597682679053,0.000111047861907034,0.00555365500287337
"ENSMUSG00000060803",0.396153809481426,0.000117775641774048,0.00582393931963578
"ENSMUSG00000018796",-0.327199097728837,0.00012062128359169,0.00588245961949544
"ENSMUSG00000024587",0.429499989542268,0.000121806138816732,0.00588245961949544
"ENSMUSG00000027406",-0.209119913145372,0.000122968935467753,0.00588245961949544
"ENSMUSG00000022982",0.596155345862467,0.000131847343733905,0.00623935655669804
"ENSMUSG00000027879",-0.238312588335248,0.000136881160201955,0.00640865942605112
"ENSMUSG00000046865",-0.341625233804432,0.000139059582641131,0.00644211813898543
"ENSMUSG00000005103",0.450465205972577,0.000142456625215613,0.00646453326602282
"ENSMUSG00000059534",-0.725233198888194,0.000142481192184552,0.00646453326602282
"ENSMUSG00000005683",-0.280212261311462,0.000144504819950407,0.00648944604695655
"ENSMUSG00000007029",0.357757610758917,0.000150376504773324,0.00668491916674139
"ENSMUSG00000033813",0.551165222398922,0.000153286818363356,0.0067461528761713
"ENSMUSG00000036707",3.12158658925318,0.000168550271574305,0.00734445292275758
"ENSMUSG00000040945",0.509146023224247,0.000171036988278214,0.0073797429942394
"ENSMUSG00000071072",0.532222437109571,0.000175565906249417,0.00742239174524628
"ENSMUSG00000028820",-0.211259606223141,0.000179188336429022,0.00742239174524628
"ENSMUSG00000021131",-0.234161250440795,0.000179629781718526,0.00742239174524628
"ENSMUSG00000027597",0.483701178011803,0.000181703605070046,0.00742239174524628
"ENSMUSG00000045136",0.523917056800332,0.000182138726875648,0.00742239174524628
"ENSMUSG00000063870",-0.146649547112613,0.00018214458270543,0.00742239174524628
"ENSMUSG00000023019",0.462055839908789,0.000187968216565989,0.00758943230373317
"ENSMUSG00000020572",0.535021563862646,0.000193451132107677,0.00772658683207027
"ENSMUSG00000037851",0.436736785927419,0.000194876423167416,0.00772658683207027
"ENSMUSG00000037236",-0.278209787365689,0.000197933182822152,0.00773233357096888
"ENSMUSG00000028063",-0.227425242159999,0.00020014669772863,0.00773233357096888
"ENSMUSG00000020936",0.396387191494284,0.000200292212472268,0.00773233357096888
"ENSMUSG00000031782",-0.482820701327828,0.000204000842452805,0.00780702354465038
"ENSMUSG00000005514",-0.200785797553714,0.000207817402265108,0.00783488964487446
"ENSMUSG00000062908",-0.255646562328145,0.000209779522811097,0.00783488964487446
"ENSMUSG00000024507",-0.431475483119861,0.000210069751896202,0.00783488964487446
"ENSMUSG00000030861",-0.350984753834151,0.000222695551140828,0.00822079744036912
"ENSMUSG00000063273",0.425142189273064,0.000224152622777617,0.00822079744036912
"ENSMUSG00000025980",-0.162727705352886,0.000228844786427779,0.00832351987660046
"ENSMUSG00000060012",2.45754516129689,0.000236558063506518,0.00853354129091957
"ENSMUSG00000058586",-0.322973457690104,0.000241350316318855,0.00860319184515893
"ENSMUSG00000028029",0.426510460671739,0.000242398497795889,0.00860319184515893
"ENSMUSG00000032301",0.319731100026011,0.000252100797875678,0.00887596489160687
"ENSMUSG00000001473",0.300970295769748,0.000283758778645097,0.00989593491788592
"ENSMUSG00000007850",-0.215976770148711,0.000285567765183257,0.00989593491788592
"ENSMUSG00000036323",0.448467886866379,0.000294926312455275,0.0101192783223552
"ENSMUSG00000032959",0.440233193386405,0.000297800284689185,0.0101192783223552
"ENSMUSG00000020790",0.717995783500132,0.000298910743446076,0.0101192783223552
"ENSMUSG00000029455",-0.191068891730865,0.000307986150512775,0.0103469240336391
"ENSMUSG00000011752",0.350636399203118,0.000311853023679577,0.0103558023526214
"ENSMUSG00000001175",0.520734761451003,0.000312956535537071,0.0103558023526214
"ENSMUSG00000007564",0.248703370250389,0.000329220459585082,0.0108126809151787
"ENSMUSG00000058558",0.230124934686717,0.000346118440662692,0.0112834611656038
"ENSMUSG00000033732",-0.205326673197373,0.000367874259953417,0.0119045192504043
"ENSMUSG00000013629",0.31801130181082,0.000375506242813011,0.0120627954351829
"ENSMUSG00000021116",0.420783996027946,0.000382774244230256,0.0122071699192562
"ENSMUSG00000059070",0.270937155418871,0.000386750669153791,0.012233394418139
"ENSMUSG00000044533",0.239186331841186,0.00038915592332185,0.012233394418139
"ENSMUSG00000037475",-0.276103473218964,0.000407694045621302,0.0127252588282223
"ENSMUSG00000068749",0.384196357320299,0.000432746573177004,0.0134120962574084
"ENSMUSG00000028138",0.576531261625455,0.000458458495536158,0.0141096212507317
"ENSMUSG00000000628",-0.205589798500107,0.000479109487436329,0.0146427837097728
"ENSMUSG00000020593",2.87759046583058,0.000484463863741813,0.0147043135470877
"ENSMUSG00000078812",0.416745548842314,0.000494766725571541,0.014914166844112
"ENSMUSG00000029713",-0.312912732452581,0.00050550962993638,0.0151343393289116
"ENSMUSG00000027782",0.381016244268885,0.000518679576956196,0.0154237082309745
"ENSMUSG00000090553",-0.412581303291603,0.000529115423247168,0.0156284360920187
"ENSMUSG00000030744",0.207445869611526,0.000560300272078577,0.0164392099827854
"ENSMUSG00000063229",0.417830145381238,0.00057470619711808,0.0167502117451435
"ENSMUSG00000030826",-0.2392555225222,0.00064365074950798,0.0186362299248988
"ENSMUSG00000030884",-0.24473248029944,0.000649630467264108,0.0186864293230676
"ENSMUSG00000058135",0.469483934887297,0.000661462846558336,0.0189032336863847
"ENSMUSG00000009470",0.231323740981775,0.000707014303823018,0.0200746448459684
"ENSMUSG00000014769",0.44793324065142,0.000743668670734455,0.0209800373070663
"ENSMUSG00000025132",0.280814249688238,0.000760969826831772,0.0213313898591505
"ENSMUSG00000005161",0.350826066180687,0.000771818648902085,0.021465034015656
"ENSMUSG00000028745",0.379516889151244,0.000779597509757379,0.021465034015656
"ENSMUSG00000047675",0.182748778453149,0.000780369334811396,0.021465034015656
"ENSMUSG00000021196",0.294665660023039,0.000794542770690471,0.0216101682590299
"ENSMUSG00000000686",-0.518199083401047,0.000795466316283311,0.0216101682590299
"ENSMUSG00000022216",0.564990198063139,0.000820502281148351,0.0221535615910055
"ENSMUSG00000027195",-0.16788530439668,0.000830835773754069,0.02221472336935
"ENSMUSG00000021417",-0.275964113802029,0.000832862839341683,0.02221472336935
"ENSMUSG00000021748",-0.198479933512697,0.00084850496084868,0.0224956044138255
"ENSMUSG00000040253",3.03673463892451,0.000880444360841822,0.0230896171432126
"ENSMUSG00000020580",3.29685261649777,0.000884838327719398,0.0230896171432126
"ENSMUSG00000040731",0.527735332917189,0.000887835319639896,0.0230896171432126
"ENSMUSG00000037070",-0.254133709986089,0.000891896140501282,0.0230896171432126
"ENSMUSG00000025068",0.427710861773196,0.000899677141670138,0.0231548485408788
"ENSMUSG00000032479",0.623689801014557,0.0009201106771323,0.0235430644770887
"ENSMUSG00000045983",0.285981315196384,0.00093693343790213,0.0238349367642039
"ENSMUSG00000068220",0.489594982359684,0.000942441603861253,0.0238372729804217
"ENSMUSG00000067194",0.455007619498602,0.00098810046736655,0.0248493151821725
"ENSMUSG00000062328",0.280717015363368,0.0010218642487259,0.0255524122650151
"ENSMUSG00000021244",-0.245204083588487,0.00103509085235915,0.0256113240352326
"ENSMUSG00000004264",-0.249682227738209,0.00103585904982309,0.0256113240352326
"ENSMUSG00000027712",0.203982716190769,0.00106734620802983,0.0261715856894513
"ENSMUSG00000022186",-0.161182617118811,0.00107041250263604,0.0261715856894513
"ENSMUSG00000071172",-0.33152232814637,0.00109141354480037,0.0265101982024
"ENSMUSG00000052997",0.361557434805857,0.00109630903722718,0.0265101982024
"ENSMUSG00000068290",2.82085991613993,0.00112517054783753,0.0270594294045517
"ENSMUSG00000035948",-0.335156798895245,0.00113198128574521,0.0270752697748079
"ENSMUSG00000066306",-0.192499806311726,0.00115691985407342,0.0275221852852817
"ENSMUSG00000079104",0.387623271727975,0.00116783961115013,0.0275544588909999
"ENSMUSG00000000168",-0.191031741714013,0.00117079841231924,0.0275544588909999
"ENSMUSG00000022193",0.301639417858294,0.00119174868263356,0.0278983295333527
"ENSMUSG00000021773",-0.288212724402545,0.00120686028869747,0.0280144973576602
"ENSMUSG00000047126",0.182858473834571,0.00120944205815847,0.0280144973576602
"ENSMUSG00000024132",-0.257844914451251,0.00122920028931007,0.0283230914830033
"ENSMUSG00000018379",-0.312182412769502,0.00124761031676059,0.0285975677294966
"ENSMUSG00000054766",0.403951892826353,0.00125521862729184,0.0286228869363283
"ENSMUSG00000020321",0.422521050290921,0.00126762692312753,0.0287568355086818
"ENSMUSG00000037916",-0.267553835322893,0.00129364165620211,0.029185641422976
"ENSMUSG00000025651",-0.248064537195866,0.00129979225605619,0.029185641422976
"ENSMUSG00000036751",-0.23561715574354,0.00132701837640956,0.02946879455416
"ENSMUSG00000038845",-0.240969558576417,0.00133211852016891,0.02946879455416
"ENSMUSG00000031320",0.181156488495049,0.00133249036952462,0.02946879455416
"ENSMUSG00000029201",0.267828231509064,0.00133956109881846,0.0294770419795002
"ENSMUSG00000020089",0.632572398979224,0.00136301053432038,0.0298438276693732
"ENSMUSG00000024556",-0.205017890764548,0.00137305992207819,0.0299150332528024
"ENSMUSG00000020914",-0.292888716465637,0.00140641804539252,0.0304117638192485
"ENSMUSG00000014606",-0.347851243970496,0.00141747323825646,0.0304117638192485
"ENSMUSG00000031256",-0.206594781064279,0.00142234521863894,0.0304117638192485
"ENSMUSG00000047368",-2.31975744608472,0.00142349996518182,0.0304117638192485
"ENSMUSG00000025465",-0.18657223147969,0.00147076540526454,0.0312697514423635
"ENSMUSG00000007739",0.317899169569699,0.00148257765046545,0.0313693473062426
"ENSMUSG00000019432",-0.204158011343448,0.00149855257051759,0.0314007710751698
"ENSMUSG00000045482",-0.261460786207348,0.00151209512017999,0.0314007710751698
"ENSMUSG00000022983",-0.436252125313782,0.00151478186367919,0.0314007710751698
"ENSMUSG00000032540",-0.243010876406071,0.00152361480080901,0.0314007710751698
"ENSMUSG00000073702",0.310327532491531,0.00152741583998357,0.0314007710751698
"ENSMUSG00000032458",0.343100253622953,0.0015337699974008,0.0314007710751698
"ENSMUSG00000032643",2.78931610037947,0.00153400722135004,0.0314007710751698
"ENSMUSG00000012535",3.25101109342627,0.00157524228896906,0.0318730062135919
"ENSMUSG00000056201",0.291342533523331,0.00157532501397368,0.0318730062135919
"ENSMUSG00000025792",-0.250780899950797,0.00157880376154579,0.0318730062135919
"ENSMUSG00000026662",0.31133113704626,0.00159587023430959,0.0320029147295915
"ENSMUSG00000056076",0.318251628794773,0.00160314885007397,0.0320029147295915
"ENSMUSG00000032562",-0.271275013181381,0.00161695834975605,0.0320029147295915
"ENSMUSG00000033105",-0.239092565439627,0.00161954367790418,0.0320029147295915
"ENSMUSG00000005469",0.393014903986639,0.00162932836583564,0.0320029147295915
"ENSMUSG00000019303",2.64496754410849,0.00162996137729164,0.0320029147295915
"ENSMUSG00000029250",-0.195258861370711,0.00163614083484619,0.0320029147295915
"ENSMUSG00000025364",0.323079103033734,0.00167193707365253,0.0325583852263044
"ENSMUSG00000024012",-0.289384733155323,0.00170205813496364,0.0329989332686122
"ENSMUSG00000016319",-0.229340058003928,0.00174618632922145,0.0337059913811561
"ENSMUSG00000028081",0.168296829214096,0.00175905361738528,0.0338060915725442
"ENSMUSG00000028779",-0.386871385206433,0.00179817388038448,0.0344076662937917
"ENSMUSG00000017686",-0.241807458193055,0.0018126294855535,0.0345341227961946
"ENSMUSG00000018585",0.41778349156289,0.00183429400199292,0.0347962409602191
"ENSMUSG00000022403",0.286595093153871,0.00184680762363443,0.034883263311653
"ENSMUSG00000022889",-0.204531372447224,0.00188304307644691,0.0354156947839439
"ENSMUSG00000048007",-0.222430608940577,0.00189966627248552,0.0355763032562076
"ENSMUSG00000047213",0.269688450726267,0.00195021914081679,0.0363682815200623
"ENSMUSG00000027068",-2.24386707449784,0.00196125713374085,0.0364198001923775
"ENSMUSG00000051483",0.361445324171985,0.00199165378754264,0.0368288584830889
"ENSMUSG00000024975",2.60153819634735,0.00204169952835397,0.037596316419606
"ENSMUSG00000026150",3.71657975985246,0.00206051922391413,0.0377847712685254
"ENSMUSG00000061838",-0.117220907204178,0.00214426938704859,0.0391573841178458
"ENSMUSG00000025487",0.31981470840843,0.0021751867479579,0.0394517323244371
"ENSMUSG00000003528",-0.210381615135994,0.00217831650871125,0.0394517323244371
"ENSMUSG00000024646",-0.207619892189953,0.00219059299964061,0.0395114745549932
"ENSMUSG00000021238",-0.213421718641776,0.00226116066869343,0.0403788876118169
"ENSMUSG00000056999",0.311596735437316,0.00226186964572797,0.0403788876118169
"ENSMUSG00000028757",-0.237677718406001,0.00226620887073819,0.0403788876118169
"ENSMUSG00000021024",0.484078178151126,0.0022791130090192,0.0404450659382802
"ENSMUSG00000004897",0.630532984176281,0.00230730195997129,0.040678229355124
"ENSMUSG00000022437",-0.226241731914996,0.00231073786384481,0.040678229355124
"ENSMUSG00000116933",-0.301730378418139,0.00238027012253718,0.041487150414344
"ENSMUSG00000021474",-0.2595958320486,0.00238493393548973,0.041487150414344
"ENSMUSG00000020153",-0.298530372644812,0.0023849691103906,0.041487150414344
"ENSMUSG00000058325",2.21304031637582,0.00240092585746902,0.0416002940894534
"ENSMUSG00000032604",0.302179817070044,0.00245017163279779,0.0422870798272277
"ENSMUSG00000037416",2.61492408907854,0.00249768215750611,0.0428994145430138
"ENSMUSG00000058997",-0.139441089853491,0.00250514645252319,0.0428994145430138
"ENSMUSG00000002379",-0.425190441753461,0.00255184706906582,0.0435297633758088
"ENSMUSG00000030007",0.300157782460865,0.00263330662071821,0.04474587813815
"ENSMUSG00000027201",-0.326611208085261,0.00269980158517485,0.0456993337552097
"ENSMUSG00000025968",-0.21331677134355,0.002723711042162,0.0459274034350766
"ENSMUSG00000025278",0.285489030777875,0.00277327160854739,0.0465846120199124
"ENSMUSG00000026003",-0.163010317881621,0.00280927168721664,0.0470099037849447
"ENSMUSG00000024640",0.380905672091959,0.00286736530273624,0.0477775334013755
"ENSMUSG00000034024",0.260614834930031,0.00287685670333208,0.0477775334013755
"ENSMUSG00000026926",-0.266885147496073,0.00291193225419422,0.0481782475590556
"ENSMUSG00000021713",0.342618317895468,0.00292884484860901,0.0482765774484205
"ENSMUSG00000030751",0.379220361072214,0.00301573941161454,0.0495233923526702
"ENSMUSG00000025024",0.44418135720155,0.00306991935737419,0.0502257066609807
"ENSMUSG00000055681",0.382064668082378,0.00313368712300646,0.0510791001050053
"ENSMUSG00000002010",-0.213628974260473,0.0031611530093987,0.0513366582817849
"ENSMUSG00000038412",-0.621803928693353,0.00318311287904847,0.0515032344878394
"ENSMUSG00000043445",0.256550536634293,0.00320741661388963,0.0517063755228142
"ENSMUSG00000025428",-0.18958995209325,0.00328642644343201,0.05278672546549
"ENSMUSG00000024150",0.924926166779027,0.00338947367682501,0.0540789628629571
"ENSMUSG00000059796",0.172355347547885,0.00339145506707025,0.0540789628629571
"ENSMUSG00000071644",0.240554777847262,0.00353183349423179,0.0560028393018255
"ENSMUSG00000023004",0.128138156068459,0.00353922334545538,0.0560028393018255
"ENSMUSG00000001017",-0.35011110828858,0.00355028224612799,0.0560028393018255
"ENSMUSG00000023861",-0.384989623202102,0.00357701231586607,0.0562229685790235
"ENSMUSG00000001525",0.210276030697234,0.00365156008849093,0.0571453082624588
"ENSMUSG00000017774",0.128706817703833,0.00366166256078468,0.0571453082624588
"ENSMUSG00000027185",-0.307766882506822,0.00368200454254038,0.0572597243523683
"ENSMUSG00000020664",-0.17907171896891,0.00377716641095447,0.0585327794880656
"ENSMUSG00000027984",-0.181539215483596,0.00380507524629919,0.0587583724875885
"ENSMUSG00000036499",0.304183425628796,0.00384683866324016,0.0591955837654543
"ENSMUSG00000012848",0.175213497123949,0.0038764833917171,0.0594439143099197
"ENSMUSG00000020180",-0.267495569229176,0.00394809136951135,0.0603317712403452
"ENSMUSG00000029430",0.249914717561364,0.0039948534222133,0.0608351207998641
"ENSMUSG00000037331",0.321411173115195,0.00407996448318936,0.06191697824316
"ENSMUSG00000016921",-0.331735307845133,0.00412667531238224,0.0623499816036649
"ENSMUSG00000048758",0.225191782066613,0.00413683131748924,0.0623499816036649
"ENSMUSG00000025200",3.34965821406714,0.00439034454227735,0.065945072800555
"ENSMUSG00000021226",-0.190762431433754,0.0044603380906296,0.066768530397486
"ENSMUSG00000025236",-0.354092497165883,0.00454983852609491,0.0677742525789539
"ENSMUSG00000021996",0.262980717054621,0.00455847757742983,0.0677742525789539
"ENSMUSG00000029578",2.89884775253303,0.00457372256667787,0.0677742525789539
"ENSMUSG00000063550",-0.147998229061873,0.0047306327836666,0.0697548148593048
"ENSMUSG00000018965",0.466738864917655,0.00473907967346788,0.0697548148593048
"ENSMUSG00000028223",-0.222782714142738,0.00476038435592349,0.0698348385013976
"ENSMUSG00000024099",-0.315196834327519,0.00481003215075724,0.0702272160405751
"ENSMUSG00000047215",-0.187455305365916,0.00481904549971681,0.0702272160405751
"ENSMUSG00000040028",-0.132078267696933,0.00505856275005195,0.073474371825012
"ENSMUSG00000028763",-0.248563881744914,0.0051208979095209,0.0740227849746861
"ENSMUSG00000054604",2.57375747170768,0.00512995896779806,0.0740227849746861
"ENSMUSG00000002949",-0.181753269695744,0.00518541218875676,0.0745784282441781
"ENSMUSG00000022858",-0.2511661675867,0.00529232800024844,0.0758681939058417
"ENSMUSG00000022204",-1.36496092678542,0.00544420981590297,0.0777921019473668
"ENSMUSG00000030662",0.274436185975532,0.0055909361636137,0.0796301296312748
"ENSMUSG00000028180",0.297525179817047,0.00564674383897639,0.0801655472107583
"ENSMUSG00000031167",-0.189163455468133,0.00570367767403339,0.0807134580174307
"ENSMUSG00000003200",0.421025642250402,0.00578122483394811,0.0815486233788642
"ENSMUSG00000053768",-0.284499911868004,0.0058140333045143,0.0817493948024518
"ENSMUSG00000000399",-0.372026018626034,0.00595048427359595,0.0834015327646363
"ENSMUSG00000024048",0.348345378241415,0.00606871795886762,0.0847886594824648
"ENSMUSG00000030934",-0.161964563709198,0.00612383689164389,0.08528799417761
"ENSMUSG00000018574",-0.140036927191204,0.00622120750785469,0.0863707704797114
"ENSMUSG00000040688",-0.338969530384574,0.00631491986045268,0.0873961078800385
"ENSMUSG00000060036",0.135155191276343,0.00636255201345738,0.0877792834207709
"ENSMUSG00000021823",0.176314552927469,0.00648739906573681,0.0892220102759616
"ENSMUSG00000029767",0.342953939068956,0.00659559686059806,0.090427482191564
"ENSMUSG00000027099",-0.147054130462685,0.00663238462182182,0.0906494556541548
"ENSMUSG00000003360",-0.255875460196478,0.00668035641458862,0.0910224414260202
"ENSMUSG00000003865",0.394285209338097,0.00673559721413658,0.0912236923683901
"ENSMUSG00000008668",0.251805338797645,0.00673658259934715,0.0912236923683901
"ENSMUSG00000035297",0.327018971309123,0.00681867156463937,0.0920520661226315
"ENSMUSG00000032294",0.331073013772915,0.00686054249533286,0.0923340902812229
"ENSMUSG00000020935",-0.176302505310563,0.00688566969405992,0.0923897326937735
"ENSMUSG00000020277",0.318574754025093,0.00710492647436014,0.0950418887953161
"ENSMUSG00000021241",-0.284144852718782,0.00723305160965537,0.0964151895020514
"ENSMUSG00000061904",-0.221277509388337,0.00725140370942491,0.0964151895020514
"ENSMUSG00000096210",-0.269448932057813,0.00727905513007343,0.0964913302031722
"ENSMUSG00000038372",0.377810414423664,0.00745959960139028,0.0985042362691087
"ENSMUSG00000057322",0.350819012536547,0.00747566801042543,0.0985042362691087
"ENSMUSG00000015656",0.0918585819507598,0.00757707931589991,0.0995424658784343
"ENSMUSG00000014294",-0.318235720259942,0.007611108563283,0.0996919309137157
"ENSMUSG00000071054",-0.26118905696968,0.00768475201311181,0.100357844539184
"ENSMUSG00000024073",1.9042152576835,0.00774842786122556,0.100885070220397
"ENSMUSG00000027710",-0.173155159075741,0.0077709699624437,0.100885070220397
"ENSMUSG00000019179",-0.129736308102878,0.00781773463229257,0.101193676813881
"ENSMUSG00000031311",-0.172060759315663,0.00793556770548122,0.102334803163325
"ENSMUSG00000055239",2.42750259283001,0.00795239779183303,0.102334803163325
"ENSMUSG00000064210",-0.195157913767815,0.00802548858276865,0.10297427187395
"ENSMUSG00000028383",-0.210470396734252,0.00807695827341921,0.103333410934064
"ENSMUSG00000021376",2.17009704626795,0.00814729261584605,0.103735684723709
"ENSMUSG00000001642",0.365822516508558,0.00815554349338859,0.103735684723709
"ENSMUSG00000030541",-0.143817659502407,0.0082294118046186,0.104373606202094
"ENSMUSG00000028693",0.392240013371875,0.00837685166601537,0.105938287879694
"ENSMUSG00000033400",2.21504329779744,0.00848384411764307,0.106983948314462
"ENSMUSG00000044894",-0.242299376292483,0.00852801573294571,0.107233706401983
"ENSMUSG00000028737",-0.121612749250517,0.00856039901203792,0.107334233766322
"ENSMUSG00000046364",0.226139732067129,0.00863754755344972,0.107993882905489
"ENSMUSG00000025393",-0.179647567165141,0.00878477644328741,0.109523515940249
"ENSMUSG00000031161",1.9338514734873,0.00891651263966568,0.110851898664318
"ENSMUSG00000022781",0.235013441140836,0.00906241026571597,0.112348359378637
"ENSMUSG00000032788",0.466276356529317,0.0091708248636227,0.113077007409319
"ENSMUSG00000022884",0.510350323129579,0.00919749974029361,0.113077007409319
"ENSMUSG00000029632",-0.238143938149044,0.00919826599694075,0.113077007409319
"ENSMUSG00000102252",-0.215863151540777,0.0092680130296134,0.113617062237684
"ENSMUSG00000024661",0.235420839652814,0.00929807932354398,0.113669019730325
"ENSMUSG00000071415",0.121107018571148,0.00955507239260982,0.116256535464716
"ENSMUSG00000038102",1.65921853224095,0.00956256892484146,0.116256535464716
"ENSMUSG00000003955",0.314403211227855,0.00967335858789471,0.117271779233877
"ENSMUSG00000028998",-0.893472919339054,0.00969937006160675,0.117271779233877
"ENSMUSG00000002227",0.351046184132233,0.00977220690631039,0.117809036006575
"ENSMUSG00000029247",0.321651483763915,0.00979734314437774,0.117809036006575
"ENSMUSG00000021707",0.349892062170582,0.0101338543021116,0.12113666520026
"ENSMUSG00000026709",-0.229169254957043,0.0101653421072258,0.12113666520026
"ENSMUSG00000003123",0.236249499710802,0.0101817829498977,0.12113666520026
"ENSMUSG00000031299",-0.203055023752228,0.0101841777150866,0.12113666520026
"ENSMUSG00000036197",-1.74621120078429,0.0102964864122744,0.122142416982263
"ENSMUSG00000031865",0.564456500632261,0.0106473976295489,0.125965583246356
"ENSMUSG00000019795",0.290389147411332,0.010735586248633,0.126668405040842
"ENSMUSG00000022283",0.0929438820362805,0.0107850631093104,0.126911932470789
"ENSMUSG00000027642",-0.259546882085036,0.011107709983351,0.130341212466535
"ENSMUSG00000070327",0.713766041615113,0.0111365440266918,0.130341212466535
"ENSMUSG00000014313",-0.206628709103409,0.0111923104388314,0.130341212466535
"ENSMUSG00000031799",0.29532266399697,0.0112184702129628,0.130341212466535
"ENSMUSG00000031447",0.27558944822588,0.0112245670358593,0.130341212466535
"ENSMUSG00000024120",-0.136034446396824,0.0112554258465833,0.130355603028455
"ENSMUSG00000029500",-0.230445067803171,0.0113267281294605,0.130837087920618
"ENSMUSG00000027893",0.188207704866194,0.0116517899908386,0.134239601438954
"ENSMUSG00000017778",-0.541370761570718,0.0117268374822184,0.134696574297439
"ENSMUSG00000026896",1.7915972634392,0.0117526663327009,0.134696574297439
"ENSMUSG00000038965",0.403792810193636,0.0119562761961334,0.136674211790086
"ENSMUSG00000020358",-0.164529803282289,0.0123206205985911,0.140474226047667
"ENSMUSG00000078713",-0.500164660701991,0.0124571875641726,0.141365783030712
"ENSMUSG00000031483",-0.193356384301115,0.0124630592628758,0.141365783030712
"ENSMUSG00000005779",0.345313722978261,0.0125269209791675,0.141607282672914
"ENSMUSG00000029310",2.03110046164254,0.0125487026226849,0.141607282672914
"ENSMUSG00000042787",-0.206349082819433,0.0127274381263899,0.14325691865535
"ENSMUSG00000028234",0.223891526929453,0.0127879410326846,0.143570735930727
"ENSMUSG00000033629",-0.310635961511444,0.0130619087446678,0.145917932801272
"ENSMUSG00000024590",-0.125800079878356,0.0130633186829586,0.145917932801272
"ENSMUSG00000036777",0.73234093969295,0.0133200837519224,0.148409338208128
"ENSMUSG00000005732",0.40080080769571,0.0136548724765549,0.151431326235857
"ENSMUSG00000010097",-0.156459678317916,0.0136601309965088,0.151431326235857
"ENSMUSG00000020780",0.281202509748631,0.0140947280391345,0.155856527890027
"ENSMUSG00000045427",-0.397619650735344,0.0142730237888275,0.15743252555045
"ENSMUSG00000024826",-0.261084984431307,0.0143825551511974,0.158244063051049
"ENSMUSG00000048076",0.28918618150637,0.0146412340921921,0.160688456956951
"ENSMUSG00000040940",2.33367725582793,0.0146996614429251,0.160928383110232
"ENSMUSG00000029287",1.42049370177572,0.0147717369949919,0.160953508297469
"ENSMUSG00000030591",0.31934715996924,0.0147751005117422,0.160953508297469
"ENSMUSG00000090053",0.436536036608743,0.0148797262832844,0.16169302561169
"ENSMUSG00000059741",-2.82356783759836,0.0149691523001252,0.162086100185826
"ENSMUSG00000022329",0.362885731552204,0.0149928017253891,0.162086100185826
"ENSMUSG00000025040",-1.92128678079877,0.0150263869292927,0.162086100185826
"ENSMUSG00000022568",-0.200254369662101,0.0150701975957553,0.162161221562149
"ENSMUSG00000021003",-1.91770082286225,0.0151658495214163,0.162589598178335
"ENSMUSG00000038900",0.0991562035601383,0.0151838956717327,0.162589598178335
"ENSMUSG00000021917",2.71365675802063,0.0152541693938934,0.162945629860497
"ENSMUSG00000022551",-0.198651921452445,0.0153452676097867,0.163132806110539
"ENSMUSG00000026568",-0.182605494157183,0.015388855227865,0.163132806110539
"ENSMUSG00000034473",-2.02149804603858,0.0154867969130693,0.163132806110539
"ENSMUSG00000032518",0.143258195564801,0.0155016902151173,0.163132806110539
"ENSMUSG00000035770",2.1485968253433,0.0155305163686494,0.163132806110539
"ENSMUSG00000034667",1.88078351564651,0.0155312965210705,0.163132806110539
"ENSMUSG00000022013",-1.46290136547492,0.0155662264499375,0.163132806110539
"ENSMUSG00000060743",0.59819079217764,0.015568229622001,0.163132806110539
"ENSMUSG00000025509",2.20144974188398,0.0156949478253674,0.164069989024803
"ENSMUSG00000043091",0.346126278485347,0.0157720038516515,0.164104612170946
"ENSMUSG00000027613",0.30887939532046,0.0157728359346308,0.164104612170946
"ENSMUSG00000032058",0.426802349019315,0.015811583033164,0.164119756907912
"ENSMUSG00000021494",-0.219219667323664,0.0158852845373666,0.164496793526942
"ENSMUSG00000022185",-0.16413730922045,0.0160180008504775,0.165481741180637
"ENSMUSG00000039000",0.313645797339554,0.0161516782411424,0.166471981122407
"ENSMUSG00000076432",0.458404971724011,0.0162560013612716,0.166636671569926
"ENSMUSG00000027405",-0.225097915204124,0.0163024694063508,0.166636671569926
"ENSMUSG00000024067",-0.173921702376884,0.0163156211331475,0.166636671569926
"ENSMUSG00000031328",0.216965290043262,0.0163191105309335,0.166636671569926
"ENSMUSG00000086784",-0.209771216907615,0.0166036517852203,0.169149702561931
"ENSMUSG00000004788",2.60649264448935,0.0166698851414575,0.169432250594814
"ENSMUSG00000006289",1.85435452709855,0.0167131300040258,0.169480380524695
"ENSMUSG00000022477",-0.128825735939976,0.016974781334857,0.17173796012576
"ENSMUSG00000032374",0.152319706108592,0.0170876772700625,0.172483641434736
"ENSMUSG00000042079",-0.171558619392773,0.0175981605324362,0.176816175233241
"ENSMUSG00000025133",-0.180126316800092,0.0176079939414598,0.176816175233241
"ENSMUSG00000040824",-0.19239047955309,0.0176374235236066,0.176816175233241
"ENSMUSG00000021591",0.49929846514933,0.0177939692101231,0.177980132940345
"ENSMUSG00000026981",2.35583719136533,0.0179874589740524,0.179507498741053
"ENSMUSG00000065954",1.78553793398997,0.0181136030615873,0.180357391570239
"ENSMUSG00000023175",-0.210493298247609,0.0183199484267767,0.182000209991522
"ENSMUSG00000004610",-0.108407300126565,0.0184119042147165,0.182279613209357
"ENSMUSG00000008450",0.52088000656612,0.0184309084022185,0.182279613209357
"ENSMUSG00000059743",0.432260071281252,0.0186922928460218,0.184450181200319
"ENSMUSG00000033499",1.86189587516701,0.0187715788149847,0.184818161889815
"ENSMUSG00000031502",-0.302387395355776,0.0188278040173401,0.184957958661414
"ENSMUSG00000031878",2.51438351227146,0.0189963092185545,0.186197676772513
"ENSMUSG00000058655",0.498859342436013,0.0195460806996435,0.191160669242514
"ENSMUSG00000003316",-0.126744656151121,0.0198216004083121,0.193251222878364
"ENSMUSG00000056870",-1.61425019394586,0.0198476602456307,0.193251222878364
"ENSMUSG00000025580",-0.106321240486515,0.0199914703705618,0.194081312222396
"ENSMUSG00000022808",1.56508183104093,0.0200211124173978,0.194081312222396
"ENSMUSG00000025076",2.08898298139813,0.0201592712094613,0.194991104599647
"ENSMUSG00000036550",0.361309228644568,0.0202315785103166,0.195261353122595
"ENSMUSG00000031819",-0.305190690280398,0.0205755989780031,0.198147070245496
"ENSMUSG00000035530",0.552382882025746,0.0207697574387244,0.199304149844651
"ENSMUSG00000039218",-0.205185541155878,0.020786322376436,0.199304149844651
"ENSMUSG00000021102",-0.183752590849107,0.0210529187227421,0.201141039002886
"ENSMUSG00000024870",0.0966161809348556,0.021069306743997,0.201141039002886
"ENSMUSG00000022253",-0.210169090766474,0.021495970916989,0.20477006061833
"ENSMUSG00000009863",-0.127853987192942,0.0216357874692256,0.205656804864064
"ENSMUSG00000027809",-0.154029994735154,0.0223240088211399,0.211741299184993
"ENSMUSG00000011960",2.37767133944198,0.0226138086057522,0.21402875628799
"ENSMUSG00000041168",-0.127112539607431,0.02284583960766,0.215760815693802
"ENSMUSG00000040618",-0.208516813280553,0.0231050450449217,0.217741548699572
"ENSMUSG00000028274",4.42083144041876,0.0232402492453581,0.218473369345898
"ENSMUSG00000028393",0.431540753533191,0.0232819836908035,0.218473369345898
"ENSMUSG00000057234",-2.21251615224924,0.023366521285333,0.218800128035639
"ENSMUSG00000023938",-1.71253396790434,0.0236845666686736,0.221307384095186
"ENSMUSG00000032366",0.470190092097749,0.0242035294950338,0.225677401075517
"ENSMUSG00000070284",1.48987331292557,0.0242590131828989,0.225716526464986
"ENSMUSG00000026827",-0.126702448761684,0.0245328089348944,0.227782472832216
"ENSMUSG00000037149",0.326099318314437,0.0247214700150946,0.229050925339855
"ENSMUSG00000042520",0.206682522469478,0.0248218153910532,0.229497499025263
"ENSMUSG00000052738",-0.129546802391761,0.0251326915410893,0.231884644596088
"ENSMUSG00000015568",-0.272918460193235,0.0253344149723923,0.233052881132468
"ENSMUSG00000004677",1.46200112695897,0.0253800228151632,0.233052881132468
"ENSMUSG00000004789",-0.144956061252024,0.0254181738113121,0.233052881132468
"ENSMUSG00000026960",-1.88905581449357,0.0261496200043617,0.239260868272757
"ENSMUSG00000015165",-0.128062659343712,0.0262557856668551,0.239280641907372
"ENSMUSG00000061024",-0.228264442061104,0.0262703260037366,0.239280641907372
"ENSMUSG00000060475",-1.87662882651011,0.0263741376560854,0.239280641907372
"ENSMUSG00000079508",-0.268660591169869,0.0263932463021011,0.239280641907372
"ENSMUSG00000026509",0.43543652552837,0.0264481760246957,0.239280641907372
"ENSMUSG00000028798",0.26094993845852,0.0264779987750262,0.239280641907372
"ENSMUSG00000033382",1.6076147151867,0.0266927088292256,0.240726663027504
"ENSMUSG00000032314",-0.134096594113437,0.0269134913253729,0.242221421928356
"ENSMUSG00000028394",2.29569203549234,0.0271812475266321,0.244131980336139
"ENSMUSG00000060679",-0.241700374901651,0.027651407613079,0.247848971293606
"ENSMUSG00000024817",-0.157930017211278,0.027910639762021,0.249664076407834
"ENSMUSG00000077450",-0.150909260991227,0.0280455092356094,0.250361635184416
"ENSMUSG00000071659",-0.153504794934531,0.0283397594461084,0.252476277980411
"ENSMUSG00000004070",-0.19867560468041,0.0286756166071406,0.25495230037985
"ENSMUSG00000020402",-0.156412274601685,0.0288493470602222,0.255631879314982
"ENSMUSG00000029836",-0.216769280666131,0.0289042257002802,0.255631879314982
"ENSMUSG00000037242",0.381616919046177,0.0289263067254854,0.255631879314982
"ENSMUSG00000020064",1.86708883826426,0.029316138148497,0.25822979057389
"ENSMUSG00000029171",0.493136666936756,0.0293902650482342,0.25822979057389
"ENSMUSG00000057841",0.144783391568851,0.0293963019944373,0.25822979057389
"ENSMUSG00000026869",0.187934015351079,0.0296469247742828,0.259600072603424
"ENSMUSG00000022913",2.04580766901564,0.0296702650578328,0.259600072603424
"ENSMUSG00000052299",1.69412605807372,0.0300914786712904,0.262660824091997
"ENSMUSG00000041815",-0.169360127747009,0.0301394492539101,0.262660824091997
"ENSMUSG00000002660",-0.196305069695555,0.0305093350579318,0.265358860849719
"ENSMUSG00000027111",-0.280230672711333,0.0311488657911738,0.270386900092615
"ENSMUSG00000032399",0.0972496331888983,0.0313581133816772,0.271667435025121
"ENSMUSG00000050029",-0.165531887733707,0.0314503370614583,0.27193110689092
"ENSMUSG00000034341",1.7352590846412,0.0320362687865674,0.276454154764085
"ENSMUSG00000061787",0.232651753827405,0.0322485279877333,0.27774123615267
"ENSMUSG00000020069",-0.189245816517563,0.0339169000118534,0.291539603422201
"ENSMUSG00000000088",-0.147571260483041,0.0343745777389415,0.29453115236339
"ENSMUSG00000054408",2.37095184480394,0.0343987758043132,0.29453115236339
"ENSMUSG00000030978",0.617646539793537,0.0348326430125345,0.297666916307115
"ENSMUSG00000028124",0.414874158262233,0.0351222625287186,0.298786605489524
"ENSMUSG00000027907",0.198388306293829,0.0351575717145472,0.298786605489524
"ENSMUSG00000027566",0.398587962422624,0.0351673396145362,0.298786605489524
"ENSMUSG00000021595",0.14762760238262,0.0353866180843707,0.299503293751714
"ENSMUSG00000040813",-0.158433953335436,0.0353878011249468,0.299503293751714
"ENSMUSG00000027010",-0.136281371043331,0.0355105107276642,0.29996498601238
"ENSMUSG00000022048",0.268479856458043,0.0357055054001615,0.301034347253086
"ENSMUSG00000037772",-0.330664463616387,0.0358589094934661,0.301749638012895
"ENSMUSG00000040990",3.11258388307838,0.036265865381018,0.304591743400496
"ENSMUSG00000063457",0.274688098747667,0.0365798378433245,0.306643554949469
"ENSMUSG00000032047",-0.116996469412449,0.0371820828584936,0.310548621662689
"ENSMUSG00000030298",0.213778176269543,0.0371868038210037,0.310548621662689
"ENSMUSG00000018326",0.584794821654604,0.0373592531064921,0.311397865381954
"ENSMUSG00000032602",-0.19805755375376,0.037442469354843,0.311501526712031
"ENSMUSG00000024474",-0.19849738507223,0.0377077873410855,0.313116928468146
"ENSMUSG00000020869",-0.138080924788035,0.0381623029436179,0.316294341346257
"ENSMUSG00000078566",1.88587440070687,0.0384434273481082,0.31802542059967
"ENSMUSG00000005981",-0.147510882881381,0.0385286426577766,0.318132375866557
"ENSMUSG00000020260",-0.167759175349175,0.0387080299566766,0.319015055878902
"ENSMUSG00000013593",-0.21215494803738,0.0389105765768378,0.320084948625538
"ENSMUSG00000074207",0.301899472280976,0.0390762701354864,0.320848255347529
"ENSMUSG00000027774",-0.111814090837196,0.0392887223244616,0.321991931005504
"ENSMUSG00000000740",0.125879336820383,0.039704903207521,0.324797916387174
"ENSMUSG00000055932",1.43131779186396,0.0399447462760963,0.326153670428757
"ENSMUSG00000031146",1.85528260792274,0.0405474695649489,0.330461876954334
"ENSMUSG00000048126",-0.168795583603252,0.0407247237538388,0.330744692447105
"ENSMUSG00000020219",-0.178720699466918,0.0407324751888959,0.330744692447105
"ENSMUSG00000010392",-0.368189119141949,0.0408896629867276,0.331409588958726
"ENSMUSG00000028800",-0.116934014540551,0.0409848964916713,0.331570826212951
"ENSMUSG00000007050",0.19398113766357,0.0412209118409791,0.332868317453484
"ENSMUSG00000022614",-1.42898923081994,0.0414976304388151,0.334489142053526
"ENSMUSG00000029145",1.20245872148912,0.0417205422067334,0.335671126602987
"ENSMUSG00000031807",0.293261029790365,0.0429394743128767,0.34446759243659
"ENSMUSG00000021932",1.76405956325477,0.0429703949665276,0.34446759243659
"ENSMUSG00000026083",0.6722504366988,0.0431392069228825,0.345192090304738
"ENSMUSG00000030546",-0.136185479478925,0.0433864350914531,0.346214398386436
"ENSMUSG00000028792",-0.0956363040778214,0.043424300820112,0.346214398386436
"ENSMUSG00000003402",0.268067710581121,0.0438407356230911,0.348798994936962
"ENSMUSG00000001100",-0.317013663124811,0.0439345132706265,0.348798994936962
"ENSMUSG00000034566",-0.132909581485986,0.0439862399886421,0.348798994936962
"ENSMUSG00000078517",-0.149655471775926,0.0446545371851292,0.352870457160205
"ENSMUSG00000006005",-0.118252628210701,0.0446600419537001,0.352870457160205
"ENSMUSG00000079363",1.53129938649867,0.0451222220327117,0.355883331838645
"ENSMUSG00000022792",-0.171127340886191,0.0452839024208706,0.356132193657731
"ENSMUSG00000076435",-0.127517114753157,0.0453156165526765,0.356132193657731
"ENSMUSG00000038776",0.0677990216494209,0.0454596140272846,0.356627025550944
"ENSMUSG00000027342",0.0906908025317605,0.0456926170244929,0.35750033484099
"ENSMUSG00000036180",-1.83170137554761,0.0457333988901335,0.35750033484099
"ENSMUSG00000078919",-0.259445205493439,0.0460168797478788,0.359078524415629
"ENSMUSG00000041426",-0.130773259416706,0.0463681673565434,0.361179300063978
"ENSMUSG00000039263",3.10592066253526,0.0467727362992089,0.363410633555091
"ENSMUSG00000029610",0.417456939951801,0.0468197748751958,0.363410633555091
"ENSMUSG00000042626",1.71353199044796,0.0469887972372643,0.364080451833099
"ENSMUSG00000019978",-0.127053968463596,0.0471524064263316,0.364706046893296
"ENSMUSG00000062054",2.01900533311705,0.0473142612111541,0.365315901035595
"ENSMUSG00000068921",-0.200780673279041,0.0483048218070364,0.372310894523235
"ENSMUSG00000029614",0.0904680185482682,0.0484619062066051,0.372868617509212
"ENSMUSG00000057113",-0.10284595405686,0.0487859789460164,0.374706969182231
"ENSMUSG00000031730",-0.293311493481497,0.0495718350023517,0.380079522378658
"ENSMUSG00000031885",1.47381678147773,0.049954246135373,0.382345456072655
"ENSMUSG00000026922",-0.229450467221188,0.0507968457638067,0.388119649664085
"ENSMUSG00000026864",-0.0965657364723782,0.0521443238751308,0.39772473028501
"ENSMUSG00000028607",-0.148308665377822,0.0526304161064772,0.400737822291706
"ENSMUSG00000021577",-0.100350523483854,0.0531783839941526,0.404210825489232
"ENSMUSG00000022450",-0.240314515217928,0.0532714863284389,0.404220364364586
"ENSMUSG00000035376",-1.88289308295109,0.0535431890897472,0.404910333136392
"ENSMUSG00000013736",0.125745316491297,0.0535464244229449,0.404910333136392
"ENSMUSG00000034729",-0.201843422390812,0.0542285102126942,0.409364791502688
"ENSMUSG00000051934",1.10782341923307,0.0544627720777144,0.410429212181543
"ENSMUSG00000019326",-0.118811584571709,0.0545624866179289,0.410477783941034
"ENSMUSG00000033953",2.06201119148728,0.0553480157165157,0.415493807314874
"ENSMUSG00000059447",-0.111015130049303,0.0554267765550236,0.415493807314874
"ENSMUSG00000026078",1.94663257318821,0.0555124650536573,0.415493807314874
"ENSMUSG00000070283",1.72192888098152,0.0558286612091211,0.41715099827053
"ENSMUSG00000040952",0.0882199795894323,0.0566342384616971,0.422453022830388
"ENSMUSG00000033916",1.99210754117648,0.0567388534498371,0.42251724878635
"ENSMUSG00000001666",0.209873373682921,0.0578427463340946,0.430010011176267
"ENSMUSG00000001506",2.3087920674624,0.0580312973805266,0.430354389859445
"ENSMUSG00000053898",-0.185502472823128,0.0580846415761214,0.430354389859445
"ENSMUSG00000020738",-0.795964188225046,0.05819255958981,0.430429335722276
"ENSMUSG00000063358",0.360938169149424,0.058524942312183,0.432161528717982
"ENSMUSG00000036112",1.571177406881,0.0587216804684719,0.432887966066574
"ENSMUSG00000074781",0.310491500554527,0.0594854048598807,0.437784727070794
"ENSMUSG00000063268",1.67721255289009,0.0597940146120834,0.439321299345207
"ENSMUSG00000044080",0.325833169725474,0.0601014202818739,0.440843917767545
"ENSMUSG00000019373",0.285271025206868,0.0608662882452506,0.445711371992259
"ENSMUSG00000025474",1.66845669472622,0.0618727356800543,0.451755842241022
"ENSMUSG00000028568",0.642476055998578,0.0618970172395675,0.451755842241022
"ENSMUSG00000014355",1.25571057221937,0.0622191586328595,0.453355160833137
"ENSMUSG00000040296",1.98321745363148,0.0627253874850596,0.456288314581401
"ENSMUSG00000048701",1.77291741475815,0.0642785427528048,0.466814961477052
"ENSMUSG00000069833",0.18825136905323,0.0645860653649284,0.468275574416886
"ENSMUSG00000032330",-2.15184474042706,0.0650986868477636,0.471215988185868
"ENSMUSG00000031590",1.76485004469895,0.0655860285410396,0.473964058471453
"ENSMUSG00000038690",-0.12573978434407,0.0658999916328892,0.474947242213552
"ENSMUSG00000021786",-1.99719755983361,0.0661263842804986,0.474947242213552
"ENSMUSG00000062647",-0.106794092977228,0.0661322722313194,0.474947242213552
"ENSMUSG00000005447",1.61640694613864,0.0661537513012741,0.474947242213552
"ENSMUSG00000026385",0.193294705775209,0.066448737360403,0.476288099549078
"ENSMUSG00000042396",-1.71084949739549,0.0666509318656755,0.476960570960712
"ENSMUSG00000022811",-1.53209960940656,0.0667627037646563,0.476984836474436
"ENSMUSG00000055204",1.50889729640052,0.0668896635734353,0.477117357190743
"ENSMUSG00000041453",-0.0994181693675458,0.0672802539852599,0.479126857263963
"ENSMUSG00000115987",1.90066121906248,0.0674892726771618,0.47983891607785
"ENSMUSG00000029547",-1.81822264852956,0.0677334924748524,0.480798549002944
"ENSMUSG00000018287",1.88418264061889,0.0686080435820766,0.48622222190776
"ENSMUSG00000061518",-0.161414569934465,0.0688233737761001,0.486964096444721
"ENSMUSG00000027193",0.194796309292702,0.0691693908476103,0.488626788315141
"ENSMUSG00000062234",1.08218031568867,0.0702082787528882,0.491403141404802
"ENSMUSG00000032350",1.03870731266433,0.0702306876703909,0.491403141404802
"ENSMUSG00000068748",-2.29006217557513,0.0702836699422398,0.491403141404802
"ENSMUSG00000024142",-0.921571451432545,0.0704926619632274,0.491403141404802
"ENSMUSG00000012519",1.18503885525057,0.0704963486249827,0.491403141404802
"ENSMUSG00000022828",0.860602829656351,0.0705385351699634,0.491403141404802
"ENSMUSG00000031821",1.22073537405787,0.0706418193893138,0.491403141404802
"ENSMUSG00000026463",0.697203522956514,0.0707542408967496,0.491403141404802
"ENSMUSG00000027998",-0.202809996003094,0.070812667726006,0.491403141404802
"ENSMUSG00000031578",-0.962289799108486,0.0708540783927039,0.491403141404802
"ENSMUSG00000032512",1.32331621469243,0.070912600301356,0.491403141404802
"ENSMUSG00000022031",0.955637481741103,0.0710278033458552,0.491403141404802
"ENSMUSG00000021377",0.16423476530332,0.0710437464101279,0.491403141404802
"ENSMUSG00000020109",-0.934567239282199,0.071125608060636,0.491403141404802
"ENSMUSG00000037411",0.905609637694138,0.0713439376760176,0.491410107922155
"ENSMUSG00000032571",1.38604643475559,0.0713499338700879,0.491410107922155
"ENSMUSG00000030614",1.01688875394696,0.0716256942344983,0.492538563009417
"ENSMUSG00000037722",2.01212414495334,0.071941025457361,0.493508014438621
"ENSMUSG00000028455",-0.169616651477831,0.0721300872934307,0.493508014438621
"ENSMUSG00000059734",-0.192114457440059,0.0721571290431743,0.493508014438621
"ENSMUSG00000069565",-0.159495102594001,0.0722152150189665,0.493508014438621
"ENSMUSG00000057134",1.1430739065104,0.0726596482431286,0.495775367314743
"ENSMUSG00000022370",-0.118353490278665,0.0727745010489092,0.495790370148993
"ENSMUSG00000020460",-0.155880466214633,0.0730609232522936,0.496972369757873
"ENSMUSG00000036990",0.958124180038677,0.0737682819210489,0.501009581380457
"ENSMUSG00000038121",1.64232589658043,0.0739404801903781,0.501405320982826
"ENSMUSG00000026914",0.145093758165359,0.0742208060885586,0.502531950147302
"ENSMUSG00000031924",0.168940690471548,0.0744174366079476,0.503089306469397
"ENSMUSG00000079435",0.20012516603596,0.0750210497981778,0.5063920861377
"ENSMUSG00000036737",1.05877604874319,0.0752730100906821,0.507314728038426
"ENSMUSG00000042426",1.16653854650208,0.0758775163436279,0.510606956312395
"ENSMUSG00000028729",1.64816334255697,0.0761017355018669,0.511333951059109
"ENSMUSG00000031012",-0.173216495325978,0.076552451658406,0.513578261811959
"ENSMUSG00000024135",-0.281901982534407,0.0769095256146623,0.514295998676121
"ENSMUSG00000079477",-0.104308112182888,0.0770628036605348,0.514295998676121
"ENSMUSG00000030681",0.643623945355532,0.0771174394135151,0.514295998676121
"ENSMUSG00000073838",-0.0853745465205193,0.0771268709671075,0.514295998676121
"ENSMUSG00000059273",1.49117891371075,0.0785582533965589,0.523048219664532
"ENSMUSG00000026547",0.226671619085717,0.0789133162848217,0.524618587567221
"ENSMUSG00000033307",0.220480825909373,0.0793301991528383,0.526277708845623
"ENSMUSG00000040018",2.62583671723207,0.0794212466115951,0.526277708845623
"ENSMUSG00000004207",0.10193908395663,0.0796003372096726,0.526277708845623
"ENSMUSG00000038991",-0.0829831860060288,0.0796412074735707,0.526277708845623
"ENSMUSG00000020018",-0.336683792528774,0.0799474686418023,0.527509459509103
"ENSMUSG00000029730",-0.0913114421909818,0.0802036614078954,0.528374006792146
"ENSMUSG00000002343",1.23306051326706,0.0803186118027598,0.528374006792146
"ENSMUSG00000016382",0.377552025105281,0.0805126590826398,0.528860018839847
"ENSMUSG00000002900",-0.170240995454471,0.0812035221993077,0.532603131444341
"ENSMUSG00000023010",1.96567467089231,0.0821602742068018,0.538076438666867
"ENSMUSG00000074364",0.14172405540312,0.0823716714706284,0.538659325619964
"ENSMUSG00000031004",-0.194362849053483,0.0828919493018636,0.541257372221812
"ENSMUSG00000022797",-0.107700818035561,0.0831273330290221,0.541990211349224
"ENSMUSG00000018593",0.276886883255706,0.0835946611358733,0.544230922572453
"ENSMUSG00000020993",2.00217303207305,0.0837484379933119,0.544426699569521
"ENSMUSG00000061462",1.04798713378324,0.0844098664737399,0.547473951431281
"ENSMUSG00000022974",1.38076099333461,0.084469699330814,0.547473951431281
"ENSMUSG00000038069",-0.116028285248579,0.0845903855881098,0.547473951431281
"ENSMUSG00000050627",1.69129680698464,0.0854141028473118,0.551993343070513
"ENSMUSG00000039781",1.19105013595999,0.0859990502785185,0.554958680756247
"ENSMUSG00000006498",-0.0983927518950374,0.0863056273911306,0.555854382901291
"ENSMUSG00000058793",0.898481092056667,0.0864359569658268,0.555854382901291
"ENSMUSG00000026478",-0.158464805834981,0.0865713816987259,0.555854382901291
"ENSMUSG00000037275",0.905557005269831,0.0866430599114487,0.555854382901291
"ENSMUSG00000037601",0.34586384074176,0.0873269788971411,0.559426541668585
"ENSMUSG00000030127",0.150752672477953,0.0878595689800916,0.562018986086604
"ENSMUSG00000032116",0.276440177857065,0.0879928559705046,0.562018986086604
"ENSMUSG00000003420",2.4293758965622,0.0881147694614307,0.562018986086604
"ENSMUSG00000056167",1.29926463493852,0.0884669595116755,0.563448753706055
"ENSMUSG00000027805",1.8417456049507,0.0892775190689218,0.567789539627637
"ENSMUSG00000061136",-0.153741799481754,0.0900650172462768,0.57197134329129
"ENSMUSG00000020256",-0.13198687378182,0.090349922645248,0.572953904267632
"ENSMUSG00000029762",0.37859746388855,0.09100382634053,0.576211175864688
"ENSMUSG00000008540",-0.163606447782474,0.0911308048907853,0.576211175864688
"ENSMUSG00000028964",0.282299020830777,0.0912563484611878,0.576211175864688
"ENSMUSG00000027349",0.102093881736547,0.091537853403598,0.577160591445895
"ENSMUSG00000018893",0.69376418903235,0.0927694898448099,0.584089448937065
"ENSMUSG00000009291",3.70989613540045,0.0929545749749937,0.584418692092782
"ENSMUSG00000021814",0.202924788043678,0.0939212122834623,0.58965371649004
"ENSMUSG00000063931",1.1216688392441,0.0945044812753136,0.592040489874125
"ENSMUSG00000052146",0.211576954939723,0.0945704304434242,0.592040489874125
"ENSMUSG00000027227",0.61499900462109,0.0950858440345971,0.594421590335599
"ENSMUSG00000000787",0.147733133565684,0.0954522947219665,0.595866027051595
"ENSMUSG00000021012",1.68913967714909,0.0979160916645262,0.609494297862343
"ENSMUSG00000019428",-0.112179743282521,0.0981108906748488,0.609494297862343
"ENSMUSG00000084786",1.21414494833211,0.0981494442463396,0.609494297862343
"ENSMUSG00000041548",2.33813696416652,0.0981893790466715,0.609494297862343
"ENSMUSG00000022246",0.976212601182453,0.0993729869513223,0.615881694690298
"ENSMUSG00000025204",-3.1625872673742,0.0994982696943427,0.615881694690298
"ENSMUSG00000015112",2.2044359294014,0.100105751391442,0.618771645890076
"ENSMUSG00000040532",-0.170529596772546,0.100433323456163,0.619925745484673
"ENSMUSG00000032185",1.69082933400019,0.10144801560571,0.624470643986678
"ENSMUSG00000020766",0.12527849816842,0.101453422051914,0.624470643986678
"ENSMUSG00000023022",-0.205264676315,0.102466493173826,0.629825469913422
"ENSMUSG00000015671",0.275248779844613,0.102823022902229,0.631135458567241
"ENSMUSG00000026820",-0.116777890550978,0.103095647088671,0.631927496987802
"ENSMUSG00000071014",-0.38734446458508,0.103818549963314,0.634762206688258
"ENSMUSG00000028851",0.309988669716343,0.10384657778131,0.634762206688258
"ENSMUSG00000025917",0.296783279658673,0.107374624139245,0.655417088539277
"ENSMUSG00000002984",-0.116532508097499,0.108400783527668,0.660764332832782
"ENSMUSG00000031221",0.273839330227144,0.108911937123459,0.662913255383563
"ENSMUSG00000063895",-0.213368116195202,0.109054577799977,0.662913255383563
"ENSMUSG00000018848",0.331992811752279,0.109414813746889,0.664185648689735
"ENSMUSG00000007836",-0.126023628774472,0.109722206624831,0.665134202969532
"ENSMUSG00000044155",-0.167757009283235,0.110005958171509,0.665937031516934
"ENSMUSG00000026675",2.53416656009893,0.110693254629174,0.669074470619088
"ENSMUSG00000038462",-0.132051669490892,0.110828286544266,0.669074470619088
"ENSMUSG00000030447",0.922200180713066,0.111282518333629,0.670896387926438
"ENSMUSG00000001052",0.107154678992558,0.111627618925296,0.671403276610957
"ENSMUSG00000055044",0.27391269365592,0.111671710629225,0.671403276610957
"ENSMUSG00000025150",-0.170365245774093,0.111957687809145,0.67220434385818
"ENSMUSG00000040048",-0.0964842973327791,0.114187948689334,0.684660983898853
"ENSMUSG00000014633",-0.230943368777144,0.115240796539947,0.690033667445317
"ENSMUSG00000030738",0.327052568426399,0.115567334740683,0.691048695915415
"ENSMUSG00000025745",-0.104592519681091,0.116788968364735,0.697406037684121
"ENSMUSG00000078578",0.265122487536306,0.117506269875237,0.70073860937794
"ENSMUSG00000038828",-1.59309507717935,0.118149779030761,0.703100089055794
"ENSMUSG00000052488",-0.153457504730934,0.118279741620443,0.703100089055794
"ENSMUSG00000031157",1.44365629209874,0.118381541920096,0.703100089055794
"ENSMUSG00000078902",-0.674922435285414,0.118696044233672,0.703279573143398
"ENSMUSG00000026032",-0.270544200038589,0.118731361700874,0.703279573143398
"ENSMUSG00000049858",-3.01661684425859,0.11914917126919,0.704605202835905
"ENSMUSG00000024581",0.784436099461772,0.119353259360201,0.704605202835905
"ENSMUSG00000060073",0.168637901618478,0.11943546496605,0.704605202835905
"ENSMUSG00000059119",0.459283869214122,0.120488253606176,0.70927648883687
"ENSMUSG00000061315",0.172934643526943,0.120674617587549,0.70927648883687
"ENSMUSG00000033565",-1.3444251345418,0.120710768038813,0.70927648883687
"ENSMUSG00000022708",-0.129668991108325,0.121298730045596,0.711780947907555
"ENSMUSG00000041926",0.384149014247743,0.12258193014809,0.718352962159444
"ENSMUSG00000000751",0.210181310077747,0.122849412292712,0.718963116356681
"ENSMUSG00000029467",-0.0765046252132002,0.123136684924914,0.719687317867924
"ENSMUSG00000009090",0.165287753736941,0.123658437584733,0.720429884809636
"ENSMUSG00000039221",-1.97547209010914,0.123688718995124,0.720429884809636
"ENSMUSG00000020514",-0.155028076561425,0.123754826838465,0.720429884809636
"ENSMUSG00000020186",0.857592175972474,0.125144443298974,0.727557060711734
"ENSMUSG00000040054",-1.05251679040707,0.126263103449977,0.732216797855655
"ENSMUSG00000063884",-0.178249481935197,0.126440331048022,0.732216797855655
"ENSMUSG00000036880",-0.0861736497137002,0.126445073022108,0.732216797855655
"ENSMUSG00000027306",1.5127539260149,0.126669358649795,0.732551704885343
"ENSMUSG00000018042",-0.085567226925555,0.127562183777499,0.736746943313353
"ENSMUSG00000024194",1.01515581967675,0.128908392965313,0.743546313814339
"ENSMUSG00000091512",0.152975057405168,0.130904491789223,0.754071555450749
"ENSMUSG00000067274",0.0418901005891215,0.132649374822187,0.763124050447643
"ENSMUSG00000067847",-1.57278828125096,0.134117759936921,0.770564310029229
"ENSMUSG00000037351",1.31785513453256,0.134473577009672,0.771055458719961
"ENSMUSG00000039929",-1.16169312400515,0.134553645148132,0.771055458719961
"ENSMUSG00000032299",0.821967611720893,0.135246713640359,0.773510709007404
"ENSMUSG00000058240",1.22827873318137,0.135407735457683,0.773510709007404
"ENSMUSG00000054808",0.0823057280192607,0.13550937437962,0.773510709007404
"ENSMUSG00000020986",0.410289993236898,0.135830752919573,0.774340859584251
"ENSMUSG00000033752",2.30011565696048,0.136380200193102,0.775126526839611
"ENSMUSG00000024431",1.44856534279068,0.136457849882549,0.775126526839611
"ENSMUSG00000000838",0.165621812923593,0.136496945762486,0.775126526839611
"ENSMUSG00000024735",-0.224071138687901,0.137299557598066,0.778505578063139
"ENSMUSG00000021111",1.14528235104433,0.137445770087494,0.778505578063139
"ENSMUSG00000024660",-1.46086520131797,0.138274015786642,0.78219015871081
"ENSMUSG00000024782",-0.0964346428835299,0.139435374195762,0.787747216733698
"ENSMUSG00000032328",2.00156141628025,0.140043334126639,0.79016758139915
"ENSMUSG00000029456",-0.174070880015474,0.140344290500798,0.790851757354691
"ENSMUSG00000037572",1.29812483881918,0.141337782079791,0.795431686615293
"ENSMUSG00000041959",-0.195234959285049,0.141917951546124,0.796541930784257
"ENSMUSG00000024234",1.90925121872717,0.142062264447084,0.796541930784257
"ENSMUSG00000054428",-0.19666586453193,0.142078031280537,0.796541930784257
"ENSMUSG00000071253",-0.238525075219613,0.142967192116072,0.800507140588845
"ENSMUSG00000034321",-1.21045201261992,0.143672814250986,0.803435902819048
"ENSMUSG00000074513",0.268554131463933,0.144086684703535,0.804727791091695
"ENSMUSG00000070493",0.148011366097155,0.144600196593991,0.805936157975224
"ENSMUSG00000028127",-0.336991741889427,0.14466929443318,0.805936157975224
"ENSMUSG00000020954",1.36568842369746,0.145159070649173,0.807642313434903
"ENSMUSG00000052681",-0.233892943586149,0.147009211121014,0.816903457252
"ENSMUSG00000033335",0.348479130699047,0.147580182274885,0.818795782224598
"ENSMUSG00000025794",-0.175276772553108,0.147721847554267,0.818795782224598
"ENSMUSG00000002831",0.461863790528039,0.148168594470636,0.81988326288287
"ENSMUSG00000026615",-1.69454679595242,0.148290633323055,0.81988326288287
"ENSMUSG00000020840",0.279806990758772,0.151412325515555,0.836092402250887
"ENSMUSG00000038759",-0.150392056929761,0.15161668323401,0.836171707910873
"ENSMUSG00000061665",1.12196678648885,0.153499850422863,0.845497924544453
"ENSMUSG00000018433",-1.28582955347597,0.154125735620994,0.847884203084991
"ENSMUSG00000028986",-5.82845557474605,0.155790065842118,0.855240363335524
"ENSMUSG00000036057",1.18861214150149,0.155862428635659,0.855240363335524
"ENSMUSG00000032763",-1.04263390519331,0.156045901331158,0.855240363335524
"ENSMUSG00000041697",-0.208347256828326,0.15635965880871,0.855386809411421
"ENSMUSG00000031527",2.88561103934353,0.156532964120238,0.855386809411421
"ENSMUSG00000003235",1.15654700182076,0.156780837989195,0.855386809411421
"ENSMUSG00000024583",0.346153771152149,0.156850069346743,0.855386809411421
"ENSMUSG00000002477",-0.168193531815014,0.158362389970609,0.862565443391894
"ENSMUSG00000063049",-0.571032573847152,0.15862104548173,0.862906330241156
"ENSMUSG00000042569",-0.161141198160344,0.159457616724216,0.863529442520418
"ENSMUSG00000007080",-1.13590549202709,0.159504664832811,0.863529442520418
"ENSMUSG00000018583",0.207542065201082,0.159506175850347,0.863529442520418
"ENSMUSG00000028551",1.83904870915824,0.159684157286393,0.863529442520418
"ENSMUSG00000055531",-0.111454340670374,0.160007391934137,0.863529442520418
"ENSMUSG00000029462",0.175328001056659,0.160098838791532,0.863529442520418
"ENSMUSG00000022707",0.56096709376726,0.160109071823827,0.863529442520418
"ENSMUSG00000046516",0.280045111553626,0.160423574009814,0.864166645308678
"ENSMUSG00000031197",1.98613675349852,0.16271385945031,0.875141774516299
"ENSMUSG00000030754",0.371718810702106,0.16285869423514,0.875141774516299
"ENSMUSG00000029776",-0.112876170323631,0.16316846145801,0.875737071800856
"ENSMUSG00000026172",1.21802280464155,0.163438729162985,0.876102298253231
"ENSMUSG00000029056",0.963353643887942,0.163733073284168,0.876102298253231
"ENSMUSG00000020900",0.207016910184024,0.163883931299797,0.876102298253231
"ENSMUSG00000045210",0.854269240615935,0.164032786585018,0.876102298253231
"ENSMUSG00000033047",0.289163053277395,0.164930367112414,0.879828540196043
"ENSMUSG00000022337",-0.327256677170361,0.16544895778377,0.881526468772845
"ENSMUSG00000019916",2.45482355419985,0.165724438891994,0.881926548444576
"ENSMUSG00000022672",1.04300105885971,0.166411341615655,0.883649042766916
"ENSMUSG00000020814",1.4287551105731,0.166573320579353,0.883649042766916
"ENSMUSG00000016252",-0.348878161656916,0.166650467052156,0.883649042766916
"ENSMUSG00000022452",-0.603885536374769,0.169234975441791,0.895947881537611
"ENSMUSG00000024260",-1.08486232355155,0.169377104621516,0.895947881537611
"ENSMUSG00000050732",1.58927579298865,0.171065000364002,0.902345748633425
"ENSMUSG00000028910",-0.133750543856266,0.171094980834613,0.902345748633425
"ENSMUSG00000036199",-0.138232886365547,0.171201704182892,0.902345748633425
"ENSMUSG00000029131",1.26381816014541,0.172055507236503,0.905738893515444
"ENSMUSG00000028035",1.93452912464661,0.172257090177784,0.905738893515444
"ENSMUSG00000036983",-0.132487549980191,0.173159228680989,0.909395901461851
"ENSMUSG00000005142",-0.262985241000788,0.173516103816334,0.910183996299984
"ENSMUSG00000025290",0.105022588595922,0.173896747733144,0.911092728201357
"ENSMUSG00000073676",-0.11624644111938,0.174103382053474,0.911092728201357
"ENSMUSG00000029911",-0.249896174462148,0.174867974176339,0.914007071674663
"ENSMUSG00000026755",-1.35320593114659,0.17625638468177,0.918572487443385
"ENSMUSG00000006740",0.721737140272399,0.176364611108197,0.918572487443385
"ENSMUSG00000040462",1.282778549636,0.176664858551552,0.918572487443385
"ENSMUSG00000031347",0.977600654012928,0.176690011261884,0.918572487443385
"ENSMUSG00000031059",-0.11541581353509,0.176785025417984,0.918572487443385
"ENSMUSG00000014867",0.272636333541083,0.177841506764384,0.922700273425157
"ENSMUSG00000024359",-0.073659498427368,0.178196186304645,0.922700273425157
"ENSMUSG00000063694",-0.123727239528911,0.178500990116334,0.922700273425157
"ENSMUSG00000003438",-0.105533788559505,0.178593950416135,0.922700273425157
"ENSMUSG00000028790",0.228831332119785,0.178913748311826,0.922700273425157
"ENSMUSG00000031521",-0.168373135563289,0.179175852986072,0.922700273425157
"ENSMUSG00000007603",1.95274343203915,0.179194942305968,0.922700273425157
"ENSMUSG00000019942",-0.121483167063698,0.179256699336176,0.922700273425157
"ENSMUSG00000052533",0.790801778202741,0.179996329179785,0.925425052243266
"ENSMUSG00000029528",-1.06640302328206,0.181634331307443,0.932756933587
"ENSMUSG00000003429",0.0749063730327322,0.181925767853293,0.933164690352383
"ENSMUSG00000040548",-1.0361203871788,0.18268172230759,0.935951408469971
"ENSMUSG00000039230",-0.948599977390668,0.183054360489719,0.936770047110758
"ENSMUSG00000027770",0.182762667999434,0.183958833136367,0.939382372142383
"ENSMUSG00000029672",-1.75041003321843,0.183991730240112,0.939382372142383
"ENSMUSG00000041879",0.491140726498124,0.184210160850274,0.939407784359275
"ENSMUSG00000030779",0.904652658265107,0.184486222734772,0.939726697055244
"ENSMUSG00000032231",-0.104991716886566,0.185574763016442,0.943744829030438
"ENSMUSG00000020570",1.76593930383006,0.185977010161825,0.943744829030438
"ENSMUSG00000025940",1.93474480026543,0.186065848822632,0.943744829030438
"ENSMUSG00000030138",-1.63078867165216,0.186132813360241,0.943744829030438
"ENSMUSG00000025289",-0.0745505801543906,0.186879026363844,0.945466761738968
"ENSMUSG00000003873",2.54125675781999,0.186902086505999,0.945466761738968
"ENSMUSG00000028656",0.548691814468743,0.187180709128327,0.945789093999732
"ENSMUSG00000035151",-0.123342213384035,0.187995202848168,0.948815238227968
"ENSMUSG00000019054",-0.111091213614483,0.188403975875718,0.949665027832198
"ENSMUSG00000029208",-0.721052609622451,0.188595145268198,0.949665027832198
"ENSMUSG00000069744",0.321819529947494,0.189161227304055,0.95142692727445
"ENSMUSG00000051695",0.124300863654462,0.19054462442902,0.957074427871907
"ENSMUSG00000041881",-0.122754114421291,0.190718989603195,0.957074427871907
"ENSMUSG00000010755",0.937657914021184,0.191938054898266,0.961500842772596
"ENSMUSG00000028692",0.291721873297671,0.192038000635563,0.961500842772596
"ENSMUSG00000020952",-0.0966102328734486,0.192357640044638,0.962006788450512
"ENSMUSG00000020832",2.47497400495181,0.193185220947633,0.965048986822397
"ENSMUSG00000024304",-1.13066864731042,0.19430203403551,0.969527496360861
"ENSMUSG00000027533",0.122671191866978,0.195382417312,0.973814290589027
"ENSMUSG00000039886",-0.153901534717843,0.195875225683921,0.97393022397034
"ENSMUSG00000032280",1.00279170096494,0.19612025478904,0.97393022397034
"ENSMUSG00000025733",0.108208480833333,0.196181912517341,0.97393022397034
"ENSMUSG00000021040",-0.492229057967396,0.196290867680457,0.97393022397034
"ENSMUSG00000024538",-0.287152592973793,0.197033740955826,0.976515195885802
"ENSMUSG00000062997",0.0863078769895615,0.19782854149397,0.978793641711266
"ENSMUSG00000025958",1.13660623834759,0.197938273374921,0.978793641711266
"ENSMUSG00000040464",0.911116527205191,0.198754676648307,0.98172764526285
"ENSMUSG00000020532",0.526800804879034,0.19938748703895,0.983325447745296
"ENSMUSG00000030122",0.343362933859261,0.199525022684969,0.983325447745296
"ENSMUSG00000006378",-0.303317637325879,0.200428330037298,0.98667234954603
"ENSMUSG00000029920",0.984580004678222,0.200928028597901,0.988027099284206
"ENSMUSG00000031921",0.963004665467679,0.202071375639317,0.990679069087113
"ENSMUSG00000068040",-0.821591199346308,0.202155639036463,0.990679069087113
"ENSMUSG00000022820",-0.157202354439914,0.202318212398992,0.990679069087113
"ENSMUSG00000039640",-0.0732538723941047,0.20236775348996,0.990679069087113
"ENSMUSG00000039234",0.598420656377769,0.202706576455414,0.991235158866975
"ENSMUSG00000030264",1.32796320912163,0.203188413807681,0.991959172546138
"ENSMUSG00000028470",-0.22758512147243,0.203305424593642,0.991959172546138
"ENSMUSG00000041231",1.05129961060831,0.203567175265528,0.992136365829004
"ENSMUSG00000017760",0.0610063128077734,0.203859311461165,0.992461094845784
"ENSMUSG00000026853",-0.0906734040134829,0.204408693567984,0.994036088831709
"ENSMUSG00000024759",-0.129729094576319,0.204721271396666,0.994457301784466
"ENSMUSG00000008683",0.0740370197703868,0.205114093567746,0.994681355230887
"ENSMUSG00000021549",-1.06465816574328,0.205219420711121,0.994681355230887
"ENSMUSG00000075296",0.44167077364817,0.20657229513679,1
"ENSMUSG00000019763",-1.2599232657415,0.20725012174827,1
"ENSMUSG00000029994",-0.123385929012649,0.20825490990857,1
"ENSMUSG00000020547",1.6829636379073,0.211588016754791,1
"ENSMUSG00000028647",2.18862446131626,0.2123316274184,1
"ENSMUSG00000027804",0.446468010124605,0.212429564586942,1
"ENSMUSG00000078452",0.914463029914042,0.213864237062365,1
"ENSMUSG00000021115",0.143915598525012,0.214667475690705,1
"ENSMUSG00000029625",1.24397569718671,0.214861592421532,1
"ENSMUSG00000024712",-1.44635147165613,0.215095104486279,1
"ENSMUSG00000057098",-0.925386458915984,0.21555502210822,1
"ENSMUSG00000024121",1.14445356371117,0.217037520912402,1
"ENSMUSG00000047963",1.23979015729304,0.217581921147416,1
"ENSMUSG00000021646",-0.174868748000179,0.218139329604686,1
"ENSMUSG00000036932",-0.0826545830239489,0.218513334599811,1
"ENSMUSG00000019261",1.22022396677588,0.218844734776218,1
"ENSMUSG00000003355",-1.26525900531318,0.219210936960657,1
"ENSMUSG00000027018",0.147817189441646,0.220742147768686,1
"ENSMUSG00000041650",-0.129014637193897,0.221837963345002,1
"ENSMUSG00000045302",-0.171062245484297,0.221841978284879,1
"ENSMUSG00000022400",0.47764018240321,0.224837387048099,1
"ENSMUSG00000072582",-0.116042266367177,0.226760667972459,1
"ENSMUSG00000024991",0.293720972219145,0.226832394904397,1
"ENSMUSG00000051671",-1.58263625726129,0.227079156565224,1
"ENSMUSG00000032309",0.990784621392596,0.227143084211861,1
"ENSMUSG00000021884",1.21284687645336,0.228060397522035,1
"ENSMUSG00000021408",1.842979074174,0.22886667182076,1
"ENSMUSG00000040843",-1.13169159709526,0.230620217745757,1
"ENSMUSG00000031207",0.253494537340078,0.230733726671163,1
"ENSMUSG00000020264",-1.32257998741435,0.230806967250044,1
"ENSMUSG00000045160",0.188319992018624,0.231078328626685,1
"ENSMUSG00000096370",-1.73771481207192,0.233104398763032,1
"ENSMUSG00000039067",0.272845423985313,0.234305737868507,1
"ENSMUSG00000070934",0.134652197672192,0.234467250264138,1
"ENSMUSG00000028832",0.362346600954957,0.237963027751903,1
"ENSMUSG00000021877",0.58044951177154,0.238049330451201,1
"ENSMUSG00000064068",-0.135659201582804,0.238666133854536,1
"ENSMUSG00000041297",0.852426806111275,0.240766278428656,1
"ENSMUSG00000005510",-0.170814096656077,0.241451382432934,1
"ENSMUSG00000068856",-0.106806787090445,0.242028176192316,1
"ENSMUSG00000030246",0.69796622199171,0.242574176241252,1
"ENSMUSG00000030795",0.142185366109697,0.243899862086074,1
"ENSMUSG00000043162",-1.30686676033961,0.244006482701894,1
"ENSMUSG00000022752",-0.0691222594985206,0.244055173545503,1
"ENSMUSG00000020456",-0.0479165522416061,0.244217688811751,1
"ENSMUSG00000025016",0.364761525114105,0.244811692127083,1
"ENSMUSG00000005125",1.40127328037648,0.245603286906884,1
"ENSMUSG00000027599",-0.1863999339458,0.245688120506101,1
"ENSMUSG00000042719",1.34773856147357,0.245753416068781,1
"ENSMUSG00000038976",0.966126538738592,0.245833961553641,1
"ENSMUSG00000021248",0.0877106687313365,0.246481986159691,1
"ENSMUSG00000060126",0.189391434723838,0.246618343153254,1
"ENSMUSG00000037608",-0.128301408393508,0.247545314330763,1
"ENSMUSG00000022673",-0.0572095228656337,0.247864003335289,1
"ENSMUSG00000018446",-0.133781370843469,0.248075465267615,1
"ENSMUSG00000053510",1.14585135706892,0.248385051666676,1
"ENSMUSG00000037523",-0.241885301151459,0.248644479266108,1
"ENSMUSG00000024997",-0.0396079698603344,0.248777366438339,1
"ENSMUSG00000021036",-1.06899219167555,0.250588452490635,1
"ENSMUSG00000018286",0.22700490889822,0.251345036644842,1
"ENSMUSG00000031575",1.26503034286061,0.253400548299975,1
"ENSMUSG00000028106",1.67758941747242,0.254126805220197,1
"ENSMUSG00000045128",0.065455009601056,0.255439024600013,1
"ENSMUSG00000020211",-0.24299155943562,0.255571977823184,1
"ENSMUSG00000029501",-1.08570153153749,0.255940804768669,1
"ENSMUSG00000020074",-0.0608256191680425,0.25666632964617,1
"ENSMUSG00000003814",0.108095611933773,0.256868384408395,1
"ENSMUSG00000068699",0.335394522843508,0.257436728117666,1
"ENSMUSG00000001025",0.171562916594439,0.258593674656178,1
"ENSMUSG00000046139",1.53171141472582,0.258970144370599,1
"ENSMUSG00000068739",0.543108476460173,0.260411117215133,1
"ENSMUSG00000027163",1.35366170758578,0.262707164751949,1
"ENSMUSG00000035199",1.71791602402662,0.262851012133892,1
"ENSMUSG00000020661",-0.391000710018385,0.26338025154593,1
"ENSMUSG00000030890",0.168302057303208,0.264589187631493,1
"ENSMUSG00000033083",1.36075850115985,0.264710441553808,1
"ENSMUSG00000006333",0.09284055938598,0.265502346460744,1
"ENSMUSG00000007833",0.756506240351229,0.267279342091212,1
"ENSMUSG00000032216",0.0945975322207246,0.267970603583753,1
"ENSMUSG00000015749",0.442064539693718,0.268781006567415,1
"ENSMUSG00000043284",-0.114195966428575,0.268941883246093,1
"ENSMUSG00000022386",1.2250747229619,0.269770021149271,1
"ENSMUSG00000028811",0.450214885224081,0.270140933184434,1
"ENSMUSG00000009112",-0.198510904221298,0.270322899305546,1
"ENSMUSG00000005054",0.104774265505146,0.270437650122893,1
"ENSMUSG00000041763",0.653365948241664,0.27047134219093,1
"ENSMUSG00000010914",-0.0756109071638917,0.272203302581216,1
"ENSMUSG00000005354",-0.102567892819767,0.27385230752797,1
"ENSMUSG00000033174",0.96254904559234,0.274615262610179,1
"ENSMUSG00000020621",1.19182085259178,0.274724953798324,1
"ENSMUSG00000036529",0.93922359186514,0.275180594266094,1
"ENSMUSG00000055436",-0.0970255665855788,0.275301561015548,1
"ENSMUSG00000022698",0.411289759964294,0.275663526511271,1
"ENSMUSG00000022961",-0.234638442649679,0.275807829945874,1
"ENSMUSG00000029657",0.589809947423859,0.276173716721348,1
"ENSMUSG00000024527",-0.0991560481363436,0.276690354244336,1
"ENSMUSG00000036565",1.13772935548018,0.277546863395802,1
"ENSMUSG00000024346",2.81410618360872,0.280228366107548,1
"ENSMUSG00000029199",-0.0928295233920728,0.280419427141886,1
"ENSMUSG00000006273",-0.119645799249881,0.281102868905121,1
"ENSMUSG00000024914",0.955284830230333,0.281362024714068,1
"ENSMUSG00000015092",1.69158404792674,0.281712444946761,1
"ENSMUSG00000026670",1.3486160207771,0.281950407841266,1
"ENSMUSG00000029484",0.197134969387164,0.282001834842163,1
"ENSMUSG00000026181",0.896587777825484,0.282553182709068,1
"ENSMUSG00000000711",-0.107497062171031,0.283373796966744,1
"ENSMUSG00000030086",-0.162837779330374,0.284815511671966,1
"ENSMUSG00000024026",0.401940979195164,0.284962384250074,1
"ENSMUSG00000034892",0.106863373125279,0.285701065849184,1
"ENSMUSG00000019494",0.456030558066608,0.286597274280756,1
"ENSMUSG00000012443",0.552608461340071,0.286759708131839,1
"ENSMUSG00000022360",-0.173291181923009,0.287148718936856,1
"ENSMUSG00000022471",2.50939387985996,0.287388695983593,1
"ENSMUSG00000029103",-0.187862920181288,0.289527633523248,1
"ENSMUSG00000058799",0.371765915087547,0.291725443339189,1
"ENSMUSG00000020088",0.42950662884823,0.296089515873169,1
"ENSMUSG00000020079",-0.059076726625932,0.29653663410602,1
"ENSMUSG00000028565",1.06461151730593,0.297489375410429,1
"ENSMUSG00000031954",1.66879038968402,0.297667244121762,1
"ENSMUSG00000028884",0.206905025717624,0.298446505070261,1
"ENSMUSG00000038387",-0.190001121401394,0.298918519453475,1
"ENSMUSG00000028093",-0.0812060541118846,0.29923243063436,1
"ENSMUSG00000019883",0.341958799340912,0.299559626162701,1
"ENSMUSG00000036257",-0.10642869287738,0.299598040647051,1
"ENSMUSG00000062515",0.0962380127601676,0.300597723680467,1
"ENSMUSG00000030802",-0.711849302917862,0.301842231565248,1
"ENSMUSG00000003970",0.0719437328034331,0.3033889971455,1
"ENSMUSG00000030612",-0.237817664140561,0.303966187493812,1
"ENSMUSG00000022878",1.20186821828736,0.30425216057787,1
"ENSMUSG00000013662",-0.192353874889317,0.304387638970615,1
"ENSMUSG00000016833",-0.897131243839993,0.304531809949681,1
"ENSMUSG00000032590",1.82930740941631,0.305206206668167,1
"ENSMUSG00000017716",-0.389312162758458,0.305565825744466,1
"ENSMUSG00000035215",0.361920421302884,0.306224963361313,1
"ENSMUSG00000020571",0.0947839823460512,0.307447041761711,1
"ENSMUSG00000021477",0.16613962502035,0.308211827020564,1
"ENSMUSG00000040511",-1.3116150101107,0.309686077751912,1
"ENSMUSG00000031796",-0.934271832869243,0.309740561500837,1
"ENSMUSG00000057177",0.756329235115004,0.310917790230191,1
"ENSMUSG00000027593",-0.263438776324278,0.3114843003378,1
"ENSMUSG00000042487",1.11125376734901,0.311923913615093,1
"ENSMUSG00000025007",-0.0965067965946638,0.313425089198792,1
"ENSMUSG00000024413",-1.75398538952824,0.315984866935529,1
"ENSMUSG00000049287",1.15412580177146,0.318122315911834,1
"ENSMUSG00000022033",1.61728188293563,0.318194517032992,1
"ENSMUSG00000031198",-0.207545984118418,0.319000590442454,1
"ENSMUSG00000044221",-0.0854879402281483,0.320350836434148,1
"ENSMUSG00000022241",0.420121429447622,0.320767214505882,1
"ENSMUSG00000024384",-0.092125732819234,0.321700605980269,1
"ENSMUSG00000030435",-0.0787621716682416,0.321765791029644,1
"ENSMUSG00000023021",2.1692900169359,0.321910452573832,1
"ENSMUSG00000038274",1.04048117398559,0.323760193929407,1
"ENSMUSG00000036968",-0.112424490663397,0.323932792868376,1
"ENSMUSG00000006699",0.219888764335646,0.325006936662863,1
"ENSMUSG00000040463",-0.206082149572751,0.325879064926976,1
"ENSMUSG00000007815",-0.126882573490498,0.326135429589571,1
"ENSMUSG00000025362",0.0879513781134449,0.327847771084161,1
"ENSMUSG00000027905",1.05946191507829,0.328281565610915,1
"ENSMUSG00000028452",0.054483192814061,0.329811252327799,1
"ENSMUSG00000028639",0.252480327973,0.330154292138185,1
"ENSMUSG00000024976",1.07021038970141,0.33016627311184,1
"ENSMUSG00000025809",-0.0644023949355663,0.332186023519053,1
"ENSMUSG00000032383",0.093846308151349,0.333220295153076,1
"ENSMUSG00000020022",-0.0747862853442811,0.334117087362866,1
"ENSMUSG00000057130",1.07916047333215,0.334662835350913,1
"ENSMUSG00000043716",0.0481761747830696,0.334752923795367,1
"ENSMUSG00000005667",-0.303827323883112,0.334808907895409,1
"ENSMUSG00000004394",0.845756878657401,0.336802811476996,1
"ENSMUSG00000028657",0.649917274699462,0.339115475417198,1
"ENSMUSG00000021820",0.684573287508009,0.339158984365012,1
"ENSMUSG00000030224",0.346560733088683,0.33926119381638,1
"ENSMUSG00000020720",0.303267792096079,0.339558102122203,1
"ENSMUSG00000006932",-0.218424627548483,0.339662925682579,1
"ENSMUSG00000034875",-0.736634502066053,0.340375204086183,1
"ENSMUSG00000025823",0.0685324333856059,0.34170581354652,1
"ENSMUSG00000025212",-0.195918736729627,0.342679697299593,1
"ENSMUSG00000067873",0.0668654439136454,0.342920470121811,1
"ENSMUSG00000037710",-0.0591505555690226,0.343144486371049,1
"ENSMUSG00000024695",-0.881188108806931,0.343714629135297,1
"ENSMUSG00000053931",0.298182752924422,0.344228044203374,1
"ENSMUSG00000053644",1.29164124043235,0.346517286933736,1
"ENSMUSG00000032667",0.625772836726632,0.346646212840627,1
"ENSMUSG00000047187",-0.141910859239118,0.348893073647713,1
"ENSMUSG00000061613",-0.119029575643349,0.349802032945342,1
"ENSMUSG00000021079",-0.0712151347936398,0.350795282661188,1
"ENSMUSG00000008373",-0.0491660404352849,0.351830572286312,1
"ENSMUSG00000068882",0.13855314648097,0.352818785887651,1
"ENSMUSG00000005299",0.0456614478360429,0.353060096867805,1
"ENSMUSG00000063511",-0.137847692006964,0.353486989498544,1
"ENSMUSG00000037470",-0.13201723551515,0.354439586603576,1
"ENSMUSG00000022721",0.595503468342375,0.354482013049793,1
"ENSMUSG00000037808",-0.072068849196544,0.354540164002236,1
"ENSMUSG00000026309",1.34936380678945,0.355000982979319,1
"ENSMUSG00000020994",-0.111654181269092,0.355424962913939,1
"ENSMUSG00000035325",0.523051203529594,0.357315137829167,1
"ENSMUSG00000017756",-0.101500733604432,0.358006548349247,1
"ENSMUSG00000047459",0.460271832450747,0.358461373155454,1
"ENSMUSG00000068798",-0.0864245721926871,0.360753864424136,1
"ENSMUSG00000013415",0.651621001428875,0.36138851704873,1
"ENSMUSG00000037949",-0.0709139366513547,0.362669629476982,1
"ENSMUSG00000021868",-0.0791051322069904,0.363254557469908,1
"ENSMUSG00000001440",0.0902874204974573,0.364764000649706,1
"ENSMUSG00000032621",0.529611657407159,0.365519405422505,1
"ENSMUSG00000058546",0.0816328731745877,0.36631580263273,1
"ENSMUSG00000031985",-0.432644381738541,0.366500318193515,1
"ENSMUSG00000043424",0.600491192962835,0.366554004225905,1
"ENSMUSG00000025287",-0.154778254425455,0.367032377628179,1
"ENSMUSG00000025858",1.01404784381596,0.368385047227629,1
"ENSMUSG00000053460",1.22990888196027,0.369338038278041,1
"ENSMUSG00000028465",0.136612597627188,0.369760952390299,1
"ENSMUSG00000024217",-1.30503427663518,0.370013469240918,1
"ENSMUSG00000062006",0.0465457780735079,0.370045435851879,1
"ENSMUSG00000046707",-0.21663450462642,0.371156971390137,1
"ENSMUSG00000056310",-0.0670652063110104,0.372518501459726,1
"ENSMUSG00000018428",-0.179560367631296,0.372533454541223,1
"ENSMUSG00000027935",0.611185278855732,0.373227528665201,1
"ENSMUSG00000002017",-0.848286145090331,0.37353797035209,1
"ENSMUSG00000028614",-0.439135074365062,0.373787593760875,1
"ENSMUSG00000030704",-0.0561822292852838,0.373796527249626,1
"ENSMUSG00000060802",-0.118938428902695,0.373885467264161,1
"ENSMUSG00000067713",0.850194834933486,0.373980009390384,1
"ENSMUSG00000039756",-1.35265241802705,0.374205941320173,1
"ENSMUSG00000026421",0.31963184759238,0.37529131146728,1
"ENSMUSG00000040658",0.949269847601311,0.375857151495413,1
"ENSMUSG00000048612",0.0693251168338662,0.376119021058834,1
"ENSMUSG00000008892",-0.048217412784556,0.37649295765964,1
"ENSMUSG00000029516",-0.386467058779317,0.376683349685492,1
"ENSMUSG00000030869",-0.050401023381152,0.377523619066083,1
"ENSMUSG00000028312",0.0433801315876714,0.377859306720204,1
"ENSMUSG00000027184",0.229045866336421,0.378250738352268,1
"ENSMUSG00000033039",-0.635328876737546,0.378481685265072,1
"ENSMUSG00000036698",1.27733346634955,0.379443086811247,1
"ENSMUSG00000040385",0.0694828257607369,0.37947849890469,1
"ENSMUSG00000054099",-0.0723011021352242,0.379812402364932,1
"ENSMUSG00000029465",0.38603347722329,0.380894244543099,1
"ENSMUSG00000024969",-0.545244551230176,0.381706929935576,1
"ENSMUSG00000026020",-0.220870475448244,0.381867754641551,1
"ENSMUSG00000009575",-0.130304532845457,0.383386340772595,1
"ENSMUSG00000070436",0.0478108204634893,0.383455270770369,1
"ENSMUSG00000018932",0.427644816759809,0.384080790082428,1
"ENSMUSG00000025240",-0.247176668585087,0.384097329103723,1
"ENSMUSG00000040713",-1.23923130395684,0.38468511139241,1
"ENSMUSG00000028333",0.118160042381405,0.385462812986262,1
"ENSMUSG00000037286",-0.216460271899464,0.386741085542573,1
"ENSMUSG00000028837",0.256352059380848,0.388145179698,1
"ENSMUSG00000031708",-0.099572090884525,0.388508628102948,1
"ENSMUSG00000026554",0.880517995073845,0.388875577682641,1
"ENSMUSG00000026727",0.532266895644241,0.389221032293945,1
"ENSMUSG00000035245",0.530369089603347,0.390044336295104,1
"ENSMUSG00000004591",0.853975533109093,0.391669698716869,1
"ENSMUSG00000029502",2.60881038572968,0.391734034984209,1
"ENSMUSG00000022354",-0.190159213390039,0.394311389227343,1
"ENSMUSG00000026750",0.656702079028161,0.395501191731329,1
"ENSMUSG00000016534",0.145554830473376,0.397265780998972,1
"ENSMUSG00000021687",1.2393773495921,0.397523619285436,1
"ENSMUSG00000055401",0.49452190085033,0.397898606794838,1
"ENSMUSG00000024725",0.559861097582935,0.399357648924798,1
"ENSMUSG00000019082",-0.211251576199626,0.401074485180758,1
"ENSMUSG00000024829",-0.247997761244871,0.4013037576748,1
"ENSMUSG00000031029",0.293565009974468,0.401880239079516,1
"ENSMUSG00000025477",-0.671348459810151,0.402457454415846,1
"ENSMUSG00000026761",-0.882902927539096,0.402748037302677,1
"ENSMUSG00000029153",0.488760245762915,0.403058416943597,1
"ENSMUSG00000016495",0.121775998811156,0.403566331866004,1
"ENSMUSG00000028194",0.573047995335457,0.404134608244156,1
"ENSMUSG00000022765",0.486503797661772,0.404263151557498,1
"ENSMUSG00000002870",-0.0329910177280617,0.404334246030091,1
"ENSMUSG00000061474",-0.0698175151486637,0.405371285998347,1
"ENSMUSG00000024563",1.05471166051804,0.40595214693319,1
"ENSMUSG00000020476",0.468276651949417,0.407310471841147,1
"ENSMUSG00000028684",0.416517188048296,0.40738729930239,1
"ENSMUSG00000022141",-0.146894629148385,0.407906700204287,1
"ENSMUSG00000071547",-0.40854637097592,0.408083851422836,1
"ENSMUSG00000071650",-0.268587951277347,0.408263477135255,1
"ENSMUSG00000038240",-1.33128817583203,0.409093182866312,1
"ENSMUSG00000025372",0.46637893990361,0.409713638051885,1
"ENSMUSG00000068114",0.797649115629589,0.409884802107218,1
"ENSMUSG00000027170",0.253390803991131,0.410055867932757,1
"ENSMUSG00000025130",0.0367747503470106,0.41011292381158,1
"ENSMUSG00000022255",0.0900822048665546,0.411559540357645,1
"ENSMUSG00000007097",-0.299501893148857,0.41282940627779,1
"ENSMUSG00000031245",0.0981541171348752,0.414593311905629,1
"ENSMUSG00000039183",1.07862627880855,0.416381196025473,1
"ENSMUSG00000026520",-0.299075311052121,0.417140254376652,1
"ENSMUSG00000021939",0.0790159801142671,0.417307091846037,1
"ENSMUSG00000029405",0.141139778470876,0.417910080334874,1
"ENSMUSG00000005410",-0.0365988405600461,0.420155185508921,1
"ENSMUSG00000028059",0.230152712051165,0.421301511526748,1
"ENSMUSG00000012405",0.0442861077612662,0.422319714606078,1
"ENSMUSG00000026456",-0.0596095342064089,0.422896015147647,1
"ENSMUSG00000025747",0.149717801155077,0.423174289900517,1
"ENSMUSG00000020075",-0.277016403452361,0.423174947712883,1
"ENSMUSG00000029064",-0.249057434739708,0.423278325469447,1
"ENSMUSG00000023089",-0.140467396840386,0.423629774120186,1
"ENSMUSG00000038914",-0.733239374716508,0.423796542268382,1
"ENSMUSG00000037857",1.51499041438008,0.424918337169706,1
"ENSMUSG00000009647",-0.25243440305541,0.425714211782276,1
"ENSMUSG00000000171",-0.684662226167021,0.427132998305401,1
"ENSMUSG00000003099",0.973497366868902,0.42892804070912,1
"ENSMUSG00000032127",0.518084458413195,0.430137158603228,1
"ENSMUSG00000031628",1.29894191935565,0.43083469785011,1
"ENSMUSG00000017428",0.271547616512692,0.431340767092572,1
"ENSMUSG00000030894",-0.115549591816354,0.431960707701996,1
"ENSMUSG00000049047",-0.628572399220332,0.432298521485613,1
"ENSMUSG00000032777",0.504973182681006,0.433216324294347,1
"ENSMUSG00000040158",-0.883402055451651,0.437841298350214,1
"ENSMUSG00000060636",0.0551195008024834,0.438088360357895,1
"ENSMUSG00000039509",-0.271343703758266,0.438592446143826,1
"ENSMUSG00000032527",-0.116491890725335,0.439105447964383,1
"ENSMUSG00000034708",-0.0677750150604766,0.439504346321823,1
"ENSMUSG00000021546",-0.0391055807822731,0.439528048228683,1
"ENSMUSG00000020739",0.188122138607671,0.439967973506576,1
"ENSMUSG00000020257",0.0928606886487238,0.441909483125266,1
"ENSMUSG00000020464",-0.0705554435319975,0.442318026428078,1
"ENSMUSG00000001983",-0.0559978572775073,0.442607409583606,1
"ENSMUSG00000024604",-0.897130580173723,0.444754757183086,1
"ENSMUSG00000029221",0.199820706171085,0.444773510870981,1
"ENSMUSG00000001783",0.403911580983316,0.445182946568084,1
"ENSMUSG00000028759",-0.0631607441563204,0.445269594695344,1
"ENSMUSG00000005397",-0.12196545197521,0.449150161906683,1
"ENSMUSG00000022722",-0.503397490836779,0.449443313116679,1
"ENSMUSG00000019362",1.59173008047589,0.449705779149574,1
"ENSMUSG00000041736",-0.952047368685918,0.449837110134272,1
"ENSMUSG00000074746",-0.548541653227595,0.451128035102919,1
"ENSMUSG00000029535",-0.843175337702064,0.451230532151451,1
"ENSMUSG00000035150",0.222195246984018,0.451397082548867,1
"ENSMUSG00000034160",-0.0543388607046431,0.451925398937747,1
"ENSMUSG00000019173",0.0907047483742822,0.452009110447185,1
"ENSMUSG00000025047",-0.294839168947878,0.452182832340258,1
"ENSMUSG00000022201",-0.216300995543939,0.452441333982152,1
"ENSMUSG00000021929",0.180052211251823,0.452445050517305,1
"ENSMUSG00000021193",-0.05204312690433,0.452608201913597,1
"ENSMUSG00000058267",-0.261393431512012,0.455568996686845,1
"ENSMUSG00000025224",0.322464254960575,0.456853677373292,1
"ENSMUSG00000017715",-0.620337528394682,0.457305699940483,1
"ENSMUSG00000026260",-0.0505418949080223,0.458356193663383,1
"ENSMUSG00000026491",0.591803787512923,0.458400666915317,1
"ENSMUSG00000022177",-0.518509300055648,0.458520080878458,1
"ENSMUSG00000034066",0.597237709513461,0.458999743085213,1
"ENSMUSG00000015880",0.215763146495565,0.459918819424105,1
"ENSMUSG00000020612",0.322575903412254,0.460572064595994,1
"ENSMUSG00000035504",1.5622192128835,0.461064592748893,1
"ENSMUSG00000029152",-0.128887131634169,0.461790783698026,1
"ENSMUSG00000064090",-0.49757991579197,0.462967342850702,1
"ENSMUSG00000045438",-0.670536323644914,0.463082669986313,1
"ENSMUSG00000032939",-0.047289504455037,0.463971609640953,1
"ENSMUSG00000051391",0.407529265621815,0.464370000230556,1
"ENSMUSG00000026701",0.402715914818664,0.465597948316943,1
"ENSMUSG00000027509",-0.0527254729238464,0.465760375169806,1
"ENSMUSG00000029119",-0.237340302911267,0.465896347125101,1
"ENSMUSG00000019846",-0.187334562776698,0.466297520564077,1
"ENSMUSG00000024338",0.615069345206777,0.466478747595159,1
"ENSMUSG00000038299",1.03557510234731,0.46655692494267,1
"ENSMUSG00000029782",0.583550323351528,0.469207558853172,1
"ENSMUSG00000046994",-1.41196195751894,0.46955352988334,1
"ENSMUSG00000021044",-0.600628525244019,0.470058972612681,1
"ENSMUSG00000009741",0.603854411284296,0.470503716594409,1
"ENSMUSG00000027076",-0.0847072325792446,0.470945393830538,1
"ENSMUSG00000031948",0.283813216091609,0.473186573479614,1
"ENSMUSG00000041084",0.951328725120476,0.473704134850863,1
"ENSMUSG00000021000",0.543112924717903,0.473706283844529,1
"ENSMUSG00000031503",-0.070274922550265,0.474450448619555,1
"ENSMUSG00000092305",-0.892769395550683,0.474607209161103,1
"ENSMUSG00000020671",-0.165420046352313,0.474665051195285,1
"ENSMUSG00000001847",0.0539754405846651,0.474768673151086,1
"ENSMUSG00000046718",0.231453558658348,0.474946743026979,1
"ENSMUSG00000019998",0.618585646848246,0.475610099531256,1
"ENSMUSG00000026254",0.58541923930612,0.476330568578166,1
"ENSMUSG00000020228",0.597879129530536,0.476464401208516,1
"ENSMUSG00000034349",0.0599341569710496,0.476625048817753,1
"ENSMUSG00000038619",0.978840143860776,0.477756040053053,1
"ENSMUSG00000027618",-0.189050450199545,0.47783159277744,1
"ENSMUSG00000061780",0.590358368964086,0.478818471570139,1
"ENSMUSG00000022685",0.78101030253135,0.479996026814479,1
"ENSMUSG00000031633",-0.0490340684400543,0.480218154952639,1
"ENSMUSG00000038374",0.278190517738455,0.480775136855266,1
"ENSMUSG00000001445",-0.0804815242916241,0.481685959357479,1
"ENSMUSG00000037461",2.54994205087238,0.4831191826315,1
"ENSMUSG00000001507",-0.663753659711265,0.483248354212881,1
"ENSMUSG00000037896",-1.17014181310782,0.483383347869392,1
"ENSMUSG00000020290",0.353921679755423,0.484323398558607,1
"ENSMUSG00000032050",0.420725915722887,0.484655390960586,1
"ENSMUSG00000042642",0.831968137530055,0.484673736677871,1
"ENSMUSG00000024767",0.355122550355347,0.485557035183441,1
"ENSMUSG00000038268",0.634439481782238,0.486407642935033,1
"ENSMUSG00000061461",-0.119968309867549,0.487390700131991,1
"ENSMUSG00000026618",-0.0532173737041255,0.488112315011431,1
"ENSMUSG00000049940",0.0596003018913365,0.488139564873943,1
"ENSMUSG00000019822",2.33477441270231,0.489982799626919,1
"ENSMUSG00000037993",-0.0849165565963901,0.490615466609181,1
"ENSMUSG00000025579",-0.229316920312467,0.490720911990711,1
"ENSMUSG00000024953",0.0423785101947338,0.491210404434449,1
"ENSMUSG00000038967",1.42955165043414,0.491844677389679,1
"ENSMUSG00000000326",0.0670018830259131,0.492244508392249,1
"ENSMUSG00000026104",0.548607366203466,0.49327922557707,1
"ENSMUSG00000025178",0.968400783628496,0.493343058417274,1
"ENSMUSG00000046330",-0.0594001796687778,0.493505606437864,1
"ENSMUSG00000023008",0.849394402482165,0.493738352850007,1
"ENSMUSG00000004937",0.406908615455315,0.494802402602589,1
"ENSMUSG00000002372",0.403220714081765,0.496355271465485,1
"ENSMUSG00000035898",0.53714251481582,0.497416865654202,1
"ENSMUSG00000061983",0.0409025191731303,0.497971297292995,1
"ENSMUSG00000037370",0.450834978789707,0.49925933775021,1
"ENSMUSG00000022906",0.487161454744438,0.499429793127169,1
"ENSMUSG00000025366",-0.157599101461759,0.500257075716831,1
"ENSMUSG00000050144",-0.919450650753305,0.50065235159923,1
"ENSMUSG00000005882",1.55640614312023,0.502170229522043,1
"ENSMUSG00000021704",0.503066811943622,0.502328113098425,1
"ENSMUSG00000005566",-0.0439162278395102,0.502795718063814,1
"ENSMUSG00000021357",0.495619972731195,0.503371691956814,1
"ENSMUSG00000047710",-0.134934597426213,0.503374501859647,1
"ENSMUSG00000079614",-0.210016498121448,0.503692211694447,1
"ENSMUSG00000026103",0.677946494815107,0.504477191760758,1
"ENSMUSG00000029777",0.325924684160579,0.504833035827948,1
"ENSMUSG00000001576",0.104943863384719,0.505206963057881,1
"ENSMUSG00000024942",0.278237454479793,0.505304480529885,1
"ENSMUSG00000039105",0.30099153143518,0.50573396764162,1
"ENSMUSG00000022110",-0.0392588365119373,0.506288263158341,1
"ENSMUSG00000015120",0.543373648669743,0.506468203924742,1
"ENSMUSG00000027620",-0.0547005296593213,0.506688406545629,1
"ENSMUSG00000021072",-0.207394091882886,0.507388357487917,1
"ENSMUSG00000018707",0.32723433519438,0.508253457356131,1
"ENSMUSG00000020152",0.362585554787394,0.508629390730255,1
"ENSMUSG00000028683",1.65947324086992,0.508776324698571,1
"ENSMUSG00000032097",0.161498646003999,0.508785645206819,1
"ENSMUSG00000030659",0.505398420441111,0.508793857503093,1
"ENSMUSG00000028165",2.243420525194,0.508853527161815,1
"ENSMUSG00000031353",0.149376532911095,0.509624048117565,1
"ENSMUSG00000030647",-0.204082775340808,0.510166227892186,1
"ENSMUSG00000020777",-0.0669635875088836,0.510701296988023,1
"ENSMUSG00000066735",-0.712420170481799,0.511429540276793,1
"ENSMUSG00000025156",0.191416816336865,0.512358379170772,1
"ENSMUSG00000002748",-0.160348022171018,0.513630107088623,1
"ENSMUSG00000025228",0.3340174782182,0.517516272538603,1
"ENSMUSG00000094483",0.0829048930404994,0.518435859167729,1
"ENSMUSG00000037022",-0.0773549368261968,0.521023715002756,1
"ENSMUSG00000023961",-0.562406179012786,0.5222712803878,1
"ENSMUSG00000059363",-0.653251252568388,0.522609155779273,1
"ENSMUSG00000018921",-0.783228306006773,0.522994623696814,1
"ENSMUSG00000002102",0.201635008088015,0.523367443981742,1
"ENSMUSG00000024620",1.35209907508047,0.524057855708089,1
"ENSMUSG00000034120",-0.118271456398041,0.524430009983457,1
"ENSMUSG00000001674",-0.416840957865524,0.524541254931716,1
"ENSMUSG00000027699",-0.467243272665637,0.524710034163467,1
"ENSMUSG00000012114",0.556737367123151,0.524803893137288,1
"ENSMUSG00000016255",0.117598610064139,0.524980205566233,1
"ENSMUSG00000020831",0.597154732859671,0.525219036477884,1
"ENSMUSG00000002346",-0.440946824376471,0.525436194983417,1
"ENSMUSG00000051236",0.675276172360189,0.526963492427279,1
"ENSMUSG00000074656",0.31058023217939,0.527138892706499,1
"ENSMUSG00000042590",1.55681193699364,0.527564126148068,1
"ENSMUSG00000023452",0.47060054633101,0.527751695842459,1
"ENSMUSG00000028270",0.978004613525243,0.528177575602033,1
"ENSMUSG00000015289",1.46756734303946,0.528975579589115,1
"ENSMUSG00000028676",-0.363043459545963,0.529471723787053,1
"ENSMUSG00000001229",-0.438845475782255,0.531983072249053,1
"ENSMUSG00000018861",-0.157342552041666,0.533133572563772,1
"ENSMUSG00000115338",0.227428708497818,0.534489744352147,1
"ENSMUSG00000028207",-0.20158983193981,0.535304644166664,1
"ENSMUSG00000034203",0.171178255688698,0.53632677490467,1
"ENSMUSG00000028128",1.8986196405443,0.53801867151868,1
"ENSMUSG00000048755",-0.223251678320789,0.539173314918406,1
"ENSMUSG00000028413",0.47388377482358,0.540034619656276,1
"ENSMUSG00000060376",-0.140589726090511,0.540510236162791,1
"ENSMUSG00000024875",-0.66627683679371,0.540866940821927,1
"ENSMUSG00000021484",-0.0595458194954794,0.541468131365995,1
"ENSMUSG00000051177",0.854300443585487,0.543822585634695,1
"ENSMUSG00000026634",0.0820216291347968,0.544116726275927,1
"ENSMUSG00000040147",0.722232039686538,0.544974965880158,1
"ENSMUSG00000032040",0.576939176170086,0.546205467151434,1
"ENSMUSG00000068328",-0.837680049800614,0.54620852854573,1
"ENSMUSG00000002129",-0.0639696270623986,0.546980934728469,1
"ENSMUSG00000029726",-1.18811152770288,0.547172439417984,1
"ENSMUSG00000030654",-0.811195514151368,0.547636870975126,1
"ENSMUSG00000021242",0.0739382631156147,0.548663910916907,1
"ENSMUSG00000014956",0.672801088565727,0.548746331723437,1
"ENSMUSG00000004895",0.681310923107866,0.550005069010459,1
"ENSMUSG00000018666",0.272776247137607,0.550609888633578,1
"ENSMUSG00000062825",-0.0449074791939026,0.550810180332968,1
"ENSMUSG00000044303",-0.23489158596783,0.551685546884809,1
"ENSMUSG00000073987",0.063850422024494,0.552265169691053,1
"ENSMUSG00000029701",-0.417007922224361,0.5528512926329,1
"ENSMUSG00000063065",0.23792254703379,0.553327896341469,1
"ENSMUSG00000027706",-0.382571635201181,0.553624898527286,1
"ENSMUSG00000002014",-0.188025181363489,0.553664172398792,1
"ENSMUSG00000027673",-0.0551325291010656,0.553862672848556,1
"ENSMUSG00000025037",-0.181701432885315,0.553923339806756,1
"ENSMUSG00000031696",0.316363424822612,0.554818817908095,1
"ENSMUSG00000028879",0.254032280762544,0.555252287608045,1
"ENSMUSG00000039191",0.504022157914378,0.556411656602164,1
"ENSMUSG00000029826",-0.112467597699972,0.557017286124579,1
"ENSMUSG00000006412",0.410887573894264,0.557350420630567,1
"ENSMUSG00000024847",0.265231284641906,0.557661402088549,1
"ENSMUSG00000031078",0.431219669197077,0.557899304138338,1
"ENSMUSG00000037017",-0.636144648857492,0.557902224444214,1
"ENSMUSG00000070372",0.272170213882013,0.558019252410985,1
"ENSMUSG00000027133",-0.245043974790459,0.559692458635049,1
"ENSMUSG00000063787",-0.525192744640417,0.559768301968044,1
"ENSMUSG00000061232",-0.121377230428561,0.561586815179798,1
"ENSMUSG00000042535",0.475822304579616,0.56202926357097,1
"ENSMUSG00000024038",-0.0650340878095648,0.562068506597572,1
"ENSMUSG00000057789",1.13461405182281,0.562311377726915,1
"ENSMUSG00000028322",-0.751316013843919,0.564540424514276,1
"ENSMUSG00000015023",0.338740645033173,0.565036012175496,1
"ENSMUSG00000033128",0.328417612014889,0.565252251593724,1
"ENSMUSG00000001751",-0.136053739603962,0.566342448496159,1
"ENSMUSG00000026341",0.294959855538988,0.567433098789313,1
"ENSMUSG00000055024",-0.567258188020745,0.567834464970636,1
"ENSMUSG00000009535",2.15527027984064,0.567999182767129,1
"ENSMUSG00000070544",-0.283158282339421,0.568356631827816,1
"ENSMUSG00000041859",-0.0212509929364941,0.568696669493169,1
"ENSMUSG00000020349",0.138209718869227,0.569023274492297,1
"ENSMUSG00000029017",-0.223008511562277,0.570822705633632,1
"ENSMUSG00000098274",-0.0516788271240962,0.571118602872331,1
"ENSMUSG00000096054",0.634012093661489,0.572213571042388,1
"ENSMUSG00000026728",-0.0465605853751256,0.572556005374789,1
"ENSMUSG00000026356",0.211060501193483,0.572986877995973,1
"ENSMUSG00000031278",0.0397560053196315,0.574892402213086,1
"ENSMUSG00000024800",-0.865010870470527,0.574981954427168,1
"ENSMUSG00000028671",1.02541764667258,0.575372637782227,1
"ENSMUSG00000054469",-0.627072009795654,0.575835512887667,1
"ENSMUSG00000025574",0.588732051257185,0.57656663865746,1
"ENSMUSG00000030432",0.057237320491069,0.577092459724325,1
"ENSMUSG00000005470",-0.532938043850084,0.577652990504452,1
"ENSMUSG00000017548",-0.518047013929412,0.57768234103601,1
"ENSMUSG00000019214",0.398420671254666,0.577966067642541,1
"ENSMUSG00000032096",0.450267287903316,0.578163898153367,1
"ENSMUSG00000034826",-0.0598710811864933,0.578335065768216,1
"ENSMUSG00000032407",-0.281470232596948,0.578496089388164,1
"ENSMUSG00000002731",-0.682117532443044,0.581480131632505,1
"ENSMUSG00000023830",0.0582793129091606,0.581713103147877,1
"ENSMUSG00000006276",0.721476447629222,0.581904389150115,1
"ENSMUSG00000036402",-0.275035087853212,0.582513374474744,1
"ENSMUSG00000024812",0.685250350426525,0.582832884498645,1
"ENSMUSG00000002732",-0.164421056552921,0.583542338118459,1
"ENSMUSG00000074088",-0.238833547771023,0.584097296042799,1
"ENSMUSG00000029860",1.39392701140172,0.585615503273673,1
"ENSMUSG00000023020",0.882453632642545,0.585652535103623,1
"ENSMUSG00000021660",0.186560935287083,0.585895066084332,1
"ENSMUSG00000030697",-0.536197960595214,0.586600551605703,1
"ENSMUSG00000025369",-0.226555029515374,0.586891684042168,1
"ENSMUSG00000057236",0.0427569775722567,0.587968659264846,1
"ENSMUSG00000066232",0.602270132416624,0.588237183314123,1
"ENSMUSG00000006589",0.0786096652210126,0.588508114089783,1
"ENSMUSG00000068245",0.245753914021357,0.588548637635507,1
"ENSMUSG00000024197",0.36872529921736,0.588887737732225,1
"ENSMUSG00000027944",0.378293019483532,0.589062165139275,1
"ENSMUSG00000021910",1.01947711777069,0.590269768770173,1
"ENSMUSG00000027881",0.0504930480638635,0.590406064297896,1
"ENSMUSG00000022111",1.09528047365805,0.5916220630812,1
"ENSMUSG00000024019",0.597512691497464,0.592183627688524,1
"ENSMUSG00000033157",0.0719722319857752,0.59320498421508,1
"ENSMUSG00000022962",0.355903960826375,0.593942206244795,1
"ENSMUSG00000032115",-0.0378022447271462,0.594175916166453,1
"ENSMUSG00000003809",-0.26104257662902,0.594730999417909,1
"ENSMUSG00000021806",-0.171322793939371,0.59501485304738,1
"ENSMUSG00000051154",0.541957143998189,0.5950169941786,1
"ENSMUSG00000031400",0.171346930956982,0.597439887315172,1
"ENSMUSG00000040550",0.646082984427249,0.59840710299939,1
"ENSMUSG00000021771",0.0325848615909479,0.599326635787544,1
"ENSMUSG00000033808",0.47937998743771,0.601793441380714,1
"ENSMUSG00000021134",-0.0421214779678003,0.601996346672484,1
"ENSMUSG00000069662",0.781388478336559,0.602170307879537,1
"ENSMUSG00000017307",-1.0666870593491,0.604167259113613,1
"ENSMUSG00000032370",0.0528014049293901,0.604431567548102,1
"ENSMUSG00000015672",0.769627813281026,0.605117381447475,1
"ENSMUSG00000066441",0.603261899057209,0.605218196213704,1
"ENSMUSG00000002997",0.14591558125349,0.605377334708845,1
"ENSMUSG00000031754",-0.0663992145523196,0.605818588244434,1
"ENSMUSG00000028066",-0.471442090101316,0.606613063125386,1
"ENSMUSG00000071711",-0.125541947692277,0.607825261503133,1
"ENSMUSG00000007891",-0.0258768176310937,0.608493191680865,1
"ENSMUSG00000021809",0.352601642669828,0.608721868609719,1
"ENSMUSG00000022706",-0.0914846002693999,0.610254000691125,1
"ENSMUSG00000028648",-0.078391282421503,0.610734559810547,1
"ENSMUSG00000057421",-0.903224073532574,0.612136445164802,1
"ENSMUSG00000042029",0.163911076445125,0.612482292792865,1
"ENSMUSG00000001441",0.353855773580023,0.613545352376702,1
"ENSMUSG00000030536",0.367566572048236,0.613911902038714,1
"ENSMUSG00000029466",-0.0480049802720579,0.614474312285396,1
"ENSMUSG00000024191",-0.534499925437835,0.615865028588187,1
"ENSMUSG00000028484",-0.116590824297113,0.616092902397899,1
"ENSMUSG00000055053",-0.403142605324692,0.616493522812344,1
"ENSMUSG00000028873",-0.395089138208395,0.616767690453187,1
"ENSMUSG00000020705",0.0347250853148005,0.616799737138133,1
"ENSMUSG00000020877",1.40508111251589,0.617226804870639,1
"ENSMUSG00000038429",0.238802636753761,0.617280736143875,1
"ENSMUSG00000025059",0.24381536058382,0.617543543650437,1
"ENSMUSG00000015217",2.24180054336456,0.617693748324071,1
"ENSMUSG00000026878",-0.13136912982899,0.617880391256828,1
"ENSMUSG00000061360",-0.249348682375892,0.62060771324288,1
"ENSMUSG00000031974",0.446943255381875,0.621750915745054,1
"ENSMUSG00000039016",-0.312314532077774,0.623200545501261,1
"ENSMUSG00000020198",0.167320755757707,0.623808153825789,1
"ENSMUSG00000032555",0.352808537971271,0.624991621005394,1
"ENSMUSG00000022774",-0.796980431164382,0.625526305499469,1
"ENSMUSG00000037966",0.477314470936435,0.625714386526121,1
"ENSMUSG00000021413",-0.0412152851611154,0.626031691871394,1
"ENSMUSG00000025410",0.400858948571095,0.626121817610043,1
"ENSMUSG00000003072",0.0394398689967161,0.626591475490306,1
"ENSMUSG00000002233",-0.180124578301808,0.627360346337719,1
"ENSMUSG00000054693",-0.117848636153585,0.627658273930499,1
"ENSMUSG00000029772",0.419170445030851,0.628077395780371,1
"ENSMUSG00000021973",-0.0502353759080876,0.628273066414359,1
"ENSMUSG00000031511",2.08276579519275,0.628564816219892,1
"ENSMUSG00000044252",0.71450415341091,0.629071961722075,1
"ENSMUSG00000060938",0.0593693164267037,0.629699681773101,1
"ENSMUSG00000041891",-0.0592998219141556,0.629750637822271,1
"ENSMUSG00000023044",0.605412427558147,0.630034163339492,1
"ENSMUSG00000015357",-0.0596015053420977,0.631866668589191,1
"ENSMUSG00000027012",1.96250944905924,0.633555915606975,1
"ENSMUSG00000030671",-0.190165162710276,0.633613220781408,1
"ENSMUSG00000014551",0.244565681970688,0.633769817815259,1
"ENSMUSG00000002059",0.12970504736683,0.63460527845963,1
"ENSMUSG00000017188",0.998537179780918,0.635720196568633,1
"ENSMUSG00000022312",0.250706975853682,0.635742688180991,1
"ENSMUSG00000061479",-0.201469281101911,0.63593941002696,1
"ENSMUSG00000005656",0.281628157992703,0.636181307670636,1
"ENSMUSG00000019804",0.0386021340279505,0.636580772736593,1
"ENSMUSG00000024614",-0.0630849297298219,0.636591993519619,1
"ENSMUSG00000091537",-0.526988629353703,0.637112746805701,1
"ENSMUSG00000017485",-0.188113386076093,0.639263106518309,1
"ENSMUSG00000029622",0.13698842845999,0.640211795391389,1
"ENSMUSG00000020386",0.486724379232761,0.64071318207019,1
"ENSMUSG00000029446",0.381123855085914,0.641400528025818,1
"ENSMUSG00000019471",0.427324073945002,0.641885258911283,1
"ENSMUSG00000090862",-0.0427152826296755,0.64191484014746,1
"ENSMUSG00000034088",0.193854505248311,0.642495014168647,1
"ENSMUSG00000037062",0.315987549191256,0.642702491375717,1
"ENSMUSG00000040562",0.179416665875273,0.643641848887922,1
"ENSMUSG00000030603",0.189780083465529,0.64418946421942,1
"ENSMUSG00000032932",0.0482058286883777,0.644618689218558,1
"ENSMUSG00000052911",-0.101768956224554,0.645970077032953,1
"ENSMUSG00000026043",-0.0961740954737635,0.646058560141807,1
"ENSMUSG00000018995",0.504016296474028,0.646086553709474,1
"ENSMUSG00000020440",0.318557772103023,0.646366914170522,1
"ENSMUSG00000039740",0.455074495959362,0.647015672215068,1
"ENSMUSG00000028936",-0.0427581287682486,0.647708037958447,1
"ENSMUSG00000032580",0.337647150128181,0.64818496516445,1
"ENSMUSG00000049090",-0.297167415630231,0.648469993545897,1
"ENSMUSG00000038279",-0.32454810000084,0.649008414626845,1
"ENSMUSG00000006262",0.65297156300435,0.649262618785951,1
"ENSMUSG00000034681",-0.197538690830463,0.6504146618505,1
"ENSMUSG00000073422",-0.358413805530066,0.653037987232836,1
"ENSMUSG00000051223",0.334738436097304,0.653638591502526,1
"ENSMUSG00000034908",0.329817276497327,0.654963224597198,1
"ENSMUSG00000020483",-0.0416766455771267,0.656256258242853,1
"ENSMUSG00000038717",-0.0461458781630384,0.657119575025083,1
"ENSMUSG00000022244",-0.378435688045293,0.657373924637432,1
"ENSMUSG00000040359",-0.232738013362997,0.658303647550396,1
"ENSMUSG00000020097",-0.0915681125018928,0.658470652785566,1
"ENSMUSG00000030058",0.383583072986823,0.658483455462888,1
"ENSMUSG00000044030",-1.2650613146406,0.659378587371733,1
"ENSMUSG00000008976",0.107335990310613,0.661022249340886,1
"ENSMUSG00000036202",-0.316123248164629,0.662362539808333,1
"ENSMUSG00000027573",0.933012800064031,0.663082485575357,1
"ENSMUSG00000031352",0.0826814952605588,0.664360403504398,1
"ENSMUSG00000109324",0.461014678494429,0.665364771215983,1
"ENSMUSG00000033216",1.19050362635412,0.665384878620632,1
"ENSMUSG00000031701",0.231928148021019,0.665489087902096,1
"ENSMUSG00000037563",0.121533462759491,0.666663531231099,1
"ENSMUSG00000000759",1.85371195853117,0.66706074612975,1
"ENSMUSG00000042073",0.126802991033713,0.667159993682084,1
"ENSMUSG00000063406",-2.68602445073622,0.668459000098389,1
"ENSMUSG00000001962",0.878421786792664,0.668665461505335,1
"ENSMUSG00000025903",0.281066077197831,0.668717471591261,1
"ENSMUSG00000007880",1.47576792600048,0.669070773776531,1
"ENSMUSG00000026781",-0.47228994756755,0.669212345487999,1
"ENSMUSG00000018882",-0.225755251466321,0.670080127443837,1
"ENSMUSG00000029185",0.857055062629467,0.670296697150799,1
"ENSMUSG00000025246",0.494421068263996,0.670574814398524,1
"ENSMUSG00000038417",0.598253858063824,0.670887846595268,1
"ENSMUSG00000022565",-0.0517217087477384,0.671134621980931,1
"ENSMUSG00000058076",1.05685843573609,0.671147572910081,1
"ENSMUSG00000032575",0.0658547305012398,0.671258581134654,1
"ENSMUSG00000074797",0.458234048981108,0.672978712296665,1
"ENSMUSG00000004846",-0.0921952990624675,0.673752296524636,1
"ENSMUSG00000069769",0.615393485815957,0.674036797114853,1
"ENSMUSG00000055943",-0.37587771434745,0.674440693816916,1
"ENSMUSG00000018567",-0.490109074542584,0.67491733022959,1
"ENSMUSG00000027447",-0.895037887525572,0.674919751133356,1
"ENSMUSG00000057278",-0.325373534286616,0.67707221517893,1
"ENSMUSG00000037820",0.21604312090507,0.677933150817992,1
"ENSMUSG00000006998",0.180963007612366,0.678227902398768,1
"ENSMUSG00000026234",-0.0201428781050303,0.678309517284308,1
"ENSMUSG00000033423",-0.54934579210186,0.678414211349305,1
"ENSMUSG00000030062",-0.027521536002812,0.67910629098461,1
"ENSMUSG00000033285",-0.207865351287609,0.679786933970358,1
"ENSMUSG00000038902",0.406594856967114,0.679990677017438,1
"ENSMUSG00000024853",-0.0986944451480412,0.680725370265708,1
"ENSMUSG00000050708",0.118391113915433,0.68228994607459,1
"ENSMUSG00000032481",-0.1866581855733,0.683096972508498,1
"ENSMUSG00000020802",0.461000231045407,0.683399655451986,1
"ENSMUSG00000000827",1.40736441958991,0.683692725871624,1
"ENSMUSG00000004880",-0.144061112855884,0.684229684102629,1
"ENSMUSG00000015932",0.149503353758504,0.684498414621254,1
"ENSMUSG00000026500",-0.688086206077987,0.684578204481688,1
"ENSMUSG00000003660",-0.194582689995634,0.684889275979559,1
"ENSMUSG00000035637",0.222218338275727,0.685469738626621,1
"ENSMUSG00000031360",0.544131093427698,0.68576980496956,1
"ENSMUSG00000024228",0.427057373362199,0.686762077239522,1
"ENSMUSG00000028847",1.5812431354967,0.686929691021877,1
"ENSMUSG00000024601",0.302824798856733,0.68729115428746,1
"ENSMUSG00000000340",-0.0266746659513011,0.687600212329757,1
"ENSMUSG00000031818",-0.212192906487747,0.688014167693245,1
"ENSMUSG00000042647",0.386248849265716,0.688148747274982,1
"ENSMUSG00000022336",0.283152911467681,0.688424301178519,1
"ENSMUSG00000032042",-0.254200355164421,0.688843406083607,1
"ENSMUSG00000032525",0.471927439919611,0.689123889761405,1
"ENSMUSG00000027332",-0.166551149974268,0.691220035973741,1
"ENSMUSG00000030678",0.526764004108067,0.692476545245008,1
"ENSMUSG00000022557",-0.301824771852043,0.692702184005447,1
"ENSMUSG00000000278",0.0843589851907289,0.693633517843589,1
"ENSMUSG00000024079",0.247539765342825,0.695549236122101,1
"ENSMUSG00000116165",2.10456151167132,0.695671488351959,1
"ENSMUSG00000031229",-0.123477793397871,0.695723667514361,1
"ENSMUSG00000042605",0.535374091459271,0.697093754650518,1
"ENSMUSG00000049038",-0.0387434445593442,0.697167617529156,1
"ENSMUSG00000006304",0.472043620634057,0.697461177626579,1
"ENSMUSG00000024097",-0.338840001125917,0.697491249318827,1
"ENSMUSG00000029759",-0.189862296326108,0.697707477253321,1
"ENSMUSG00000029840",0.399228179291022,0.698404528540689,1
"ENSMUSG00000027999",-0.131095437017343,0.69894518751422,1
"ENSMUSG00000093904",0.152880882520428,0.699709895707701,1
"ENSMUSG00000024360",0.616610199462446,0.701291040673182,1
"ENSMUSG00000027671",-0.18496697823036,0.70261021936441,1
"ENSMUSG00000006717",-0.0315969417498323,0.702621336199463,1
"ENSMUSG00000026439",-0.29838238782321,0.703183358338676,1
"ENSMUSG00000028937",0.0518376877675557,0.70366556140427,1
"ENSMUSG00000062270",1.04912885726367,0.704657378373163,1
"ENSMUSG00000037487",0.17674252053428,0.70534352138165,1
"ENSMUSG00000031357",0.478162724454009,0.705400385040283,1
"ENSMUSG00000029147",0.479475362319697,0.706009273316697,1
"ENSMUSG00000022890",0.0504522518748516,0.708032862357041,1
"ENSMUSG00000059811",-0.262867732857853,0.709300616392391,1
"ENSMUSG00000028609",0.0998258748970393,0.709452121644036,1
"ENSMUSG00000021235",-0.168620814702603,0.711190680414173,1
"ENSMUSG00000040322",0.0201278774866296,0.711339105678155,1
"ENSMUSG00000026775",-0.115088171082039,0.711788856884294,1
"ENSMUSG00000015291",0.545711289688846,0.712090204479153,1
"ENSMUSG00000005374",-0.1453128120123,0.712664842342565,1
"ENSMUSG00000038024",0.937703826020993,0.713316066772765,1
"ENSMUSG00000061455",-0.355418192604965,0.714043585022462,1
"ENSMUSG00000020841",-0.138859089356927,0.714254296237966,1
"ENSMUSG00000031403",-0.191616571648858,0.714687420004335,1
"ENSMUSG00000046897",0.409056999376403,0.714775353516599,1
"ENSMUSG00000025049",-0.550726050343918,0.714827604317241,1
"ENSMUSG00000028032",0.443943560031922,0.715102053703824,1
"ENSMUSG00000004460",0.0891826429839035,0.716041385541963,1
"ENSMUSG00000031555",0.226181731518277,0.716558099609036,1
"ENSMUSG00000035198",0.238979450637153,0.717527266733656,1
"ENSMUSG00000000594",-0.0663894342920948,0.717583695988976,1
"ENSMUSG00000030512",-0.197907804064702,0.717709314567165,1
"ENSMUSG00000028412",1.25925271006902,0.719248426257754,1
"ENSMUSG00000003779",-0.227415100161764,0.719743516715771,1
"ENSMUSG00000029094",-0.0293581608984539,0.720106440808976,1
"ENSMUSG00000004865",0.273934047717443,0.721283596806664,1
"ENSMUSG00000027997",1.63741754124142,0.721742186181129,1
"ENSMUSG00000013701",-0.221141857931421,0.723264795804882,1
"ENSMUSG00000040888",-0.589166348237352,0.723372672964009,1
"ENSMUSG00000003161",0.296964458029969,0.724025157121756,1
"ENSMUSG00000024158",0.268556093382351,0.724118801033024,1
"ENSMUSG00000021764",-0.029447757466027,0.72434359635246,1
"ENSMUSG00000001774",1.72568819441967,0.724487525208383,1
"ENSMUSG00000068747",-0.231427703729523,0.724780459245991,1
"ENSMUSG00000032212",-0.927940542202769,0.72480531457792,1
"ENSMUSG00000040681",0.0690517987064041,0.725354907957883,1
"ENSMUSG00000079553",-0.723686469797517,0.725813084455983,1
"ENSMUSG00000042323",-0.223344964487769,0.726556497198414,1
"ENSMUSG00000037935",0.0713974291818076,0.726603480291021,1
"ENSMUSG00000001794",0.407077205480952,0.728698710154593,1
"ENSMUSG00000059291",0.0240801918660623,0.729041722470368,1
"ENSMUSG00000021520",-0.0428248206616573,0.729468011142973,1
"ENSMUSG00000020368",0.0319468181447036,0.729528966139118,1
"ENSMUSG00000028410",0.291008561611324,0.729732768337924,1
"ENSMUSG00000025810",-0.231465925153596,0.730498986523368,1
"ENSMUSG00000030316",-0.239861344992057,0.731098248648517,1
"ENSMUSG00000029993",0.10752349252645,0.732622817869196,1
"ENSMUSG00000034807",-0.0337297843191671,0.735061514180546,1
"ENSMUSG00000046836",0.710487940532033,0.73625386035643,1
"ENSMUSG00000024978",-0.371168952715141,0.73644290744969,1
"ENSMUSG00000029098",-0.339419164123015,0.738036866575005,1
"ENSMUSG00000038467",0.417269399700153,0.738156020020277,1
"ENSMUSG00000028567",-0.0326771709612643,0.738482664519227,1
"ENSMUSG00000030835",-0.0927072465626253,0.73850687737103,1
"ENSMUSG00000046841",-0.0142383716101335,0.738684736318271,1
"ENSMUSG00000029407",0.290861682264104,0.740702903898532,1
"ENSMUSG00000051256",0.58124131991001,0.741996473309602,1
"ENSMUSG00000001289",0.59958243226097,0.742694265324767,1
"ENSMUSG00000024188",0.61752656106853,0.743100563582841,1
"ENSMUSG00000003437",-0.171033989931008,0.743312754260748,1
"ENSMUSG00000049775",-0.689276737158224,0.744297550995122,1
"ENSMUSG00000031715",-0.254597253434714,0.745012848039614,1
"ENSMUSG00000022947",1.0627941465252,0.746625393086386,1
"ENSMUSG00000002767",0.0305119379748078,0.746830012947506,1
"ENSMUSG00000058355",0.519921917525423,0.747735826449371,1
"ENSMUSG00000047879",0.409050735768815,0.748840906128051,1
"ENSMUSG00000009563",-0.315554848554978,0.749221401827392,1
"ENSMUSG00000064302",1.89051939151265,0.749288553364461,1
"ENSMUSG00000026245",0.505330614658156,0.749830272896329,1
"ENSMUSG00000078695",0.0406726164289317,0.749870953034792,1
"ENSMUSG00000003131",0.17403040585743,0.750569594769323,1
"ENSMUSG00000004451",-0.11005401256341,0.751024336622092,1
"ENSMUSG00000034211",-0.317432537858995,0.751679834409864,1
"ENSMUSG00000008682",0.130881312092693,0.752430969429808,1
"ENSMUSG00000075229",-0.169198911309746,0.752573285228019,1
"ENSMUSG00000052833",0.408654990942637,0.7528164646358,1
"ENSMUSG00000026198",-0.437115532009358,0.753694771155743,1
"ENSMUSG00000027131",0.878505178248709,0.75421035653414,1
"ENSMUSG00000094724",0.528435883154664,0.754411900282858,1
"ENSMUSG00000022235",0.923705216442741,0.755017798951598,1
"ENSMUSG00000007041",0.218999859985924,0.755155624868952,1
"ENSMUSG00000021460",-0.144512982130781,0.755841755655551,1
"ENSMUSG00000000631",0.47824526124035,0.75601652709493,1
"ENSMUSG00000027304",2.30511430710337,0.756239741562554,1
"ENSMUSG00000032849",-0.154640116885368,0.757309480305967,1
"ENSMUSG00000046573",-0.0307905597223694,0.757453346810797,1
"ENSMUSG00000033429",0.820027510179475,0.758078147505367,1
"ENSMUSG00000001020",1.3524242248189,0.758297303569474,1
"ENSMUSG00000011257",0.110384794701059,0.758513015006932,1
"ENSMUSG00000014301",-0.335656078519417,0.758950697310218,1
"ENSMUSG00000016664",0.459086988095091,0.759201206176084,1
"ENSMUSG00000031783",-0.176622793145288,0.759880336517231,1
"ENSMUSG00000028179",0.555007053964125,0.760522550401143,1
"ENSMUSG00000024007",-0.034001191015026,0.760637653958207,1
"ENSMUSG00000025911",-0.14648973247143,0.761004217797056,1
"ENSMUSG00000029616",-0.0479013675845543,0.761190761093233,1
"ENSMUSG00000026355",0.0120169889551001,0.761296375260351,1
"ENSMUSG00000027242",-1.52586208403076,0.762169773890212,1
"ENSMUSG00000021178",0.23269847923649,0.762492125984419,1
"ENSMUSG00000039197",0.238123132753582,0.762785395733032,1
"ENSMUSG00000003617",0.309685239915403,0.762815255326556,1
"ENSMUSG00000032263",-0.168013300105077,0.76288805037885,1
"ENSMUSG00000020863",-0.123372613829741,0.763345974929027,1
"ENSMUSG00000030615",-0.165848761605357,0.763618642505209,1
"ENSMUSG00000017969",0.918389240251262,0.763770410807626,1
"ENSMUSG00000033845",-0.301522144538865,0.763780098958988,1
"ENSMUSG00000015747",-0.142587023174112,0.763848179557189,1
"ENSMUSG00000026238",-0.0501952050698051,0.764648619948782,1
"ENSMUSG00000028990",1.14948506004457,0.764678380381275,1
"ENSMUSG00000001424",-0.0316689035344204,0.764723815314786,1
"ENSMUSG00000005506",-0.207941718491288,0.765233212295848,1
"ENSMUSG00000018417",-0.0673540822083858,0.766067957672426,1
"ENSMUSG00000025001",-0.358224275763664,0.767395485720216,1
"ENSMUSG00000067288",0.0387648300125285,0.767514264849131,1
"ENSMUSG00000034926",-0.736528493072743,0.767912989294848,1
"ENSMUSG00000057863",-0.0164721253712123,0.768386699193145,1
"ENSMUSG00000026192",0.280036854018533,0.769437197907292,1
"ENSMUSG00000001119",-0.13424060209751,0.769903453003898,1
"ENSMUSG00000020085",-0.0251224132434373,0.771318546072498,1
"ENSMUSG00000010608",-0.0282278100700211,0.77150993625271,1
"ENSMUSG00000038766",0.244896559953748,0.772156133967626,1
"ENSMUSG00000040725",-0.11723830629175,0.772332765976312,1
"ENSMUSG00000020534",0.505019534668659,0.773189246849567,1
"ENSMUSG00000037353",-0.162807747983102,0.774734851273336,1
"ENSMUSG00000031402",-0.252281364109642,0.775885593181864,1
"ENSMUSG00000007670",-0.108180758538527,0.777176583529557,1
"ENSMUSG00000038880",-0.402487718963133,0.777970686829437,1
"ENSMUSG00000027108",0.448475187589434,0.77805472403326,1
"ENSMUSG00000040043",0.113665684003141,0.778239538892941,1
"ENSMUSG00000024668",-0.19943569846631,0.778419462278374,1
"ENSMUSG00000027852",0.410829971493953,0.778519248829185,1
"ENSMUSG00000028382",-0.00989108588199628,0.778843210958947,1
"ENSMUSG00000020736",-0.605201092471805,0.77997229052596,1
"ENSMUSG00000020897",-0.199095511193843,0.780080665429858,1
"ENSMUSG00000020549",0.473485714901237,0.780559249742982,1
"ENSMUSG00000031246",0.298748299404529,0.780660086088886,1
"ENSMUSG00000026999",-0.161292166250337,0.781123794533965,1
"ENSMUSG00000023845",-0.0177140517747603,0.781362370137012,1
"ENSMUSG00000025142",1.09206509896,0.781556689282706,1
"ENSMUSG00000030095",-0.147400301727984,0.781963736012104,1
"ENSMUSG00000020929",-0.172908758763469,0.781988520899467,1
"ENSMUSG00000026623",-0.195104347042513,0.782759109020194,1
"ENSMUSG00000028719",0.30754773481727,0.783156810013266,1
"ENSMUSG00000022295",0.309119743271705,0.783632865733084,1
"ENSMUSG00000029311",0.305253933565574,0.784179243116391,1
"ENSMUSG00000087260",0.342112282907621,0.784506876918612,1
"ENSMUSG00000024164",-1.88875342698783,0.784601469621156,1
"ENSMUSG00000042312",-0.11862148286302,0.786145055407427,1
"ENSMUSG00000028049",0.0370146065772445,0.787274556101471,1
"ENSMUSG00000002546",-0.245858890048002,0.78809350380619,1
"ENSMUSG00000032026",0.693119712320129,0.788293846635234,1
"ENSMUSG00000020649",2.19069545989515,0.788390430968145,1
"ENSMUSG00000036504",0.334683967194454,0.789405559504809,1
"ENSMUSG00000003038",0.0697554263600644,0.789580528103476,1
"ENSMUSG00000034022",-0.267220758665456,0.789752182789885,1
"ENSMUSG00000049960",-0.318608876596901,0.789788441064328,1
"ENSMUSG00000057738",0.0328237666589573,0.789967864224132,1
"ENSMUSG00000060904",0.459176492287636,0.790323096316938,1
"ENSMUSG00000023723",-0.234709338579059,0.791095836900568,1
"ENSMUSG00000034462",0.601374271384351,0.791150883403995,1
"ENSMUSG00000060261",-0.175979477569665,0.793167607240556,1
"ENSMUSG00000060935",0.323774535568415,0.793561534352536,1
"ENSMUSG00000027639",0.285997305206276,0.794318389193816,1
"ENSMUSG00000071646",-0.0807503231310491,0.794930063694346,1
"ENSMUSG00000027797",1.29648656952381,0.795643295594165,1
"ENSMUSG00000031349",-0.137491559821264,0.796402140942974,1
"ENSMUSG00000024091",0.025372673598131,0.797187319645191,1
"ENSMUSG00000031660",-0.686289626768268,0.79732415454545,1
"ENSMUSG00000019579",-0.0917590113804962,0.797796223718976,1
"ENSMUSG00000020124",0.259806132113372,0.797989156667875,1
"ENSMUSG00000022770",-0.0915310414663857,0.798071213456776,1
"ENSMUSG00000026895",-0.0238305807354813,0.798596724275578,1
"ENSMUSG00000035726",0.0281305669835987,0.799455285683055,1
"ENSMUSG00000031862",-0.168352339469049,0.800220884340086,1
"ENSMUSG00000046879",0.196941435605446,0.800402720526577,1
"ENSMUSG00000040565",2.76588826263454,0.800813763444921,1
"ENSMUSG00000034906",0.0402296799310768,0.800881355149394,1
"ENSMUSG00000036606",0.181537527609297,0.800882837800589,1
"ENSMUSG00000041781",-0.275007359450022,0.801454750193166,1
"ENSMUSG00000078622",-0.0434590296237367,0.802075462417771,1
"ENSMUSG00000027962",1.08760142047851,0.802355142206187,1
"ENSMUSG00000063882",-0.0314003288716833,0.803066576151091,1
"ENSMUSG00000024835",0.0556988749795515,0.804328597778339,1
"ENSMUSG00000058258",0.179705018561641,0.804758650355144,1
"ENSMUSG00000041841",0.121760390253648,0.804774304043784,1
"ENSMUSG00000049439",0.14204845444867,0.804902950835748,1
"ENSMUSG00000068523",-1.06877040041454,0.805062674778125,1
"ENSMUSG00000029916",0.13445781882016,0.80527883897202,1
"ENSMUSG00000024645",-0.0346614871195499,0.80538701707712,1
"ENSMUSG00000078920",-0.175691400062085,0.806325916287634,1
"ENSMUSG00000028409",-0.330530099514355,0.80693547708808,1
"ENSMUSG00000026860",0.329793977348693,0.80712053287983,1
"ENSMUSG00000025381",0.0206548202661736,0.807414983418835,1
"ENSMUSG00000032171",0.359181098575235,0.807437585676145,1
"ENSMUSG00000029554",0.331040773757991,0.807693777996019,1
"ENSMUSG00000028672",-0.0386559292368212,0.808652745557958,1
"ENSMUSG00000035692",0.623830179381567,0.808784747714433,1
"ENSMUSG00000025525",-0.0158622192747693,0.809023973948927,1
"ENSMUSG00000052459",0.0917052347867262,0.809168525682108,1
"ENSMUSG00000024077",0.0622746864662496,0.810321763029193,1
"ENSMUSG00000030613",0.23268417682544,0.810538623507306,1
"ENSMUSG00000026817",0.377906778127478,0.810907913968684,1
"ENSMUSG00000021737",0.283233521933983,0.812027189797833,1
"ENSMUSG00000022053",-0.120660408442983,0.812152199264591,1
"ENSMUSG00000008690",0.497305517857647,0.812816504234904,1
"ENSMUSG00000031516",0.242206300981398,0.813437565315898,1
"ENSMUSG00000072772",-1.33609687795657,0.814390450565633,1
"ENSMUSG00000028149",0.308067661047524,0.814953108606198,1
"ENSMUSG00000040269",-0.145328512000365,0.815025758002595,1
"ENSMUSG00000022807",0.140600983207239,0.815642089761,1
"ENSMUSG00000026516",0.559342108908115,0.81570474373623,1
"ENSMUSG00000024309",-0.2636206687467,0.816456678094376,1
"ENSMUSG00000034021",-0.0343453910308078,0.817369402328017,1
"ENSMUSG00000024644",0.345560551978359,0.817646586011688,1
"ENSMUSG00000026193",0.144104393305881,0.817671964674375,1
"ENSMUSG00000001855",0.0338625839491158,0.817945987087234,1
"ENSMUSG00000055065",-0.114733362076826,0.818265739974619,1
"ENSMUSG00000021666",-0.128828827748073,0.818447136793685,1
"ENSMUSG00000048170",0.303811359223481,0.818524827551725,1
"ENSMUSG00000062867",0.416778229814817,0.818613263227868,1
"ENSMUSG00000023939",0.648771676865113,0.81866305683148,1
"ENSMUSG00000018340",-0.814764412401288,0.819056511710464,1
"ENSMUSG00000026958",-0.174882580711124,0.82035565888163,1
"ENSMUSG00000022427",-0.139697935808417,0.820842992729225,1
"ENSMUSG00000039047",0.377915957281559,0.821014980652398,1
"ENSMUSG00000051495",0.352096601379206,0.821258388990928,1
"ENSMUSG00000031068",0.377588465719132,0.821693763451383,1
"ENSMUSG00000063146",1.59548845142804,0.821950610792431,1
"ENSMUSG00000097239",2.35646133070058,0.822833627292973,1
"ENSMUSG00000038936",-0.163985058264462,0.823876359895013,1
"ENSMUSG00000066148",-0.147217722143967,0.824076089397574,1
"ENSMUSG00000004268",-0.798262266191241,0.824093035725331,1
"ENSMUSG00000036781",-0.0286742798031874,0.824414996272932,1
"ENSMUSG00000029028",0.459527820731864,0.824501803083917,1
"ENSMUSG00000028670",-0.480573367981371,0.824699985244982,1
"ENSMUSG00000036850",0.0297942109463527,0.824740099834406,1
"ENSMUSG00000030842",-0.18783867540068,0.825698399611755,1
"ENSMUSG00000032803",0.434436628192358,0.826476558082124,1
"ENSMUSG00000030037",-0.512035866424466,0.826615055094198,1
"ENSMUSG00000052428",2.35443532212822,0.82692062326653,1
"ENSMUSG00000025626",-0.146289180936868,0.826943343874004,1
"ENSMUSG00000030605",-0.122923450973182,0.82717941857475,1
"ENSMUSG00000032178",-0.18383226055456,0.827422752563926,1
"ENSMUSG00000029598",-0.0592903132294431,0.827777321338372,1
"ENSMUSG00000042625",-0.194231088606429,0.827908825567274,1
"ENSMUSG00000027680",0.0985791477138775,0.82791618464971,1
"ENSMUSG00000022814",0.306909233779212,0.828087766509874,1
"ENSMUSG00000024498",0.181781774483181,0.828294282276518,1
"ENSMUSG00000019302",-0.0934078749154281,0.828328590418708,1
"ENSMUSG00000028156",0.571465075775517,0.828454131650452,1
"ENSMUSG00000022757",0.370714751338109,0.828805059924762,1
"ENSMUSG00000056629",-0.0186467227848404,0.828939598083272,1
"ENSMUSG00000036285",0.413227154444865,0.82920454984067,1
"ENSMUSG00000008333",-1.10855240833978,0.830251716718675,1
"ENSMUSG00000048109",-0.103571759948242,0.830589694292248,1
"ENSMUSG00000029328",0.0290123300248233,0.830774087829921,1
"ENSMUSG00000025873",-0.318448209717914,0.831167118833399,1
"ENSMUSG00000029426",-0.0246253528772016,0.831594994006467,1
"ENSMUSG00000020775",-0.151847383966263,0.833016370092835,1
"ENSMUSG00000091780",0.490126382418474,0.833092468480503,1
"ENSMUSG00000058569",0.155345118197388,0.834453414067835,1
"ENSMUSG00000041133",-0.103943778416031,0.834511378785161,1
"ENSMUSG00000040151",-0.563069698946205,0.834945793088226,1
"ENSMUSG00000028766",-0.201371377716239,0.835615953526148,1
"ENSMUSG00000053286",0.521955498987406,0.835941176995308,1
"ENSMUSG00000003299",-0.109442230313991,0.836386851279719,1
"ENSMUSG00000031386",-0.105836971721672,0.836836667299712,1
"ENSMUSG00000022139",0.262895714126028,0.837536220373628,1
"ENSMUSG00000029580",0.0213978809020077,0.837605724321999,1
"ENSMUSG00000024576",0.0477249172824727,0.838285719819645,1
"ENSMUSG00000035284",0.159202723032472,0.838468585137478,1
"ENSMUSG00000029202",-0.0137529176248847,0.838918072268911,1
"ENSMUSG00000003731",-0.044155156835135,0.839282743665459,1
"ENSMUSG00000066036",1.05414029835887,0.840888244778412,1
"ENSMUSG00000034361",-0.134231104364193,0.841053447240777,1
"ENSMUSG00000028273",0.460534482316486,0.841596570778007,1
"ENSMUSG00000021094",-0.0480641696685424,0.841609666199112,1
"ENSMUSG00000009293",-3.77080181546096,0.842153530394583,1
"ENSMUSG00000020850",-0.0537835025612701,0.842606232569617,1
"ENSMUSG00000028980",-0.13486094533414,0.842762339520284,1
"ENSMUSG00000027374",-0.261316913230331,0.844309982564903,1
"ENSMUSG00000044986",-0.0976465794632695,0.844414813819608,1
"ENSMUSG00000020576",-0.215953802033447,0.845268998453015,1
"ENSMUSG00000054405",0.549779984715727,0.845442500387693,1
"ENSMUSG00000078923",0.183465203770968,0.845641775295927,1
"ENSMUSG00000027422",0.0403652214951187,0.846132882686062,1
"ENSMUSG00000035936",0.015517537353567,0.84623214125553,1
"ENSMUSG00000001285",0.255601076250002,0.8475319141694,1
"ENSMUSG00000016256",0.133499877286201,0.847586142602092,1
"ENSMUSG00000021468",0.647362560561778,0.847610098720387,1
"ENSMUSG00000020949",0.44994394351502,0.847961430343645,1
"ENSMUSG00000062014",0.811311999965646,0.848164539346319,1
"ENSMUSG00000026887",-0.0707209557530426,0.848204220247393,1
"ENSMUSG00000006373",-0.0152548301708784,0.849157789701058,1
"ENSMUSG00000061778",0.496157616465926,0.849673204010687,1
"ENSMUSG00000027293",0.473805459356818,0.850357102986132,1
"ENSMUSG00000028102",-0.148422130830969,0.850386942674399,1
"ENSMUSG00000037936",-0.0549575652584124,0.851110975905452,1
"ENSMUSG00000029998",0.0193430842664135,0.851194932437255,1
"ENSMUSG00000025503",0.507152223718833,0.851293140864647,1
"ENSMUSG00000054611",0.16762663505666,0.851699802596423,1
"ENSMUSG00000034432",0.08301879949056,0.852217373359504,1
"ENSMUSG00000001016",-0.13200235164129,0.8522648197559,1
"ENSMUSG00000025607",0.252753053033718,0.853038563525757,1
"ENSMUSG00000025545",-0.0271392015131013,0.853084844153686,1
"ENSMUSG00000078348",-0.190510434653707,0.853141376553881,1
"ENSMUSG00000030056",0.155468885369231,0.854042197417071,1
"ENSMUSG00000024287",-0.210446325367812,0.854067209656592,1
"ENSMUSG00000027162",-0.0297136915930096,0.854505925824567,1
"ENSMUSG00000066037",-0.0556184533586546,0.854877489920806,1
"ENSMUSG00000021427",-0.897104355299906,0.854928636111054,1
"ENSMUSG00000026159",1.4385979336191,0.855578619902923,1
"ENSMUSG00000027479",0.381947378589278,0.855901657243942,1
"ENSMUSG00000026848",-0.192673616901445,0.856318414159356,1
"ENSMUSG00000063445",-0.110705335013268,0.857130730015324,1
"ENSMUSG00000030718",0.178810230800625,0.85750380046605,1
"ENSMUSG00000020745",0.325439194755941,0.85785384546553,1
"ENSMUSG00000043962",0.101528981545318,0.857923157130783,1
"ENSMUSG00000035027",0.0931773372899869,0.858261774444999,1
"ENSMUSG00000021266",0.613197167012693,0.859032642316907,1
"ENSMUSG00000008575",0.156338575149629,0.860824146373922,1
"ENSMUSG00000024687",0.367977949459725,0.861246092298544,1
"ENSMUSG00000025817",0.197912028586099,0.861287325250591,1
"ENSMUSG00000038366",0.344096849455791,0.862780838716192,1
"ENSMUSG00000020048",-0.00548934873424756,0.863070377510197,1
"ENSMUSG00000019659",0.705209805522315,0.863532965746377,1
"ENSMUSG00000019907",1.21951054926073,0.864011362294389,1
"ENSMUSG00000066979",0.176732967100431,0.864494992234597,1
"ENSMUSG00000041645",-0.145835144772171,0.865119763715564,1
"ENSMUSG00000025351",0.307908137071173,0.865182249764859,1
"ENSMUSG00000006818",0.0145730608200516,0.866720830415051,1
"ENSMUSG00000029148",0.325459681243281,0.866927448736768,1
"ENSMUSG00000021731",-0.296916090948162,0.867145794343922,1
"ENSMUSG00000031533",-0.0875174412107249,0.867214408190995,1
"ENSMUSG00000028902",-0.294595082220532,0.867728708347637,1
"ENSMUSG00000028809",-0.0524355656883095,0.868005630620613,1
"ENSMUSG00000056228",-0.111770740401276,0.868124467120149,1
"ENSMUSG00000052698",0.011747520459263,0.868173179472198,1
"ENSMUSG00000009079",0.0841611817433687,0.868832752862532,1
"ENSMUSG00000022957",2.08300187808174,0.868927710623356,1
"ENSMUSG00000001964",-0.0647523624564705,0.868931280888062,1
"ENSMUSG00000018189",0.158146615385895,0.869033705289158,1
"ENSMUSG00000034101",-0.17149935857972,0.869214789207454,1
"ENSMUSG00000029752",0.188449163524314,0.869714258168806,1
"ENSMUSG00000027523",-0.171937670719593,0.869814343803833,1
"ENSMUSG00000003923",-0.191752515771366,0.870879598999639,1
"ENSMUSG00000066568",0.218733967449673,0.871101408687556,1
"ENSMUSG00000034424",-0.0453833780683581,0.871560076563465,1
"ENSMUSG00000021870",0.148108344288868,0.871706472860609,1
"ENSMUSG00000015733",0.294279327532369,0.871915390401469,1
"ENSMUSG00000021866",-0.0926783333271111,0.872126701510177,1
"ENSMUSG00000003458",0.70365781086527,0.872319656815757,1
"ENSMUSG00000024335",-0.638307632753321,0.872572776167761,1
"ENSMUSG00000055447",0.122342348257938,0.87297966363712,1
"ENSMUSG00000046756",0.0131649006200263,0.873069633080538,1
"ENSMUSG00000022710",0.0262802156056878,0.873424772242041,1
"ENSMUSG00000015837",0.0280035737252113,0.873553879327106,1
"ENSMUSG00000020544",-0.149130735366064,0.873644648268702,1
"ENSMUSG00000063316",-0.0144146081062502,0.874051242342952,1
"ENSMUSG00000030189",0.131107161371229,0.874248140439473,1
"ENSMUSG00000045948",-0.0549271820609398,0.874499284519409,1
"ENSMUSG00000025035",0.420715849938048,0.874847310642941,1
"ENSMUSG00000029575",-0.278955005624976,0.875805453717025,1
"ENSMUSG00000013160",-0.0896057804264814,0.876016161068247,1
"ENSMUSG00000020741",0.313132410946732,0.876382125220251,1
"ENSMUSG00000029581",0.0916470940009759,0.876452951284814,1
"ENSMUSG00000037012",-0.0719645182198505,0.877068565287092,1
"ENSMUSG00000040850",1.63047300788296,0.87710694325574,1
"ENSMUSG00000008136",1.10991133697988,0.877682934404429,1
"ENSMUSG00000020922",0.386307777084149,0.877788871653654,1
"ENSMUSG00000025137",1.33250697531472,0.877868880143595,1
"ENSMUSG00000029817",-0.43330357079293,0.877957831892907,1
"ENSMUSG00000045316",-0.0272491726898849,0.878036343739562,1
"ENSMUSG00000020238",-0.174854550851812,0.878819436711468,1
"ENSMUSG00000020899",0.477997775153685,0.879476077751109,1
"ENSMUSG00000028249",-1.96052096089455,0.880181486581648,1
"ENSMUSG00000029482",0.234526401394824,0.880259954863384,1
"ENSMUSG00000032612",1.47183765068175,0.881210453889432,1
"ENSMUSG00000019470",-0.165016809982831,0.881289248782913,1
"ENSMUSG00000044627",1.96724769568574,0.881325069221355,1
"ENSMUSG00000005610",0.242099460440947,0.881443610304435,1
"ENSMUSG00000021039",-0.280976962204882,0.881608393931384,1
"ENSMUSG00000008301",0.609593886329115,0.881617301884056,1
"ENSMUSG00000028048",-0.0997584725667728,0.881625236412939,1
"ENSMUSG00000004929",0.437691336639251,0.882035650472197,1
"ENSMUSG00000030105",0.057237628003012,0.882189126503946,1
"ENSMUSG00000038393",-0.140479268568658,0.882665055328826,1
"ENSMUSG00000005087",1.46092009403441,0.882792962495961,1
"ENSMUSG00000027248",-0.00819867604412394,0.882808902688994,1
"ENSMUSG00000038722",0.152344072769061,0.882813358138484,1
"ENSMUSG00000060992",0.385118344385496,0.882849543131439,1
"ENSMUSG00000025374",1.58976409910682,0.882891212686294,1
"ENSMUSG00000025762",1.30852122609677,0.883204419368472,1
"ENSMUSG00000075706",0.130115054852915,0.885717412309814,1
"ENSMUSG00000002015",-0.0161319028830498,0.886068128927744,1
"ENSMUSG00000028478",0.0294043500594228,0.886121322985629,1
"ENSMUSG00000041431",-0.0915812486331475,0.886798471348353,1
"ENSMUSG00000031134",1.6131440094484,0.887505337334538,1
"ENSMUSG00000037415",-0.704175506189301,0.887896151493155,1
"ENSMUSG00000039361",0.0767892931371534,0.88800957727963,1
"ENSMUSG00000028991",0.154181640231791,0.888220214220016,1
"ENSMUSG00000026229",0.121158197776023,0.888318419822785,1
"ENSMUSG00000056050",-0.171502355805707,0.888704879329712,1
"ENSMUSG00000058351",0.747790134650604,0.889103048466482,1
"ENSMUSG00000024844",0.00723102984958501,0.889242539458979,1
"ENSMUSG00000040675",-0.0527191792942361,0.889346115709099,1
"ENSMUSG00000023104",-0.0500151624282701,0.889733242102129,1
"ENSMUSG00000005625",-0.137098859241775,0.889752523685368,1
"ENSMUSG00000022142",-0.0511501991281875,0.890576696986278,1
"ENSMUSG00000000001",-0.174536150346569,0.890716571276891,1
"ENSMUSG00000036580",-1.4773583020819,0.89098515888034,1
"ENSMUSG00000024054",-0.136037230756955,0.891096232046598,1
"ENSMUSG00000039703",0.267352100992188,0.891244169081029,1
"ENSMUSG00000031969",-0.204416827943053,0.891292300886162,1
"ENSMUSG00000040521",-0.101817056835348,0.892149752436677,1
"ENSMUSG00000064254",-0.189849697798646,0.892687491845844,1
"ENSMUSG00000029472",-0.0984031286871883,0.892997563105441,1
"ENSMUSG00000029781",0.131539318329811,0.893194015730268,1
"ENSMUSG00000024781",0.0436517572956845,0.893312190295777,1
"ENSMUSG00000061273",-0.119836837917134,0.89336248709581,1
"ENSMUSG00000061758",-0.0207564246782326,0.893457469135208,1
"ENSMUSG00000029203",0.50585228450208,0.893515540409094,1
"ENSMUSG00000036992",-0.205618437249289,0.893580346401427,1
"ENSMUSG00000030357",0.476936298468647,0.893819191599966,1
"ENSMUSG00000021374",-0.0450104353390941,0.893831790772914,1
"ENSMUSG00000041632",-0.0113266349242345,0.893898637047363,1
"ENSMUSG00000022881",-0.0681966012946944,0.894235722518916,1
"ENSMUSG00000028896",-0.220456916110081,0.894680095364042,1
"ENSMUSG00000058056",2.88031560926072,0.894770507746253,1
"ENSMUSG00000050335",1.18162380251487,0.894926707915837,1
"ENSMUSG00000026784",-0.26460150943295,0.895509945657709,1
"ENSMUSG00000047547",0.969579343961126,0.895682304110381,1
"ENSMUSG00000006024",0.11607194906502,0.895780585060152,1
"ENSMUSG00000029191",-0.143300449394957,0.895890021029105,1
"ENSMUSG00000063800",-0.122745620375987,0.896225806263847,1
"ENSMUSG00000036817",-0.265092528342521,0.896535884062921,1
"ENSMUSG00000038286",-0.124916252740157,0.896712972477253,1
"ENSMUSG00000072946",0.654594619861157,0.897097536655385,1
"ENSMUSG00000061607",-0.10095518530624,0.897707277828534,1
"ENSMUSG00000022812",0.360540344362633,0.897806495523707,1
"ENSMUSG00000032459",-0.146534260707814,0.898076425530765,1
"ENSMUSG00000074643",1.19729900006108,0.898161046262767,1
"ENSMUSG00000037740",0.0121363005913189,0.898177596061505,1
"ENSMUSG00000010660",0.517302295246431,0.898227891640869,1
"ENSMUSG00000033475",-0.507947604976501,0.898352011455315,1
"ENSMUSG00000070394",0.108941918139813,0.89960288039092,1
"ENSMUSG00000000058",-0.0223928716093091,0.899706354677739,1
"ENSMUSG00000019820",-0.0146829104198503,0.899758647103501,1
"ENSMUSG00000014226",0.48567122101753,0.90093975138581,1
"ENSMUSG00000067367",0.0570899166320267,0.900956621676219,1
"ENSMUSG00000015961",0.330074479826667,0.901221846029587,1
"ENSMUSG00000042709",-0.0675598256739782,0.901457237362966,1
"ENSMUSG00000057497",-0.307979867188603,0.901590868659258,1
"ENSMUSG00000032030",0.308937973629973,0.901819586386223,1
"ENSMUSG00000057530",-0.129952822613124,0.902003033285137,1
"ENSMUSG00000030265",-0.12662756661345,0.902311733991195,1
"ENSMUSG00000062078",0.100968691260654,0.902403879876106,1
"ENSMUSG00000024308",-0.278406838295979,0.902674407071756,1
"ENSMUSG00000039130",0.559326745744393,0.904019003410247,1
"ENSMUSG00000028954",0.434162746361508,0.90416512731787,1
"ENSMUSG00000023110",0.43339471276991,0.904192568704415,1
"ENSMUSG00000055553",-1.95573628621723,0.904561260568133,1
"ENSMUSG00000074129",0.00613612588540846,0.904633134292913,1
"ENSMUSG00000025358",-0.0960814658062148,0.904949807314482,1
"ENSMUSG00000050017",0.436336331319769,0.90536583167334,1
"ENSMUSG00000032187",-0.253759619106045,0.906298121225151,1
"ENSMUSG00000005973",0.0524108306423337,0.906397299374634,1
"ENSMUSG00000032253",0.0183176301756767,0.906470946201147,1
"ENSMUSG00000038235",0.62227984849148,0.90668471477157,1
"ENSMUSG00000030879",-0.165900444651001,0.906743890871887,1
"ENSMUSG00000024387",0.0109634798442464,0.907070672539696,1
"ENSMUSG00000028343",0.0314794901830275,0.90715541191571,1
"ENSMUSG00000028062",-0.104455530735205,0.907342122269339,1
"ENSMUSG00000038542",0.484926596105893,0.907687957565338,1
"ENSMUSG00000029507",0.210344250376803,0.907862683725685,1
"ENSMUSG00000002981",-0.0586341021790879,0.908358392428035,1
"ENSMUSG00000022536",-0.100435573887147,0.908521923920295,1
"ENSMUSG00000026029",1.76632691779745,0.908721734010024,1
"ENSMUSG00000056209",-0.256704390784215,0.908848576628021,1
"ENSMUSG00000089847",-0.408188709047682,0.909268343133123,1
"ENSMUSG00000028601",-0.385880198746818,0.909467597084045,1
"ENSMUSG00000003868",0.093081059004529,0.909481064826404,1
"ENSMUSG00000032437",-0.280825139251252,0.909598453954048,1
"ENSMUSG00000038084",0.0386873031719475,0.909767886176486,1
"ENSMUSG00000025208",-0.409317101635079,0.909827534224103,1
"ENSMUSG00000027206",0.251376838172853,0.909952310358377,1
"ENSMUSG00000048661",-0.351848831011807,0.910151928034775,1
"ENSMUSG00000021938",0.0282893532731627,0.910235782914435,1
"ENSMUSG00000015943",-0.159764501675781,0.91106218203713,1
"ENSMUSG00000001123",0.156289948785915,0.911234121411611,1
"ENSMUSG00000027722",1.68586519645347,0.911391754522386,1
"ENSMUSG00000032412",0.0397080746852758,0.911441623610794,1
"ENSMUSG00000017221",0.143333905887236,0.912042042682477,1
"ENSMUSG00000001143",-0.0821082907907353,0.912466583240313,1
"ENSMUSG00000016481",0.51159508193189,0.912894158660349,1
"ENSMUSG00000010911",0.525913391106986,0.912994980998957,1
"ENSMUSG00000024981",-0.264452399669523,0.913268725131256,1
"ENSMUSG00000038650",0.298369984150494,0.913272784481856,1
"ENSMUSG00000033624",-0.0838093907746718,0.913321429355293,1
"ENSMUSG00000031095",0.435488381502005,0.91344288858484,1
"ENSMUSG00000020680",-0.018558678174017,0.913504689442438,1
"ENSMUSG00000015016",-0.173700704593145,0.913602781179534,1
"ENSMUSG00000030987",-0.134594939643492,0.914012705338072,1
"ENSMUSG00000024181",-0.121572096769615,0.914355161308754,1
"ENSMUSG00000038762",0.0931387329935411,0.914478295584777,1
"ENSMUSG00000032966",0.338806349496885,0.914656078399909,1
"ENSMUSG00000069844",0.677462177469774,0.914803967766464,1
"ENSMUSG00000031781",0.713563465675715,0.914962059199937,1
"ENSMUSG00000035202",-0.157137771932966,0.915188873516884,1
"ENSMUSG00000047557",0.521111313832929,0.915243269299701,1
"ENSMUSG00000031429",1.17235318840112,0.915885224700528,1
"ENSMUSG00000090150",-0.507136508255037,0.916031062491517,1
"ENSMUSG00000028330",0.29410807774121,0.916076919092462,1
"ENSMUSG00000024659",-0.0102378694516112,0.916267495460777,1
"ENSMUSG00000079509",-0.0985006424096468,0.916378000076414,1
"ENSMUSG00000042165",0.48788855684835,0.916424753174599,1
"ENSMUSG00000024513",0.770401938720006,0.916555907176653,1
"ENSMUSG00000022391",0.0940365620403441,0.916575766404225,1
"ENSMUSG00000024248",0.114652960878484,0.916705960088628,1
"ENSMUSG00000039536",-0.61088268648853,0.916795005868058,1
"ENSMUSG00000035863",1.26211299422255,0.91732189639627,1
"ENSMUSG00000027067",-0.0636345877314959,0.917374025099424,1
"ENSMUSG00000030045",-0.238556163204894,0.9176338690928,1
"ENSMUSG00000048878",0.133823763854917,0.917929448777067,1
"ENSMUSG00000020250",0.212823413142615,0.918176493214332,1
"ENSMUSG00000028199",0.395057233510592,0.918513396204317,1
"ENSMUSG00000040225",0.711735264279717,0.918662022226578,1
"ENSMUSG00000033938",-0.156787057702019,0.918917196239745,1
"ENSMUSG00000009927",0.444884061603663,0.919779772576589,1
"ENSMUSG00000023277",0.58277151310163,0.919912016159081,1
"ENSMUSG00000035960",0.318101450539739,0.920319017155347,1
"ENSMUSG00000027605",0.542539653937574,0.920598442386583,1
"ENSMUSG00000005687",-0.154938167966513,0.920739873746556,1
"ENSMUSG00000029433",-0.185268009078534,0.920770545031229,1
"ENSMUSG00000028140",-0.0667990800046852,0.92106271236349,1
"ENSMUSG00000005846",-0.129074172822467,0.9212480663839,1
"ENSMUSG00000003279",0.140584978903945,0.921469540799667,1
"ENSMUSG00000024588",-0.106955209016085,0.921896187868126,1
"ENSMUSG00000019143",-0.265004959875359,0.922077016052071,1
"ENSMUSG00000029705",-0.244620928377156,0.922257434113138,1
"ENSMUSG00000070319",0.229528941475078,0.922592766626504,1
"ENSMUSG00000019920",0.476332399183011,0.922833089010746,1
"ENSMUSG00000028955",0.141324729419132,0.92283927051578,1
"ENSMUSG00000038909",-0.243439516714801,0.922846315647536,1
"ENSMUSG00000042870",0.0898828928619295,0.923281273676827,1
"ENSMUSG00000028224",-0.168843440595765,0.923666103984413,1
"ENSMUSG00000029169",0.0059243900038517,0.923724249390012,1
"ENSMUSG00000002221",-0.0947560165884767,0.923731152529673,1
"ENSMUSG00000034781",-0.271388766380234,0.924124059373564,1
"ENSMUSG00000024436",-0.172254619112834,0.924167671124066,1
"ENSMUSG00000028945",0.585063781209112,0.924404975964972,1
"ENSMUSG00000055723",-0.554240395745779,0.924975559601695,1
"ENSMUSG00000019055",-0.0542889431068367,0.925417071086604,1
"ENSMUSG00000009013",0.0293233414223231,0.925732487570588,1
"ENSMUSG00000050148",0.197672230408383,0.925865757652923,1
"ENSMUSG00000024697",-0.065019881319202,0.925941978110366,1
"ENSMUSG00000012483",0.266573505844161,0.926098720116886,1
"ENSMUSG00000022314",-0.206901731662768,0.926578916789567,1
"ENSMUSG00000109511",0.209526748866843,0.9267838697839,1
"ENSMUSG00000031388",0.570448584468469,0.927001753833327,1
"ENSMUSG00000003623",0.624719085745046,0.927533169014219,1
"ENSMUSG00000020744",-0.110081092763192,0.927666320026465,1
"ENSMUSG00000022779",0.849005380696116,0.928222906464514,1
"ENSMUSG00000021576",-0.234241695603203,0.928489672099958,1
"ENSMUSG00000035851",-0.0776268143059156,0.928513694224497,1
"ENSMUSG00000033065",0.422373326992957,0.928625644408501,1
"ENSMUSG00000089704",-0.135642968833793,0.929185237194238,1
"ENSMUSG00000068184",-0.0580377820702793,0.92931161294181,1
"ENSMUSG00000024740",0.0868401579036124,0.929339347286979,1
"ENSMUSG00000002107",-0.19293350809631,0.92948531370118,1
"ENSMUSG00000022841",0.0539534361113745,0.929493906913972,1
"ENSMUSG00000073639",-0.0397832697442269,0.929632084702508,1
"ENSMUSG00000024949",0.0482469367846079,0.929705173534734,1
"ENSMUSG00000007655",-0.0101208151470118,0.929808144999163,1
"ENSMUSG00000019975",-0.051938157784619,0.929997041745083,1
"ENSMUSG00000025277",-0.120162091407522,0.930363033970887,1
"ENSMUSG00000068614",0.118127899844286,0.931176471797406,1
"ENSMUSG00000040481",0.0739486194524233,0.931756479431812,1
"ENSMUSG00000034993",0.30225579917413,0.932038681483594,1
"ENSMUSG00000031446",-0.19733811725316,0.932488713729418,1
"ENSMUSG00000025232",0.09729036120698,0.93279962694975,1
"ENSMUSG00000027651",0.217319205925083,0.933050854761362,1
"ENSMUSG00000028228",0.00884474449503614,0.933135245855316,1
"ENSMUSG00000032051",-0.150402930272367,0.933365252898097,1
"ENSMUSG00000079316",-0.666551128165029,0.933699263324042,1
"ENSMUSG00000017781",0.612888284689486,0.933857915012819,1
"ENSMUSG00000032883",-0.18873370305991,0.933972324425119,1
"ENSMUSG00000006494",0.00852495683426469,0.9341921616465,1
"ENSMUSG00000028158",-0.11166187803066,0.93422980438979,1
"ENSMUSG00000005370",0.17524348669382,0.93438383452805,1
"ENSMUSG00000039163",-0.200040842134232,0.93441980689671,1
"ENSMUSG00000026361",-0.0408969729598141,0.934622240762939,1
"ENSMUSG00000024896",0.5342404921875,0.934631085183893,1
"ENSMUSG00000001089",0.0400825857138543,0.934701608748839,1
"ENSMUSG00000027878",-1.53846371351256,0.934815276180401,1
"ENSMUSG00000073982",-0.0590312085004321,0.934818407278963,1
"ENSMUSG00000073411",-0.0364849138528065,0.934849928214035,1
"ENSMUSG00000018761",-0.0496291710952086,0.934850219958716,1
"ENSMUSG00000029486",-0.0577991246915417,0.935052118408576,1
"ENSMUSG00000043733",0.368740440114372,0.935248583760044,1
"ENSMUSG00000031309",0.67341197690952,0.935337724987221,1
"ENSMUSG00000026087",-0.0558604675167622,0.935501659744211,1
"ENSMUSG00000027679",-0.113758892358316,0.935848367879616,1
"ENSMUSG00000014504",0.210713786754312,0.935865828723201,1
"ENSMUSG00000020023",-0.0667537491524222,0.936393256030306,1
"ENSMUSG00000003226",-0.0782854272929292,0.93692438903501,1
"ENSMUSG00000020537",0.14742414464774,0.937037492519933,1
"ENSMUSG00000038812",0.94224294702725,0.937150924847858,1
"ENSMUSG00000071533",1.11917328668092,0.937234187365916,1
"ENSMUSG00000040383",-0.178822504911594,0.937287317775689,1
"ENSMUSG00000029763",1.47405603417381,0.937318775975866,1
"ENSMUSG00000000738",-0.127552282133028,0.937485134612016,1
"ENSMUSG00000024974",-0.024676671530667,0.937520696687918,1
"ENSMUSG00000005575",0.581061889080861,0.937649396794124,1
"ENSMUSG00000021606",-0.0770763711304596,0.938273126411754,1
"ENSMUSG00000032336",-0.682341963274865,0.938317661858772,1
"ENSMUSG00000015869",0.777494806771333,0.93843832961189,1
"ENSMUSG00000018547",1.03861872829992,0.938711784845011,1
"ENSMUSG00000024900",-0.0171013275018872,0.938727817508001,1
"ENSMUSG00000027889",2.38594794086128,0.938875354846086,1
"ENSMUSG00000003464",0.172957993620518,0.93945412395057,1
"ENSMUSG00000059923",0.211835053054028,0.939607665814368,1
"ENSMUSG00000029687",0.0582608805162934,0.93961190634663,1
"ENSMUSG00000006736",0.885595624491831,0.939803218863649,1
"ENSMUSG00000028076",-0.169475557914819,0.939934127086857,1
"ENSMUSG00000037531",0.0112030576097126,0.940359583084545,1
"ENSMUSG00000029246",1.07247747578136,0.940620289138945,1
"ENSMUSG00000020315",0.0207500576685611,0.942235409476529,1
"ENSMUSG00000025869",-1.07405369355195,0.942280349545322,1
"ENSMUSG00000033059",0.577722159138549,0.942581410560917,1
"ENSMUSG00000006356",1.13135764791137,0.942861546478648,1
"ENSMUSG00000025555",-0.0553786361662851,0.942874914750613,1
"ENSMUSG00000031333",-0.0733066889095539,0.943055033805227,1
"ENSMUSG00000040774",-0.0571356920493571,0.943103127300827,1
"ENSMUSG00000020241",0.0342876011759898,0.943108545100162,1
"ENSMUSG00000024580",0.523966864032481,0.943157183782711,1
"ENSMUSG00000022636",-0.0643650155379873,0.943272245380493,1
"ENSMUSG00000023932",-0.0487517301663765,0.943289584669583,1
"ENSMUSG00000030287",0.522090872988347,0.943437720144457,1
"ENSMUSG00000019849",0.445197739396541,0.943681591632046,1
"ENSMUSG00000029363",-0.0448768991278143,0.943685816010374,1
"ENSMUSG00000056962",-0.31463357654318,0.943808503072865,1
"ENSMUSG00000031226",0.19021974476852,0.943947309219503,1
"ENSMUSG00000091625",0.167709653411755,0.944190702413176,1
"ENSMUSG00000028447",0.852354858378629,0.944195981034264,1
"ENSMUSG00000035772",-0.230624763615118,0.9442625275807,1
"ENSMUSG00000058587",0.139492445714158,0.944454683425317,1
"ENSMUSG00000005534",-0.4842559469474,0.944474568000016,1
"ENSMUSG00000027247",0.286385777993857,0.944989444319928,1
"ENSMUSG00000026389",0.0534208025982643,0.945278040217128,1
"ENSMUSG00000005813",0.135926012671415,0.945520347903901,1
"ENSMUSG00000027746",0.300538331360553,0.945696013187333,1
"ENSMUSG00000056493",0.998108639121789,0.94596746701363,1
"ENSMUSG00000034109",-0.169886031691345,0.946254638684172,1
"ENSMUSG00000028975",0.0789899832773813,0.946478558347039,1
"ENSMUSG00000025027",0.399164944682905,0.946663134927739,1
"ENSMUSG00000032480",0.193144022478084,0.946743701577603,1
"ENSMUSG00000025203",-3.65432158715359,0.947122790155065,1
"ENSMUSG00000027287",0.223630390656684,0.947198702739185,1
"ENSMUSG00000041939",1.19165069232966,0.947207478811616,1
"ENSMUSG00000031232",-0.0801504061326739,0.947256500236052,1
"ENSMUSG00000034820",-0.00640904312303192,0.947266677274953,1
"ENSMUSG00000028649",0.89756820303748,0.947374697967149,1
"ENSMUSG00000001924",0.362285462289773,0.947435153775718,1
"ENSMUSG00000034259",-1.22032891835947,0.947572581693931,1
"ENSMUSG00000053453",-0.0714943495809877,0.947685248202313,1
"ENSMUSG00000025006",-0.0343382035867528,0.947740944475551,1
"ENSMUSG00000028229",0.0726979033691286,0.947794114925798,1
"ENSMUSG00000054455",0.00529578077225068,0.947854090622095,1
"ENSMUSG00000031586",-0.0337208896869434,0.947864113150426,1
"ENSMUSG00000017404",0.0203281910429425,0.948239490871221,1
"ENSMUSG00000038510",-0.259927885201581,0.94824026434946,1
"ENSMUSG00000020471",0.615585526856528,0.948316572637636,1
"ENSMUSG00000078453",0.0114874348798715,0.948327036706505,1
"ENSMUSG00000002812",0.118788283089135,0.948365882232009,1
"ENSMUSG00000025159",0.179007814385603,0.948494821584917,1
"ENSMUSG00000022109",-1.03073371797229,0.948556426193951,1
"ENSMUSG00000022247",-0.168995552353252,0.948616489990409,1
"ENSMUSG00000059714",-0.0298818601964435,0.948840827153399,1
"ENSMUSG00000001632",-0.0273213464047259,0.948905471086641,1
"ENSMUSG00000027968",-0.0139339206462346,0.949026936036918,1
"ENSMUSG00000038633",0.0530439286341782,0.949048099475806,1
"ENSMUSG00000025862",-0.102379894554179,0.949071763742157,1
"ENSMUSG00000024357",-0.06433682297817,0.949184826080897,1
"ENSMUSG00000034593",-0.052560300447162,0.949421187136043,1
"ENSMUSG00000032271",0.516042817503795,0.94947513096449,1
"ENSMUSG00000067148",-0.0873974439430221,0.949494006630688,1
"ENSMUSG00000042032",0.754891033964892,0.949754385823806,1
"ENSMUSG00000047866",-0.94153724969792,0.949795785720359,1
"ENSMUSG00000028034",0.0703258420592903,0.949920834719629,1
"ENSMUSG00000022108",2.10083999770963,0.95025687251739,1
"ENSMUSG00000019863",-0.179542878280827,0.950307007070838,1
"ENSMUSG00000038252",0.184496247644198,0.950348976727612,1
"ENSMUSG00000058301",0.0430626209130693,0.950358289623903,1
"ENSMUSG00000039682",-0.00826098576809287,0.950473963675257,1
"ENSMUSG00000106918",-0.0561164932765124,0.950540875837621,1
"ENSMUSG00000043207",0.151721662974666,0.95063589990866,1
"ENSMUSG00000079426",0.0666414420902797,0.95070804275861,1
"ENSMUSG00000005198",-0.276438410177491,0.950711570405516,1
"ENSMUSG00000036678",-0.408145052263745,0.950791308043469,1
"ENSMUSG00000062981",-1.7439044565916,0.950823260164872,1
"ENSMUSG00000039768",-0.0594540588968897,0.950828476955782,1
"ENSMUSG00000038587",1.39950874793315,0.950889510759836,1
"ENSMUSG00000030314",0.833786984155548,0.951252831299043,1
"ENSMUSG00000030630",0.464482431937359,0.951257482921732,1
"ENSMUSG00000062937",0.0926179928695099,0.95149993699984,1
"ENSMUSG00000026473",0.33654046318216,0.951655728120136,1
"ENSMUSG00000018765",0.110143654035344,0.951953244641207,1
"ENSMUSG00000019539",0.0837935957056644,0.952060800966271,1
"ENSMUSG00000004285",-0.087561218821623,0.952400909312227,1
"ENSMUSG00000027014",-0.236698041821889,0.952750195618955,1
"ENSMUSG00000041912",-0.227565624346507,0.952818764128015,1
"ENSMUSG00000005609",-0.02886069724903,0.953296670795472,1
"ENSMUSG00000008435",-0.0930943007708969,0.953410615509789,1
"ENSMUSG00000024613",-0.0501008081979109,0.953423162278354,1
"ENSMUSG00000027305",-0.118231205351186,0.953480366987454,1
"ENSMUSG00000021496",-0.0760650892967938,0.953605156327415,1
"ENSMUSG00000026248",-0.189357902243511,0.953622353646368,1
"ENSMUSG00000022945",-0.154212094362368,0.954031363106606,1
"ENSMUSG00000000826",-0.0525229939457574,0.954038549053338,1
"ENSMUSG00000029076",-0.0598203824349497,0.95432907681709,1
"ENSMUSG00000042082",-0.0824090247286335,0.954508388785449,1
"ENSMUSG00000027429",0.395651492776636,0.954526072497243,1
"ENSMUSG00000037071",-0.0452569500621784,0.954575439338301,1
"ENSMUSG00000052144",0.20419664038209,0.954704172729626,1
"ENSMUSG00000000581",-0.845521605715668,0.954712340612297,1
"ENSMUSG00000027952",0.0774436823852405,0.954980107372991,1
"ENSMUSG00000015647",-0.0720265698441338,0.955127234610695,1
"ENSMUSG00000028016",-0.0431132757561876,0.955402842565299,1
"ENSMUSG00000031584",0.127679887318084,0.955425743935206,1
"ENSMUSG00000029499",0.0469315853954804,0.955473265783545,1
"ENSMUSG00000034675",0.116940217853067,0.956186120537307,1
"ENSMUSG00000023967",-0.0791188411353758,0.956186894177534,1
"ENSMUSG00000019943",0.100585100743789,0.956263870298524,1
"ENSMUSG00000037321",-0.0499454557691124,0.956406865817655,1
"ENSMUSG00000032902",-0.698748226888519,0.956545904310069,1
"ENSMUSG00000068823",0.14363452939612,0.956631351948152,1
"ENSMUSG00000004032",0.308459699488857,0.957121907497705,1
"ENSMUSG00000041319",-0.0393197881646081,0.957299228372871,1
"ENSMUSG00000005899",0.0288446255182961,0.957359126687353,1
"ENSMUSG00000014932",-0.0144857733249886,0.957545970085972,1
"ENSMUSG00000028849",0.720950995335841,0.957623212004951,1
"ENSMUSG00000038422",-0.153854961172499,0.958226372928506,1
"ENSMUSG00000026718",2.04004298227625,0.958478151859684,1
"ENSMUSG00000001911",0.11195652807487,0.95871257619497,1
"ENSMUSG00000054312",-0.135065104158492,0.958853790738053,1
"ENSMUSG00000039680",-0.224522523394253,0.958954365475595,1
"ENSMUSG00000030824",-0.0281440914137328,0.958976027443842,1
"ENSMUSG00000047945",1.98143997883022,0.959115430145201,1
"ENSMUSG00000026374",1.26261148531072,0.959257161721406,1
"ENSMUSG00000006058",1.99282031961459,0.959562699540164,1
"ENSMUSG00000009549",-0.782232472588181,0.959564491796053,1
"ENSMUSG00000026496",-0.0322122322360023,0.959648377328801,1
"ENSMUSG00000025512",-0.0765152024440248,0.959692117187899,1
"ENSMUSG00000030282",0.0289571283199308,0.959721436024284,1
"ENSMUSG00000025060",1.17831777272468,0.959936338404235,1
"ENSMUSG00000034484",0.328200142158039,0.960069034895705,1
"ENSMUSG00000032135",-0.0361569768552634,0.960433543904018,1
"ENSMUSG00000004936",0.328475091569246,0.960849064473549,1
"ENSMUSG00000024400",0.0412561934860953,0.961122665240737,1
"ENSMUSG00000030079",-0.0240026492523775,0.961547272654469,1
"ENSMUSG00000024018",-0.0538007592966281,0.961609324496186,1
"ENSMUSG00000025026",-0.0305979534905383,0.961623445976612,1
"ENSMUSG00000026843",0.210204669286934,0.961789647194216,1
"ENSMUSG00000008393",0.308291544148993,0.961940460435284,1
"ENSMUSG00000004530",0.0655871222583819,0.962113674396743,1
"ENSMUSG00000029518",-0.0868804297799848,0.962154518056618,1
"ENSMUSG00000022751",0.0763757191073999,0.962225533299775,1
"ENSMUSG00000016619",0.0876916872650249,0.962381112436822,1
"ENSMUSG00000069874",-0.0650660178523559,0.962407021289188,1
"ENSMUSG00000026819",0.709572433399849,0.962488241517926,1
"ENSMUSG00000001707",0.0925622775900869,0.962575986685294,1
"ENSMUSG00000037905",0.0561164501491156,0.962700574941603,1
"ENSMUSG00000005413",0.157640107826328,0.962724020372898,1
"ENSMUSG00000026837",0.437599727194549,0.962837136367908,1
"ENSMUSG00000065979",0.03918549182848,0.962869109814382,1
"ENSMUSG00000078652",0.214853895299274,0.962935503754442,1
"ENSMUSG00000039148",-0.228360574461476,0.96319698899473,1
"ENSMUSG00000034903",1.56182304092248,0.963215526579746,1
"ENSMUSG00000037344",-0.48500719695344,0.963254555034289,1
"ENSMUSG00000039063",-0.0640808004942244,0.963335620218447,1
"ENSMUSG00000024414",0.729151783014427,0.963465816899965,1
"ENSMUSG00000026154",0.0394379560118807,0.963521444220735,1
"ENSMUSG00000024050",-0.555323220205988,0.963582889919156,1
"ENSMUSG00000066839",-0.150986190518701,0.963740373966391,1
"ENSMUSG00000060288",0.109375138409707,0.964260127964391,1
"ENSMUSG00000034274",-0.228230948898776,0.964539429578298,1
"ENSMUSG00000021578",-0.109570829675217,0.964577050898707,1
"ENSMUSG00000032601",0.0903592770566668,0.964612616945134,1
"ENSMUSG00000059316",-0.316261369434212,0.964650442389358,1
"ENSMUSG00000026021",-0.0627352648654629,0.964819717804156,1
"ENSMUSG00000022607",3.68766656485328,0.96482864705751,1
"ENSMUSG00000038612",-0.0336756541027796,0.964845787033244,1
"ENSMUSG00000028427",-1.05394346471167,0.965068856505071,1
"ENSMUSG00000020923",0.0249666779162077,0.965107018473138,1
"ENSMUSG00000040549",0.2008749784322,0.965136425584007,1
"ENSMUSG00000028882",0.114290872788708,0.965279151869983,1
"ENSMUSG00000028107",-0.23938453569011,0.965739258328955,1
"ENSMUSG00000022407",0.426992443275996,0.965781586083568,1
"ENSMUSG00000027963",-0.0361317306234454,0.965799712626876,1
"ENSMUSG00000037805",0.0295860530641328,0.966343357312325,1
"ENSMUSG00000021076",0.0466348507912215,0.966413729677176,1
"ENSMUSG00000026511",0.374989374068257,0.966505309829426,1
"ENSMUSG00000046324",-0.239242656540142,0.966509294994556,1
"ENSMUSG00000053907",0.0960306902667369,0.967097854611702,1
"ENSMUSG00000020708",0.0470104831886147,0.967246204839204,1
"ENSMUSG00000027433",-0.138140558660616,0.967268456218372,1
"ENSMUSG00000016510",-0.552607882799805,0.967270529344261,1
"ENSMUSG00000034723",1.21102182011732,0.967434321924438,1
"ENSMUSG00000023015",0.422570418068684,0.967516699927782,1
"ENSMUSG00000024589",0.0766613568002263,0.968049235402026,1
"ENSMUSG00000006418",0.520526157717129,0.968324558447743,1
"ENSMUSG00000024941",0.364560867488112,0.968358610306921,1
"ENSMUSG00000003031",1.42030748346919,0.968509950820883,1
"ENSMUSG00000029814",0.197209889253269,0.968511518309262,1
"ENSMUSG00000035478",-0.0585441750528837,0.968513391409493,1
"ENSMUSG00000010205",-0.0485549054575536,0.968692979252998,1
"ENSMUSG00000022620",-0.234511009235813,0.968751006969685,1
"ENSMUSG00000020092",0.161584789124429,0.969002167067759,1
"ENSMUSG00000061559",0.153496885655361,0.969046019610363,1
"ENSMUSG00000026880",-0.01397254465952,0.969116040257787,1
"ENSMUSG00000033184",-0.0167191981534707,0.969202984906673,1
"ENSMUSG00000007039",-0.697208085608157,0.96925727859552,1
"ENSMUSG00000090733",0.195567882689023,0.969260939686279,1
"ENSMUSG00000006442",0.25127654659283,0.969389024356387,1
"ENSMUSG00000040249",-0.137358570668777,0.969409167909999,1
"ENSMUSG00000046032",0.34944256488815,0.969726995836,1
"ENSMUSG00000027203",0.110732944616966,0.969754748338147,1
"ENSMUSG00000034189",-0.0364210962591933,0.969867481706597,1
"ENSMUSG00000056851",0.0384651639064408,0.969901014574153,1
"ENSMUSG00000042198",-0.0327860576841594,0.969979499969355,1
"ENSMUSG00000025825",0.0131052489694241,0.970119418270547,1
"ENSMUSG00000016427",4.19621372300849,0.97023973169207,1
"ENSMUSG00000067150",0.27451246128928,0.970524500686696,1
"ENSMUSG00000033581",0.120357155708128,0.970550549356807,1
"ENSMUSG00000024944",0.135479036181327,0.970572503147328,1
"ENSMUSG00000001999",0.382834218266527,0.970660835920418,1
"ENSMUSG00000021975",-0.174050086717045,0.97081935727687,1
"ENSMUSG00000001228",-0.206062414345801,0.971057175335269,1
"ENSMUSG00000037958",1.2720119841363,0.971233724707885,1
"ENSMUSG00000028673",-0.0624093141725197,0.971254644367181,1
"ENSMUSG00000060519",-0.0350644691867501,0.971336190188509,1
"ENSMUSG00000025326",3.01217424871037,0.971414861951912,1
"ENSMUSG00000027882",-0.0497544434439376,0.97151966612473,1
"ENSMUSG00000010025",0.0216456558804694,0.971595005634701,1
"ENSMUSG00000062929",0.370473242348051,0.971691991706229,1
"ENSMUSG00000038848",2.31077538092856,0.971722380984271,1
"ENSMUSG00000020477",-0.160913441808997,0.971896705819948,1
"ENSMUSG00000036986",-0.123288571848022,0.971957504862966,1
"ENSMUSG00000029062",-0.218574776808936,0.972093645607539,1
"ENSMUSG00000026201",0.497996234982914,0.972272017641528,1
"ENSMUSG00000022771",-0.0229190298081079,0.972319591577721,1
"ENSMUSG00000034707",0.00224569554055876,0.972363348223335,1
"ENSMUSG00000020380",-0.145064809805849,0.972386140762373,1
"ENSMUSG00000031209",-0.261899705881834,0.972550718650081,1
"ENSMUSG00000026339",2.11591178926115,0.97267193837857,1
"ENSMUSG00000021583",-0.0418332529552288,0.972712587530154,1
"ENSMUSG00000032382",3.24830478539482,0.972811732008616,1
"ENSMUSG00000021171",-0.120486054701036,0.972860059618685,1
"ENSMUSG00000019710",-0.0439251085465742,0.97287989357918,1
"ENSMUSG00000024758",0.0105324390324064,0.972916126950949,1
"ENSMUSG00000022210",-0.298413656764808,0.972956983805013,1
"ENSMUSG00000028556",-0.0411671758460948,0.973140834259891,1
"ENSMUSG00000024937",2.22058202648533,0.973146820199156,1
"ENSMUSG00000005881",1.2844444370016,0.973173331062074,1
"ENSMUSG00000028861",-0.0470377378046827,0.973333063937503,1
"ENSMUSG00000019864",-0.0741637425385342,0.973353429697766,1
"ENSMUSG00000005873",0.00506765908535556,0.973373328419784,1
"ENSMUSG00000002064",-0.102015578030414,0.973434182976598,1
"ENSMUSG00000032194",-0.0171762258912445,0.973681163997443,1
"ENSMUSG00000004665",0.0227191569261329,0.973938205282878,1
"ENSMUSG00000053819",-0.0442894611066968,0.974032997466681,1
"ENSMUSG00000079562",0.969480605403763,0.974122097194794,1
"ENSMUSG00000014195",0.4311955881921,0.974127478030579,1
"ENSMUSG00000024222",-0.0577503665926393,0.974217048795792,1
"ENSMUSG00000048578",0.0018514468842703,0.974674729600481,1
"ENSMUSG00000053317",0.10309164576676,0.974798705503049,1
"ENSMUSG00000031864",-0.145215689097785,0.975052318287172,1
"ENSMUSG00000078515",1.76351572643669,0.975404575738477,1
"ENSMUSG00000028710",0.094931779720028,0.975465268871114,1
"ENSMUSG00000028580",1.64716929605376,0.975535717465312,1
"ENSMUSG00000068874",0.553998472083553,0.975554125325529,1
"ENSMUSG00000039159",1.49164125481951,0.975609309387537,1
"ENSMUSG00000032560",0.14628611892406,0.975628793880467,1
"ENSMUSG00000038943",0.45988065005702,0.975699380982318,1
"ENSMUSG00000040466",0.204167581286796,0.975797155638686,1
"ENSMUSG00000025937",0.326142381241723,0.975801980470525,1
"ENSMUSG00000024491",-1.90913691009509,0.975803076052774,1
"ENSMUSG00000001211",0.0258308154040066,0.975849287256081,1
"ENSMUSG00000025969",-0.708069102760174,0.976101486769448,1
"ENSMUSG00000026499",-0.0977639190845565,0.976188021950922,1
"ENSMUSG00000027496",-0.0431810982784668,0.976601059209161,1
"ENSMUSG00000029815",0.38113744159056,0.976713721902849,1
"ENSMUSG00000060961",-1.54740079813146,0.976780999802408,1
"ENSMUSG00000035559",-0.319941038503462,0.977041803360662,1
"ENSMUSG00000029390",1.09353077162991,0.977061561974578,1
"ENSMUSG00000042557",-0.0376622402833604,0.977508716070046,1
"ENSMUSG00000027634",0.267414496462308,0.977569182934838,1
"ENSMUSG00000020650",0.67751502776585,0.977686169660926,1
"ENSMUSG00000019210",-0.0262556902124018,0.977861039476559,1
"ENSMUSG00000033272",0.0153596061443402,0.978078048447576,1
"ENSMUSG00000028085",-0.262631939661759,0.978107669561508,1
"ENSMUSG00000031838",-0.0595041909680347,0.97814384379552,1
"ENSMUSG00000033970",-0.0486716229857045,0.978297137835147,1
"ENSMUSG00000042043",0.203613920056966,0.978315014930026,1
"ENSMUSG00000056666",-0.199295719648742,0.978349606231906,1
"ENSMUSG00000027423",0.273973906876876,0.978361581380353,1
"ENSMUSG00000033411",-0.0241709434667463,0.978415635401227,1
"ENSMUSG00000028577",0.410202459503086,0.978476824885561,1
"ENSMUSG00000028641",0.0370257592205689,0.978575357121834,1
"ENSMUSG00000034243",0.0058361743135471,0.978684013369313,1
"ENSMUSG00000010406",-0.0269800400499456,0.978752045812901,1
"ENSMUSG00000037373",-0.0165947283201895,0.978757566513946,1
"ENSMUSG00000054733",-0.0581762388523295,0.978855441508179,1
"ENSMUSG00000028932",0.136148131244571,0.979138786391081,1
"ENSMUSG00000052214",-2.05703737749906,0.979222812738937,1
"ENSMUSG00000074698",-0.010663754859447,0.979315329748599,1
"ENSMUSG00000027820",-0.00158415531743117,0.979368985811954,1
"ENSMUSG00000014959",0.452081061811377,0.979393032985052,1
"ENSMUSG00000025271",0.504990316419775,0.979595882398369,1
"ENSMUSG00000024095",0.193064732033008,0.979643911583945,1
"ENSMUSG00000039542",0.0510445814011682,0.979726984625017,1
"ENSMUSG00000001891",0.574696495374123,0.97977616073906,1
"ENSMUSG00000021665",0.0744968608020926,0.979940885778111,1
"ENSMUSG00000026753",0.414451157646941,0.980095949520082,1
"ENSMUSG00000028164",-0.0820776016472209,0.980231914638265,1
"ENSMUSG00000074896",1.13593733894108,0.980283914564602,1
"ENSMUSG00000021824",0.139394189486328,0.98029111479481,1
"ENSMUSG00000042390",-0.0407965561399806,0.980294189026239,1
"ENSMUSG00000018362",-0.163070669209102,0.980410143548132,1
"ENSMUSG00000024045",-0.0147133281760645,0.980496869606969,1
"ENSMUSG00000001918",-0.0713998208205098,0.980712448962766,1
"ENSMUSG00000030652",-0.0125957456501524,0.98079367268763,1
"ENSMUSG00000022325",-0.0170336690509707,0.980803934813745,1
"ENSMUSG00000030102",-0.0226481903156639,0.980866960050494,1
"ENSMUSG00000031482",1.18082947417041,0.980913014074845,1
"ENSMUSG00000027531",0.381095242412727,0.980962486878286,1
"ENSMUSG00000040483",1.63435953830879,0.981115536796925,1
"ENSMUSG00000042410",-0.201509834738435,0.981209055806933,1
"ENSMUSG00000062075",-0.105054552387077,0.981274751420272,1
"ENSMUSG00000028013",0.00318413882545343,0.98132234497438,1
"ENSMUSG00000028433",1.59102429306496,0.981452804429623,1
"ENSMUSG00000078974",0.0250780342106438,0.98170720589886,1
"ENSMUSG00000022024",0.41799564634648,0.981730855956838,1
"ENSMUSG00000028651",0.0471845396144239,0.981775797012959,1
"ENSMUSG00000021048",0.333638417528817,0.982010821632914,1
"ENSMUSG00000021832",-0.00785962751815816,0.982058724775409,1
"ENSMUSG00000026074",1.02949908502646,0.982216946665599,1
"ENSMUSG00000036270",-0.0349917833752471,0.982223314336749,1
"ENSMUSG00000026281",0.00503942266873736,0.98263581365499,1
"ENSMUSG00000046671",-0.217354771319389,0.982664616949963,1
"ENSMUSG00000060373",0.689726633065476,0.982816606781142,1
"ENSMUSG00000031591",-0.0238069862579238,0.982954098553629,1
"ENSMUSG00000022905",-0.0336984576172092,0.98306533945418,1
"ENSMUSG00000066442",0.0144223273019897,0.983100237193601,1
"ENSMUSG00000020150",-0.0314851003423087,0.983181385189793,1
"ENSMUSG00000028042",0.716658237366744,0.983311131275975,1
"ENSMUSG00000032637",0.346958596060606,0.983314077270179,1
"ENSMUSG00000041057",-0.0773879791685204,0.983509436211312,1
"ENSMUSG00000018509",-0.490335714982979,0.983514103963285,1
"ENSMUSG00000030868",0.550741551311596,0.983622480030966,1
"ENSMUSG00000002835",-0.0424866760319027,0.983634184940764,1
"ENSMUSG00000022401",-0.0178557832168451,0.983764094843846,1
"ENSMUSG00000035152",0.0559430904433675,0.983874395213751,1
"ENSMUSG00000027469",-0.323158821935174,0.983988107071217,1
"ENSMUSG00000051149",-0.146951407844217,0.984081782854934,1
"ENSMUSG00000070730",-0.243733791443351,0.984140779994383,1
"ENSMUSG00000026353",-0.0624417976879919,0.984209960118847,1
"ENSMUSG00000028953",0.0931036437608235,0.984222890615334,1
"ENSMUSG00000063235",-0.193989611466559,0.984247913723044,1
"ENSMUSG00000022769",-0.0173496353299001,0.984314080311883,1
"ENSMUSG00000033751",-0.24806922807101,0.984325993569682,1
"ENSMUSG00000004455",-0.0579432701019691,0.984330996414312,1
"ENSMUSG00000022052",0.366347654156876,0.984346745448009,1
"ENSMUSG00000028688",-0.0259994634353049,0.984386390573616,1
"ENSMUSG00000028559",0.210910258075515,0.98444141353355,1
"ENSMUSG00000021033",0.0665111547961459,0.984458989619042,1
"ENSMUSG00000001056",0.0306860542147689,0.984554241902858,1
"ENSMUSG00000018906",0.692812944054165,0.984626078562066,1
"ENSMUSG00000021282",0.511641994503147,0.984731379688456,1
"ENSMUSG00000021371",0.524458709746874,0.984761102754747,1
"ENSMUSG00000051329",-0.105879630615323,0.984809490668568,1
"ENSMUSG00000036503",-0.00337802805310616,0.984814440789612,1
"ENSMUSG00000057181",1.38443425533873,0.984853512265397,1
"ENSMUSG00000050043",0.010874686716555,0.985074354563851,1
"ENSMUSG00000002332",-0.124415109123106,0.985190096089704,1
"ENSMUSG00000036940",-0.0554112032579717,0.985194783521374,1
"ENSMUSG00000021993",0.541671268642855,0.98528721334504,1
"ENSMUSG00000056305",0.0960214823509062,0.985409838242981,1
"ENSMUSG00000023973",0.0224368921327169,0.985595932406937,1
"ENSMUSG00000027176",-0.264509900027637,0.985653125229621,1
"ENSMUSG00000025645",-0.166547815195056,0.985677155688431,1
"ENSMUSG00000036893",0.00723839199324061,0.985694244538386,1
"ENSMUSG00000001036",0.548693485992182,0.985925629674961,1
"ENSMUSG00000037361",-0.0362257506773922,0.986023544987984,1
"ENSMUSG00000063052",0.0761165013384399,0.986045230059595,1
"ENSMUSG00000015790",-0.17537148658884,0.986071467512322,1
"ENSMUSG00000090877",0.44086862593123,0.986073775891391,1
"ENSMUSG00000044573",0.055617195226155,0.986107363093895,1
"ENSMUSG00000022453",-0.193469533614149,0.986170623705134,1
"ENSMUSG00000015889",0.473802537850162,0.986171613721851,1
"ENSMUSG00000071655",0.189896693802197,0.986186478859589,1
"ENSMUSG00000030816",0.0170080050234702,0.986296492763076,1
"ENSMUSG00000024955",-0.538146111057348,0.986368298126254,1
"ENSMUSG00000063200",-0.129664888409227,0.98644749043494,1
"ENSMUSG00000026879",-0.000944524636114608,0.986492914891756,1
"ENSMUSG00000021686",0.312310235386249,0.986530589380149,1
"ENSMUSG00000004099",-0.128353236930888,0.98656329310204,1
"ENSMUSG00000025261",0.0839685367376362,0.986658648063452,1
"ENSMUSG00000024151",0.133997918949017,0.986707661998323,1
"ENSMUSG00000078853",-0.00477368341818263,0.986813168409764,1
"ENSMUSG00000036513",0.53709347455592,0.986890030842729,1
"ENSMUSG00000045410",-0.0177256771254406,0.986898062459233,1
"ENSMUSG00000004667",0.765411813759702,0.986898247078453,1
"ENSMUSG00000061981",-0.226631606154474,0.98707182188737,1
"ENSMUSG00000020078",0.319259794695835,0.987166364533971,1
"ENSMUSG00000025724",0.0504049489353449,0.987172130768138,1
"ENSMUSG00000027709",-0.00615900032379813,0.987179193978432,1
"ENSMUSG00000052605",-0.012770707309798,0.987182620592994,1
"ENSMUSG00000051747",0.251406034903528,0.987225906458775,1
"ENSMUSG00000035024",-0.141707744132056,0.98727024482569,1
"ENSMUSG00000042133",0.985391309602552,0.987301806413187,1
"ENSMUSG00000029388",0.315077070212137,0.987723688255518,1
"ENSMUSG00000008859",0.713009587645502,0.987879061243895,1
"ENSMUSG00000021190",0.0760836375483898,0.988111863817352,1
"ENSMUSG00000037712",0.480397406082002,0.988115479993295,1
"ENSMUSG00000003363",0.131911463009242,0.988168267597182,1
"ENSMUSG00000022194",0.0111519416988166,0.988195070729406,1
"ENSMUSG00000026219",-0.0847609478626339,0.988229049699384,1
"ENSMUSG00000026797",0.497029035186934,0.988236879671518,1
"ENSMUSG00000063904",0.518409199486612,0.988287637677635,1
"ENSMUSG00000042814",2.08441616786671,0.988293181263186,1
"ENSMUSG00000053565",0.0278524091587649,0.98829669270359,1
"ENSMUSG00000027455",0.339590676381796,0.988313934240538,1
"ENSMUSG00000020695",0.0101795452180404,0.988327689986098,1
"ENSMUSG00000002808",0.657290167663248,0.988356583144821,1
"ENSMUSG00000023460",-0.0122044028768968,0.988373396756034,1
"ENSMUSG00000030847",1.61507562783021,0.988499654782179,1
"ENSMUSG00000022680",0.0468129105485815,0.988579689862413,1
"ENSMUSG00000032563",-0.0213640266470456,0.988585085816799,1
"ENSMUSG00000024231",0.496807427937036,0.988607974041948,1
"ENSMUSG00000074582",0.5928409178625,0.988752406364656,1
"ENSMUSG00000001280",0.0581031951646587,0.988861144998388,1
"ENSMUSG00000039615",0.0862332237966399,0.988912805228592,1
"ENSMUSG00000026466",0.0436577676528707,0.989001540882907,1
"ENSMUSG00000014077",-0.0186706708810469,0.989125783799641,1
"ENSMUSG00000021843",0.041030889683622,0.989140083437115,1
"ENSMUSG00000035227",0.0135940847706273,0.989179184739327,1
"ENSMUSG00000001403",-0.618091457065635,0.989257473529975,1
"ENSMUSG00000029551",-0.0182404894560229,0.989269616783763,1
"ENSMUSG00000033166",0.426094882508199,0.989313438018739,1
"ENSMUSG00000019777",-0.0126676389707612,0.989325163588728,1
"ENSMUSG00000024908",0.731306684557424,0.989354200057033,1
"ENSMUSG00000001555",-0.0228292150944718,0.989390121846451,1
"ENSMUSG00000074218",-0.0179458446053395,0.989426677994212,1
"ENSMUSG00000032320",-0.0558290712813516,0.989577963893111,1
"ENSMUSG00000028962",-0.618917865993421,0.98958598634617,1
"ENSMUSG00000020163",-2.03886140022428,0.989607551523708,1
"ENSMUSG00000033793",0.0516476261206051,0.989709141122783,1
"ENSMUSG00000020834",-0.24808623585016,0.989712821368955,1
"ENSMUSG00000046909",-1.3715031004808,0.989728507286122,1
"ENSMUSG00000026980",-0.680994048007179,0.989876761485343,1
"ENSMUSG00000041313",-0.797046144684767,0.989914758030856,1
"ENSMUSG00000027933",0.0578051765679355,0.989951801464725,1
"ENSMUSG00000058729",-0.0296613369571332,0.990056756944865,1
"ENSMUSG00000062646",1.04043200524037,0.990090893193322,1
"ENSMUSG00000045624",0.00494865605265815,0.990103064976013,1
"ENSMUSG00000061079",-0.325208330982626,0.990170727225701,1
"ENSMUSG00000008604",1.79355102153364,0.990317689915609,1
"ENSMUSG00000026275",0.312851699114233,0.990335321200471,1
"ENSMUSG00000022748",0.0137742911551051,0.990352107356543,1
"ENSMUSG00000020132",-0.0934579718806532,0.990413945316694,1
"ENSMUSG00000030061",0.408811291408291,0.990424531230549,1
"ENSMUSG00000015337",-0.259127517561915,0.990497171217349,1
"ENSMUSG00000004043",1.18608763195535,0.990689107538218,1
"ENSMUSG00000034459",0.855293620651473,0.99071474939354,1
"ENSMUSG00000031731",0.0215969486658523,0.99079353574736,1
"ENSMUSG00000024085",0.0847023793272506,0.990896259963796,1
"ENSMUSG00000030611",-0.159446820640234,0.990912021863796,1
"ENSMUSG00000004040",0.474913093308782,0.990935390382181,1
"ENSMUSG00000028960",2.10179884733263,0.990959429697027,1
"ENSMUSG00000030157",-0.0697182165148718,0.991086970665599,1
"ENSMUSG00000027940",1.27083798383259,0.991113488945247,1
"ENSMUSG00000020430",-0.766702333129516,0.99122107757439,1
"ENSMUSG00000037364",-0.0278268245850697,0.991229153218795,1
"ENSMUSG00000025371",-2.22527800602236,0.991274849889757,1
"ENSMUSG00000050244",-0.0758266149743996,0.991286325451073,1
"ENSMUSG00000023025",-0.0314915613665043,0.991380935211394,1
"ENSMUSG00000006134",0.553433540087276,0.99138913382453,1
"ENSMUSG00000030417",0.453090778664539,0.991422142433783,1
"ENSMUSG00000036676",-0.022635736714367,0.991456383411673,1
"ENSMUSG00000029427",-0.247379549202019,0.991462408366422,1
"ENSMUSG00000049396",0.357554795134178,0.99147514236511,1
"ENSMUSG00000025510",0.0822652529932384,0.991719386994832,1
"ENSMUSG00000050697",0.358808563250147,0.991751192735977,1
"ENSMUSG00000028741",-0.0971436515138429,0.991772442688614,1
"ENSMUSG00000058704",0.531172304364421,0.991791200912538,1
"ENSMUSG00000030335",0.978416891770649,0.991816619670777,1
"ENSMUSG00000021037",0.765101258731889,0.991851488498554,1
"ENSMUSG00000033712",-0.107967365877744,0.991896725869098,1
"ENSMUSG00000017776",0.525992018968644,0.991967213870408,1
"ENSMUSG00000016757",0.58423435377096,0.992042463687551,1
"ENSMUSG00000056973",-0.0342455020079342,0.992079319546924,1
"ENSMUSG00000024098",-0.00597106084980936,0.992092231729421,1
"ENSMUSG00000038733",0.605005477488266,0.992107578402989,1
"ENSMUSG00000020528",0.964583980034025,0.992116670756771,1
"ENSMUSG00000028334",0.253402732135406,0.992241864654231,1
"ENSMUSG00000020697",-1.27215175468981,0.992332116346544,1
"ENSMUSG00000029012",-0.0979158199425605,0.992338988574238,1
"ENSMUSG00000042348",0.00505152611950521,0.992367082334673,1
"ENSMUSG00000043411",-0.00662160017703428,0.992393810200625,1
"ENSMUSG00000003813",0.494482603878861,0.992456962973141,1
"ENSMUSG00000029227",-0.0116011404423517,0.992508473139119,1
"ENSMUSG00000000538",1.04917240801521,0.992538948915638,1
"ENSMUSG00000063450",-0.2800537944699,0.992564519346233,1
"ENSMUSG00000029066",-0.167777395407001,0.992599276898053,1
"ENSMUSG00000017478",2.32450872570154,0.992614668409544,1
"ENSMUSG00000024902",-0.0680192322011415,0.992656109220772,1
"ENSMUSG00000020111",-0.0673809917253259,0.992673918871491,1
"ENSMUSG00000027087",0.0446891318664981,0.992738833663876,1
"ENSMUSG00000039671",-0.711188647725891,0.992755658697847,1
"ENSMUSG00000022571",0.0318811260285479,0.992792481223451,1
"ENSMUSG00000001767",-0.179447992254698,0.992905842708285,1
"ENSMUSG00000038335",1.12586306991208,0.992918571930244,1
"ENSMUSG00000034192",-0.922839099608868,0.993044744004282,1
"ENSMUSG00000028530",-0.112971807558715,0.993060162324228,1
"ENSMUSG00000043510",0.031148734221027,0.99311235923333,1
"ENSMUSG00000004393",-0.598875554743081,0.993136368101898,1
"ENSMUSG00000028161",0.240507807192508,0.993164349758759,1
"ENSMUSG00000020422",1.57342207284779,0.993220716139571,1
"ENSMUSG00000007458",0.957047928019897,0.993307323608905,1
"ENSMUSG00000025140",-0.138883905282881,0.993362550474239,1
"ENSMUSG00000029718",-0.956615383605918,0.993399228664385,1
"ENSMUSG00000006169",0.0940669485978383,0.993419821213139,1
"ENSMUSG00000005043",-0.522594234448814,0.993446170077583,1
"ENSMUSG00000054309",-0.273008670402852,0.993472483088797,1
"ENSMUSG00000029440",0.462506104520585,0.993479360724167,1
"ENSMUSG00000071074",0.683972592328836,0.993499190753113,1
"ENSMUSG00000029413",0.639208207177074,0.993533363048118,1
"ENSMUSG00000025793",1.13209635205376,0.993564762184354,1
"ENSMUSG00000023963",0.0122024054089493,0.993606082012309,1
"ENSMUSG00000026209",0.318656054105652,0.993625083035237,1
"ENSMUSG00000036632",-0.0279432072388239,0.993643945259072,1
"ENSMUSG00000028339",-0.59937880845456,0.993691432252105,1
"ENSMUSG00000001755",0.0328154334200761,0.993803117311256,1
"ENSMUSG00000030286",-0.0675398892776009,0.993844175076868,1
"ENSMUSG00000028480",-0.94229459972188,0.993953689899208,1
"ENSMUSG00000020946",0.0376496460672868,0.993961383284498,1
"ENSMUSG00000040459",0.799180209432379,0.993995974286539,1
"ENSMUSG00000012428",-0.219072938122707,0.993996329687326,1
"ENSMUSG00000027519",0.00644629864568458,0.99404430135225,1
"ENSMUSG00000015247",-0.155997955929639,0.994049301532455,1
"ENSMUSG00000045763",0.456883890248264,0.994057330906802,1
"ENSMUSG00000057388",-0.342937538941943,0.994075533601134,1
"ENSMUSG00000006676",0.115344705943141,0.994157882251946,1
"ENSMUSG00000033577",0.925035831968742,0.994255197551199,1
"ENSMUSG00000059005",-1.4972582975025,0.994313610013201,1
"ENSMUSG00000018697",-0.459880661727784,0.994417934372414,1
"ENSMUSG00000022361",-0.401069408437923,0.994429963040391,1
"ENSMUSG00000024683",-0.259522303009572,0.994464837442418,1
"ENSMUSG00000021500",0.0345061586882416,0.994558349241008,1
"ENSMUSG00000019809",-0.491452325659907,0.99459035835945,1
"ENSMUSG00000027303",1.03973619056794,0.994597271893811,1
"ENSMUSG00000020903",1.46964046263421,0.994624088067794,1
"ENSMUSG00000044018",-0.941653735159797,0.994638587167976,1
"ENSMUSG00000022136",-0.0181228905772102,0.99465627810699,1
"ENSMUSG00000030619",-0.231483599173615,0.994680610810211,1
"ENSMUSG00000002957",0.0151465545899683,0.994795748846898,1
"ENSMUSG00000032126",0.638535208162395,0.994848828603948,1
"ENSMUSG00000044792",-0.0445434791448953,0.994863607839535,1
"ENSMUSG00000028136",0.421397397185149,0.994874007435245,1
"ENSMUSG00000031988",0.00516034416812516,0.994890818359841,1
"ENSMUSG00000107283",0.00457647339623435,0.994901461676506,1
"ENSMUSG00000045193",-0.0877666822715355,0.994958113927033,1
"ENSMUSG00000027215",-0.666798866343868,0.994966638173895,1
"ENSMUSG00000029823",0.0245844803133117,0.994969515725036,1
"ENSMUSG00000028247",-0.0477331661864788,0.994983935633812,1
"ENSMUSG00000060090",0.0036440705497256,0.995029587260911,1
"ENSMUSG00000037815",0.0748822679095653,0.995043874458988,1
"ENSMUSG00000058600",0.0409536847282226,0.995135471638106,1
"ENSMUSG00000079523",-1.01338634533666,0.995164480774912,1
"ENSMUSG00000024044",0.0363602735097359,0.995169938204197,1
"ENSMUSG00000063802",0.48518860883404,0.995174253967469,1
"ENSMUSG00000002103",-0.242833091199621,0.995204637884906,1
"ENSMUSG00000000555",-0.657368691474773,0.995227488147942,1
"ENSMUSG00000001380",0.422489967052048,0.995291553210387,1
"ENSMUSG00000026377",-0.939926024170394,0.99531137204219,1
"ENSMUSG00000000902",-0.317555418746718,0.99532529365325,1
"ENSMUSG00000043991",0.622547485704978,0.995335016468492,1
"ENSMUSG00000030770",0.50582048103826,0.995387488512136,1
"ENSMUSG00000055322",0.0167334089498645,0.995409360596354,1
"ENSMUSG00000028552",0.976968859617493,0.995444374867658,1
"ENSMUSG00000020130",1.60114133172743,0.995467453524952,1
"ENSMUSG00000024665",-0.159704270986037,0.995482984838624,1
"ENSMUSG00000002844",1.44523882811312,0.995488964238563,1
"ENSMUSG00000056394",0.262126578648218,0.995515990579973,1
"ENSMUSG00000031585",0.0387826261824173,0.995530404401419,1
"ENSMUSG00000013997",0.803878302605078,0.995571221393347,1
"ENSMUSG00000027327",2.18505394897184,0.995576098767269,1
"ENSMUSG00000027630",-0.016200974306102,0.995675473453519,1
"ENSMUSG00000027488",-2.18312225214349,0.995704975725981,1
"ENSMUSG00000031375",0.507633459275247,0.995714615914832,1
"ENSMUSG00000031840",-0.739154687910759,0.995721452984016,1
"ENSMUSG00000005483",0.367270954708776,0.99572851460856,1
"ENSMUSG00000028622",-0.221018948128251,0.995736565077192,1
"ENSMUSG00000032312",0.883814859750704,0.995760384961181,1
"ENSMUSG00000024539",-0.00516238317505824,0.995783960140157,1
"ENSMUSG00000031683",-0.040251562120897,0.995793156354848,1
"ENSMUSG00000023272",-0.154940455594009,0.995830488233927,1
"ENSMUSG00000075704",-0.0256212018333173,0.995870143294194,1
"ENSMUSG00000031691",0.300716536655841,0.995879409718844,1
"ENSMUSG00000032264",-0.0015700316396412,0.995905795177452,1
"ENSMUSG00000031379",1.25800513066811,0.995924762662477,1
"ENSMUSG00000033014",0.385182332582033,0.995974069180735,1
"ENSMUSG00000064127",0.0257600774894868,0.996025022265665,1
"ENSMUSG00000043572",-1.62772958086977,0.996029512922244,1
"ENSMUSG00000028010",0.00244405186264274,0.996149842684917,1
"ENSMUSG00000039356",-1.1938932468905,0.996157278492213,1
"ENSMUSG00000000378",0.91863916459862,0.9961732856375,1
"ENSMUSG00000034932",0.204435898598476,0.996174324395211,1
"ENSMUSG00000036644",-0.427351089963558,0.996190938624193,1
"ENSMUSG00000021096",1.67087194295883,0.996191985930641,1
"ENSMUSG00000020629",0.27719189119702,0.996195442609945,1
"ENSMUSG00000024537",-0.00547853144153265,0.996202332146776,1
"ENSMUSG00000022200",0.209516099289317,0.996245757373463,1
"ENSMUSG00000031393",-0.0222414941559137,0.996267047482006,1
"ENSMUSG00000018974",0.00690393021169555,0.996275809930512,1
"ENSMUSG00000023186",0.444319703352598,0.996295439977229,1
"ENSMUSG00000038525",0.0224501674532647,0.996352612090616,1
"ENSMUSG00000035473",-0.00516673468038675,0.996358558383389,1
"ENSMUSG00000036256",1.11373858361916,0.996415648511222,1
"ENSMUSG00000005698",-0.136727216059086,0.996473139700205,1
"ENSMUSG00000024691",0.00266455115717079,0.996495383333052,1
"ENSMUSG00000020366",0.827136147830778,0.996508076527593,1
"ENSMUSG00000018377",-0.214049673655389,0.996546501939956,1
"ENSMUSG00000062580",-0.583718302221385,0.996549363712363,1
"ENSMUSG00000023249",0.307419714302718,0.996573367025597,1
"ENSMUSG00000034187",0.0473872956573125,0.99664061123302,1
"ENSMUSG00000036278",-0.0313186629455409,0.99667892194415,1
"ENSMUSG00000055319",0.326120829438757,0.996716595618152,1
"ENSMUSG00000027091",0.82208985758238,0.996772937825494,1
"ENSMUSG00000026036",0.180145512976853,0.996804278477084,1
"ENSMUSG00000008475",1.37545032173632,0.996827542184722,1
"ENSMUSG00000045594",-0.0399895364542964,0.996828968993537,1
"ENSMUSG00000042055",0.917455017227329,0.996896422487517,1
"ENSMUSG00000024639",-0.108751595738021,0.996913714445691,1
"ENSMUSG00000028973",-0.185591670024188,0.996942666830499,1
"ENSMUSG00000021585",1.24060398643827,0.99697948350852,1
"ENSMUSG00000045973",-0.142101055245853,0.997002181585443,1
"ENSMUSG00000027002",1.17265925973694,0.997025644656198,1
"ENSMUSG00000068329",-0.259231760267582,0.997031457101057,1
"ENSMUSG00000022742",-0.149059984838846,0.997053886226664,1
"ENSMUSG00000039952",-0.0114644815807488,0.997054370014272,1
"ENSMUSG00000026005",0.28670413602276,0.997056725311579,1
"ENSMUSG00000025544",0.165798712048712,0.997083323920667,1
"ENSMUSG00000026131",1.08695829329218,0.997089134445453,1
"ENSMUSG00000028443",0.829124871060873,0.997092368235594,1
"ENSMUSG00000071662",1.21938990029057,0.997106602127711,1
"ENSMUSG00000024454",0.826747606967054,0.997119452548434,1
"ENSMUSG00000033228",-0.0225777633001663,0.997140112449134,1
"ENSMUSG00000020189",-0.0154240225750968,0.997150973654709,1
"ENSMUSG00000024972",-0.0715709141799508,0.997244460895512,1
"ENSMUSG00000047454",1.20599141523109,0.997278625925595,1
"ENSMUSG00000003037",-0.00859130657318374,0.99728109720897,1
"ENSMUSG00000029366",0.630896964145276,0.997333453341507,1
"ENSMUSG00000031158",-1.42455711807771,0.997344863190731,1
"ENSMUSG00000021906",0.10184912911614,0.997382540791438,1
"ENSMUSG00000021114",0.182212404717621,0.99740972576113,1
"ENSMUSG00000040112",-0.00328647982656705,0.997422541647673,1
"ENSMUSG00000024370",0.00404090943412072,0.99743467196503,1
"ENSMUSG00000064120",-0.288115025984457,0.997466496913476,1
"ENSMUSG00000025234",1.42767039965196,0.997485386238487,1
"ENSMUSG00000002289",0.410525577559007,0.997496132404229,1
"ENSMUSG00000027498",-1.06419527716749,0.997544676097687,1
"ENSMUSG00000027006",0.0204579337430424,0.997545895337413,1
"ENSMUSG00000031490",2.99566116466356,0.997547195927998,1
"ENSMUSG00000029141",2.0114588945627,0.99755802208664,1
"ENSMUSG00000006010",-0.288895973211034,0.997565478255663,1
"ENSMUSG00000008822",0.678986595270356,0.997596729331274,1
"ENSMUSG00000038346",-1.29481195360079,0.997613839502238,1
"ENSMUSG00000029686",1.20640442834691,0.997645151422666,1
"ENSMUSG00000027540",-0.218671129589261,0.997646454510028,1
"ENSMUSG00000041733",-0.172018437801761,0.997692977783031,1
"ENSMUSG00000031453",-0.224678673639783,0.997710181915932,1
"ENSMUSG00000017286",0.201831517039636,0.997726203661951,1
"ENSMUSG00000032435",0.373889268395267,0.997731884787192,1
"ENSMUSG00000034868",1.52468157905893,0.997735224814812,1
"ENSMUSG00000035632",-0.00220958310288566,0.99774326162799,1
"ENSMUSG00000033860",1.6402969050824,0.997751753851073,1
"ENSMUSG00000025534",-0.0712867708535896,0.997762548005593,1
"ENSMUSG00000076441",0.0370531626681654,0.997785296201895,1
"ENSMUSG00000038446",-0.0178008048706779,0.997820660090948,1
"ENSMUSG00000004056",0.472860956687253,0.997835035469362,1
"ENSMUSG00000022338",-0.00303584439697602,0.997845359231647,1
"ENSMUSG00000037938",-2.44153313988384,0.997862255976419,1
"ENSMUSG00000022040",-0.506244296664516,0.997868890629316,1
"ENSMUSG00000025041",0.553877552199971,0.997885768208222,1
"ENSMUSG00000032046",-0.169768609798144,0.997885915947162,1
"ENSMUSG00000031839",-1.46479027308315,0.99792346290387,1
"ENSMUSG00000063334",-2.05813893697142,0.997969539108388,1
"ENSMUSG00000026917",-0.0226042911431712,0.998026262341439,1
"ENSMUSG00000062963",0.77774842670205,0.998030378131067,1
"ENSMUSG00000038416",0.0467673384006382,0.99810748247159,1
"ENSMUSG00000005417",0.436934069165275,0.998110722521418,1
"ENSMUSG00000038683",1.41098050197034,0.998114720265481,1
"ENSMUSG00000007036",-0.822488481294602,0.998153707692812,1
"ENSMUSG00000020687",-0.122733648431577,0.998154474231257,1
"ENSMUSG00000015027",-0.603543926331067,0.998161796432421,1
"ENSMUSG00000031827",0.142615269162729,0.998173474484766,1
"ENSMUSG00000028527",0.44383876184375,0.998194980564628,1
"ENSMUSG00000023988",-0.0559098232570321,0.998204803411123,1
"ENSMUSG00000015474",-0.448296273603287,0.9982178139974,1
"ENSMUSG00000006678",0.309235931047073,0.998218726551761,1
"ENSMUSG00000041308",-0.190411479453033,0.998224779433108,1
"ENSMUSG00000044147",0.0448553800164362,0.998238289612741,1
"ENSMUSG00000023088",0.0297933130923269,0.998249106793361,1
"ENSMUSG00000034957",-0.599151988986517,0.998251613796143,1
"ENSMUSG00000023852",0.0232567915626127,0.998252822941966,1
"ENSMUSG00000058006",-0.172003167316138,0.998252884509575,1
"ENSMUSG00000004849",0.47276619720024,0.998257521261548,1
"ENSMUSG00000027708",1.32825756013871,0.998297823532513,1
"ENSMUSG00000031060",-0.210346017268066,0.998298121445272,1
"ENSMUSG00000017831",-0.0371049521188809,0.998302809661621,1
"ENSMUSG00000033955",1.19738202131352,0.998315677278356,1
"ENSMUSG00000040711",0.67303463772836,0.998323263295683,1
"ENSMUSG00000005615",0.294442217287173,0.998328783542075,1
"ENSMUSG00000056820",1.03321095961654,0.998334529068932,1
"ENSMUSG00000028416",0.16243381464388,0.998337839966864,1
"ENSMUSG00000029265",2.52852411168901,0.99833855397288,1
"ENSMUSG00000039220",-0.156333712576199,0.998351175116291,1
"ENSMUSG00000018322",0.447501085780711,0.998366607125891,1
"ENSMUSG00000054079",-1.56693692101326,0.998373009565063,1
"ENSMUSG00000109865",0.246922727582284,0.998382228274875,1
"ENSMUSG00000030216",0.0770176491257928,0.998392672751824,1
"ENSMUSG00000006728",0.0675880499765711,0.99840104920119,1
"ENSMUSG00000051285",0.298852791277273,0.998411473701214,1
"ENSMUSG00000028345",-0.235032995132034,0.998422620524369,1
"ENSMUSG00000026019",0.590326944245458,0.998492312055341,1
"ENSMUSG00000022816",0.00189826328551135,0.998503103812384,1
"ENSMUSG00000030272",2.13579609321728,0.998548510214342,1
"ENSMUSG00000009907",1.06382298471978,0.998574864247315,1
"ENSMUSG00000008226",1.57759614526767,0.998576177692664,1
"ENSMUSG00000027752",0.655627674294962,0.998577041899442,1
"ENSMUSG00000027475",3.63252851135207,0.998623585987327,1
"ENSMUSG00000020458",0.245033666584828,0.99862365734094,1
"ENSMUSG00000031378",-0.597652396875134,0.99863030965164,1
"ENSMUSG00000025337",1.58814539102001,0.998639631891477,1
"ENSMUSG00000020698",2.80169086990802,0.998640936024626,1
"ENSMUSG00000020328",0.71098334622064,0.998649205513501,1
"ENSMUSG00000020248",-0.697484525318483,0.998671654990422,1
"ENSMUSG00000022555",-1.63910810270636,0.99867290281464,1
"ENSMUSG00000040236",0.846902683127361,0.998680048315788,1
"ENSMUSG00000037499",0.0280060455453714,0.998682162865799,1
"ENSMUSG00000010517",2.66856940626729,0.998694633901857,1
"ENSMUSG00000020171",-0.505894144908712,0.99869606980909,1
"ENSMUSG00000000384",-0.0770726716597991,0.998708411121793,1
"ENSMUSG00000024381",0.0971885800133592,0.998715753835633,1
"ENSMUSG00000025533",3.04324297078517,0.998745069279182,1
"ENSMUSG00000008140",0.00148122090295288,0.998773893317097,1
"ENSMUSG00000019802",-0.005832860121739,0.998792740353054,1
"ENSMUSG00000030036",-0.174763728788889,0.998798286039608,1
"ENSMUSG00000024208",-0.0153867340650145,0.998801628222815,1
"ENSMUSG00000029014",1.361418280827,0.998805862799924,1
"ENSMUSG00000024764",0.821280728102458,0.998810434052482,1
"ENSMUSG00000049502",1.74315760147594,0.998816857541614,1
"ENSMUSG00000051989",-0.798404415980411,0.99882037585627,1
"ENSMUSG00000004934",0.0108883765788441,0.998842982197844,1
"ENSMUSG00000036371",2.41832243322377,0.998848175445491,1
"ENSMUSG00000102976",-0.230918210053169,0.998894115675687,1
"ENSMUSG00000024529",-0.108224584229884,0.99894093237671,1
"ENSMUSG00000031201",0.262706206290893,0.99894594719307,1
"ENSMUSG00000002365",1.15199519331684,0.998949113634856,1
"ENSMUSG00000036733",-0.0931894568040654,0.998949363764371,1
"ENSMUSG00000027835",1.70466879934986,0.998962583080261,1
"ENSMUSG00000031928",-0.0737768574087028,0.998974138115051,1
"ENSMUSG00000025395",0.122262998130129,0.998981200578497,1
"ENSMUSG00000020076",-0.122304513151786,0.998992764118371,1
"ENSMUSG00000042010",0.0309558998970338,0.999006465944381,1
"ENSMUSG00000057440",-2.0098403896986,0.999012352592307,1
"ENSMUSG00000005034",0.0622234277919098,0.999030725728985,1
"ENSMUSG00000025979",0.500697535116547,0.999035735036474,1
"ENSMUSG00000118671",-0.46694452133276,0.999051704162839,1
"ENSMUSG00000060279",0.0285386238173935,0.999052420102028,1
"ENSMUSG00000069539",2.08629882858969,0.999080129574884,1
"ENSMUSG00000023883",-0.537888892726521,0.999088490929082,1
"ENSMUSG00000019278",-0.143907230442881,0.999093887055767,1
"ENSMUSG00000038546",-1.13598038581823,0.999098380517767,1
"ENSMUSG00000019923",0.0322095890172314,0.999104895384079,1
"ENSMUSG00000093930",0.256413800161805,0.999106647696476,1
"ENSMUSG00000034931",-0.00052665023329368,0.999136886154517,1
"ENSMUSG00000039318",1.86666853314535,0.999155381869461,1
"ENSMUSG00000016541",0.244642510973794,0.999157390013813,1
"ENSMUSG00000053604",0.362444436221342,0.999158573100163,1
"ENSMUSG00000031848",-0.0725039234801699,0.999167634584734,1
"ENSMUSG00000024960",0.407814274228027,0.999168175930982,1
"ENSMUSG00000029538",-0.18399426106312,0.999172685084421,1
"ENSMUSG00000028163",1.73541832064233,0.999176382812733,1
"ENSMUSG00000020457",-0.644796910942116,0.999184835763589,1
"ENSMUSG00000031996",0.166145162494875,0.999203736347355,1
"ENSMUSG00000015846",-0.0336527388770449,0.999204979939537,1
"ENSMUSG00000026956",0.0623373246158287,0.999210161697942,1
"ENSMUSG00000020898",-0.0823122174195134,0.999218313748252,1
"ENSMUSG00000026305",2.86717501825866,0.999219517984942,1
"ENSMUSG00000031917",-1.81459709757375,0.999228458737281,1
"ENSMUSG00000035351",-0.162127586841358,0.999240471210276,1
"ENSMUSG00000030204",0.219964739165246,0.999242457906257,1
"ENSMUSG00000052798",-0.0407389441779813,0.999244212609603,1
"ENSMUSG00000032553",-0.00509606171043231,0.999265506218791,1
"ENSMUSG00000018909",1.13236278388464,0.999273591071341,1
"ENSMUSG00000020523",0.78576909168337,0.999289320779999,1
"ENSMUSG00000025757",0.544217335277096,0.999299514727345,1
"ENSMUSG00000034659",-1.1104999214526,0.999300112711779,1
"ENSMUSG00000023118",-0.0506260636608253,0.999317762488478,1
"ENSMUSG00000036327",-1.336460328669,0.999322033193321,1
"ENSMUSG00000036104",0.407424847508587,0.999327789634043,1
"ENSMUSG00000031657",0.567775812223832,0.999332674811841,1
"ENSMUSG00000044763",-0.108585632461235,0.999340188081628,1
"ENSMUSG00000056131",0.417102925628591,0.999354509917581,1
"ENSMUSG00000024959",-0.524169279683797,0.999356436745473,1
"ENSMUSG00000039804",-0.265190621524834,0.999360008437247,1
"ENSMUSG00000057230",0.874214257940714,0.999360035870144,1
"ENSMUSG00000028911",-0.382765740506336,0.999362600824627,1
"ENSMUSG00000022451",0.44537534744957,0.999370899760663,1
"ENSMUSG00000028430",-1.1905638939859,0.999376435126152,1
"ENSMUSG00000071654",-0.765125266416089,0.999376500983248,1
"ENSMUSG00000029125",1.07512207623921,0.999377824704737,1
"ENSMUSG00000026199",1.42643136500295,0.99939101624424,1
"ENSMUSG00000014402",0.0248192926967548,0.999392751491368,1
"ENSMUSG00000002455",-0.13644719822172,0.999402848501051,1
"ENSMUSG00000052917",-0.940476292574594,0.999403202612371,1
"ENSMUSG00000024392",0.755752543529233,0.999405624147666,1
"ENSMUSG00000039959",-0.0739327074658789,0.999422241644178,1
"ENSMUSG00000047250",-0.070140488959769,0.999426596099621,1
"ENSMUSG00000071337",1.36467647087645,0.999428352114948,1
"ENSMUSG00000021103",0.123899381229307,0.999434851099028,1
"ENSMUSG00000079480",0.156433537489949,0.999458209255607,1
"ENSMUSG00000037296",1.91148736138568,0.999460076227662,1
"ENSMUSG00000018171",3.27993180185668,0.999467867489858,1
"ENSMUSG00000001750",-0.16484074517204,0.999476993391667,1
"ENSMUSG00000021149",0.041146819951873,0.999477083453721,1
"ENSMUSG00000022674",1.20035153929618,0.99948816176918,1
"ENSMUSG00000029513",0.937092428389601,0.999490165104482,1
"ENSMUSG00000027668",-1.19910624669394,0.999493536796538,1
"ENSMUSG00000018196",-0.0245517204653858,0.999500629717547,1
"ENSMUSG00000017765",0.54893890903524,0.999504043856164,1
"ENSMUSG00000056737",0.259279243554591,0.999507201390554,1
"ENSMUSG00000032279",-0.0402069973645922,0.999508157181271,1
"ENSMUSG00000040152",2.37383499400645,0.999510091140162,1
"ENSMUSG00000003033",1.24815253532331,0.999514578235242,1
"ENSMUSG00000042215",-0.147207035046403,0.999530434326766,1
"ENSMUSG00000063171",0.0201579551061215,0.99953556030936,1
"ENSMUSG00000056501",0.0441924794915742,0.999538703289198,1
"ENSMUSG00000021715",-0.760985212258667,0.999546218478614,1
"ENSMUSG00000025036",-0.161091959680103,0.999550769531779,1
"ENSMUSG00000010663",-0.893761965429913,0.99955252871292,1
"ENSMUSG00000007338",-0.0100773244776704,0.999552672913792,1
"ENSMUSG00000020608",1.35652456338844,0.999563735265355,1
"ENSMUSG00000010376",-1.79410046618983,0.999565109634135,1
"ENSMUSG00000040034",-0.664511806966047,0.999565510982586,1
"ENSMUSG00000022817",0.820810168372073,0.999569632827706,1
"ENSMUSG00000017830",0.123510603129731,0.999570455972199,1
"ENSMUSG00000032306",1.40870998229685,0.999578881481685,1
"ENSMUSG00000039168",0.293924066225156,0.999579623168621,1
"ENSMUSG00000026134",0.0828261458804498,0.9995857717959,1
"ENSMUSG00000072235",0.476303324950738,0.999594085750217,1
"ENSMUSG00000015994",0.760691303007953,0.999594573024305,1
"ENSMUSG00000021710",-0.0112258699439174,0.99960158383261,1
"ENSMUSG00000052962",-0.278269293944891,0.999602349223113,1
"ENSMUSG00000038544",-1.53701173493997,0.999607919061296,1
"ENSMUSG00000037643",-0.950212460780346,0.999615130449955,1
"ENSMUSG00000041958",0.707954380118469,0.999615763488192,1
"ENSMUSG00000040667",0.579715648643049,0.999623939289383,1
"ENSMUSG00000000561",0.344729726535224,0.999624068594112,1
"ENSMUSG00000032557",3.52493795060754,0.999632759939262,1
"ENSMUSG00000031710",0.932108718994435,0.999634223741827,1
"ENSMUSG00000019868",0.527933723868365,0.999641582120378,1
"ENSMUSG00000031634",-0.0157734776230924,0.999643631073176,1
"ENSMUSG00000030225",0.820497335551952,0.999661620251649,1
"ENSMUSG00000025995",0.763474894498952,0.999674558685051,1
"ENSMUSG00000041028",-2.35651626298304,0.999678296495959,1
"ENSMUSG00000003662",1.48459329806072,0.999683918152702,1
"ENSMUSG00000024594",0.106155938341079,0.99968583368794,1
"ENSMUSG00000035754",0.821748414538018,0.999687196731769,1
"ENSMUSG00000015748",0.0167614775338834,0.99968722852477,1
"ENSMUSG00000050323",0.391566312993561,0.999689626590407,1
"ENSMUSG00000029209",2.02411320298551,0.999702989022956,1
"ENSMUSG00000027649",-0.027757085038985,0.999706264633194,1
"ENSMUSG00000025538",-0.1370356941474,0.999707456000998,1
"ENSMUSG00000024480",0.0463578768668818,0.999713527699561,1
"ENSMUSG00000062110",0.602695470277745,0.999719751797047,1
"ENSMUSG00000035049",-0.244444356604294,0.999720982146168,1
"ENSMUSG00000078656",0.330256404204494,0.999725058826903,1
"ENSMUSG00000037234",0.917052552022959,0.99972661957735,1
"ENSMUSG00000052926",2.64566494325295,0.999728783513551,1
"ENSMUSG00000039745",-1.16187732842097,0.999730684052337,1
"ENSMUSG00000002741",2.28751590933299,0.999733500173633,1
"ENSMUSG00000020843",-0.00474409578159651,0.999735529293136,1
"ENSMUSG00000069045",1.03011374667923,0.999736179875761,1
"ENSMUSG00000039087",-1.20924265757186,0.999740213726182,1
"ENSMUSG00000046785",0.696505879695287,0.999742641677026,1
"ENSMUSG00000035443",0.526338943025536,0.999743163956902,1
"ENSMUSG00000002319",-0.106356786906485,0.999745431955427,1
"ENSMUSG00000053774",0.55426608735733,0.99974741951414,1
"ENSMUSG00000024082",0.103263824732888,0.999748319727878,1
"ENSMUSG00000020265",-0.440543438333133,0.999752844875848,1
"ENSMUSG00000022051",0.537997119442704,0.999753181057995,1
"ENSMUSG00000024006",0.475314213026888,0.999754977721148,1
"ENSMUSG00000031119",-0.339732153905455,0.999757826678451,1
"ENSMUSG00000053436",0.355821809735811,0.999758271691197,1
"ENSMUSG00000029992",0.878711478231789,0.99975888120078,1
"ENSMUSG00000021420",-0.946717705344373,0.999759941694033,1
"ENSMUSG00000061286",0.650170927001724,0.999763023505514,1
"ENSMUSG00000062729",-0.0700644365034151,0.999764181362493,1
"ENSMUSG00000035232",-0.0209599173925099,0.999775027353644,1
"ENSMUSG00000027884",-0.0178257229867249,0.999779825503212,1
"ENSMUSG00000042447",2.47573758378827,0.99977997939394,1
"ENSMUSG00000019066",-1.98659513098349,0.999781400885898,1
"ENSMUSG00000029020",0.491410475590019,0.999783999190674,1
"ENSMUSG00000026426",1.75352539781415,0.999784480836035,1
"ENSMUSG00000001829",0.0049060719230809,0.999784552245999,1
"ENSMUSG00000024878",2.10461293466613,0.999787957936324,1
"ENSMUSG00000031767",1.08394777290364,0.999790168842975,1
"ENSMUSG00000019979",0.260742176563841,0.999791527349635,1
"ENSMUSG00000027255",0.998980195119753,0.999793799235027,1
"ENSMUSG00000049401",0.00222155137791802,0.99979558020879,1
"ENSMUSG00000026715",1.81898362411492,0.999795833304809,1
"ENSMUSG00000028969",0.221183155128749,0.999796816998245,1
"ENSMUSG00000050965",0.0383093498887632,0.999799107633539,1
"ENSMUSG00000042354",0.477623203931103,0.999800680643007,1
"ENSMUSG00000029592",0.572027121500241,0.9998055485947,1
"ENSMUSG00000033557",-1.67615426565442,0.999805760394977,1
"ENSMUSG00000048351",-0.281705174697663,0.999807744184767,1
"ENSMUSG00000029345",-0.252093884260017,0.999808210392629,1
"ENSMUSG00000032508",1.33677399550823,0.99980936916902,1
"ENSMUSG00000054027",-0.672595559681071,0.99981247879664,1
"ENSMUSG00000028309",1.9953685548066,0.999813160804044,1
"ENSMUSG00000024393",0.799514181500847,0.999814129084957,1
"ENSMUSG00000042275",0.457205528561211,0.999815612277986,1
"ENSMUSG00000025198",-0.0527860032263447,0.999817122198068,1
"ENSMUSG00000037725",-0.504152708899802,0.999819957095858,1
"ENSMUSG00000020964",0.0054893776907825,0.999825591276836,1
"ENSMUSG00000020611",0.514699701518456,0.999828634215446,1
"ENSMUSG00000028992",0.0138238971638032,0.999830507360526,1
"ENSMUSG00000008036",1.54711958675015,0.99983070321581,1
"ENSMUSG00000026187",0.714408752613814,0.999830975745529,1
"ENSMUSG00000073643",-0.020434777904736,0.999833218773739,1
"ENSMUSG00000042111",-1.48622136315444,0.999834848273938,1
"ENSMUSG00000000959",0.000396355532544135,0.999835757355079,1
"ENSMUSG00000057335",0.229881777757832,0.999839502204023,1
"ENSMUSG00000001785",0.626610527920434,0.999844785721638,1
"ENSMUSG00000049225",1.13505743586224,0.999845073458095,1
"ENSMUSG00000031967",0.0812724545566894,0.999846136247721,1
"ENSMUSG00000046020",-0.171993868120154,0.999849184255751,1
"ENSMUSG00000030545",-0.648751558991307,0.999856395378641,1
"ENSMUSG00000038644",0.098933538633748,0.999860131537609,1
"ENSMUSG00000031903",-1.270689211053,0.999860465185779,1
"ENSMUSG00000078619",-0.299200564563261,0.999861540329537,1
"ENSMUSG00000026037",0.529405847557829,0.999863053387275,1
"ENSMUSG00000018160",0.556967289880046,0.99986354300382,1
"ENSMUSG00000026626",0.417418320048448,0.999863749744109,1
"ENSMUSG00000060923",1.22337407590467,0.999865995468731,1
"ENSMUSG00000031826",0.0637467295447713,0.999866025598152,1
"ENSMUSG00000025162",0.0331211036502808,0.999866075657161,1
"ENSMUSG00000020311",-0.602488520014347,0.99987521589359,1
"ENSMUSG00000027428",0.0122406571578182,0.999875710401222,1
"ENSMUSG00000004356",0.85066895362505,0.9998777217656,1
"ENSMUSG00000022351",-2.48908866836164,0.999879210901536,1
"ENSMUSG00000073609",-0.649863251202603,0.999880497912885,1
"ENSMUSG00000033735",0.193345925727986,0.999883303760211,1
"ENSMUSG00000030846",-0.0311430805421118,0.999888014374156,1
"ENSMUSG00000033352",1.4405634011955,0.99989017728302,1
"ENSMUSG00000015776",-0.651624434580906,0.999891286949369,1
"ENSMUSG00000020919",0.723542906058714,0.999893193313834,1
"ENSMUSG00000002395",0.53236781647076,0.999898113729478,1
"ENSMUSG00000039678",1.04218898227893,0.999905832339448,1
"ENSMUSG00000022711",0.464646029718754,0.999907620049006,1
"ENSMUSG00000020459",0.0448246158546617,0.999910076110399,1
"ENSMUSG00000048486",0.116321498555894,0.999913802784659,1
"ENSMUSG00000021018",0.853112021618237,0.999916435829726,1
"ENSMUSG00000029684",1.25541605487516,0.999918090463408,1
"ENSMUSG00000031641",0.0230704843238811,0.999918348548625,1
"ENSMUSG00000029480",0.460703916359343,0.99992076938567,1
"ENSMUSG00000021962",-0.487046330599611,0.999923873814451,1
"ENSMUSG00000042997",0.772652891617025,0.99992406300861,1
"ENSMUSG00000030970",0.0838024391257441,0.999924827741985,1
"ENSMUSG00000046230",-0.0139790605369434,0.999924952069686,1
"ENSMUSG00000004233",-0.136557582826494,0.999925024151912,1
"ENSMUSG00000038023",-0.236358848108797,0.999927096546724,1
"ENSMUSG00000074064",-0.425746279310744,0.999927891042942,1
"ENSMUSG00000011877",0.729324671670756,0.999932590200393,1
"ENSMUSG00000027610",0.721095283862798,0.999932693334632,1
"ENSMUSG00000023977",1.40868615653494,0.999936070164233,1
"ENSMUSG00000040044",1.66267658009078,0.999937153648138,1
"ENSMUSG00000031266",0.653176886158032,0.999938001286803,1
"ENSMUSG00000063888",-0.265977092495262,0.999938158512827,1
"ENSMUSG00000055980",0.682222866420005,0.999939093558472,1
"ENSMUSG00000063410",0.420140929673718,0.999940407326504,1
"ENSMUSG00000002500",-2.10586646249931,0.999941786482665,1
"ENSMUSG00000064080",0.656732309885399,0.999943020119389,1
"ENSMUSG00000028292",-0.137381748261632,0.999943369848823,1
"ENSMUSG00000032288",-2.16216173200255,0.99994367992204,1
"ENSMUSG00000064105",-0.103288079261642,0.999945261854928,1
"ENSMUSG00000026918",1.53874902583322,0.999946242405702,1
"ENSMUSG00000015714",1.57027414592987,0.999948506015505,1
"ENSMUSG00000015363",0.169476888389095,0.999948584252667,1
"ENSMUSG00000027715",0.808276629022256,0.999948953976484,1
"ENSMUSG00000021692",-0.15854704743067,0.999956985047847,1
"ENSMUSG00000038489",1.53149630154442,0.999957511029494,1
"ENSMUSG00000000743",0.973340178500578,0.99995776949565,1
"ENSMUSG00000029104",-0.0747476649810359,0.999959523081654,1
"ENSMUSG00000061755",0.0623260718647636,0.999959655548769,1
"ENSMUSG00000039246",1.86099222757113,0.999960762424527,1
"ENSMUSG00000014554",-0.187551261778488,0.999961639041082,1
"ENSMUSG00000042284",0.0682749825364048,0.999962221506551,1
"ENSMUSG00000031820",-0.0701357992753593,0.999963845980273,1
"ENSMUSG00000032469",0.56950122968593,0.999963986092405,1
"ENSMUSG00000057541",0.841222512040265,0.999964322908015,1
"ENSMUSG00000020329",-0.785470184281607,0.999965321905818,1
"ENSMUSG00000021236",1.06748080958635,0.999966649811592,1
"ENSMUSG00000029560",0.424438110937523,0.999968652543768,1
"ENSMUSG00000026849",1.17162335765385,0.999971416215966,1
"ENSMUSG00000006673",0.0658161352051074,0.999972374920382,1
"ENSMUSG00000000275",2.34243069610606,0.999972785343603,1
"ENSMUSG00000062190",0.610729372266416,0.999973178449475,1
"ENSMUSG00000002147",0.459304037050522,0.999973617644732,1
"ENSMUSG00000009614",-0.115799682760525,0.99997375414059,1
"ENSMUSG00000027207",1.99615574320146,0.999974586381757,1
"ENSMUSG00000029910",-0.475836702775606,0.999975468688351,1
"ENSMUSG00000039428",0.0495547358746116,0.999977036523444,1
"ENSMUSG00000053293",-1.35543871227621,0.999977311240011,1
"ENSMUSG00000026484",-0.0794491343536379,0.999977330196633,1
"ENSMUSG00000030942",2.50712554910574,0.9999774457984,1
"ENSMUSG00000031479",0.246569474551375,0.999978108489859,1
"ENSMUSG00000020594",0.866704724607441,0.99997827149505,1
"ENSMUSG00000021811",0.291109971172322,0.999980067589453,1
"ENSMUSG00000020988",-0.205677940271372,0.999981103531181,1
"ENSMUSG00000018669",0.0756187809112525,0.999981388941511,1
"ENSMUSG00000028646",-0.0561258616112958,0.999981537847868,1
"ENSMUSG00000071379",0.407927209622557,0.999981560109741,1
"ENSMUSG00000019782",1.82607441293379,0.999981923038721,1
"ENSMUSG00000079641",1.19511296928282,0.999981950978186,1
"ENSMUSG00000024603",2.92910956274834,0.99998372787529,1
"ENSMUSG00000021693",0.100483867666217,0.999984848382539,1
"ENSMUSG00000027951",0.040342646288611,0.999984928103166,1
"ENSMUSG00000027245",3.44406692545648,0.999985811126771,1
"ENSMUSG00000028271",0.00716735332603946,0.999985885436912,1
"ENSMUSG00000024833",0.0822582187306331,0.999986794110013,1
"ENSMUSG00000009555",-0.0206470654415902,0.99998717263265,1
"ENSMUSG00000042650",0.285662207950139,0.999987317343523,1
"ENSMUSG00000038507",1.85562402058415,0.999987830243741,1
"ENSMUSG00000055817",0.55196417208121,0.999989134833936,1
"ENSMUSG00000031913",0.76380646510794,0.999989465070374,1
"ENSMUSG00000061458",-0.928535199971751,0.999990175040347,1
"ENSMUSG00000035674",-0.0688018028717536,0.999990294118178,1
"ENSMUSG00000028044",-0.00356937713959482,0.999990355891442,1
"ENSMUSG00000025868",-0.978952930191234,0.999990511007667,1
"ENSMUSG00000099083",2.0830521998898,0.999991479756346,1
"ENSMUSG00000035666",-0.032747731516146,0.999991601546362,1
"ENSMUSG00000021967",-0.0375970446392166,0.999991978380905,1
"ENSMUSG00000036114",0.11688477368676,0.999992373609379,1
"ENSMUSG00000021144",-0.832734890628302,0.999992382470805,1
"ENSMUSG00000029722",2.24051552183442,0.999993120208512,1
"ENSMUSG00000042613",-0.645104593427945,0.999993188024247,1
"ENSMUSG00000046711",-0.0396652897936818,0.999993196056503,1
"ENSMUSG00000022800",0.448584571528883,0.999993363721131,1
"ENSMUSG00000024283",-0.565575607408444,0.999993374062164,1
"ENSMUSG00000017721",-2.41781625720798,0.999993461101635,1
"ENSMUSG00000017264",-0.242028287433374,0.999993613414409,1
"ENSMUSG00000051768",-0.00346957474189225,0.999993716103368,1
"ENSMUSG00000034311",-0.00234945138769405,0.999993976135893,1
"ENSMUSG00000057363",-0.300800577528619,0.999994168569373,1
"ENSMUSG00000020444",-0.467849728471172,0.999994181442771,1
"ENSMUSG00000028378",0.916784068159359,0.999994848738696,1
"ENSMUSG00000024866",1.51762210608565,0.99999495145638,1
"ENSMUSG00000029394",-0.176262047709471,0.999994974193364,1
"ENSMUSG00000019961",-1.67319319434101,0.999995624951459,1
"ENSMUSG00000029176",1.32556261632948,0.99999599758782,1
"ENSMUSG00000070780",1.0818964743251,0.999996083820646,1
"ENSMUSG00000017210",-0.48006415317781,0.999996396372026,1
"ENSMUSG00000016194",0.00818039643688451,0.999996399845599,1
"ENSMUSG00000036860",-0.643238004643059,0.999996761338501,1
"ENSMUSG00000061950",0.703910440578845,0.999997032073665,1
"ENSMUSG00000011884",1.0245089454127,0.999997412945684,1
"ENSMUSG00000034744",0.0386977761478065,0.999997458399727,1
"ENSMUSG00000004100",-0.908381507818333,0.999997541394958,1
"ENSMUSG00000026576",-0.0659088076319492,0.999997668668176,1
"ENSMUSG00000027411",-0.00415122383224542,0.999998090225188,1
"ENSMUSG00000079487",0.0123499842947297,0.999998242167213,1
"ENSMUSG00000030759",-0.0977817263706697,0.999998348508181,1
"ENSMUSG00000025417",1.40615546351411,0.999998440986623,1
"ENSMUSG00000053110",-0.027820024175103,0.999998487464364,1
"ENSMUSG00000033323",0.41067184965026,0.999998864072955,1
"ENSMUSG00000025872",-0.00315146610694939,0.999999024062798,1
"ENSMUSG00000028843",-2.22384270569125,0.999999197213699,1
"ENSMUSG00000051346",1.19572011261976,0.999999242215395,1
"ENSMUSG00000056770",0.0586987820942078,0.99999925848303,1
"ENSMUSG00000039048",-0.115363408028465,0.999999406894593,1
"ENSMUSG00000017999",1.24354858425066,0.999999432581182,1
"ENSMUSG00000022844",1.23723936374188,0.999999588782889,1
"ENSMUSG00000039427",0.657777009452861,0.999999746182944,1
"ENSMUSG00000062949",-0.0154649317176379,0.999999766192318,1
"ENSMUSG00000027222",0.628479813004542,0.99999976294019,1
"ENSMUSG00000041506",-0.566635232923815,0.999999818271282,1
"ENSMUSG00000016487",0.0116284493974206,0.999999870144962,1
"ENSMUSG00000001942",0.00262583610257039,0.999999914120861,1
"ENSMUSG00000028134",-0.066115988240071,0.999999921157489,1
"ENSMUSG00000013663",0.061353159046682,1,1
"ENSMUSG00000064345",0,1,1
"ENSMUSG00000039656",0,1,1
"ENSMUSG00000002307",0,1,1
"ENSMUSG00000024339",0,1,1
"ENSMUSG00000053877",0,1,1
"ENSMUSG00000052293",0,1,1
"ENSMUSG00000026600",0,1,1
"ENSMUSG00000022587",0,1,1
"ENSMUSG00000026280",0,1,1
"ENSMUSG00000032737",0,1,1
"ENSMUSG00000014850",0,1,1
"ENSMUSG00000014602",0,1,1
"ENSMUSG00000032410",0,1,1
"ENSMUSG00000055013",0,1,1
"ENSMUSG00000026434",0,1,1
"ENSMUSG00000051590",0,1,1
"ENSMUSG00000018740",0,1,1
"ENSMUSG00000026202",0,1,1
"ENSMUSG00000032666",0,1,1
"ENSMUSG00000039382",0,1,1
"ENSMUSG00000047539",0,1,1
"ENSMUSG00000039128",0,1,1
"ENSMUSG00000038696",0,1,1
"ENSMUSG00000041355",0,1,1
"ENSMUSG00000022995",0,1,1
"ENSMUSG00000027763",0,1,1
"ENSMUSG00000037395",0,1,1
"ENSMUSG00000001420",0,1,1
"ENSMUSG00000026470",0,1,1
"ENSMUSG00000026558",0,1,1
"ENSMUSG00000028080",0,1,1
"ENSMUSG00000026857",0,1,1
"ENSMUSG00000026773",0,1,1
"ENSMUSG00000037174",0,1,1
"ENSMUSG00000038975",0,1,1
"ENSMUSG00000037400",0,1,1
"ENSMUSG00000040351",0,1,1
"ENSMUSG00000005057",0,1,1
"ENSMUSG00000062127",0,1,1
"ENSMUSG00000029291",0,1,1
"ENSMUSG00000025437",0,1,1
"ENSMUSG00000070733",0,1,1
"ENSMUSG00000039456",0,1,1
"ENSMUSG00000029594",0,1,1
"ENSMUSG00000026872",0,1,1
"ENSMUSG00000029166",0,1,1
"ENSMUSG00000078435",0,1,1
"ENSMUSG00000033788",0,1,1
"ENSMUSG00000004270",0,1,1
"ENSMUSG00000034023",0,1,1
"ENSMUSG00000035236",0,1,1
"ENSMUSG00000029569",0,1,1
"ENSMUSG00000001909",0,1,1
"ENSMUSG00000004947",0,1,1
"ENSMUSG00000023262",0,1,1
"ENSMUSG00000026307",0,1,1
"ENSMUSG00000025878",0,1,1
"ENSMUSG00000026604",0,1,1
"ENSMUSG00000030750",0,1,1
"ENSMUSG00000031532",0,1,1
"ENSMUSG00000039286",0,1,1
"ENSMUSG00000027742",0,1,1
"ENSMUSG00000043279",0,1,1
"ENSMUSG00000034951",0,1,1
"ENSMUSG00000048039",0,1,1
"ENSMUSG00000020536",0,1,1
"ENSMUSG00000034485",0,1,1
"ENSMUSG00000054277",0,1,1
"ENSMUSG00000055041",0,1,1
"ENSMUSG00000022150",0,1,1
"ENSMUSG00000038034",0,1,1
"ENSMUSG00000062604",0,1,1
"ENSMUSG00000021900",0,1,1
"ENSMUSG00000017176",0,1,1
"ENSMUSG00000050891",0,1,1
"ENSMUSG00000020258",0,1,1
"ENSMUSG00000055762",0,1,1
"ENSMUSG00000021592",0,1,1
"ENSMUSG00000024807",0,1,1
"ENSMUSG00000023994",0,1,1
"ENSMUSG00000021952",0,1,1
"ENSMUSG00000032423",0,1,1
"ENSMUSG00000022146",0,1,1
"ENSMUSG00000079043",0,1,1
"ENSMUSG00000030763",0,1,1
"ENSMUSG00000035585",0,1,1
"ENSMUSG00000034342",0,1,1
"ENSMUSG00000051793",0,1,1
"ENSMUSG00000049553",0,1,1
"ENSMUSG00000060860",0,1,1
"ENSMUSG00000042289",0,1,1
"ENSMUSG00000002968",0,1,1
"ENSMUSG00000015149",0,1,1
"ENSMUSG00000004565",0,1,1
"ENSMUSG00000087687",0,1,1
"ENSMUSG00000055670",0,1,1
"ENSMUSG00000041720",0,1,1
"ENSMUSG00000003992",0,1,1
"ENSMUSG00000030649",0,1,1
"ENSMUSG00000024236",0,1,1
"ENSMUSG00000061313",0,1,1
"ENSMUSG00000031959",0,1,1
"ENSMUSG00000030465",0,1,1
"ENSMUSG00000031858",0,1,1
"ENSMUSG00000040111",0,1,1
"ENSMUSG00000031669",0,1,1
"ENSMUSG00000034312",0,1,1
"ENSMUSG00000001472",0,1,1
"ENSMUSG00000038697",0,1,1
"ENSMUSG00000035208",0,1,1
"ENSMUSG00000032193",0,1,1
"ENSMUSG00000032254",0,1,1
"ENSMUSG00000003308",0,1,1
"ENSMUSG00000032348",0,1,1
"ENSMUSG00000032497",0,1,1
"ENSMUSG00000033392",0,1,1
"ENSMUSG00000059263",0,1,1
"ENSMUSG00000057193",0,1,1
"ENSMUSG00000018068",0,1,1
"ENSMUSG00000039914",0,1,1
"ENSMUSG00000019857",0,1,1
"ENSMUSG00000059436",0,1,1
"ENSMUSG00000032705",0,1,1
"ENSMUSG00000019873",0,1,1
"ENSMUSG00000059791",0,1,1
"ENSMUSG00000021286",0,1,1
"ENSMUSG00000021598",0,1,1
"ENSMUSG00000052180",0,1,1
"ENSMUSG00000021156",0,1,1
"ENSMUSG00000020974",0,1,1
"ENSMUSG00000021068",0,1,1
"ENSMUSG00000071647",0,1,1
"ENSMUSG00000021733",0,1,1
"ENSMUSG00000074886",0,1,1
"ENSMUSG00000023923",0,1,1
"ENSMUSG00000069089",0,1,1
"ENSMUSG00000015176",0,1,1
"ENSMUSG00000021629",0,1,1
"ENSMUSG00000024068",0,1,1
"ENSMUSG00000022000",0,1,1
"ENSMUSG00000022100",0,1,1
"ENSMUSG00000018334",0,1,1
"ENSMUSG00000021840",0,1,1
"ENSMUSG00000039007",0,1,1
"ENSMUSG00000059586",0,1,1
"ENSMUSG00000037204",0,1,1
"ENSMUSG00000018830",0,1,1
"ENSMUSG00000033020",0,1,1
"ENSMUSG00000052369",0,1,1
"ENSMUSG00000022404",0,1,1
"ENSMUSG00000022671",0,1,1
"ENSMUSG00000023018",0,1,1
"ENSMUSG00000022436",0,1,1
"ENSMUSG00000033088",0,1,1
"ENSMUSG00000031093",0,1,1
"ENSMUSG00000041215",0,1,1
"ENSMUSG00000045975",0,1,1
"ENSMUSG00000049076",0,1,1
"ENSMUSG00000033918",0,1,1
"ENSMUSG00000069729",0,1,1
"ENSMUSG00000012017",0,1,1
"ENSMUSG00000038160",0,1,1
"ENSMUSG00000037013",0,1,1
"ENSMUSG00000024259",0,1,1
"ENSMUSG00000036103",0,1,1
"ENSMUSG00000036775",0,1,1
"ENSMUSG00000058624",0,1,1
"ENSMUSG00000002625",0,1,1
"ENSMUSG00000056612",0,1,1
"ENSMUSG00000025225",0,1,1
"ENSMUSG00000024927",0,1,1
"ENSMUSG00000034108",0,1,1
"ENSMUSG00000024926",0,1,1
"ENSMUSG00000024516",0,1,1
"ENSMUSG00000057561",0,1,1
"ENSMUSG00000013465",0,1,1
"ENSMUSG00000050953",0,1,1
"ENSMUSG00000066151",0,1,1
"ENSMUSG00000038957",0,1,1
"ENSMUSG00000000440",0,1,1
"ENSMUSG00000020226",0,1,1
"ENSMUSG00000022035",0,1,1
"ENSMUSG00000032834",0,1,1
"ENSMUSG00000015143",0,1,1
"ENSMUSG00000034889",0,1,1
"ENSMUSG00000060681",0,1,1
"ENSMUSG00000034621",0,1,1
"ENSMUSG00000042446",0,1,1
"ENSMUSG00000057637",0,1,1
"ENSMUSG00000033326",0,1,1
"ENSMUSG00000044700",0,1,1
"ENSMUSG00000025583",0,1,1
"ENSMUSG00000025531",0,1,1
"ENSMUSG00000031153",0,1,1
"ENSMUSG00000039069",0,1,1
"ENSMUSG00000027282",0,1,1
"ENSMUSG00000033792",0,1,1
"ENSMUSG00000051675",0,1,1
"ENSMUSG00000007659",0,1,1
"ENSMUSG00000036646",0,1,1
"ENSMUSG00000026643",0,1,1
"ENSMUSG00000049999",0,1,1
"ENSMUSG00000000876",0,1,1
"ENSMUSG00000025781",0,1,1
"ENSMUSG00000040174",0,1,1
"ENSMUSG00000031171",0,1,1
"ENSMUSG00000070972",0,1,1
"ENSMUSG00000002550",0,1,1
"ENSMUSG00000028212",0,1,1
"ENSMUSG00000040738",0,1,1
"ENSMUSG00000027384",0,1,1
"ENSMUSG00000039476",0,1,1
"ENSMUSG00000033526",0,1,1
"ENSMUSG00000027580",0,1,1
"ENSMUSG00000026739",0,1,1
"ENSMUSG00000043241",0,1,1
"ENSMUSG00000070953",0,1,1
"ENSMUSG00000026730",0,1,1
"ENSMUSG00000005233",0,1,1
"ENSMUSG00000074576",0,1,1
"ENSMUSG00000063019",0,1,1
"ENSMUSG00000000320",0,1,1
"ENSMUSG00000014767",0,1,1
"ENSMUSG00000024429",0,1,1
"ENSMUSG00000036391",0,1,1
"ENSMUSG00000031200",0,1,1
"ENSMUSG00000036398",0,1,1
"ENSMUSG00000033769",0,1,1
"ENSMUSG00000061759",0,1,1
"ENSMUSG00000024790",0,1,1
"ENSMUSG00000062115",0,1,1
"ENSMUSG00000037316",0,1,1
"ENSMUSG00000049128",0,1,1
"ENSMUSG00000030284",0,1,1
"ENSMUSG00000038545",0,1,1
"ENSMUSG00000003423",0,1,1
"ENSMUSG00000062070",0,1,1
"ENSMUSG00000020774",0,1,1
"ENSMUSG00000038954",0,1,1
"ENSMUSG00000024201",0,1,1
"ENSMUSG00000018395",0,1,1
"ENSMUSG00000020364",0,1,1
"ENSMUSG00000047694",0,1,1
"ENSMUSG00000073016",0,1,1
"ENSMUSG00000028277",0,1,1
"ENSMUSG00000029030",0,1,1
"ENSMUSG00000021643",0,1,1
"ENSMUSG00000028796",0,1,1
"ENSMUSG00000023026",0,1,1
"ENSMUSG00000048874",0,1,1
"ENSMUSG00000021279",0,1,1
"ENSMUSG00000028402",0,1,1
"ENSMUSG00000025078",0,1,1
"ENSMUSG00000000708",0,1,1
"ENSMUSG00000034653",0,1,1
"ENSMUSG00000038095",0,1,1
"ENSMUSG00000039357",0,1,1
"ENSMUSG00000038039",0,1,1
"ENSMUSG00000031592",0,1,1
"ENSMUSG00000079470",0,1,1
"ENSMUSG00000024066",0,1,1
"ENSMUSG00000022125",0,1,1
"ENSMUSG00000062397",0,1,1
"ENSMUSG00000017291",0,1,1
"ENSMUSG00000028099",0,1,1
"ENSMUSG00000032232",0,1,1
"ENSMUSG00000027714",0,1,1
"ENSMUSG00000021188",0,1,1
"ENSMUSG00000030232",0,1,1
"ENSMUSG00000019087",0,1,1
"ENSMUSG00000059970",0,1,1
"ENSMUSG00000001105",0,1,1
"ENSMUSG00000058835",0,1,1
"ENSMUSG00000037652",0,1,1
"ENSMUSG00000075486",0,1,1
"ENSMUSG00000025262",0,1,1
"ENSMUSG00000024795",0,1,1
"ENSMUSG00000069171",0,1,1
"ENSMUSG00000024055",0,1,1
"ENSMUSG00000030516",0,1,1
"ENSMUSG00000034218",0,1,1
"ENSMUSG00000020268",0,1,1
"ENSMUSG00000037343",0,1,1
"ENSMUSG00000030059",0,1,1
"ENSMUSG00000034602",0,1,1
"ENSMUSG00000026064",0,1,1
"ENSMUSG00000028068",0,1,1
"ENSMUSG00000049382",0,1,1
"ENSMUSG00000031765",0,1,1
"ENSMUSG00000026113",0,1,1
"ENSMUSG00000035900",0,1,1
"ENSMUSG00000090247",0,1,1
"ENSMUSG00000022010",0,1,1
"ENSMUSG00000024830",0,1,1
"ENSMUSG00000033373",0,1,1
"ENSMUSG00000062210",0,1,1
"ENSMUSG00000025466",0,1,1
"ENSMUSG00000031851",0,1,1
"ENSMUSG00000024277",0,1,1
"ENSMUSG00000045752",0,1,1
"ENSMUSG00000027601",0,1,1
"ENSMUSG00000026289",0,1,1
"ENSMUSG00000071451",0,1,1
"ENSMUSG00000039763",0,1,1
"ENSMUSG00000034317",0,1,1
"ENSMUSG00000029276",0,1,1
"ENSMUSG00000036980",0,1,1
"ENSMUSG00000032349",0,1,1
"ENSMUSG00000029571",0,1,1
"ENSMUSG00000041890",0,1,1
"ENSMUSG00000019854",0,1,1
"ENSMUSG00000002205",0,1,1
"ENSMUSG00000020400",0,1,1
"ENSMUSG00000074457",0,1,1
"ENSMUSG00000047714",0,1,1
"ENSMUSG00000032386",0,1,1
"ENSMUSG00000001663",0,1,1
"ENSMUSG00000027937",0,1,1
"ENSMUSG00000035203",0,1,1
"ENSMUSG00000003812",0,1,1
"ENSMUSG00000029470",0,1,1
"ENSMUSG00000005069",0,1,1
"ENSMUSG00000030254",0,1,1
"ENSMUSG00000036845",0,1,1
"ENSMUSG00000006732",0,1,1
"ENSMUSG00000106864",0,1,1
"ENSMUSG00000071649",0,1,1
"ENSMUSG00000074037",0,1,1
"ENSMUSG00000036873",0,1,1
"ENSMUSG00000020794",0,1,1
"ENSMUSG00000029863",0,1,1
"ENSMUSG00000038205",0,1,1
"ENSMUSG00000026240",0,1,1
"ENSMUSG00000025421",0,1,1
"ENSMUSG00000054434",0,1,1
"ENSMUSG00000038172",0,1,1
"ENSMUSG00000041625",0,1,1
"ENSMUSG00000024792",0,1,1
"ENSMUSG00000063063",0,1,1
"ENSMUSG00000012422",0,1,1
"ENSMUSG00000022558",0,1,1
"ENSMUSG00000024515",0,1,1
"ENSMUSG00000025066",0,1,1
"ENSMUSG00000027506",0,1,1
"ENSMUSG00000068922",0,1,1
"ENSMUSG00000022119",0,1,1
"ENSMUSG00000027357",0,1,1
"ENSMUSG00000032648",0,1,1
"ENSMUSG00000030888",0,1,1
"ENSMUSG00000078776",0,1,1
"ENSMUSG00000021139",0,1,1
"ENSMUSG00000052337",0,1,1
"ENSMUSG00000002428",0,1,1
"ENSMUSG00000035623",0,1,1
"ENSMUSG00000047735",0,1,1
"ENSMUSG00000032332",0,1,1
"ENSMUSG00000017288",0,1,1
"ENSMUSG00000029478",0,1,1
"ENSMUSG00000026970",0,1,1
"ENSMUSG00000056234",0,1,1
"ENSMUSG00000038774",0,1,1
"ENSMUSG00000041977",0,1,1
"ENSMUSG00000023106",0,1,1
"ENSMUSG00000056917",0,1,1
"ENSMUSG00000021243",0,1,1
"ENSMUSG00000029106",0,1,1
"ENSMUSG00000056938",0,1,1
"ENSMUSG00000004221",0,1,1
"ENSMUSG00000059890",0,1,1
"ENSMUSG00000007656",0,1,1
"ENSMUSG00000032215",0,1,1
"ENSMUSG00000052033",0,1,1
"ENSMUSG00000071550",0,1,1
"ENSMUSG00000033237",0,1,1
"ENSMUSG00000004561",0,1,1
"ENSMUSG00000072889",0,1,1
"ENSMUSG00000002963",0,1,1
"ENSMUSG00000029761",0,1,1
"ENSMUSG00000026924",0,1,1
"ENSMUSG00000014907",0,1,1
"ENSMUSG00000035597",0,1,1
"ENSMUSG00000019792",0,1,1
"ENSMUSG00000001419",0,1,1
"ENSMUSG00000034893",0,1,1
"ENSMUSG00000037679",0,1,1
"ENSMUSG00000040265",0,1,1
"ENSMUSG00000062510",0,1,1
"ENSMUSG00000022377",0,1,1
"ENSMUSG00000019984",0,1,1
"ENSMUSG00000037366",0,1,1
"ENSMUSG00000048279",0,1,1
"ENSMUSG00000005442",0,1,1
"ENSMUSG00000013833",0,1,1
"ENSMUSG00000030706",0,1,1
"ENSMUSG00000026014",0,1,1
"ENSMUSG00000024122",0,1,1
"ENSMUSG00000024921",0,1,1
"ENSMUSG00000022678",0,1,1
"ENSMUSG00000025173",0,1,1
"ENSMUSG00000013858",0,1,1
"ENSMUSG00000028007",0,1,1
"ENSMUSG00000036636",0,1,1
"ENSMUSG00000027981",0,1,1
"ENSMUSG00000038080",0,1,1
"ENSMUSG00000025316",0,1,1
"ENSMUSG00000002222",0,1,1
"ENSMUSG00000033880",0,1,1
"ENSMUSG00000026127",0,1,1
"ENSMUSG00000056342",0,1,1
"ENSMUSG00000027522",0,1,1
"ENSMUSG00000041870",0,1,1
"ENSMUSG00000044864",0,1,1
"ENSMUSG00000089917",0,1,1
"ENSMUSG00000039795",0,1,1
"ENSMUSG00000090523",0,1,1
"ENSMUSG00000020937",0,1,1
"ENSMUSG00000033991",0,1,1
"ENSMUSG00000022390",0,1,1
"ENSMUSG00000037112",0,1,1
"ENSMUSG00000059495",0,1,1
"ENSMUSG00000024924",0,1,1
"ENSMUSG00000032078",0,1,1
"ENSMUSG00000035247",0,1,1
"ENSMUSG00000031557",0,1,1
"ENSMUSG00000022992",0,1,1
"ENSMUSG00000006763",0,1,1
"ENSMUSG00000036167",0,1,1
"ENSMUSG00000029397",0,1,1
"ENSMUSG00000031753",0,1,1
"ENSMUSG00000048000",0,1,1
"ENSMUSG00000018727",0,1,1
"ENSMUSG00000035021",0,1,1
"ENSMUSG00000042632",0,1,1
"ENSMUSG00000031010",0,1,1
"ENSMUSG00000026586",0,1,1
"ENSMUSG00000063558",0,1,1
"ENSMUSG00000006050",0,1,1
"ENSMUSG00000032468",0,1,1
"ENSMUSG00000039828",0,1,1
"ENSMUSG00000025348",0,1,1
"ENSMUSG00000000568",0,1,1
"ENSMUSG00000071551",0,1,1
"ENSMUSG00000032400",0,1,1
"ENSMUSG00000024909",0,1,1
"ENSMUSG00000029629",0,1,1
"ENSMUSG00000038170",0,1,1
"ENSMUSG00000001418",0,1,1
"ENSMUSG00000050860",0,1,1
"ENSMUSG00000021756",0,1,1
"ENSMUSG00000061353",0,1,1
"ENSMUSG00000059552",0,1,1
"ENSMUSG00000046311",0,1,1
"ENSMUSG00000018566",0,1,1
"ENSMUSG00000094018",0,1,1
"ENSMUSG00000023156",0,1,1
"ENSMUSG00000021711",0,1,1
"ENSMUSG00000094429",0,1,1
"ENSMUSG00000024963",0,1,1
"ENSMUSG00000056899",0,1,1
"ENSMUSG00000034533",0,1,1
"ENSMUSG00000030739",0,1,1
"ENSMUSG00000033075",0,1,1
"ENSMUSG00000000420",0,1,1
"ENSMUSG00000026946",0,1,1
"ENSMUSG00000026664",0,1,1
"ENSMUSG00000032316",0,1,1
"ENSMUSG00000020817",0,1,1
"ENSMUSG00000032757",0,1,1
"ENSMUSG00000007038",0,1,1
"ENSMUSG00000068566",0,1,1
"ENSMUSG00000024851",0,1,1
"ENSMUSG00000022809",0,1,1
"ENSMUSG00000020694",0,1,1
"ENSMUSG00000024423",0,1,1
"ENSMUSG00000039989",0,1,1
"ENSMUSG00000024146",0,1,1
"ENSMUSG00000040356",0,1,1
"ENSMUSG00000047281",0,1,1
"ENSMUSG00000027109",0,1,1
"ENSMUSG00000021124",0,1,1
"ENSMUSG00000021288",0,1,1
"ENSMUSG00000036023",0,1,1
"ENSMUSG00000032582",0,1,1
"ENSMUSG00000055371",0,1,1
"ENSMUSG00000047804",0,1,1
"ENSMUSG00000029344",0,1,1
"ENSMUSG00000021258",0,1,1
"ENSMUSG00000035011",0,1,1
"ENSMUSG00000052102",0,1,1
"ENSMUSG00000053617",0,1,1
"ENSMUSG00000034994",0,1,1
"ENSMUSG00000026000",0,1,1
"ENSMUSG00000017697",0,1,1
"ENSMUSG00000031233",0,1,1
"ENSMUSG00000020029",0,1,1
"ENSMUSG00000098387",0,1,1
"ENSMUSG00000053985",0,1,1
"ENSMUSG00000066861",0,1,1
"ENSMUSG00000074743",0,1,1
"ENSMUSG00000028024",0,1,1
"ENSMUSG00000024369",0,1,1
"ENSMUSG00000030218",0,1,1
"ENSMUSG00000052131",0,1,1
"ENSMUSG00000052397",0,1,1
"ENSMUSG00000041417",0,1,1
"ENSMUSG00000020346",0,1,1
"ENSMUSG00000021948",0,1,1
"ENSMUSG00000032218",0,1,1
"ENSMUSG00000019988",0,1,1
"ENSMUSG00000004768",0,1,1
"ENSMUSG00000034789",0,1,1
"ENSMUSG00000037706",0,1,1
"ENSMUSG00000061130",0,1,1
"ENSMUSG00000032085",0,1,1
"ENSMUSG00000026942",0,1,1
"ENSMUSG00000030342",0,1,1
"ENSMUSG00000015243",0,1,1
"ENSMUSG00000028494",0,1,1
"ENSMUSG00000056220",0,1,1
"ENSMUSG00000029135",0,1,1
"ENSMUSG00000056758",0,1,1
"ENSMUSG00000056216",0,1,1
"ENSMUSG00000000957",0,1,1
"ENSMUSG00000030057",0,1,1
"ENSMUSG00000028426",0,1,1
"ENSMUSG00000027500",0,1,1
"ENSMUSG00000061032",0,1,1
"ENSMUSG00000019478",0,1,1
"ENSMUSG00000062248",0,1,1
"ENSMUSG00000031231",0,1,1
"ENSMUSG00000005360",0,1,1
"ENSMUSG00000001120",0,1,1
"ENSMUSG00000034205",0,1,1
"ENSMUSG00000026176",0,1,1
"ENSMUSG00000028464",0,1,1
"ENSMUSG00000039849",0,1,1
"ENSMUSG00000034748",0,1,1
"ENSMUSG00000013822",0,1,1
"ENSMUSG00000031950",0,1,1
"ENSMUSG00000036943",0,1,1
"ENSMUSG00000051853",0,1,1
"ENSMUSG00000036894",0,1,1
"ENSMUSG00000002728",0,1,1
"ENSMUSG00000030082",0,1,1
"ENSMUSG00000049354",0,1,1
"ENSMUSG00000071359",0,1,1
"ENSMUSG00000004771",0,1,1
"ENSMUSG00000009630",0,1,1
"ENSMUSG00000035783",0,1,1
"ENSMUSG00000054364",0,1,1
"ENSMUSG00000029838",0,1,1
"ENSMUSG00000042644",0,1,1
"ENSMUSG00000031168",0,1,1
"ENSMUSG00000057672",0,1,1
"ENSMUSG00000020733",0,1,1
"ENSMUSG00000020091",0,1,1
"ENSMUSG00000000127",0,1,1
"ENSMUSG00000030403",0,1,1
"ENSMUSG00000003184",0,1,1
"ENSMUSG00000038894",0,1,1
"ENSMUSG00000027996",0,1,1
"ENSMUSG00000029642",0,1,1
"ENSMUSG00000020844",0,1,1
"ENSMUSG00000021540",0,1,1
"ENSMUSG00000028886",0,1,1
"ENSMUSG00000049691",0,1,1
"ENSMUSG00000020038",0,1,1
"ENSMUSG00000030560",0,1,1
"ENSMUSG00000029591",0,1,1
"ENSMUSG00000022098",0,1,1
"ENSMUSG00000029428",0,1,1
"ENSMUSG00000020330",0,1,1
"ENSMUSG00000078317",0,1,1
"ENSMUSG00000068196",0,1,1
"ENSMUSG00000021264",0,1,1
"ENSMUSG00000029661",0,1,1
"ENSMUSG00000021670",0,1,1
"ENSMUSG00000020122",0,1,1
"ENSMUSG00000020857",0,1,1
"ENSMUSG00000001552",0,1,1
"ENSMUSG00000020755",0,1,1
"ENSMUSG00000023885",0,1,1
"ENSMUSG00000039480",0,1,1
"ENSMUSG00000070697",0,1,1
"ENSMUSG00000027575",0,1,1
"ENSMUSG00000020232",0,1,1
"ENSMUSG00000030867",0,1,1
"ENSMUSG00000022263",0,1,1
"ENSMUSG00000055069",0,1,1
"ENSMUSG00000050310",0,1,1
"ENSMUSG00000020962",0,1,1
"ENSMUSG00000028189",0,1,1
"ENSMUSG00000031629",0,1,1
"ENSMUSG00000050373",0,1,1
"ENSMUSG00000051169",0,1,1
"ENSMUSG00000074476",0,1,1
"ENSMUSG00000038886",0,1,1
"ENSMUSG00000034765",0,1,1
"ENSMUSG00000031007",0,1,1
"ENSMUSG00000031812",0,1,1
"ENSMUSG00000028863",0,1,1
"ENSMUSG00000000295",0,1,1
"ENSMUSG00000005312",0,1,1
"ENSMUSG00000028868",0,1,1
"ENSMUSG00000040188",0,1,1
"ENSMUSG00000031979",0,1,1
"ENSMUSG00000024525",0,1,1
"ENSMUSG00000029816",0,1,1
"ENSMUSG00000033417",0,1,1
"ENSMUSG00000025402",0,1,1
"ENSMUSG00000046201",0,1,1
"ENSMUSG00000020605",0,1,1
"ENSMUSG00000039050",0,1,1
"ENSMUSG00000041278",0,1,1
"ENSMUSG00000009905",0,1,1
"ENSMUSG00000024965",0,1,1
"ENSMUSG00000066357",0,1,1
"ENSMUSG00000006906",0,1,1
"ENSMUSG00000019977",0,1,1
"ENSMUSG00000017299",0,1,1
"ENSMUSG00000059208",0,1,1
"ENSMUSG00000026687",0,1,1
"ENSMUSG00000002658",0,1,1
"ENSMUSG00000024785",0,1,1
"ENSMUSG00000004748",0,1,1
"ENSMUSG00000046079",0,1,1
"ENSMUSG00000043702",0,1,1
"ENSMUSG00000109901",0,1,1
"ENSMUSG00000037058",0,1,1
"ENSMUSG00000004069",0,1,1
"ENSMUSG00000035683",0,1,1
"ENSMUSG00000037570",0,1,1
"ENSMUSG00000020677",0,1,1
"ENSMUSG00000041303",0,1,1
"ENSMUSG00000026393",0,1,1
"ENSMUSG00000031808",0,1,1
"ENSMUSG00000036188",0,1,1
"ENSMUSG00000028587",0,1,1
"ENSMUSG00000030315",0,1,1
"ENSMUSG00000018846",0,1,1
"ENSMUSG00000039449",0,1,1
"ENSMUSG00000049504",0,1,1
"ENSMUSG00000028678",0,1,1
"ENSMUSG00000030872",0,1,1
"ENSMUSG00000016253",0,1,1
"ENSMUSG00000033706",0,1,1
"ENSMUSG00000065990",0,1,1
"ENSMUSG00000010080",0,1,1
"ENSMUSG00000051984",0,1,1
"ENSMUSG00000028982",0,1,1
"ENSMUSG00000028948",0,1,1
"ENSMUSG00000034449",0,1,1
"ENSMUSG00000042229",0,1,1
"ENSMUSG00000012076",0,1,1
"ENSMUSG00000038838",0,1,1
"ENSMUSG00000035890",0,1,1
"ENSMUSG00000026965",0,1,1
"ENSMUSG00000026617",0,1,1
"ENSMUSG00000046861",0,1,1
"ENSMUSG00000047434",0,1,1
"ENSMUSG00000039994",0,1,1
"ENSMUSG00000031916",0,1,1
"ENSMUSG00000016831",0,1,1
"ENSMUSG00000034216",0,1,1
"ENSMUSG00000018442",0,1,1
"ENSMUSG00000026042",0,1,1
"ENSMUSG00000021569",0,1,1
"ENSMUSG00000031722",0,1,1
"ENSMUSG00000033161",0,1,1
"ENSMUSG00000029624",0,1,1
"ENSMUSG00000053841",0,1,1
"ENSMUSG00000028854",0,1,1
"ENSMUSG00000042015",0,1,1
"ENSMUSG00000014349",0,1,1
"ENSMUSG00000002524",0,1,1
"ENSMUSG00000024816",0,1,1
"ENSMUSG00000022443",0,1,1
"ENSMUSG00000040771",0,1,1
"ENSMUSG00000020412",0,1,1
"ENSMUSG00000022365",0,1,1
"ENSMUSG00000020628",0,1,1
"ENSMUSG00000024002",0,1,1
"ENSMUSG00000048078",0,1,1
"ENSMUSG00000027641",0,1,1
"ENSMUSG00000026816",0,1,1
"ENSMUSG00000040472",0,1,1
"ENSMUSG00000025151",0,1,1
"ENSMUSG00000078937",0,1,1
"ENSMUSG00000029111",0,1,1
"ENSMUSG00000022538",0,1,1
"ENSMUSG00000022299",0,1,1
"ENSMUSG00000030319",0,1,1
"ENSMUSG00000067995",0,1,1
"ENSMUSG00000033021",0,1,1
"ENSMUSG00000021751",0,1,1
"ENSMUSG00000017747",0,1,1
"ENSMUSG00000066880",0,1,1
"ENSMUSG00000040010",0,1,1
"ENSMUSG00000041685",0,1,1
"ENSMUSG00000029439",0,1,1
"ENSMUSG00000023074",0,1,1
"ENSMUSG00000029198",0,1,1
"ENSMUSG00000030386",0,1,1
"ENSMUSG00000036473",0,1,1
"ENSMUSG00000028145",0,1,1
"ENSMUSG00000073678",0,1,1
"ENSMUSG00000021548",0,1,1
"ENSMUSG00000018501",0,1,1
"ENSMUSG00000024797",0,1,1
"ENSMUSG00000006517",0,1,1
"ENSMUSG00000021065",0,1,1
"ENSMUSG00000020770",0,1,1
"ENSMUSG00000031918",0,1,1
"ENSMUSG00000053746",0,1,1
"ENSMUSG00000031601",0,1,1
"ENSMUSG00000030801",0,1,1
"ENSMUSG00000032038",0,1,1
"ENSMUSG00000041132",0,1,1
"ENSMUSG00000030677",0,1,1
"ENSMUSG00000050705",0,1,1
"ENSMUSG00000027078",0,1,1
"ENSMUSG00000027828",0,1,1
"ENSMUSG00000054150",0,1,1
"ENSMUSG00000029213",0,1,1
"ENSMUSG00000062373",0,1,1
"ENSMUSG00000046985",0,1,1
"ENSMUSG00000042700",0,1,1
"ENSMUSG00000032733",0,1,1
"ENSMUSG00000003849",0,1,1
"ENSMUSG00000035686",0,1,1
"ENSMUSG00000018167",0,1,1
"ENSMUSG00000006390",0,1,1
"ENSMUSG00000029918",0,1,1
"ENSMUSG00000005907",0,1,1
"ENSMUSG00000012705",0,1,1
"ENSMUSG00000007812",0,1,1
"ENSMUSG00000023960",0,1,1
"ENSMUSG00000020120",0,1,1
"ENSMUSG00000079317",0,1,1
"ENSMUSG00000035181",0,1,1
"ENSMUSG00000020519",0,1,1
"ENSMUSG00000020176",0,1,1
"ENSMUSG00000020527",0,1,1
"ENSMUSG00000010554",0,1,1
"ENSMUSG00000034297",0,1,1
"ENSMUSG00000035441",0,1,1
"ENSMUSG00000005804",0,1,1
"ENSMUSG00000022533",0,1,1
"ENSMUSG00000053801",0,1,1
"ENSMUSG00000090841",0,1,1
"ENSMUSG00000031077",0,1,1
"ENSMUSG00000024940",0,1,1
"ENSMUSG00000041187",0,1,1
"ENSMUSG00000024049",0,1,1
"ENSMUSG00000053289",0,1,1
"ENSMUSG00000074305",0,1,1
"ENSMUSG00000034290",0,1,1
"ENSMUSG00000042302",0,1,1
"ENSMUSG00000034543",0,1,1
"ENSMUSG00000031015",0,1,1
"ENSMUSG00000044857",0,1,1
"ENSMUSG00000019989",0,1,1
"ENSMUSG00000029599",0,1,1
"ENSMUSG00000021916",0,1,1
"ENSMUSG00000038582",0,1,1
"ENSMUSG00000001150",0,1,1
"ENSMUSG00000040520",0,1,1
"ENSMUSG00000026806",0,1,1
"ENSMUSG00000007817",0,1,1
"ENSMUSG00000000976",0,1,1
"ENSMUSG00000036435",0,1,1
"ENSMUSG00000004891",0,1,1
"ENSMUSG00000021497",0,1,1
"ENSMUSG00000029173",0,1,1
"ENSMUSG00000014778",0,1,1
"ENSMUSG00000022300",0,1,1
"ENSMUSG00000026867",0,1,1
"ENSMUSG00000035161",0,1,1
"ENSMUSG00000051378",0,1,1
"ENSMUSG00000074030",0,1,1
"ENSMUSG00000025266",0,1,1
"ENSMUSG00000033210",0,1,1
"ENSMUSG00000090145",0,1,1
"ENSMUSG00000017713",0,1,1
"ENSMUSG00000025764",0,1,1
"ENSMUSG00000038773",0,1,1
"ENSMUSG00000027454",0,1,1
"ENSMUSG00000025785",0,1,1
"ENSMUSG00000036241",0,1,1
"ENSMUSG00000032353",0,1,1
"ENSMUSG00000023094",0,1,1
"ENSMUSG00000063253",0,1,1
"ENSMUSG00000058672",0,1,1
"ENSMUSG00000061119",0,1,1
"ENSMUSG00000111997",0,1,1
"ENSMUSG00000021639",0,1,1
"ENSMUSG00000048327",0,1,1
"ENSMUSG00000036879",0,1,1
"ENSMUSG00000038671",0,1,1
"ENSMUSG00000040396",0,1,1
"ENSMUSG00000066621",0,1,1
"ENSMUSG00000041734",0,1,1
"ENSMUSG00000007476",0,1,1
"ENSMUSG00000046934",0,1,1
"ENSMUSG00000029434",0,1,1
"ENSMUSG00000063704",0,1,1
"ENSMUSG00000056665",0,1,1
"ENSMUSG00000071660",0,1,1
"ENSMUSG00000030521",0,1,1
"ENSMUSG00000055194",0,1,1
"ENSMUSG00000029326",0,1,1
"ENSMUSG00000024286",0,1,1
"ENSMUSG00000049109",0,1,1
"ENSMUSG00000038497",0,1,1
"ENSMUSG00000028437",0,1,1
"ENSMUSG00000030726",0,1,1
"ENSMUSG00000032475",0,1,1
"ENSMUSG00000031729",0,1,1
"ENSMUSG00000034958",0,1,1
"ENSMUSG00000020409",0,1,1
"ENSMUSG00000051220",0,1,1
"ENSMUSG00000017670",0,1,1
"ENSMUSG00000027784",0,1,1
"ENSMUSG00000038344",0,1,1
"ENSMUSG00000032867",0,1,1
"ENSMUSG00000020375",0,1,1
"ENSMUSG00000047648",0,1,1
"ENSMUSG00000019774",0,1,1
"ENSMUSG00000050565",0,1,1
"ENSMUSG00000038861",0,1,1
"ENSMUSG00000047888",0,1,1
"ENSMUSG00000035125",0,1,1
"ENSMUSG00000034064",0,1,1
"ENSMUSG00000030515",0,1,1
"ENSMUSG00000042211",0,1,1
"ENSMUSG00000055675",0,1,1
"ENSMUSG00000036975",0,1,1
"ENSMUSG00000025139",0,1,1
"ENSMUSG00000062421",0,1,1
"ENSMUSG00000062691",0,1,1
"ENSMUSG00000026553",0,1,1
"ENSMUSG00000002846",0,1,1
"ENSMUSG00000047379",0,1,1
"ENSMUSG00000021610",0,1,1
"ENSMUSG00000021180",0,1,1
"ENSMUSG00000030330",0,1,1
"ENSMUSG00000006931",0,1,1
"ENSMUSG00000027628",0,1,1
"ENSMUSG00000027080",0,1,1
"ENSMUSG00000021361",0,1,1
"ENSMUSG00000022554",0,1,1
"ENSMUSG00000029414",0,1,1
"ENSMUSG00000024072",0,1,1
"ENSMUSG00000046562",0,1,1
"ENSMUSG00000039414",0,1,1
"ENSMUSG00000039704",0,1,1
"ENSMUSG00000020166",0,1,1
"ENSMUSG00000051518",0,1,1
"ENSMUSG00000034087",0,1,1
"ENSMUSG00000042364",0,1,1
"ENSMUSG00000024579",0,1,1
"ENSMUSG00000041747",0,1,1
"ENSMUSG00000037216",0,1,1
"ENSMUSG00000103529",0,1,1
"ENSMUSG00000032498",0,1,1
"ENSMUSG00000033126",0,1,1
"ENSMUSG00000058440",0,1,1
"ENSMUSG00000038949",0,1,1
"ENSMUSG00000029536",0,1,1
"ENSMUSG00000037376",0,1,1
"ENSMUSG00000050552",0,1,1
"ENSMUSG00000024943",0,1,1
"ENSMUSG00000039108",0,1,1
"ENSMUSG00000011306",0,1,1
"ENSMUSG00000029505",0,1,1
"ENSMUSG00000071652",0,1,1
"ENSMUSG00000049792",0,1,1
"ENSMUSG00000039824",0,1,1
"ENSMUSG00000022034",0,1,1
"ENSMUSG00000032491",0,1,1
"ENSMUSG00000036766",0,1,1
"ENSMUSG00000032551",0,1,1
"ENSMUSG00000043866",0,1,1
"ENSMUSG00000029561",0,1,1
"ENSMUSG00000043155",0,1,1
"ENSMUSG00000003234",0,1,1
"ENSMUSG00000037262",0,1,1
"ENSMUSG00000039187",0,1,1
"ENSMUSG00000047656",0,1,1
"ENSMUSG00000040760",0,1,1
"ENSMUSG00000031536",0,1,1
"ENSMUSG00000054226",0,1,1
"ENSMUSG00000031556",0,1,1
"ENSMUSG00000066278",0,1,1
"ENSMUSG00000048832",0,1,1
"ENSMUSG00000025786",0,1,1
"ENSMUSG00000039018",0,1,1
"ENSMUSG00000015971",0,1,1
"ENSMUSG00000019715",0,1,1
"ENSMUSG00000041895",0,1,1
"ENSMUSG00000021650",0,1,1
"ENSMUSG00000036693",0,1,1
"ENSMUSG00000033355",0,1,1
"ENSMUSG00000042729",0,1,1
"ENSMUSG00000006585",0,1,1
"ENSMUSG00000024143",0,1,1
"ENSMUSG00000032387",0,1,1
"ENSMUSG00000024391",0,1,1
"ENSMUSG00000031935",0,1,1
"ENSMUSG00000032615",0,1,1
"ENSMUSG00000025575",0,1,1
"ENSMUSG00000025921",0,1,1
"ENSMUSG00000075000",0,1,1
"ENSMUSG00000035575",0,1,1
"ENSMUSG00000025241",0,1,1
"ENSMUSG00000034075",0,1,1
"ENSMUSG00000042363",0,1,1
"ENSMUSG00000033430",0,1,1
"ENSMUSG00000027602",0,1,1
"ENSMUSG00000033940",0,1,1
"ENSMUSG00000026155",0,1,1
"ENSMUSG00000015341",0,1,1
"ENSMUSG00000032397",0,1,1
"ENSMUSG00000006191",0,1,1
"ENSMUSG00000024271",0,1,1
"ENSMUSG00000004637",0,1,1
"ENSMUSG00000026915",0,1,1
"ENSMUSG00000021400",0,1,1
"ENSMUSG00000040025",0,1,1
"ENSMUSG00000030243",0,1,1
"ENSMUSG00000050796",0,1,1
"ENSMUSG00000034663",0,1,1
"ENSMUSG00000027166",0,1,1
"ENSMUSG00000029422",0,1,1
"ENSMUSG00000025439",0,1,1
"ENSMUSG00000066149",0,1,1
"ENSMUSG00000032456",0,1,1
"ENSMUSG00000031703",0,1,1
"ENSMUSG00000002326",0,1,1
"ENSMUSG00000027787",0,1,1
"ENSMUSG00000060429",0,1,1
"ENSMUSG00000002763",0,1,1
"ENSMUSG00000027079",0,1,1
"ENSMUSG00000031546",0,1,1
"ENSMUSG00000026112",0,1,1
"ENSMUSG00000000441",0,1,1
"ENSMUSG00000034880",0,1,1
"ENSMUSG00000019791",0,1,1
"ENSMUSG00000020116",0,1,1
"ENSMUSG00000053916",0,1,1
"ENSMUSG00000002416",0,1,1
"ENSMUSG00000026688",0,1,1
"ENSMUSG00000024982",0,1,1
"ENSMUSG00000001383",0,1,1
"ENSMUSG00000041921",0,1,1
"ENSMUSG00000022663",0,1,1
"ENSMUSG00000024791",0,1,1
"ENSMUSG00000053119",0,1,1
"ENSMUSG00000030291",0,1,1
"ENSMUSG00000028549",0,1,1
"ENSMUSG00000038622",0,1,1
"ENSMUSG00000020803",0,1,1
"ENSMUSG00000028295",0,1,1
"ENSMUSG00000027285",0,1,1
"ENSMUSG00000004996",0,1,1
"ENSMUSG00000029048",0,1,1
"ENSMUSG00000025492",0,1,1
"ENSMUSG00000030423",0,1,1
"ENSMUSG00000017837",0,1,1
"ENSMUSG00000030245",0,1,1
"ENSMUSG00000030304",0,1,1
"ENSMUSG00000031604",0,1,1
"ENSMUSG00000015757",0,1,1
"ENSMUSG00000046949",0,1,1
"ENSMUSG00000073435",0,1,1
"ENSMUSG00000030983",0,1,1
"ENSMUSG00000003135",0,1,1
"ENSMUSG00000030471",0,1,1
"ENSMUSG00000030588",0,1,1
"ENSMUSG00000027424",0,1,1
"ENSMUSG00000030871",0,1,1
"ENSMUSG00000032002",0,1,1
"ENSMUSG00000022668",0,1,1
"ENSMUSG00000029038",0,1,1
"ENSMUSG00000027635",0,1,1
"ENSMUSG00000032431",0,1,1
"ENSMUSG00000001305",0,1,1
"ENSMUSG00000024528",0,1,1
"ENSMUSG00000020883",0,1,1
"ENSMUSG00000039043",0,1,1
"ENSMUSG00000034442",0,1,1
"ENSMUSG00000016409",0,1,1
"ENSMUSG00000022339",0,1,1
"ENSMUSG00000025169",0,1,1
"ENSMUSG00000028821",0,1,1
"ENSMUSG00000006095",0,1,1
"ENSMUSG00000011096",0,1,1
"ENSMUSG00000028261",0,1,1
"ENSMUSG00000031843",0,1,1
"ENSMUSG00000039637",0,1,1
"ENSMUSG00000020280",0,1,1
"ENSMUSG00000005951",0,1,1
"ENSMUSG00000062591",0,1,1
"ENSMUSG00000026035",0,1,1
"ENSMUSG00000063130",0,1,1
"ENSMUSG00000002661",0,1,1
"ENSMUSG00000020778",0,1,1
"ENSMUSG00000024258",0,1,1
"ENSMUSG00000006392",0,1,1
"ENSMUSG00000032673",0,1,1
"ENSMUSG00000041718",0,1,1
"ENSMUSG00000010358",0,1,1
"ENSMUSG00000014177",0,1,1
"ENSMUSG00000007721",0,1,1
"ENSMUSG00000026283",0,1,1
"ENSMUSG00000020224",0,1,1
"ENSMUSG00000002329",0,1,1
"ENSMUSG00000020246",0,1,1
"ENSMUSG00000003444",0,1,1
"ENSMUSG00000020706",0,1,1
"ENSMUSG00000022853",0,1,1
"ENSMUSG00000003546",0,1,1
"ENSMUSG00000032329",0,1,1
"ENSMUSG00000066456",0,1,1
"ENSMUSG00000020521",0,1,1
"ENSMUSG00000005204",0,1,1
"ENSMUSG00000023980",0,1,1
"ENSMUSG00000024487",0,1,1
"ENSMUSG00000027167",0,1,1
"ENSMUSG00000023908",0,1,1
"ENSMUSG00000056204",0,1,1
"ENSMUSG00000004096",0,1,1
"ENSMUSG00000019139",0,1,1
"ENSMUSG00000009640",0,1,1
"ENSMUSG00000031143",0,1,1
"ENSMUSG00000070699",0,1,1
"ENSMUSG00000033917",0,1,1
"ENSMUSG00000025340",0,1,1
"ENSMUSG00000015013",0,1,1
"ENSMUSG00000025578",0,1,1
"ENSMUSG00000021192",0,1,1
"ENSMUSG00000028557",0,1,1
"ENSMUSG00000021224",0,1,1
"ENSMUSG00000004105",0,1,1
"ENSMUSG00000029621",0,1,1
"ENSMUSG00000006205",0,1,1
"ENSMUSG00000051316",0,1,1
"ENSMUSG00000059288",0,1,1
"ENSMUSG00000038025",0,1,1
"ENSMUSG00000007107",0,1,1
"ENSMUSG00000019433",0,1,1
"ENSMUSG00000021025",0,1,1
"ENSMUSG00000039131",0,1,1
"ENSMUSG00000017561",0,1,1
"ENSMUSG00000057666",0,1,1
